Dataset,T,CV,ML,Acc,b_Acc,Prec,Rec,F1,kap,ROC,tra-T,test-T,Al-Time
AD-S1-DI-S1,0,1,DT,0.6284842234362805,0.5828415910903504,0.5892315591387549,0.5828415910903504,0.5370717802014894,0.5921360492381289,0,0.38051581382751465,0.015239477157592773,0
AD-S1-DI-S1,1,2,DT,0.5859348868324228,0.5423944275261556,0.5453640611313849,0.5423944275261556,0.4761179511835933,0.5464602184971028,0,0.9790682792663574,0.028896570205688477,0
AD-S1-DI-S1,2,3,DT,0.5513156427695395,0.5507705075482205,0.5595805579194515,0.5507705075482205,0.49689157009897233,0.509094288419756,0,0.9437403678894043,0.03094005584716797,0
AD-S1-DI-S1,3,4,DT,0.5610575314973799,0.5263133486369286,0.5449834879862733,0.5263133486369286,0.497014774720714,0.5213127485571727,0,0.909144401550293,0.02700519561767578,0
AD-S1-DI-S1,4,5,DT,0.6201917716579329,0.6216052267520168,0.6243280141129203,0.6216052267520168,0.5685773286419284,0.5831639149121101,0,1.0199639797210693,0.02511119842529297,0
