Dataset,T,CV,ML,Acc,b_Acc,Prec,Rec,F1,kap,ROC,tra-T,test-T,Al-Time
AD-S2-DI-S2,0,1,KNN,0.46228072150787036,0.44133299451691455,0.3893243263038002,0.44133299451691455,0.3790547238450414,0.4137559248543998,0,0.4083864688873291,58.70844268798828,0
AD-S2-DI-S2,1,2,KNN,0.46228072150787036,0.44133299451691455,0.3893243263038002,0.44133299451691455,0.3790547238450414,0.4137559248543998,0,0.40857887268066406,59.478492975234985,0
AD-S2-DI-S2,2,3,KNN,0.46228072150787036,0.44133299451691455,0.3893243263038002,0.44133299451691455,0.3790547238450414,0.4137559248543998,0,0.40488338470458984,58.91253900527954,0
AD-S2-DI-S2,3,4,KNN,0.46228072150787036,0.44133299451691455,0.3893243263038002,0.44133299451691455,0.3790547238450414,0.4137559248543998,0,0.4103052616119385,67.33894419670105,0
AD-S2-DI-S2,4,5,KNN,0.46228072150787036,0.44133299451691455,0.3893243263038002,0.44133299451691455,0.3790547238450414,0.4137559248543998,0,0.41959118843078613,66.91157507896423,0
