Dataset,T,CV,ML,Acc,b_Acc,Prec,Rec,F1,kap,ROC,tra-T,test-T,Al-Time
DI-S2-AD-S1,0,1,KNN,0.49642800861480274,0.4829019506217515,0.4971156173810575,0.4829019506217515,0.451169337131161,0.44766634326707766,0,0.6549780368804932,116.01018691062927,0
DI-S2-AD-S1,1,2,KNN,0.49642800861480274,0.4829019506217515,0.4971156173810575,0.4829019506217515,0.451169337131161,0.44766634326707766,0,0.6700870990753174,117.45638298988342,0
DI-S2-AD-S1,2,3,KNN,0.49642800861480274,0.4829019506217515,0.4971156173810575,0.4829019506217515,0.451169337131161,0.44766634326707766,0,0.672264814376831,116.10182070732117,0
DI-S2-AD-S1,3,4,KNN,0.49642800861480274,0.4829019506217515,0.4971156173810575,0.4829019506217515,0.451169337131161,0.44766634326707766,0,0.662783145904541,117.89952492713928,0
DI-S2-AD-S1,4,5,KNN,0.49642800861480274,0.4829019506217515,0.4971156173810575,0.4829019506217515,0.451169337131161,0.44766634326707766,0,0.6648814678192139,117.69017744064331,0
