Dataset,T,CV,ML,Acc,b_Acc,Prec,Rec,F1,kap,ROC,tra-T,test-T,Al-Time
AD-S2-DI-S1,0,0,LSTM,0.3236982941242056,0.26837529042871494,0.18838731871625086,0.26837529042871494,0.2074778271754906,0.2633582714370051,0,1069.1150441169739,67.88371109962463,0
