Dataset,T,CV,ML,Acc,b_Acc,Prec,Rec,F1,kap,ROC,tra-T,test-T,Al-Time
AD-S2-DI-S1,0,1,NB,0.16187702084959305,0.29314291588831454,0.27892573640030277,0.29314291588831454,0.22804024159031328,0.1352174415700187,0,0.07873034477233887,1.0035579204559326,0
AD-S2-DI-S1,1,2,NB,0.16187702084959305,0.29314291588831454,0.27892573640030277,0.29314291588831454,0.22804024159031328,0.1352174415700187,0,0.07883334159851074,0.9783985614776611,0
AD-S2-DI-S1,2,3,NB,0.16187702084959305,0.29314291588831454,0.27892573640030277,0.29314291588831454,0.22804024159031328,0.1352174415700187,0,0.06155276298522949,0.7319917678833008,0
AD-S2-DI-S1,3,4,NB,0.16187702084959305,0.29314291588831454,0.27892573640030277,0.29314291588831454,0.22804024159031328,0.1352174415700187,0,0.08385348320007324,0.9948768615722656,0
AD-S2-DI-S1,4,5,NB,0.16187702084959305,0.29314291588831454,0.27892573640030277,0.29314291588831454,0.22804024159031328,0.1352174415700187,0,0.0933535099029541,0.9753563404083252,0
