Dataset,T,CV,ML,Acc,b_Acc,Prec,Rec,F1,kap,ROC,tra-T,test-T,Al-Time
DI-S1-AD-S1,0,1,NB,0.191377317854704,0.30663038979500135,0.39530884470293676,0.30663038979500135,0.26442325566461505,0.1674955266467958,0,0.06301331520080566,0.7182376384735107,0
DI-S1-AD-S1,1,2,NB,0.191377317854704,0.30663038979500135,0.39530884470293676,0.30663038979500135,0.26442325566461505,0.1674955266467958,0,0.06264615058898926,0.6912529468536377,0
DI-S1-AD-S1,2,3,NB,0.191377317854704,0.30663038979500135,0.39530884470293676,0.30663038979500135,0.26442325566461505,0.1674955266467958,0,0.0628669261932373,0.7290360927581787,0
DI-S1-AD-S1,3,4,NB,0.191377317854704,0.30663038979500135,0.39530884470293676,0.30663038979500135,0.26442325566461505,0.1674955266467958,0,0.06305456161499023,0.7177402973175049,0
DI-S1-AD-S1,4,5,NB,0.191377317854704,0.30663038979500135,0.39530884470293676,0.30663038979500135,0.26442325566461505,0.1674955266467958,0,0.06320905685424805,0.7518305778503418,0
