Dataset,T,CV,ML,Acc,b_Acc,Prec,Rec,F1,kap,ROC,tra-T,test-T,Al-Time
AD-S1-DI-S1,0,1,SVM,0.1478983164232356,0.05294290005061033,0.2841772492722785,0.05294290005061033,0.022085418005924246,0.01021684559498226,0,4902.664802074432,1255.8674547672272,0
