Dataset,T,CV,ML,Acc,b_Acc,Prec,Rec,F1,kap,ROC,tra-T,test-T,Al-Time
DI-S2-AD-S1,0,1,XGB,0.6685796081315333,0.6479892514116785,0.7647399925075374,0.6479892514116785,0.6288494469294532,0.6338536187111856,0,346.1485381126404,3.583559036254883,0
DI-S2-AD-S1,1,2,XGB,0.6685796081315333,0.6479892514116785,0.7647399925075374,0.6479892514116785,0.6288494469294532,0.6338536187111856,0,365.4598364830017,3.8489603996276855,0
DI-S2-AD-S1,2,3,XGB,0.6685796081315333,0.6479892514116785,0.7647399925075374,0.6479892514116785,0.6288494469294532,0.6338536187111856,0,306.423278093338,3.520190954208374,0
DI-S2-AD-S1,3,4,XGB,0.6685796081315333,0.6479892514116785,0.7647399925075374,0.6479892514116785,0.6288494469294532,0.6338536187111856,0,301.36129665374756,3.5146396160125732,0
DI-S2-AD-S1,4,5,XGB,0.6685796081315333,0.6479892514116785,0.7647399925075374,0.6479892514116785,0.6288494469294532,0.6338536187111856,0,302.4426488876343,3.6366775035858154,0
