Dataset,T,CV,ML,Acc,b_Acc,Prec,Rec,F1,kap,ROC,tra-T,test-T,Al-Time
UKVPN@US,0,1,RF,0.9113634824994923,0.6503644065392864,0.6392925151473908,0.6503644065392864,0.6229753480157356,0.8831030688037175,0,1278.5123710632324,8.307591438293457,3.52175235748291
UKVPN@US,1,2,RF,0.8349510865885857,0.6356579901278269,0.6373663377635949,0.6356579901278269,0.6099125398683595,0.7884500635656091,0,1268.2768502235413,7.40973162651062,3.243952751159668
UKVPN@US,2,3,RF,0.8966344526436937,0.6542807688891499,0.6651408529507218,0.6542807688891499,0.6297401784949974,0.864584741705863,0,1283.2929339408875,8.222781896591187,3.574540853500366
UKVPN@US,3,4,RF,0.9089431995125584,0.6417104458934308,0.641754691289631,0.6417104458934308,0.6198089068252757,0.8798220417248014,0,1286.0883212089539,9.460874319076538,3.609846353530884
UKVPN@US,4,5,RF,0.846506668472006,0.6376359204338425,0.6310434916737534,0.6376359204338425,0.6091244962590688,0.8022025738343584,0,1270.8468689918518,7.433942556381226,3.5302927494049072
