Dataset,T,CV,ML,Acc,b_Acc,Prec,Rec,F1,kap,ROC,tra-T,test-T,Al-Time
UK,0,1,DT,0.9553167777614231,0.9718357517337275,0.9910236336811732,0.9718357517337275,0.9790605864245365,0.9398055793110469,0,1.6125922203063965,0.016028404235839844,1.0037176609039307
UK,0,2,DT,0.9577769834093824,0.9756943811734743,0.9923696511278101,0.9756943811734743,0.9819689866521674,0.943102269480393,0,1.583538293838501,0.060082197189331055,1.0597474575042725
UK,0,3,DT,0.9597956136846311,0.9774948898465128,0.9934169977694103,0.9774948898465128,0.9835348391631886,0.9457194845974464,0,1.4514245986938477,0.015515327453613281,0.8522217273712158
UK,0,4,DT,0.9540130790419917,0.9705221671165272,0.9903915319298118,0.9705221671165272,0.9777005566978021,0.9380058928257179,0,1.3908252716064453,0.015634536743164062,0.7920539379119873
UK,0,5,DT,0.9552747229640222,0.9772291278633906,0.9923883333773114,0.9772291278633906,0.98259050608894,0.9396378553421821,0,1.4445974826812744,0.015741348266601562,0.8170499801635742
