Dataset,T,CV,ML,Acc,b_Acc,Prec,Rec,F1,kap,ROC,tra-T,test-T,Al-Time
DI-S1-AD-S1,0,1,ANN,0.19509267386029222,0.16478273556232934,0.26284295641332844,0.16478273556232934,0.12915359617233282,0.1479575841434545,0,5.815232038497925,4.675771474838257,0
