Dataset,T,CV,ML,Acc,b_Acc,Prec,Rec,F1,kap,ROC,tra-T,test-T,Al-Time
DI-S2-AD-S1,0,1,CNN,0.38608085084413235,0.35285688378100244,0.47269777949958824,0.35285688378100244,0.332350183822098,0.3494460241691528,0,48.2667338848114,2.804337978363037,0
DI-S2-AD-S1,1,2,CNN,0.2995895503123548,0.2673265894846221,0.328701116433758,0.2673265894846221,0.24152849088694342,0.2578794650710472,0,47.225367307662964,2.9735264778137207,0
DI-S2-AD-S1,2,3,CNN,0.46487944653828284,0.45807962451932577,0.572332478485058,0.45807962451932577,0.44091070523335385,0.4356560774536855,0,47.158958435058594,2.920931339263916,0
DI-S2-AD-S1,3,4,CNN,0.44217564148897726,0.4549431438121626,0.4912928575800387,0.4549431438121626,0.43856349407240147,0.4103093540560345,0,49.58084487915039,2.9753963947296143,0
DI-S2-AD-S1,4,5,CNN,0.39822654757602355,0.38191009860296776,0.49458366990058683,0.38191009860296776,0.37471160707919493,0.3628689119160079,0,50.310489654541016,3.238630771636963,0
