Dataset,T,CV,ML,Acc,b_Acc,Prec,Rec,F1,kap,ROC,tra-T,test-T,Al-Time
AD-S1-DI-S1,0,1,CNN,0.43034051779109805,0.4535041344741971,0.520204787928621,0.4535041344741971,0.43447957177316515,0.39899309467802324,0,43.51664733886719,2.9219226837158203,0
AD-S1-DI-S1,1,2,CNN,0.3542787909705395,0.34889308694846827,0.45933506141834,0.34889308694846827,0.31881792819429,0.3188379368042362,0,48.70421099662781,2.7683937549591064,0
AD-S1-DI-S1,2,3,CNN,0.2644305573268716,0.2624509138194832,0.2632298029088692,0.2624509138194832,0.2237997489839072,0.22430772022818668,0,49.778356075286865,2.8359453678131104,0
AD-S1-DI-S1,3,4,CNN,0.43406453258512945,0.44087513714988996,0.5175105793212209,0.44087513714988996,0.419891056700285,0.4028479117670838,0,47.789106607437134,3.220895528793335,0
AD-S1-DI-S1,4,5,CNN,0.2771712791735748,0.2623248538416816,0.36320508988593636,0.2623248538416816,0.244640844176046,0.23802578698704968,0,47.349283933639526,2.620110034942627,0
