Dataset,T,CV,ML,Acc,b_Acc,Prec,Rec,F1,kap,ROC,tra-T,test-T,Al-Time
AD-S1-DI-S2,0,1,CNN,0.3165839378897798,0.31773129174974307,0.3164615734612668,0.31773129174974307,0.29811223134672427,0.2806433243804771,0,47.16441345214844,3.03627347946167,0
AD-S1-DI-S2,1,2,CNN,0.36134656993763525,0.3986916050704918,0.414501870513269,0.3986916050704918,0.34832287160334124,0.32713309638991894,0,49.36193633079529,3.2225983142852783,0
AD-S1-DI-S2,2,3,CNN,0.28202876415934836,0.27225539976863306,0.32880416926687694,0.27225539976863306,0.2512452174641961,0.2409252796473571,0,48.78687810897827,3.0371522903442383,0
AD-S1-DI-S2,3,4,CNN,0.30122184039709815,0.30604935352899226,0.30084828004889524,0.30604935352899226,0.27650072874935944,0.2641364513779708,0,47.94253659248352,3.191713333129883,0
AD-S1-DI-S2,4,5,CNN,0.4249968181239659,0.41260089360291935,0.5172132185912816,0.41260089360291935,0.3926089202218977,0.39393029839019145,0,46.441325664520264,2.6747488975524902,0
