Dataset,T,CV,ML,Acc,b_Acc,Prec,Rec,F1,kap,ROC,tra-T,test-T,Al-Time
AD-S2-DI-S2,0,1,LR,0.5938526155021,0.600282870358585,0.5872279941745914,0.600282870358585,0.561919716730923,0.5722084871180874,0,368.75371742248535,0.020250320434570312,0
AD-S2-DI-S2,1,2,LR,0.5938526155021,0.600282870358585,0.5872279941745914,0.600282870358585,0.561919716730923,0.5722084871180874,0,369.60075855255127,0.03235197067260742,0
AD-S2-DI-S2,2,3,LR,0.5938526155021,0.600282870358585,0.5872279941745914,0.600282870358585,0.561919716730923,0.5722084871180874,0,365.52693247795105,0.01813530921936035,0
AD-S2-DI-S2,3,4,LR,0.5938526155021,0.600282870358585,0.5872279941745914,0.600282870358585,0.561919716730923,0.5722084871180874,0,366.0132966041565,0.038245201110839844,0
AD-S2-DI-S2,4,5,LR,0.5938526155021,0.600282870358585,0.5872279941745914,0.600282870358585,0.561919716730923,0.5722084871180874,0,366.1716592311859,0.03033733367919922,0
