Dataset,T,CV,ML,Acc,b_Acc,Prec,Rec,F1,kap,ROC,tra-T,test-T,Al-Time
AD-S1-DI-S1,0,1,LSTM,0.4719678612421885,0.45337646005329124,0.510136822656927,0.45337646005329124,0.4511921324383406,0.44367183012936406,0,6894.8716077804565,308.6944942474365,0
