Dataset,T,CV,ML,Acc,b_Acc,Prec,Rec,F1,kap,ROC,tra-T,test-T,Al-Time
DI-S2-AD-S1,0,1,RF,0.7870050080024782,0.807335102390855,0.8504887281295064,0.807335102390855,0.8070167847382175,0.7750039859564233,0,9.259231805801392,1.269726037979126,0
DI-S2-AD-S1,1,2,RF,0.8080308740771336,0.8221501780404684,0.8623761690147129,0.8221501780404684,0.823561944403923,0.7972141310993294,0,9.353017568588257,1.2774393558502197,0
DI-S2-AD-S1,2,3,RF,0.8072564407042181,0.8222877265910256,0.8599394621150835,0.8222877265910256,0.8245332182571435,0.7964165773488545,0,9.214203119277954,1.2647018432617188,0
DI-S2-AD-S1,3,4,RF,0.7810934999225566,0.7981679774157814,0.8512816807495517,0.7981679774157814,0.7963901359370543,0.7687200919143102,0,8.942919492721558,1.2945513725280762,0
DI-S2-AD-S1,4,5,RF,0.8033068305023491,0.8186962620851028,0.8556297895993846,0.8186962620851028,0.8201798732875668,0.7922584302217027,0,9.152154922485352,1.2796740531921387,0
