Dataset,T,CV,ML,Acc,b_Acc,Prec,Rec,F1,kap,ROC,tra-T,test-T,Al-Time
AD-S1-DI-S1,0,1,SVM,0.09776814181864558,0.09173097786721307,0.4665050847187895,0.09173097786721307,0.07982061237145345,0.04910933860119382,0,1987.4849643707275,1006.832756280899,0
AD-S1-DI-S1,1,2,SVM,0.09776814181864558,0.09173097786721307,0.4665050847187895,0.09173097786721307,0.07982061237145345,0.04910933860119382,0,2238.2194352149963,1003.5999009609222,0
AD-S1-DI-S1,2,3,SVM,0.09776814181864558,0.09173097786721307,0.4665050847187895,0.09173097786721307,0.07982061237145345,0.04910933860119382,0,1969.5813772678375,1005.3781187534332,0
AD-S1-DI-S1,3,4,SVM,0.09776814181864558,0.09173097786721307,0.4665050847187895,0.09173097786721307,0.07982061237145345,0.04910933860119382,0,1960.1266260147095,1011.1386034488678,0
AD-S1-DI-S1,4,5,SVM,0.09776814181864558,0.09173097786721307,0.4665050847187895,0.09173097786721307,0.07982061237145345,0.04910933860119382,0,1957.4435675144196,1006.9874095916748,0
