Feature,Dataset,T,CV,ML,Acc,b_Acc,Prec,Rec,F1,kap,ROC,tra-T,test-T
udp.length,ADS1,1,0,DT,0.2790397521941146,0.24436218693469294,0.7012654041396179,0.24436218693469294,0.2616152442529649,0.23382487087322912,0,0.03125596046447754,0.0
udp.length,ADS1,2,0,DT,0.28951274604711197,0.24859669397515974,0.7753842727319674,0.24859669397515974,0.2662997701290073,0.24402756156197258,0,0.01563119888305664,0.0
udp.length,ADS1,3,0,DT,0.28925459825750244,0.25001682357404487,0.6558939516006023,0.25001682357404487,0.2682498286753529,0.2444264170567192,0,0.015624046325683594,0.0
udp.length,ADS1,4,0,DT,0.28357534688609226,0.24398936582697323,0.6858120323942456,0.24398936582697323,0.26211290058995373,0.2376775149238226,0,0.01562643051147461,0.011107683181762695
udp.length,ADS1,5,0,DT,0.2861568247821878,0.24693091116714216,0.7599225595578256,0.24693091116714216,0.26294560127600997,0.24091884262413332,0,0.016727924346923828,0.0
