Feature,Dataset,T,CV,ML,Acc,b_Acc,Prec,Rec,F1,kap,ROC,tra-T,test-T
http.content_length_header,ADS1,1,0,DT,0.07105059370160041,0.0539082505429323,0.2129866301557577,0.0539082505429323,0.017377972929746938,0.007863780397639797,0,0.015632152557373047,0.0
http.content_length_header,ADS1,2,0,DT,0.06982897708938367,0.05328203943322699,0.1719891362480965,0.05328203943322699,0.016239539015296713,0.006832743851595269,0,0.015546560287475586,0.0
http.content_length_header,ADS1,3,0,DT,0.07111971603743143,0.05310067859383009,0.19528654213916313,0.05310067859383009,0.016084445560733525,0.00671173344854703,0,0.015630006790161133,0.0
http.content_length_header,ADS1,4,0,DT,0.0696999031945789,0.053858635796174704,0.21470340664786164,0.053858635796174704,0.017101128866344247,0.0076473827764708124,0,0.0156402587890625,0.0
http.content_length_header,ADS1,5,0,DT,0.07208777024846724,0.052919135351458826,0.1598612920582864,0.052919135351458826,0.015633290689200694,0.006649736733796652,0,0.015621185302734375,0.0
