Feature,Dataset,T,CV,ML,Acc,b_Acc,Prec,Rec,F1,kap,ROC,tra-T,test-T
dhcp.option.ip_address_lease_time,ADS2,1,0,DT,0.06691673923236653,0.0476962259782357,0.05080258255499413,0.0476962259782357,0.006122185504010912,7.36141640766963e-05,0,0.01563882827758789,0.0
dhcp.option.ip_address_lease_time,ADS2,2,0,DT,0.06611293455690267,0.0477775136676967,0.05076132415852387,0.0477775136676967,0.006211401514298793,0.00014711961638558257,0,0.0,0.0
dhcp.option.ip_address_lease_time,ADS2,3,0,DT,0.07039989282604327,0.04770453962554501,0.05096845812279897,0.04770453962554501,0.00642928317270861,7.44304717558153e-05,0,0.015619516372680664,0.0
dhcp.option.ip_address_lease_time,ADS2,4,0,DT,0.06417470525187567,0.0477004477004477,0.05067200056146261,0.0477004477004477,0.005900551630558343,7.336037406302509e-05,0,0.0,0.015624284744262695
dhcp.option.ip_address_lease_time,ADS2,5,0,DT,0.06544748124330117,0.04784761904761904,0.05072664911860891,0.04784761904761904,0.006289408060660749,0.0002200172871342776,0,0.0,0.0
