Feature,Dataset,T,CV,ML,Acc,b_Acc,Prec,Rec,F1,kap,ROC,tra-T,test-T
tls.handshake.extension.heartbeat.mode,ADS2,1,0,DT,0.06745260901600911,0.048619404002046535,0.028564184024282017,0.048619404002046535,0.008040703318830679,0.0010475177377639033,0,0.005552768707275391,0.0
tls.handshake.extension.heartbeat.mode,ADS2,2,0,DT,0.06289771585504722,0.04867853074749626,0.028001472353235517,0.04867853074749626,0.008128921155635729,0.0010412943012473308,0,0.0,0.0
tls.handshake.extension.heartbeat.mode,ADS2,3,0,DT,0.06959608815057941,0.04903408591567191,0.027589158629201627,0.04903408591567191,0.008925973545846141,0.0015727684438311407,0,0.015624761581420898,0.0
tls.handshake.extension.heartbeat.mode,ADS2,4,0,DT,0.06578242229367631,0.048792270531400964,0.024389381782192215,0.048792270531400964,0.00802054562697893,0.0012675742647950683,0,0.018769025802612305,0.0
tls.handshake.extension.heartbeat.mode,ADS2,5,0,DT,0.06685423365487674,0.048628480505314826,0.028980605872913855,0.048628480505314826,0.008259760573183202,0.001047855427224298,0,0.009134292602539062,0.0
