Feature,Dataset,T,CV,ML,Acc,b_Acc,Prec,Rec,F1,kap,ROC,tra-T,test-T
eth.addr.oui,ADS2,1,0,DT,0.25581083796637416,0.2032140255662504,0.21671985332995475,0.2032140255662504,0.14480205639952654,0.2066192164966072,0,0.01773667335510254,0.0
eth.addr.oui,ADS2,2,0,DT,0.26404983588987874,0.20698422569507696,0.22737093156427748,0.20698422569507696,0.14877390626441633,0.2133919214235781,0,0.023242712020874023,0.0
eth.addr.oui,ADS2,3,0,DT,0.25822225199276577,0.20268589225086553,0.2138280758297573,0.20268589225086553,0.14439779110999376,0.20875861773454063,0,0.015627622604370117,0.0
eth.addr.oui,ADS2,4,0,DT,0.26480439442658094,0.2081005630395905,0.22469508811326325,0.2081005630395905,0.15156864175242846,0.21480808155485231,0,0.015622615814208984,0.0
eth.addr.oui,ADS2,5,0,DT,0.2553590568060021,0.20438194950390137,0.2194183951795545,0.20438194950390137,0.1465726091608475,0.20659924929422613,0,0.015581846237182617,0.0
