Feature,Dataset,T,CV,ML,Acc,b_Acc,Prec,Rec,F1,kap,ROC,tra-T,test-T
tls.handshake.extensions_server_name_len,ADS1,1,0,DT,0.06550077439339184,0.050924419975177014,0.14618223672594902,0.050924419975177014,0.01203799758808569,0.003240768447304365,0,0.015611886978149414,0.0
tls.handshake.extensions_server_name_len,ADS1,2,0,DT,0.0654404646660213,0.05039776648224941,0.24354897333176903,0.05039776648224941,0.011095546318479754,0.002950063790675417,0,0.010108232498168945,0.0
tls.handshake.extensions_server_name_len,ADS1,3,0,DT,0.0638270409809616,0.050998635867477916,0.22947170459619784,0.050998635867477916,0.012085240688446366,0.0033493192628917257,0,0.01210331916809082,0.004108905792236328
tls.handshake.extensions_server_name_len,ADS1,4,0,DT,0.06853823814133592,0.050897352431813314,0.2212578462138802,0.050897352431813314,0.012252485962050424,0.003259761199689515,0,0.015628337860107422,0.0
tls.handshake.extensions_server_name_len,ADS1,5,0,DT,0.06640851887705712,0.05083697074933223,0.23911986570549576,0.05083697074933223,0.011989721674111685,0.0034407932162544563,0,0.015622854232788086,0.0
