Feature,Dataset,T,CV,ML,Acc,b_Acc,Prec,Rec,F1,kap,ROC,tra-T,test-T
ip.ttl,ADS2,1,0,DT,0.3227275771987407,0.29298634727112216,0.28124719599928466,0.29298634727112216,0.22670970348142166,0.2817030729766823,0,0.0,0.0
ip.ttl,ADS2,2,0,DT,0.31864157009846605,0.2916751039948287,0.28995636886288295,0.2916751039948287,0.22623903249645655,0.2775038787511862,0,0.009113311767578125,0.0
ip.ttl,ADS2,3,0,DT,0.32614374706946214,0.29020747754954085,0.24603675336605124,0.29020747754954085,0.22475902046029392,0.283862112857997,0,0.01612114906311035,0.0
ip.ttl,ADS2,4,0,DT,0.3163183279742765,0.2916480581564183,0.2464330994833381,0.2916480581564183,0.2248439332511917,0.27493739331269107,0,0.0,0.0
ip.ttl,ADS2,5,0,DT,0.32569667738478025,0.29060302477304384,0.25026219441072634,0.29060302477304384,0.22785093141053023,0.28317854836790135,0,0.015625953674316406,0.0
