Feature,Dataset,T,CV,ML,Acc,b_Acc,Prec,Rec,F1,kap,ROC,tra-T,test-T
dstport_class,ADS1,1,0,DT,0.1881130614352091,0.16763360890326393,0.19000007684616332,0.16763360890326393,0.12705613813917838,0.13642032316911457,0,0.01562190055847168,0.010114431381225586
dstport_class,ADS1,2,0,DT,0.19348176831235883,0.17320766610060537,0.1966936893331874,0.17320766610060537,0.13394418554417986,0.14380327418983396,0,0.008600950241088867,0.0
dstport_class,ADS1,3,0,DT,0.18651177799290095,0.1669411433023157,0.19054969961108523,0.1669411433023157,0.1259959158844429,0.13640297730090933,0,0.0,0.014608144760131836
dstport_class,ADS1,4,0,DT,0.1936108422071636,0.17027510440423216,0.14805108793702895,0.17027510440423216,0.13180518422723297,0.1425370401386017,0,0.020248889923095703,0.0
dstport_class,ADS1,5,0,DT,0.1909648273636657,0.16826030386562998,0.14524591954904265,0.16826030386562998,0.129995648976713,0.13930139684845655,0,0.008619308471679688,0.006615161895751953
