Feature,Dataset,T,CV,ML,Acc,b_Acc,Prec,Rec,F1,kap,ROC,tra-T,test-T
dstport_class,ADS2,1,0,DT,0.24201219103757787,0.20713442561556528,0.17778643917883483,0.20713442561556528,0.15989485313780874,0.19137926712571995,0,0.015630006790161133,0.0
dstport_class,ADS2,2,0,DT,0.24248107709826514,0.20845724138100272,0.18040003521523748,0.20845724138100272,0.16274483950344953,0.1927343429932794,0,0.01561737060546875,0.0
dstport_class,ADS2,3,0,DT,0.2439547190032822,0.20826100866135472,0.1779551042545998,0.20826100866135472,0.16190783939017336,0.1936041183747813,0,0.0,0.0
dstport_class,ADS2,4,0,DT,0.2429662379421222,0.20754761971628474,0.17592613386361067,0.20754761971628474,0.1603644569569736,0.19304570637804808,0,0.015616416931152344,0.0
dstport_class,ADS2,5,0,DT,0.24095659163987138,0.20426722446220535,0.178318970706801,0.20426722446220535,0.1578806965411971,0.19178289680539606,0,0.0,0.015726089477539062
