Feature,Dataset,T,CV,ML,Acc,b_Acc,Prec,Rec,F1,kap,ROC,tra-T,test-T
http.response.code.desc,ADS1,1,0,DT,0.07666494579246257,0.05941024758372619,0.07939836479890083,0.05941024758372619,0.02282650523454744,0.015570708690197055,0,0.0061490535736083984,0.005567789077758789
http.response.code.desc,ADS1,2,0,DT,0.07725072604065827,0.05838548694784745,0.07886657392748495,0.05838548694784745,0.022047353191308443,0.015041803331615644,0,0.0,0.0
http.response.code.desc,ADS1,3,0,DT,0.07918683446272991,0.05839157427710193,0.03127844430323542,0.05839157427710193,0.021838971851040105,0.015122569123170448,0,0.0,0.0
http.response.code.desc,ADS1,4,0,DT,0.07673443046143917,0.06098387177467816,0.03239381485839193,0.06098387177467816,0.024328829747590933,0.01749872933204688,0,0.0,0.0
http.response.code.desc,ADS1,5,0,DT,0.08125201677960632,0.060238988720085075,0.031331316569414895,0.060238988720085075,0.0238578224606007,0.017676051842460683,0,0.015677213668823242,0.0
