Feature,Dataset,T,CV,ML,Acc,b_Acc,Prec,Rec,F1,kap,ROC,tra-T,test-T
tcp.options.wscale.shift,ADS2,1,0,DT,0.08084935360707349,0.0609052009277426,0.24376765584969476,0.0609052009277426,0.030184718663629304,0.01801217225264673,0,0.015624523162841797,0.0
tcp.options.wscale.shift,ADS2,2,0,DT,0.08359568624824168,0.06134448048536819,0.23192666952104452,0.06134448048536819,0.031091603605020807,0.018126128348774806,0,0.01563262939453125,0.0
tcp.options.wscale.shift,ADS2,3,0,DT,0.08339473507937571,0.06101607203398324,0.24418031929451992,0.06101607203398324,0.030341916438557902,0.017960910901226868,0,0.020071029663085938,0.0
tcp.options.wscale.shift,ADS2,4,0,DT,0.0822615219721329,0.06027365684884378,0.23552510897012807,0.06027365684884378,0.029063472403417074,0.017060267078254254,0,0.009797811508178711,0.0
tcp.options.wscale.shift,ADS2,5,0,DT,0.08453912111468381,0.060130848946267204,0.24362839511525447,0.060130848946267204,0.02907415017425407,0.017449497715086304,0,0.0,0.0
