Feature,Dataset,T,CV,ML,Acc,b_Acc,Prec,Rec,F1,kap,ROC,tra-T,test-T
ip.len,ADS2,1,0,DT,0.6385558309330832,0.6157419676273426,0.7568211672990857,0.6157419676273426,0.634388572185181,0.6183214677225395,0,0.04687643051147461,0.0
ip.len,ADS2,2,0,DT,0.6434456427088218,0.6065647437293048,0.7529833670676532,0.6065647437293048,0.6272969106329332,0.6222519299089706,0,0.03194737434387207,0.0
ip.len,ADS2,3,0,DT,0.643914528769509,0.615961316484257,0.7575706453980648,0.615961316484257,0.6283042315270393,0.6239304238034988,0,0.04698014259338379,0.0
ip.len,ADS2,4,0,DT,0.642617899249732,0.6172719564478168,0.7587389897618365,0.6172719564478168,0.6315331997494044,0.6223189810741552,0,0.04760026931762695,0.0
ip.len,ADS2,5,0,DT,0.6479099678456591,0.6229928179201194,0.7723298889658065,0.6229928179201194,0.6395494908463816,0.6278199598955797,0,0.0381319522857666,0.0
