Feature,Dataset,T,CV,ML,Acc,b_Acc,Prec,Rec,F1,kap,ROC,tra-T,test-T
tls.resumed,ADS2,1,0,DT,0.06644785317167928,0.047619047619047616,0.00316418348436568,0.047619047619047616,0.005934061332591576,0.0,0,0.015622854232788086,0.0
tls.resumed,ADS2,2,0,DT,0.06169200884185143,0.047666905958363245,0.05055376920328689,0.047666905958363245,0.005624333829633575,7.102409719372815e-05,0,0.005794048309326172,0.005865812301635742
tls.resumed,ADS2,3,0,DT,0.0653091298814388,0.047619047619047616,0.0031099585657828003,0.047619047619047616,0.005838603046852544,0.0,0,0.002617359161376953,0.0
tls.resumed,ADS2,4,0,DT,0.06457663451232583,0.047619047619047616,0.0030750778339202777,0.047619047619047616,0.005777090599642827,0.0,0,0.015633106231689453,0.0
tls.resumed,ADS2,5,0,DT,0.06953376205787781,0.047619047619047616,0.0033111315265656103,0.047619047619047616,0.006191728852382742,0.0,0,0.0,0.0
