Feature,Dataset,T,CV,ML,Acc,b_Acc,Prec,Rec,F1,kap,ROC,tra-T,test-T
icmpv6.checksum.status,DIS1,1,0,DT,0.0961612039280704,0.07529026855187239,0.036012199246329285,0.07529026855187239,0.03623816272579191,0.0342319253195823,0,0.0,0.0
icmpv6.checksum.status,DIS1,2,0,DT,0.09596990179824003,0.07718683335141194,0.03667007437922596,0.07718683335141194,0.03726574985349575,0.037284426351613886,0,0.0,0.0
icmpv6.checksum.status,DIS1,3,0,DT,0.0913148833057008,0.07595979568297907,0.03657676297136268,0.07595979568297907,0.03626972046773543,0.03509419684647486,0,0.015547037124633789,0.0
icmpv6.checksum.status,DIS1,4,0,DT,0.09239892870807295,0.07632731561021996,0.035978509986010654,0.07632731561021996,0.036318907370132006,0.03539744790643995,0,0.0,0.0
icmpv6.checksum.status,DIS1,5,0,DT,0.0932279046040046,0.07544939425178947,0.036492031747573206,0.07544939425178947,0.03634913301503354,0.03352649769019045,0,0.0,0.0
