Feature,Dataset,T,CV,ML,Acc,b_Acc,Prec,Rec,F1,kap,ROC,tra-T,test-T
icmp.code,DIS1,1,0,DT,0.07161076393317178,0.05785296574770259,0.022307963693398863,0.05785296574770259,0.01887439963422555,0.013314398909657243,0,0.0,0.016930580139160156
icmp.code,DIS1,2,0,DT,0.07537303915316924,0.056845558460197856,0.02230734158144329,0.056845558460197856,0.01833570101672956,0.012401565951719484,0,0.015622138977050781,0.0
icmp.code,DIS1,3,0,DT,0.07486290014028824,0.05828530987766657,0.024902596694763607,0.05828530987766657,0.020009768582238883,0.014376371849471714,0,0.015514135360717773,0.0
icmp.code,DIS1,4,0,DT,0.07575564341282999,0.05709876543209876,0.020907078237658302,0.05709876543209876,0.01831337268926939,0.01202946490577883,0,0.021236896514892578,0.0
icmp.code,DIS1,5,0,DT,0.07403392424435659,0.05794169519659716,0.02178308532008144,0.05794169519659716,0.018995481887799537,0.013613968839986446,0,0.0,0.0
