Feature,Dataset,T,CV,ML,Acc,b_Acc,Prec,Rec,F1,kap,ROC,tra-T,test-T
tcp.flags.str,DIS2,1,0,DT,0.1617665775741377,0.13393596343397418,0.06343385901471484,0.13393596343397418,0.06064100661419172,0.11048714008425597,0,0.0,0.015621662139892578
tcp.flags.str,DIS2,2,0,DT,0.16100292732595137,0.13428686880060653,0.0825031658171692,0.13428686880060653,0.06151268017870554,0.11040561905665358,0,0.02477550506591797,0.006621360778808594
tcp.flags.str,DIS2,3,0,DT,0.16463026600483646,0.1336924893735283,0.07288464195721689,0.1336924893735283,0.0622633311686147,0.11275154898277584,0,0.0036301612854003906,0.0
tcp.flags.str,DIS2,4,0,DT,0.16316660302914598,0.13642993336366474,0.07805206075610115,0.13642993336366474,0.06323666091627687,0.11335527943042878,0,0.015016794204711914,0.0
tcp.flags.str,DIS2,5,0,DT,0.16233931526027745,0.1330673156045363,0.06869881903523266,0.1330673156045363,0.05981201871468798,0.11051707814763645,0,0.015518426895141602,0.0
