Feature,Dataset,T,CV,ML,Acc,b_Acc,Prec,Rec,F1,kap,ROC,tra-T,test-T
ipv6.opt.type.rest,DIS2,1,0,DT,0.08540155275550465,0.06872064869858371,0.08379575859250656,0.06872064869858371,0.0318759761960316,0.025761538975213938,0,0.015755653381347656,0.0
ipv6.opt.type.rest,DIS2,2,0,DT,0.09125620465826652,0.07056673470213276,0.08459732103864914,0.07056673470213276,0.03342707196905077,0.029044292598460864,0,0.0,0.0
ipv6.opt.type.rest,DIS2,3,0,DT,0.08546519027618683,0.06834323229084938,0.035418796811808935,0.06834323229084938,0.0311484763167841,0.024726860469367673,0,0.004549741744995117,0.0
ipv6.opt.type.rest,DIS2,4,0,DT,0.08743795341733486,0.06883129090451931,0.08257614917660974,0.06883129090451931,0.031665312195163886,0.02525922217386134,0,0.0,0.010635614395141602
ipv6.opt.type.rest,DIS2,5,0,DT,0.08711976581392389,0.06852685264072303,0.08306307207825978,0.06852685264072303,0.031417299386570216,0.02562292791130516,0,0.0,0.0
