Feature,Dataset,T,CV,ML,Acc,b_Acc,Prec,Rec,F1,kap,ROC,tra-T,test-T
http.request,DIS1,1,0,DT,0.06829486034944522,0.05359056806002144,0.032725557000939945,0.05359056806002144,0.015472545939769307,0.00796091940238941,0,0.015622854232788086,0.0
http.request,DIS1,2,0,DT,0.06287463333758449,0.05353445726116533,0.03321905839985676,0.05353445726116533,0.014953054532453283,0.008019513561411729,0,0.015624761581420898,0.0
http.request,DIS1,3,0,DT,0.06784848871317434,0.05379694931933738,0.03572895527714322,0.05379694931933738,0.015897485517087036,0.007727252945834873,0,0.002393007278442383,0.0
http.request,DIS1,4,0,DT,0.06740211707690345,0.054320987654320994,0.03404124726004648,0.054320987654320994,0.016398554044850158,0.008993807057389724,0,0.009606122970581055,0.0
http.request,DIS1,5,0,DT,0.07001657951791863,0.05412208936438011,0.03327566158327442,0.05412208936438011,0.016341983873250802,0.00848611107582653,0,0.01571822166442871,0.0
