Feature,Dataset,T,CV,ML,Acc,b_Acc,Prec,Rec,F1,kap,ROC,tra-T,test-T
eapol.keydes.key_iv,DIS1,1,0,DT,0.07460783063384772,0.06008611271769167,0.02296371551190028,0.06008611271769167,0.021072865346831886,0.013658250120535564,0,0.005112648010253906,0.0
eapol.keydes.key_iv,DIS1,2,0,DT,0.0721209029460528,0.060470648694731795,0.02148894892128099,0.060470648694731795,0.020754442519742403,0.013561737496963322,0,0.02110576629638672,0.0
eapol.keydes.key_iv,DIS1,3,0,DT,0.07518173702333886,0.05937878091722566,0.02208256445766012,0.05937878091722566,0.02040654475958335,0.012843543710922778,0,0.015623092651367188,0.0
eapol.keydes.key_iv,DIS1,4,0,DT,0.07460783063384772,0.06012396694214876,0.022879863685326955,0.06012396694214876,0.021078440640961305,0.014140402751198322,0,0.015731096267700195,0.0
eapol.keydes.key_iv,DIS1,5,0,DT,0.07403392424435659,0.05940689582308079,0.021620727838884395,0.05940689582308079,0.02024876402718729,0.012203694711607094,0,0.0,0.0
