Feature,Dataset,T,CV,ML,Acc,b_Acc,Prec,Rec,F1,kap,ROC,tra-T,test-T
dhcp.hw.type,DIS2,1,0,DT,0.08285605192821688,0.0666551497537413,0.04864102770055788,0.0666551497537413,0.032655290044637485,0.021478929867130514,0,0.017749309539794922,0.0
dhcp.hw.type,DIS2,2,0,DT,0.08412880234186076,0.06719102493750381,0.049140168229057916,0.06719102493750381,0.0332866308717616,0.02212636710979321,0,0.0156404972076416,0.0
dhcp.hw.type,DIS2,3,0,DT,0.07712867506681939,0.06597898014791748,0.04870626034367795,0.06597898014791748,0.03162998819761463,0.019382997856781548,0,0.015616893768310547,0.0
dhcp.hw.type,DIS2,4,0,DT,0.07916507572864961,0.06589666713297979,0.04750297059078098,0.06589666713297979,0.03161989736530165,0.019783002208693112,0,0.0,0.015620946884155273
dhcp.hw.type,DIS2,5,0,DT,0.08139238895252641,0.06593406593406594,0.04813049248125133,0.06593406593406594,0.03183705298224547,0.01936839120728362,0,0.0,0.0
