Feature,Dataset,T,CV,ML,Acc,b_Acc,Prec,Rec,F1,kap,ROC,tra-T,test-T
dhcp.option.renewal_time_value,DIS1,1,0,DT,0.0609616120392807,0.04777249245562887,0.05051342560112252,0.04777249245562887,0.0057629689270354105,0.00020396549585433021,0,0.015645742416381836,0.0
dhcp.option.renewal_time_value,DIS1,2,0,DT,0.06517025889554903,0.048082869511440945,0.050696830764463,0.048082869511440945,0.006700559918248621,0.0006170186210915363,0,0.0,0.012110471725463867
dhcp.option.renewal_time_value,DIS1,3,0,DT,0.0645963525060579,0.048130530407651785,0.050666642358832246,0.048130530407651785,0.0067406588189129965,0.000684370944203927,0,0.0,0.0
dhcp.option.renewal_time_value,DIS1,4,0,DT,0.06128044892233134,0.04786629085694506,0.05052290738327608,0.04786629085694506,0.005965846760160364,0.00033938400782795863,0,0.0,0.0
dhcp.option.renewal_time_value,DIS1,5,0,DT,0.060451473026399694,0.047772657450076805,0.0504891286191114,0.047772657450076805,0.0057200912977553265,0.00020376392394938492,0,0.0,0.0
