Feature,Dataset,T,CV,ML,Acc,b_Acc,Prec,Rec,F1,kap,ROC,tra-T,test-T
dns.soa.expire_limit,DIS1,1,0,DT,0.06242826170131361,0.04767137624280481,0.05058897482850037,0.04767137624280481,0.0056956857203082426,6.83035830680856e-05,0,0.0,0.015623807907104492
dns.soa.expire_limit,DIS1,2,0,DT,0.06166305318199209,0.047619047619047616,0.002936335865809147,0.047619047619047616,0.005531577758137912,0.0,0,0.009634256362915039,0.0
dns.soa.expire_limit,DIS1,3,0,DT,0.06376737661012626,0.047670250896057344,0.05065274627164812,0.047670250896057344,0.005806304779714666,6.840561520149446e-05,0,0.004471302032470703,0.006064414978027344
dns.soa.expire_limit,DIS1,4,0,DT,0.06274709858436424,0.04766986837424404,0.05060415850544032,0.04766986837424404,0.0057195748943955306,6.823138303169163e-05,0,0.0,0.0
dns.soa.expire_limit,DIS1,5,0,DT,0.060132636143349065,0.047619047619047616,0.0028634588639690033,0.047619047619047616,0.005402076620121733,0.0,0,0.0,0.0
