Feature,Dataset,T,CV,ML,Acc,b_Acc,Prec,Rec,F1,kap,ROC,tra-T,test-T
stun.attributes,DIS2,1,0,DT,0.06370115820287642,0.04819656638840762,0.02794737980580622,0.04819656638840762,0.006780504120739999,0.000754607205743385,0,0.009634017944335938,0.0
stun.attributes,DIS2,2,0,DT,0.06331933307878325,0.04797824302134647,0.028637498416493382,0.04797824302134647,0.00634662532319035,0.0004787188309003376,0,0.01602935791015625,0.0
stun.attributes,DIS2,3,0,DT,0.06344660812014764,0.04810113021586587,0.025554009266556002,0.04810113021586587,0.006584176833323859,0.0006192875218212768,0,0.015526533126831055,0.0026280879974365234
stun.attributes,DIS2,4,0,DT,0.06255568283059693,0.04849884526558891,0.037566499266728684,0.04849884526558891,0.007244259000066672,0.0010945445039363122,0,0.01570439338684082,0.008634328842163086
stun.attributes,DIS2,5,0,DT,0.06179203258241059,0.04815051020408163,0.03092653255479423,0.04815051020408163,0.006537419173194596,0.0006825914363784991,0,0.015536308288574219,0.0
