Feature,Dataset,T,CV,ML,Acc,b_Acc,Prec,Rec,F1,kap,ROC,tra-T,test-T
tcp.segment.overlap,DIS1,1,0,DT,0.06242826170131361,0.047619047619047616,0.0029727743667292196,0.047619047619047616,0.005596188418347953,0.0,0,0.015554428100585938,0.0
tcp.segment.overlap,DIS1,2,0,DT,0.06300216809080475,0.047619047619047616,0.003000103242419274,0.047619047619047616,0.005644585368640558,0.0,0,0.0,0.015636205673217773
tcp.segment.overlap,DIS1,3,0,DT,0.0609616120392807,0.047619047619047616,0.0029029339066324144,0.047619047619047616,0.0054722694463047875,0.0,0,0.010049104690551758,0.0
tcp.segment.overlap,DIS1,4,0,DT,0.06019640351995919,0.047619047619047616,0.0028664954057123423,0.047619047619047616,0.005407479965401293,0.0,0,0.01563405990600586,0.0
tcp.segment.overlap,DIS1,5,0,DT,0.06395867873995664,0.047619047619047616,0.0030456513685693637,0.047619047619047616,0.005725130927408422,0.0,0,0.0,0.015585899353027344
