Feature,Dataset,T,CV,ML,Acc,b_Acc,Prec,Rec,F1,kap,ROC,tra-T,test-T
tcp.window_size_scalefactor,DIS1,1,0,DT,0.31596735110317564,0.26488351772980484,0.2998574023422905,0.26488351772980484,0.21490722891640215,0.2759021019730229,0,0.015767812728881836,0.0
tcp.window_size_scalefactor,DIS1,2,0,DT,0.3103558219614845,0.26121561397398285,0.296544869272398,0.26121561397398285,0.2105523470793258,0.2691689538492622,0,0.015523433685302734,0.0
tcp.window_size_scalefactor,DIS1,3,0,DT,0.3105471240913149,0.259253956512537,0.2973033619941266,0.259253956512537,0.21067962325794895,0.269241261666305,0,0.015632152557373047,0.0
tcp.window_size_scalefactor,DIS1,4,0,DT,0.31022828720826423,0.26119454311139956,0.29872972644304147,0.26119454311139956,0.21122777513853525,0.2686829201046488,0,0.015533447265625,0.0
tcp.window_size_scalefactor,DIS1,5,0,DT,0.31360795816860093,0.2617249824346,0.2998039608580231,0.2617249824346,0.21144689699094066,0.27217792255636564,0,0.015718698501586914,0.0
