Feature,Dataset,T,CV,ML,Acc,b_Acc,Prec,Rec,F1,kap,ROC,tra-T,test-T
ntp.flags,DIS2,1,0,DT,0.06701030927835051,0.05274870685789982,0.20730568248801906,0.05274870685789982,0.015462163001446861,0.0056438204516684465,0,0.01563096046447754,0.0
ntp.flags,DIS2,2,0,DT,0.06885579737813415,0.05346819186869369,0.20648121443941975,0.05346819186869369,0.016741435384269535,0.00667990164643828,0,0.015626907348632812,0.0
ntp.flags,DIS2,3,0,DT,0.07108311060201095,0.05333176427346035,0.14417411498700525,0.05333176427346035,0.016609529904673476,0.00672430309670069,0,0.015691518783569336,0.0
ntp.flags,DIS2,4,0,DT,0.06688303423698613,0.05341927851201912,0.20032174905850045,0.05341927851201912,0.016551264606208975,0.0065243775572774165,0,0.015632152557373047,0.0
ntp.flags,DIS2,5,0,DT,0.06726485936107929,0.052570059132337955,0.19644623328451388,0.052570059132337955,0.014999104120609326,0.006149387636262937,0,0.0,0.0
