Feature,Dataset,T,CV,ML,Acc,b_Acc,Prec,Rec,F1,kap,ROC,tra-T,test-T
ntp.stratum,DIS2,1,0,DT,0.06802850960926562,0.05065406087810981,0.0596112635084187,0.05065406087810981,0.011232611493777725,0.004000676719327245,0,0.0,0.0
ntp.stratum,DIS2,2,0,DT,0.0649102710958381,0.050418219343715945,0.052942560371225605,0.050418219343715945,0.010586369226289657,0.0036284730250922825,0,0.015655994415283203,0.00167083740234375
ntp.stratum,DIS2,3,0,DT,0.06694667175766832,0.05111348694376457,0.06834185561388277,0.05111348694376457,0.011937585418813769,0.004531034537943568,0,0.015758752822875977,0.0
ntp.stratum,DIS2,4,0,DT,0.06739213440244368,0.05030189437143199,0.0617949509944708,0.05030189437143199,0.010673397033382872,0.003634912607581753,0,0.014541149139404297,0.0
ntp.stratum,DIS2,5,0,DT,0.06675575919562174,0.050181710615280595,0.06019062277639845,0.050181710615280595,0.01040816973210907,0.003490738764470591,0,0.0,0.015642166137695312
