Feature,Dataset,T,CV,ML,Acc,b_Acc,Prec,Rec,F1,kap,ROC,tra-T,test-T
ntp.precision,DIS1,1,0,DT,0.06733834970029333,0.0545832787881361,0.13286176335982752,0.0545832787881361,0.018406568625518264,0.00774309301016618,0,0.0075457096099853516,0.0
ntp.precision,DIS1,2,0,DT,0.06842239510266547,0.05281448310906535,0.11712542011350832,0.05281448310906535,0.01566313569484986,0.005724227328955833,0,0.015628337860107422,0.0
ntp.precision,DIS1,3,0,DT,0.07059048590740977,0.05524860204647034,0.12510623742127042,0.05524860204647034,0.01966030977003679,0.00843233465393911,0,0.015630483627319336,0.0
ntp.precision,DIS1,4,0,DT,0.06772095395995409,0.053598280168692135,0.12446122998405669,0.053598280168692135,0.0167160586940883,0.006752868724350325,0,0.006067752838134766,0.006058931350708008
ntp.precision,DIS1,5,0,DT,0.07014411427113888,0.05470487013487073,0.12606663211694086,0.05470487013487073,0.018745801580263,0.007743344836831922,0,0.015619754791259766,0.0
