Feature,Dataset,T,CV,ML,Acc,b_Acc,Prec,Rec,F1,kap,ROC,tra-T,test-T
ip.version,DIS2,1,0,DT,0.1112383861524755,0.0959878962527318,0.05635182867510084,0.0959878962527318,0.05609648446366812,0.055956721328433656,0,0.015626907348632812,0.0
ip.version,DIS2,2,0,DT,0.11696576301387297,0.09641651223126775,0.056315064610574596,0.09641651223126775,0.05654057902192268,0.05729120473722704,0,0.015628814697265625,0.0
ip.version,DIS2,3,0,DT,0.11416571210385644,0.09679225958020818,0.05462403919144014,0.09679225958020818,0.05553304157467485,0.057831376365772624,0,0.015619993209838867,0.0
ip.version,DIS2,4,0,DT,0.11811123838615248,0.0957538668382042,0.05761160790672443,0.0957538668382042,0.057089426558106116,0.05962539647894527,0,0.015619277954101562,0.0
ip.version,DIS2,5,0,DT,0.11442026218658521,0.09695965297353416,0.0557895458996816,0.09695965297353416,0.05637395276541001,0.056964356020006046,0,0.0,0.015619039535522461
