Feature,Dataset,T,CV,ML,Acc,b_Acc,Prec,Rec,F1,kap,ROC,tra-T,test-T
ipv6.opt.type,DIS2,1,0,DT,0.08629247804505537,0.0695109042613522,0.08327269252773498,0.0695109042613522,0.0322198343665084,0.027255635013263002,0,0.015677213668823242,0.0
ipv6.opt.type,DIS2,2,0,DT,0.0859742904416444,0.06919548641374358,0.08465401691358178,0.06919548641374358,0.03211230918827758,0.0270782903562794,0,0.015674829483032227,0.0
ipv6.opt.type,DIS2,3,0,DT,0.08419243986254296,0.06827358106516929,0.08257958379708712,0.06827358106516929,0.030933218599982788,0.02541534172629334,0,0.003049612045288086,0.0
ipv6.opt.type,DIS2,4,0,DT,0.08552882779686903,0.0688901394454495,0.08266974682069021,0.0688901394454495,0.03134821437145134,0.02567675607547737,0,0.009047508239746094,0.0
ipv6.opt.type,DIS2,5,0,DT,0.08431971490390734,0.06956857335025404,0.08348160948725258,0.06956857335025404,0.032093474185929734,0.02481254061713234,0,0.015629291534423828,0.0
