Feature,Dataset,T,CV,ML,Acc,b_Acc,Prec,Rec,F1,kap,ROC,tra-T,test-T
tcp.analysis.spurious_retransmission,DIS2,1,0,DT,0.06217385770650376,0.04819872613991963,0.013362817453401298,0.04819872613991963,0.007450658359601476,0.0004885441762071396,0,0.0,0.0
tcp.analysis.spurious_retransmission,DIS2,2,0,DT,0.06408298332696959,0.04918656401292662,0.019028888175494914,0.04918656401292662,0.009086224172639937,0.0015911671366514168,0,0.0,0.0
tcp.analysis.spurious_retransmission,DIS2,3,0,DT,0.06650120911289296,0.049288127734133005,0.019764310994962137,0.049288127734133005,0.009079822504585913,0.0017992487542098923,0,0.015511512756347656,0.0
tcp.analysis.spurious_retransmission,DIS2,4,0,DT,0.06306478299605447,0.049832416366280906,0.024278995499256436,0.049832416366280906,0.009498672326045092,0.0024397057979308467,0,0.015644311904907227,0.0
tcp.analysis.spurious_retransmission,DIS2,5,0,DT,0.06319205803741887,0.04931515522444759,0.020386219003730523,0.04931515522444759,0.0091652180634299,0.0018394397378633798,0,0.016786813735961914,0.0
