Feature,Dataset,T,CV,ML,Acc,b_Acc,Prec,Rec,F1,kap,ROC,tra-T,test-T
tcp.analysis.out_of_order,DIS2,1,0,DT,0.06440117093038056,0.047619047619047616,0.003066722425256217,0.047619047619047616,0.005762343201061364,0.0,0,0.0017495155334472656,0.0
tcp.analysis.out_of_order,DIS2,2,0,DT,0.06567392134402443,0.047619047619047616,0.0031279267483201034,0.047619047619047616,0.00587025707971775,6.9176393142633685e-06,0,0.015761137008666992,0.0
tcp.analysis.out_of_order,DIS2,3,0,DT,0.06204658266513936,0.047669225751417535,0.05057080427792576,0.047669225751417535,0.005659183014767097,6.795053120156602e-05,0,0.0,0.0
tcp.analysis.out_of_order,DIS2,4,0,DT,0.06331933307878325,0.047619047619047616,0.0030152063370849167,0.047619047619047616,0.005671309160446751,0.0,0,0.015016317367553711,0.0
tcp.analysis.out_of_order,DIS2,5,0,DT,0.060773832251495484,0.047619047619047616,0.0028941761901731355,0.047619047619047616,0.005456706320637206,8.192376133031587e-08,0,0.0,0.0
