Feature,Dataset,T,CV,ML,Acc,b_Acc,Prec,Rec,F1,kap,ROC,tra-T,test-T
tcp.ack,DIS1,1,0,DT,0.4507078178803724,0.44721482637626686,0.6071670907552211,0.44721482637626686,0.4668932803726345,0.4199744287616619,0,0.1743481159210205,0.0
tcp.ack,DIS1,2,0,DT,0.44981507460783066,0.45102617913097276,0.6105379053934108,0.45102617913097276,0.46905294030567046,0.4190694160209196,0,0.15755200386047363,0.015526056289672852
tcp.ack,DIS1,3,0,DT,0.45032521362071165,0.45719645842905454,0.6126583919323348,0.45719645842905454,0.47465864104960726,0.41960100064428363,0,0.19582629203796387,0.0
tcp.ack,DIS1,4,0,DT,0.4410151766356332,0.4496011440895908,0.5973112742043377,0.4496011440895908,0.4627053808293627,0.4108776192389201,0,0.18332576751708984,0.0
tcp.ack,DIS1,5,0,DT,0.4443948475959699,0.4421227244320469,0.597572077881616,0.4421227244320469,0.4593401819068304,0.412871894003209,0,0.16266226768493652,0.015625
