Feature,Dataset,T,CV,ML,Acc,b_Acc,Prec,Rec,F1,kap,ROC,tra-T,test-T
tcp.analysis.duplicate_ack_num,DIS1,1,0,DT,0.06300216809080475,0.04928809829272657,0.05595639297224523,0.04928809829272657,0.009282054566541461,0.0016995142905580352,0,0.015622138977050781,0.0
tcp.analysis.duplicate_ack_num,DIS1,2,0,DT,0.06523402627215916,0.050432834415019556,0.10894622251998502,0.050432834415019556,0.010832995390399088,0.0031460667881755278,0,0.015627384185791016,0.0
tcp.analysis.duplicate_ack_num,DIS1,3,0,DT,0.06440505037622753,0.04898964256712161,0.043499370534114554,0.04898964256712161,0.009078455829365067,0.0014304568143003182,0,0.0,0.015630245208740234
tcp.analysis.duplicate_ack_num,DIS1,4,0,DT,0.060642775156230073,0.049608924483025924,0.04603347185124626,0.049608924483025924,0.008974359325806664,0.0021032840699508615,0,0.0,0.015734434127807617
tcp.analysis.duplicate_ack_num,DIS1,5,0,DT,0.06115291416911108,0.04954098655143636,0.04771164554004118,0.04954098655143636,0.009662687556345357,0.0020243959961364633,0,0.01561737060546875,0.0
