Feature,Dataset,T,CV,ML,Acc,b_Acc,Prec,Rec,F1,kap,ROC,tra-T,test-T
tcp.flags.push,DIS1,1,0,DT,0.15023593929345747,0.11942229251068164,0.0224504401691961,0.11942229251068164,0.03764124608722902,0.09611637318198707,0,0.01563429832458496,0.0
tcp.flags.push,DIS1,2,0,DT,0.15151128682565998,0.11986533518286446,0.02266420505894532,0.11986533518286446,0.03793432590362276,0.09726201607506302,0,0.015659570693969727,0.0
tcp.flags.push,DIS1,3,0,DT,0.14947073077413595,0.12089651225135152,0.022373490362818833,0.12089651225135152,0.03758671502958086,0.09623091031988928,0,0.015557289123535156,0.0
tcp.flags.push,DIS1,4,0,DT,0.1486417548782043,0.11957061532288529,0.022288602266537522,0.11957061532288529,0.037374555560197274,0.09520640302120398,0,0.015696048736572266,0.0
tcp.flags.push,DIS1,5,0,DT,0.1490881265144752,0.12080032912318897,0.02225158592756055,0.12080032912318897,0.03745233564991395,0.09565532185568582,0,0.0,0.0
