Feature,Dataset,T,CV,ML,Acc,b_Acc,Prec,Rec,F1,kap,ROC,tra-T,test-T
icmpv6.checksum,DIS2,1,0,DT,0.10112002036400662,0.08745646938026122,0.50013109932583,0.08745646938026122,0.0682096762419876,0.04301569335653199,0,0.0,0.015677690505981445
icmpv6.checksum,DIS2,2,0,DT,0.09641084383352425,0.08337367324200053,0.47781585913454794,0.08337367324200053,0.0622533640177383,0.03887473913705908,0,0.015679359436035156,0.0
icmpv6.checksum,DIS2,3,0,DT,0.09723813160239277,0.08429111684405075,0.42914122706348257,0.08429111684405075,0.06461637664783146,0.03733522250184074,0,0.0130462646484375,0.0
icmpv6.checksum,DIS2,4,0,DT,0.09749268168512155,0.08010609473146894,0.46572800795460734,0.08010609473146894,0.05674810527372231,0.03872955954051549,0,0.007048368453979492,0.0
icmpv6.checksum,DIS2,5,0,DT,0.09666539391625302,0.08193927600097359,0.42537405865256384,0.08193927600097359,0.060897284846652966,0.035318453112029635,0,0.0068585872650146484,0.0
