Feature,Dataset,T,CV,ML,Acc,b_Acc,Prec,Rec,F1,kap,ROC,tra-T,test-T
tls.handshake.server_named_curve,DIS2,1,0,DT,0.0650375461372025,0.047818499127399654,0.05070473765572429,0.047818499127399654,0.006193053448309477,0.0002732738345680996,0,0.009551048278808594,0.0
tls.handshake.server_named_curve,DIS2,2,0,DT,0.06147384497899962,0.04771866905758119,0.05054068470565415,0.04771866905758119,0.005704315276257702,0.00013566224150507455,0,0.0,0.0
tls.handshake.server_named_curve,DIS2,3,0,DT,0.06465572101310933,0.04772189653399156,0.050692221898942874,0.04772189653399156,0.005978985746702331,0.00013681623614103522,0,0.0,0.0
tls.handshake.server_named_curve,DIS2,4,0,DT,0.06300114547537228,0.04797747055811572,0.05059921721282898,0.04797747055811572,0.006320780424100877,0.000476790324036358,0,0.015551567077636719,0.0
tls.handshake.server_named_curve,DIS2,5,0,DT,0.06300114547537228,0.04767149150409062,0.05061626254269288,0.04767149150409062,0.0057442452709041995,6.826175126051215e-05,0,0.01562786102294922,0.0
