Feature,Dataset,T,CV,ML,Acc,b_Acc,Prec,Rec,F1,kap,ROC,tra-T,test-T
tls.handshake.extensions_length,DIS2,1,0,DT,0.0649739086165203,0.052112091673761546,0.41821718993625623,0.052112091673761546,0.014306817814767146,0.004784033109375585,0,0.0,0.015622138977050781
tls.handshake.extensions_length,DIS2,2,0,DT,0.06732849688176148,0.05247836796326929,0.43341614454803157,0.05247836796326929,0.015202837697291884,0.005342801149430421,0,0.0,0.015547752380371094
tls.handshake.extensions_length,DIS2,3,0,DT,0.06510118365788468,0.050661329946780694,0.3522127242822512,0.050661329946780694,0.011978991528824373,0.002898170461437144,0,0.01569390296936035,0.0
tls.handshake.extensions_length,DIS2,4,0,DT,0.06567392134402443,0.05083191312864687,0.3839395985812238,0.05083191312864687,0.011973086353316236,0.0034257724642040577,0,0.015620708465576172,0.0
tls.handshake.extensions_length,DIS2,5,0,DT,0.06656484663357516,0.051712680262913015,0.4803162428282275,0.051712680262913015,0.013715725546359539,0.0043198418578294095,0,0.0,0.015621423721313477
