Feature,Dataset,T,CV,ML,Acc,b_Acc,Prec,Rec,F1,kap,ROC,tra-T,test-T
tcp.options.sack.dsack_le,DIS2,1,0,DT,0.06637393407152857,0.050436277970303645,0.18310848139950636,0.050436277970303645,0.01121195132051401,0.00296452509957712,0,0.015558719635009766,0.0
tcp.options.sack.dsack_le,DIS2,2,0,DT,0.06446480845106274,0.04923556102827878,0.1752268948070913,0.04923556102827878,0.008826283145310294,0.0016495686932702647,0,0.015697956085205078,0.0
tcp.options.sack.dsack_le,DIS2,3,0,DT,0.06516482117856688,0.05045575087148311,0.18341250803159823,0.05045575087148311,0.011161402304740522,0.0029482736720561897,0,0.01575636863708496,0.0
tcp.options.sack.dsack_le,DIS2,4,0,DT,0.0649102710958381,0.05091318322299266,0.241467746154995,0.05091318322299266,0.011995838825062095,0.0031521598239576676,0,0.015678882598876953,0.0
tcp.options.sack.dsack_le,DIS2,5,0,DT,0.06351024564082983,0.050035833073945976,0.24917978682056927,0.050035833073945976,0.010241268783716326,0.0025311942865198223,0,0.015753746032714844,0.0
