Feature,Dataset,T,CV,ML,Acc,b_Acc,Prec,Rec,F1,kap,ROC,tra-T,test-T
dhcp.option.dhcp,DIS1,1,0,DT,0.07760489733452365,0.06681938266759695,0.09598093925404734,0.06681938266759695,0.032911728952534476,0.019605137248848714,0,0.0,0.0
dhcp.option.dhcp,DIS1,2,0,DT,0.08302512434638439,0.06758079022709228,0.09754568221528012,0.06758079022709228,0.034169204426759046,0.020488727160520304,0,0.015617609024047852,0.0
dhcp.option.dhcp,DIS1,3,0,DT,0.08021935977553883,0.06723814503271923,0.09711084232086083,0.06723814503271923,0.03338270358451269,0.022484930165462047,0,0.0,0.0
dhcp.option.dhcp,DIS1,4,0,DT,0.08149470730774136,0.06715353080811035,0.09732086045132608,0.06715353080811035,0.03343550455317773,0.020722358323850054,0,0.01572251319885254,0.0
dhcp.option.dhcp,DIS1,5,0,DT,0.0847468435148578,0.06756919343660028,0.09614471141058081,0.06756919343660028,0.033913083830865595,0.02120996785823237,0,0.005610942840576172,0.0
