Feature,Dataset,T,CV,ML,Acc,b_Acc,Prec,Rec,F1,kap,ROC,tra-T,test-T
tcp.flags.res,DIS2,1,0,DT,0.10092910780196003,0.08449086758206936,0.01040485045754529,0.08449086758206936,0.018358871379280255,0.044251120390980336,0,0.015676498413085938,0.0
tcp.flags.res,DIS2,2,0,DT,0.09628356879215985,0.0844959717036746,0.009949946996211828,0.0844959717036746,0.01763749429662862,0.042316169022185046,0,0.01305532455444336,0.0
tcp.flags.res,DIS2,3,0,DT,0.10118365788468882,0.08453889468927063,0.01030033292247508,0.08453889468927063,0.018216670965110975,0.044713777085403805,0,0.0,0.0
tcp.flags.res,DIS2,4,0,DT,0.09933816978490519,0.08561363568728983,0.010329814813497904,0.08561363568728983,0.018264495911182572,0.04426636246866955,0,0.01575493812561035,0.0
tcp.flags.res,DIS2,5,0,DT,0.10252004581901489,0.08538178363614773,0.010719668223887488,0.08538178363614773,0.018836988249922918,0.04645566258579614,0,0.009631156921386719,0.0
