Dataset,T,CV,ML,Acc,b_Acc,Prec,Rec,F1,kap,ROC,tra-T,test-T,Al-Time
DI-S1-AD-S1,0,1,LR,0.4129137276180141,0.42233246118960405,0.4588793605537064,0.42233246118960405,0.4115350851957089,0.3828035433341651,0,1649.4168810844421,0.015624523162841797,0
