Dataset,T,CV,ML,Acc,b_Acc,Prec,Rec,F1,kap,ROC,tra-T,test-T,Al-Time
DI-S2-AD-S2,0,0,LSTM,0.10101336783096163,0.08923809523809523,0.06517346496322544,0.08923809523809523,0.04548360962549539,0.04979489516864177,0,605.1381595134735,41.15176200866699,0
