Dataset,T,CV,ML,Acc,b_Acc,Prec,Rec,F1,kap,ROC,tra-T,test-T,Al-Time
AD-S2-DI-S1,0,1,MLP,0.1112320094960186,0.10709523809523808,0.10948292268435604,0.10709523809523808,0.064177408808393,0.06500656434944985,0,8.821244716644287,0.7017254829406738,0
AD-S2-DI-S1,1,2,MLP,0.068648301102923,0.0660952380952381,0.11105527815723425,0.0660952380952381,0.03910778725944111,0.020269088301567706,0,8.751019954681396,1.0181009769439697,0
AD-S2-DI-S1,2,3,MLP,0.08853059003907215,0.08523809523809524,0.08655744103425203,0.08523809523809524,0.0461798384562082,0.041105156355689676,0,9.406883955001831,0.7550873756408691,0
AD-S2-DI-S1,3,4,MLP,0.11637568623571888,0.11340617525549034,0.0709166547812092,0.11340617525549034,0.06148473867510457,0.0717125408098297,0,9.780399084091187,0.7707109451293945,0
AD-S2-DI-S1,4,5,MLP,0.09219051387308967,0.08876190476190475,0.09184010263674658,0.08876190476190475,0.06510863204048101,0.044955512773817596,0,9.706039667129517,0.7934224605560303,0
