Dataset,T,CV,ML,Acc,b_Acc,Prec,Rec,F1,kap,ROC,tra-T,test-T,Al-Time
DI-S2-AD-S1,0,1,RF,0.6587579539288709,0.6681620443049014,0.723396440545131,0.6681620443049014,0.6608911123194223,0.6412571713016468,0,35.68976402282715,0.9710166454315186,0
DI-S2-AD-S1,1,2,RF,0.6479554086716323,0.6581139019710447,0.7095925275006791,0.6581139019710447,0.6494150256614979,0.6299136877000389,0,34.56563997268677,0.9700298309326172,0
DI-S2-AD-S1,2,3,RF,0.6549597987471021,0.6642417582417584,0.7198867226912344,0.6642417582417584,0.6560862022747989,0.6372601783787193,0,35.32520055770874,1.0026130676269531,0
DI-S2-AD-S1,3,4,RF,0.6485473289597001,0.6579244723530439,0.7181112409857366,0.6579244723530439,0.654276706551092,0.6305077725626527,0,34.751349210739136,0.9642763137817383,0
DI-S2-AD-S1,4,5,RF,0.6548118186750851,0.6646061398918541,0.7332765638090322,0.6646061398918541,0.6602162778338203,0.6370958341090991,0,34.740084648132324,0.9486825466156006,0
