Dataset,T,CV,ML,Acc,b_Acc,Prec,Rec,F1,kap,ROC,tra-T,test-T,Al-Time
DI-S2-AD-S1,0,1,XGB,0.6662062842203916,0.6733235653235653,0.7310863790670705,0.6733235653235653,0.6636038345647636,0.6490581257490833,0,202.66151595115662,3.2777843475341797,0
DI-S2-AD-S1,1,2,XGB,0.6662062842203916,0.6733235653235653,0.7310863790670705,0.6733235653235653,0.6636038345647636,0.6490581257490833,0,200.825110912323,3.3918166160583496,0
DI-S2-AD-S1,2,3,XGB,0.6662062842203916,0.6733235653235653,0.7310863790670705,0.6733235653235653,0.6636038345647636,0.6490581257490833,0,200.37089085578918,3.020359516143799,0
DI-S2-AD-S1,3,4,XGB,0.6662062842203916,0.6733235653235653,0.7310863790670705,0.6733235653235653,0.6636038345647636,0.6490581257490833,0,214.64077758789062,3.2726058959960938,0
DI-S2-AD-S1,4,5,XGB,0.6662062842203916,0.6733235653235653,0.7310863790670705,0.6733235653235653,0.6636038345647636,0.6490581257490833,0,196.07155466079712,3.321608304977417,0
