Dataset,T,CV,ML,Acc,b_Acc,Prec,Rec,F1,kap,ROC,tra-T,test-T,Al-Time
AD-S1-DI-S2,0,1,XGB,0.6696950351127045,0.6755361406270497,0.6843373239150354,0.6755361406270497,0.6486821757126912,0.6530473366957674,0,194.5181589126587,2.9086244106292725,0
AD-S1-DI-S2,1,2,XGB,0.6696950351127045,0.6755361406270497,0.6843373239150354,0.6755361406270497,0.6486821757126912,0.6530473366957674,0,184.41050219535828,2.904240608215332,0
AD-S1-DI-S2,2,3,XGB,0.6696950351127045,0.6755361406270497,0.6843373239150354,0.6755361406270497,0.6486821757126912,0.6530473366957674,0,200.1301498413086,3.527587890625,0
AD-S1-DI-S2,3,4,XGB,0.6696950351127045,0.6755361406270497,0.6843373239150354,0.6755361406270497,0.6486821757126912,0.6530473366957674,0,189.0984332561493,2.888982057571411,0
AD-S1-DI-S2,4,5,XGB,0.6696950351127045,0.6755361406270497,0.6843373239150354,0.6755361406270497,0.6486821757126912,0.6530473366957674,0,194.86444807052612,2.8413312435150146,0
