Feature,Dataset,T,CV,ML,Acc,b_Acc,Prec,Rec,F1,kap,ROC,tra-T,test-T
tcp.segment.count,SD2,0,0,DT,0.753589794964269,0.12970944679152577,0.08286661831437951,0.12970944679152577,0.09949386867760453,0.017023808792996253,0,0.0,0.0
tcp.segment.count,SD2,0,1,DT,0.753589794964269,0.12970944679152577,0.08286661831437951,0.12970944679152577,0.09949386867760453,0.017023808792996253,0,0.0,0.0
tcp.segment.count,SD2,0,2,DT,0.753589794964269,0.12970944679152577,0.08286661831437951,0.12970944679152577,0.09949386867760453,0.017023808792996253,0,0.0,0.015742063522338867
tcp.segment.count,SD2,0,3,DT,0.753589794964269,0.12970944679152577,0.08286661831437951,0.12970944679152577,0.09949386867760453,0.017023808792996253,0,0.017624855041503906,0.001886606216430664
tcp.segment.count,SD2,0,4,DT,0.753589794964269,0.12970944679152577,0.08286661831437951,0.12970944679152577,0.09949386867760453,0.017023808792996253,0,0.0,0.0
