Feature,Dataset,T,CV,ML,Acc,b_Acc,Prec,Rec,F1,kap,ROC,tra-T,test-T
icmp.ident,SD2,0,0,DT,0.7567287784679089,0.08969665271966527,0.14634452515649585,0.08969665271966527,0.08358502199116159,0.01696630944834976,0,0.0,0.006562948226928711
icmp.ident,SD2,0,1,DT,0.7567287784679089,0.08969665271966527,0.14634452515649585,0.08969665271966527,0.08358502199116159,0.01696630944834976,0,0.0,0.0
icmp.ident,SD2,0,2,DT,0.7567287784679089,0.08969665271966527,0.14634452515649585,0.08969665271966527,0.08358502199116159,0.01696630944834976,0,0.0,0.01559901237487793
icmp.ident,SD2,0,3,DT,0.7567287784679089,0.08969665271966527,0.14634452515649585,0.08969665271966527,0.08358502199116159,0.01696630944834976,0,0.0,0.0
icmp.ident,SD2,0,4,DT,0.7567287784679089,0.08969665271966527,0.14634452515649585,0.08969665271966527,0.08358502199116159,0.01696630944834976,0,0.0,0.0
