Feature,Dataset,T,CV,ML,Acc,b_Acc,Prec,Rec,F1,kap,ROC,tra-T,test-T
tcp.ack,SD1,0,0,DT,0.44541484716157204,0.22035218069468876,0.2877655558480697,0.22035218069468876,0.21616618337249807,0.16611866263878594,0,0.03183484077453613,0.0
tcp.ack,SD1,0,1,DT,0.44541484716157204,0.22035218069468876,0.2877655558480697,0.22035218069468876,0.21616618337249807,0.16611866263878594,0,0.015622854232788086,0.0
tcp.ack,SD1,0,2,DT,0.44541484716157204,0.22035218069468876,0.2877655558480697,0.22035218069468876,0.21616618337249807,0.16611866263878594,0,0.010100841522216797,0.01573777198791504
tcp.ack,SD1,0,3,DT,0.44541484716157204,0.22035218069468876,0.2877655558480697,0.22035218069468876,0.21616618337249807,0.16611866263878594,0,0.015610694885253906,0.015625476837158203
tcp.ack,SD1,0,4,DT,0.44541484716157204,0.22035218069468876,0.2877655558480697,0.22035218069468876,0.21616618337249807,0.16611866263878594,0,0.015631914138793945,0.0
