Feature,Dataset,T,CV,ML,Acc,b_Acc,Prec,Rec,F1,kap,ROC,tra-T,test-T
dns.flags.authoritative,SD2T,0,0,DT,0.614314115308151,0.08333333333333333,0.05119284294234592,0.08333333333333333,0.06342364532019705,0.0,0,0.014616250991821289,0.0016102790832519531
dns.flags.authoritative,SD2T,0,1,DT,0.614314115308151,0.08333333333333333,0.05119284294234592,0.08333333333333333,0.06342364532019705,0.0,0,0.0,0.0
dns.flags.authoritative,SD2T,0,2,DT,0.614314115308151,0.08333333333333333,0.05119284294234592,0.08333333333333333,0.06342364532019705,0.0,0,0.0,0.014611959457397461
dns.flags.authoritative,SD2T,0,3,DT,0.614314115308151,0.08333333333333333,0.05119284294234592,0.08333333333333333,0.06342364532019705,0.0,0,0.015629053115844727,0.0
dns.flags.authoritative,SD2T,0,4,DT,0.614314115308151,0.08333333333333333,0.05119284294234592,0.08333333333333333,0.06342364532019705,0.0,0,0.016743898391723633,0.0
