Feature,Dataset,T,CV,ML,Acc,b_Acc,Prec,Rec,F1,kap,ROC,tra-T,test-T
tcp.dstport,SD1T,0,0,DT,0.4881251094123826,0.23726724112502784,0.2156902308435357,0.23726724112502784,0.19693166838396184,0.25644798770918853,0,0.015732765197753906,0.0
tcp.dstport,SD1T,0,1,DT,0.4881251094123826,0.23726724112502784,0.2156902308435357,0.23726724112502784,0.19693166838396184,0.25644798770918853,0,0.01570916175842285,0.0
tcp.dstport,SD1T,0,2,DT,0.4881251094123826,0.23726724112502784,0.2156902308435357,0.23726724112502784,0.19693166838396184,0.25644798770918853,0,0.0,0.0
tcp.dstport,SD1T,0,3,DT,0.4881251094123826,0.23726724112502784,0.2156902308435357,0.23726724112502784,0.19693166838396184,0.25644798770918853,0,0.015730857849121094,0.0
tcp.dstport,SD1T,0,4,DT,0.4881251094123826,0.23726724112502784,0.2156902308435357,0.23726724112502784,0.19693166838396184,0.25644798770918853,0,0.0,0.0
