Feature,Dataset,T,CV,ML,Acc,b_Acc,Prec,Rec,F1,kap,ROC,tra-T,test-T
tcp.options.sack.count,SD2,0,0,DT,0.7545248113270554,0.08394351464435146,0.13579105150644666,0.08394351464435146,0.0728826767158821,0.0017353773828845398,0,0.0,0.01669001579284668
tcp.options.sack.count,SD2,0,1,DT,0.7545248113270554,0.08394351464435146,0.13579105150644666,0.08394351464435146,0.0728826767158821,0.0017353773828845398,0,0.0,0.0
tcp.options.sack.count,SD2,0,2,DT,0.7545248113270554,0.08394351464435146,0.13579105150644666,0.08394351464435146,0.0728826767158821,0.0017353773828845398,0,0.015635967254638672,0.0
tcp.options.sack.count,SD2,0,3,DT,0.7545248113270554,0.08394351464435146,0.13579105150644666,0.08394351464435146,0.0728826767158821,0.0017353773828845398,0,0.0,0.0
tcp.options.sack.count,SD2,0,4,DT,0.7545248113270554,0.08394351464435146,0.13579105150644666,0.08394351464435146,0.0728826767158821,0.0017353773828845398,0,0.01573014259338379,0.0
