Feature,Dataset,T,CV,ML,Acc,b_Acc,Prec,Rec,F1,kap,ROC,tra-T,test-T
stun.att.transp,SD2,0,0,DT,0.7542910572363588,0.08333333333333333,0.0628575881030299,0.08333333333333333,0.07166152713798048,0.0,0,0.0,0.0
stun.att.transp,SD2,0,1,DT,0.7542910572363588,0.08333333333333333,0.0628575881030299,0.08333333333333333,0.07166152713798048,0.0,0,0.01563239097595215,0.0
stun.att.transp,SD2,0,2,DT,0.7542910572363588,0.08333333333333333,0.0628575881030299,0.08333333333333333,0.07166152713798048,0.0,0,0.0,0.01562809944152832
stun.att.transp,SD2,0,3,DT,0.7542910572363588,0.08333333333333333,0.0628575881030299,0.08333333333333333,0.07166152713798048,0.0,0,0.015631437301635742,0.0
stun.att.transp,SD2,0,4,DT,0.7542910572363588,0.08333333333333333,0.0628575881030299,0.08333333333333333,0.07166152713798048,0.0,0,0.0,0.0
