Feature,Dataset,T,CV,ML,Acc,b_Acc,Prec,Rec,F1,kap,ROC,tra-T,test-T
_ws.col.Protocol,SD1,0,0,DT,0.4711447897936467,0.21594592589727465,0.22703389238073976,0.21594592589727465,0.20830381880163742,0.17659253377023232,0,0.0,0.0
_ws.col.Protocol,SD1,0,1,DT,0.4711447897936467,0.21594592589727465,0.22703389238073976,0.21594592589727465,0.20830381880163742,0.17659253377023232,0,0.0,0.015549421310424805
_ws.col.Protocol,SD1,0,2,DT,0.4711447897936467,0.21594592589727465,0.22703389238073976,0.21594592589727465,0.20830381880163742,0.17659253377023232,0,0.0,0.015624523162841797
_ws.col.Protocol,SD1,0,3,DT,0.4711447897936467,0.21594592589727465,0.22703389238073976,0.21594592589727465,0.20830381880163742,0.17659253377023232,0,0.01006770133972168,0.005563974380493164
_ws.col.Protocol,SD1,0,4,DT,0.4711447897936467,0.21594592589727465,0.22703389238073976,0.21594592589727465,0.20830381880163742,0.17659253377023232,0,0.0,0.0
