Feature,Dataset,T,CV,ML,Acc,b_Acc,Prec,Rec,F1,kap,ROC,tra-T,test-T
tcp.options.timestamp.tsecr,SD2,0,0,DT,0.7099111734455353,0.13699254354355975,0.14016688421264886,0.13699254354355975,0.11224076468704554,0.0765947318566802,0,0.015614748001098633,0.0
tcp.options.timestamp.tsecr,SD2,0,1,DT,0.7099111734455353,0.13699254354355975,0.14016688421264886,0.13699254354355975,0.11224076468704554,0.0765947318566802,0,0.0,0.0
tcp.options.timestamp.tsecr,SD2,0,2,DT,0.7099111734455353,0.13699254354355975,0.14016688421264886,0.13699254354355975,0.11224076468704554,0.0765947318566802,0,0.0,0.0
tcp.options.timestamp.tsecr,SD2,0,3,DT,0.7099111734455353,0.13699254354355975,0.14016688421264886,0.13699254354355975,0.11224076468704554,0.0765947318566802,0,0.0,0.0
tcp.options.timestamp.tsecr,SD2,0,4,DT,0.7099111734455353,0.13699254354355975,0.14016688421264886,0.13699254354355975,0.11224076468704554,0.0765947318566802,0,0.0,0.0
