Feature,Dataset,T,CV,ML,Acc,b_Acc,Prec,Rec,F1,kap,ROC,tra-T,test-T
eth.dst.oui,SD1T,0,0,DT,0.4496119507498395,0.3156379696967309,0.20395458216676643,0.3156379696967309,0.2315381031021557,0.2959312165882312,0,0.0,0.015626907348632812
eth.dst.oui,SD1T,0,1,DT,0.4496119507498395,0.3156379696967309,0.20395458216676643,0.3156379696967309,0.2315381031021557,0.2959312165882312,0,0.0,0.013113975524902344
eth.dst.oui,SD1T,0,2,DT,0.4496119507498395,0.3156379696967309,0.20395458216676643,0.3156379696967309,0.2315381031021557,0.2959312165882312,0,0.0,0.0
eth.dst.oui,SD1T,0,3,DT,0.4496119507498395,0.3156379696967309,0.20395458216676643,0.3156379696967309,0.2315381031021557,0.2959312165882312,0,0.0,0.0
eth.dst.oui,SD1T,0,4,DT,0.4496119507498395,0.3156379696967309,0.20395458216676643,0.3156379696967309,0.2315381031021557,0.2959312165882312,0,0.015736103057861328,0.0
