Feature,Dataset,T,CV,ML,Acc,b_Acc,Prec,Rec,F1,kap,ROC,tra-T,test-T
stun.network_version,SD1T,0,0,DT,0.398086012721013,0.08374792703150913,0.07483950977531369,0.08374792703150913,0.04827607455485577,0.00017181703748525567,0,0.015611648559570312,0.0
stun.network_version,SD1T,0,1,DT,0.398086012721013,0.08374792703150913,0.07483950977531369,0.08374792703150913,0.04827607455485577,0.00017181703748525567,0,0.0,0.0
stun.network_version,SD1T,0,2,DT,0.398086012721013,0.08374792703150913,0.07483950977531369,0.08374792703150913,0.04827607455485577,0.00017181703748525567,0,0.003601551055908203,0.0
stun.network_version,SD1T,0,3,DT,0.398086012721013,0.08374792703150913,0.07483950977531369,0.08374792703150913,0.04827607455485577,0.00017181703748525567,0,0.0,0.0
stun.network_version,SD1T,0,4,DT,0.398086012721013,0.08374792703150913,0.07483950977531369,0.08374792703150913,0.04827607455485577,0.00017181703748525567,0,0.0,0.0
