Feature,Dataset,T,CV,ML,Acc,b_Acc,Prec,Rec,F1,kap,ROC,tra-T,test-T
tcp.analysis.retransmission,SD1,0,0,DT,0.38248137683020805,0.08333333333333333,0.03189939586100519,0.08333333333333333,0.04613763827347938,1.9511913317171725e-05,0,0.01361703872680664,0.0
tcp.analysis.retransmission,SD1,0,1,DT,0.38248137683020805,0.08333333333333333,0.03189939586100519,0.08333333333333333,0.04613763827347938,1.9511913317171725e-05,0,0.0,0.015628337860107422
tcp.analysis.retransmission,SD1,0,2,DT,0.38248137683020805,0.08333333333333333,0.03189939586100519,0.08333333333333333,0.04613763827347938,1.9511913317171725e-05,0,0.0,0.0
tcp.analysis.retransmission,SD1,0,3,DT,0.38248137683020805,0.08333333333333333,0.03189939586100519,0.08333333333333333,0.04613763827347938,1.9511913317171725e-05,0,0.0,0.0
tcp.analysis.retransmission,SD1,0,4,DT,0.38248137683020805,0.08333333333333333,0.03189939586100519,0.08333333333333333,0.04613763827347938,1.9511913317171725e-05,0,0.015627384185791016,0.0
