Feature,Dataset,T,CV,ML,Acc,b_Acc,Prec,Rec,F1,kap,ROC,tra-T,test-T
dns.retransmit_request_in,SD1T,0,0,DT,0.39849448561591877,0.08630446176510781,0.16262531306784722,0.08630446176510781,0.0526441620800723,0.0012622669949765575,0,0.0,0.0
dns.retransmit_request_in,SD1T,0,1,DT,0.39849448561591877,0.08630446176510781,0.16262531306784722,0.08630446176510781,0.0526441620800723,0.0012622669949765575,0,0.0,0.015124082565307617
dns.retransmit_request_in,SD1T,0,2,DT,0.39849448561591877,0.08630446176510781,0.16262531306784722,0.08630446176510781,0.0526441620800723,0.0012622669949765575,0,0.015632152557373047,0.0
dns.retransmit_request_in,SD1T,0,3,DT,0.39849448561591877,0.08630446176510781,0.16262531306784722,0.08630446176510781,0.0526441620800723,0.0012622669949765575,0,0.0,0.0
dns.retransmit_request_in,SD1T,0,4,DT,0.39849448561591877,0.08630446176510781,0.16262531306784722,0.08630446176510781,0.0526441620800723,0.0012622669949765575,0,0.0,0.0
