Feature,Dataset,T,CV,ML,Acc,b_Acc,Prec,Rec,F1,kap,ROC,tra-T,test-T
tls.change_cipher_spec,SD2T,0,0,DT,0.6161885827889804,0.08589904358226379,0.10966248931928224,0.08589904358226379,0.06846717806866089,0.00887514976396031,0,0.0,0.0
tls.change_cipher_spec,SD2T,0,1,DT,0.6161885827889804,0.08589904358226379,0.10966248931928224,0.08589904358226379,0.06846717806866089,0.00887514976396031,0,0.0,0.0
tls.change_cipher_spec,SD2T,0,2,DT,0.6161885827889804,0.08589904358226379,0.10966248931928224,0.08589904358226379,0.06846717806866089,0.00887514976396031,0,0.015626192092895508,0.0
tls.change_cipher_spec,SD2T,0,3,DT,0.6161885827889804,0.08589904358226379,0.10966248931928224,0.08589904358226379,0.06846717806866089,0.00887514976396031,0,0.0,0.0
tls.change_cipher_spec,SD2T,0,4,DT,0.6161885827889804,0.08589904358226379,0.10966248931928224,0.08589904358226379,0.06846717806866089,0.00887514976396031,0,0.0,0.0
