Feature,Dataset,T,CV,ML,Acc,b_Acc,Prec,Rec,F1,kap,ROC,tra-T,test-T
icmpv6.reserved,SD1T,0,0,DT,0.3983194258038163,0.08343540747999346,0.06524543450787319,0.08343540747999346,0.04768035688895994,0.0006859596387416289,0,0.0,0.0
icmpv6.reserved,SD1T,0,1,DT,0.3983194258038163,0.08343540747999346,0.06524543450787319,0.08343540747999346,0.04768035688895994,0.0006859596387416289,0,0.0,0.0
icmpv6.reserved,SD1T,0,2,DT,0.3983194258038163,0.08343540747999346,0.06524543450787319,0.08343540747999346,0.04768035688895994,0.0006859596387416289,0,0.0,0.0
icmpv6.reserved,SD1T,0,3,DT,0.3983194258038163,0.08343540747999346,0.06524543450787319,0.08343540747999346,0.04768035688895994,0.0006859596387416289,0,0.0,0.0
icmpv6.reserved,SD1T,0,4,DT,0.3983194258038163,0.08343540747999346,0.06524543450787319,0.08343540747999346,0.04768035688895994,0.0006859596387416289,0,0.0,0.0
