Feature,Dataset,T,CV,ML,Acc,b_Acc,Prec,Rec,F1,kap,ROC,tra-T,test-T
dns.unsolicited,SD1T,0,0,DT,0.399078018322927,0.08370080026130981,0.10820772721076512,0.08370080026130981,0.04822209052783943,0.002054093260039025,0,0.015632152557373047,0.0
dns.unsolicited,SD1T,0,1,DT,0.399078018322927,0.08370080026130981,0.10820772721076512,0.08370080026130981,0.04822209052783943,0.002054093260039025,0,0.0,0.0
dns.unsolicited,SD1T,0,2,DT,0.399078018322927,0.08370080026130981,0.10820772721076512,0.08370080026130981,0.04822209052783943,0.002054093260039025,0,0.0,0.008048534393310547
dns.unsolicited,SD1T,0,3,DT,0.399078018322927,0.08370080026130981,0.10820772721076512,0.08370080026130981,0.04822209052783943,0.002054093260039025,0,0.0,0.0
dns.unsolicited,SD1T,0,4,DT,0.399078018322927,0.08370080026130981,0.10820772721076512,0.08370080026130981,0.04822209052783943,0.002054093260039025,0,0.0,0.0
