Feature,Dataset,T,CV,ML,Acc,b_Acc,Prec,Rec,F1,kap,ROC,tra-T,test-T
dns.count.add_rr,SD2,0,0,DT,0.7532224671074601,0.08364294009679897,0.06861573966014728,0.08364294009679897,0.07247123777218568,0.0028048866047974963,0,0.0,0.0
dns.count.add_rr,SD2,0,1,DT,0.7532224671074601,0.08364294009679897,0.06861573966014728,0.08364294009679897,0.07247123777218568,0.0028048866047974963,0,0.0,0.0
dns.count.add_rr,SD2,0,2,DT,0.7532224671074601,0.08364294009679897,0.06861573966014728,0.08364294009679897,0.07247123777218568,0.0028048866047974963,0,0.0,0.015625953674316406
dns.count.add_rr,SD2,0,3,DT,0.7532224671074601,0.08364294009679897,0.06861573966014728,0.08364294009679897,0.07247123777218568,0.0028048866047974963,0,0.0,0.0
dns.count.add_rr,SD2,0,4,DT,0.7532224671074601,0.08364294009679897,0.06861573966014728,0.08364294009679897,0.07247123777218568,0.0028048866047974963,0,0.0,0.0
