Feature,Dataset,T,CV,ML,Acc,b_Acc,Prec,Rec,F1,kap,ROC,tra-T,test-T
tcp.analysis.push_bytes_sent,SD1,0,0,DT,0.4214401917972429,0.18568333594673161,0.41471816882447604,0.18568333594673161,0.19393403395668737,0.09011111314999687,0,0.0,0.0
tcp.analysis.push_bytes_sent,SD1,0,1,DT,0.4214401917972429,0.18568333594673161,0.41471816882447604,0.18568333594673161,0.19393403395668737,0.09011111314999687,0,0.015728235244750977,0.0
tcp.analysis.push_bytes_sent,SD1,0,2,DT,0.4214401917972429,0.18568333594673161,0.41471816882447604,0.18568333594673161,0.19393403395668737,0.09011111314999687,0,0.012117862701416016,0.0
tcp.analysis.push_bytes_sent,SD1,0,3,DT,0.4214401917972429,0.18568333594673161,0.41471816882447604,0.18568333594673161,0.19393403395668737,0.09011111314999687,0,0.015622615814208984,0.0
tcp.analysis.push_bytes_sent,SD1,0,4,DT,0.4214401917972429,0.18568333594673161,0.41471816882447604,0.18568333594673161,0.19393403395668737,0.09011111314999687,0,0.0,0.015714168548583984
