Feature,Dataset,T,CV,ML,Acc,b_Acc,Prec,Rec,F1,kap,ROC,tra-T,test-T
tcp.time_delta,SD1,0,0,DT,0.42799041013785427,0.17777302333586728,0.2840590602110234,0.17777302333586728,0.16158257265511575,0.13955788341557773,0,0.03125190734863281,0.0
tcp.time_delta,SD1,0,1,DT,0.42799041013785427,0.17777302333586728,0.2840590602110234,0.17777302333586728,0.16158257265511575,0.13955788341557773,0,0.03135824203491211,0.0
tcp.time_delta,SD1,0,2,DT,0.42799041013785427,0.17777302333586728,0.2840590602110234,0.17777302333586728,0.16158257265511575,0.13955788341557773,0,0.015726804733276367,0.015625476837158203
tcp.time_delta,SD1,0,3,DT,0.42799041013785427,0.17777302333586728,0.2840590602110234,0.17777302333586728,0.16158257265511575,0.13955788341557773,0,0.025720834732055664,0.006099224090576172
tcp.time_delta,SD1,0,4,DT,0.42799041013785427,0.17777302333586728,0.2840590602110234,0.17777302333586728,0.16158257265511575,0.13955788341557773,0,0.031244516372680664,0.0
