Feature,Dataset,T,CV,ML,Acc,b_Acc,Prec,Rec,F1,kap,ROC,tra-T,test-T
arp.opcode,SD1,0,0,DT,0.38248137683020805,0.08333333333333333,0.031873448069184004,0.08333333333333333,0.04611049176266568,0.0,0,0.015622138977050781,0.0046138763427734375
arp.opcode,SD1,0,1,DT,0.38248137683020805,0.08333333333333333,0.031873448069184004,0.08333333333333333,0.04611049176266568,0.0,0,0.0,0.01563239097595215
arp.opcode,SD1,0,2,DT,0.38248137683020805,0.08333333333333333,0.031873448069184004,0.08333333333333333,0.04611049176266568,0.0,0,0.0,0.015629053115844727
arp.opcode,SD1,0,3,DT,0.38248137683020805,0.08333333333333333,0.031873448069184004,0.08333333333333333,0.04611049176266568,0.0,0,0.0,0.0
arp.opcode,SD1,0,4,DT,0.38248137683020805,0.08333333333333333,0.031873448069184004,0.08333333333333333,0.04611049176266568,0.0,0,0.0,0.0
