Feature,Dataset,T,CV,ML,Acc,b_Acc,Prec,Rec,F1,kap,ROC,tra-T,test-T
tcp.segment,SD2,0,0,DT,0.7537567621719095,0.1265257116517237,0.1416328741448555,0.1265257116517237,0.12660712866872872,0.017144987163925873,0,0.015860795974731445,0.0
tcp.segment,SD2,0,1,DT,0.7537567621719095,0.1265257116517237,0.1416328741448555,0.1265257116517237,0.12660712866872872,0.017144987163925873,0,0.0,0.0
tcp.segment,SD2,0,2,DT,0.7537567621719095,0.1265257116517237,0.1416328741448555,0.1265257116517237,0.12660712866872872,0.017144987163925873,0,0.015705347061157227,0.0
tcp.segment,SD2,0,3,DT,0.7537567621719095,0.1265257116517237,0.1416328741448555,0.1265257116517237,0.12660712866872872,0.017144987163925873,0,0.0,0.0
tcp.segment,SD2,0,4,DT,0.7537567621719095,0.1265257116517237,0.1416328741448555,0.1265257116517237,0.12660712866872872,0.017144987163925873,0,0.0,0.015688657760620117
