Feature,Dataset,T,CV,ML,Acc,b_Acc,Prec,Rec,F1,kap,ROC,tra-T,test-T
ip.ttl,SD1,0,0,DT,0.4269201130233753,0.15327288001785178,0.21601630248787762,0.15327288001785178,0.10427447061779414,0.12771619839670378,0,0.0,0.0
ip.ttl,SD1,0,1,DT,0.4269201130233753,0.15327288001785178,0.21601630248787762,0.15327288001785178,0.10427447061779414,0.12771619839670378,0,0.015616893768310547,0.0
ip.ttl,SD1,0,2,DT,0.4269201130233753,0.15327288001785178,0.21601630248787762,0.15327288001785178,0.10427447061779414,0.12771619839670378,0,0.0,0.0
ip.ttl,SD1,0,3,DT,0.4269201130233753,0.15327288001785178,0.21601630248787762,0.15327288001785178,0.10427447061779414,0.12771619839670378,0,0.01569080352783203,0.0
ip.ttl,SD1,0,4,DT,0.4269201130233753,0.15327288001785178,0.21601630248787762,0.15327288001785178,0.10427447061779414,0.12771619839670378,0,0.0,0.0
