Feature,Dataset,T,CV,ML,Acc,b_Acc,Prec,Rec,F1,kap,ROC,tra-T,test-T
udp.time_delta,SD2T,0,0,DT,0.6702073274637887,0.24686232967996627,0.39589070272952714,0.24686232967996627,0.2710064183800147,0.2825563712060526,0,0.015631437301635742,0.0
udp.time_delta,SD2T,0,1,DT,0.6702073274637887,0.24686232967996627,0.39589070272952714,0.24686232967996627,0.2710064183800147,0.2825563712060526,0,0.016226530075073242,0.0
udp.time_delta,SD2T,0,2,DT,0.6702073274637887,0.24686232967996627,0.39589070272952714,0.24686232967996627,0.2710064183800147,0.2825563712060526,0,0.031246423721313477,0.0
udp.time_delta,SD2T,0,3,DT,0.6702073274637887,0.24686232967996627,0.39589070272952714,0.24686232967996627,0.2710064183800147,0.2825563712060526,0,0.02032637596130371,0.011604070663452148
udp.time_delta,SD2T,0,4,DT,0.6702073274637887,0.24686232967996627,0.39589070272952714,0.24686232967996627,0.2710064183800147,0.2825563712060526,0,0.015729904174804688,0.015626192092895508
