Feature,Dataset,T,CV,ML,Acc,b_Acc,Prec,Rec,F1,kap,ROC,tra-T,test-T
tls.handshake.extensions_ec_point_formats,SD1,0,0,DT,0.3841082284442161,0.08595257788806177,0.08386947262845589,0.08595257788806177,0.05118463656099331,0.004027508266567503,0,0.01562786102294922,0.0
tls.handshake.extensions_ec_point_formats,SD1,0,1,DT,0.3841082284442161,0.08595257788806177,0.08386947262845589,0.08595257788806177,0.05118463656099331,0.004027508266567503,0,0.0,0.0
tls.handshake.extensions_ec_point_formats,SD1,0,2,DT,0.3841082284442161,0.08595257788806177,0.08386947262845589,0.08595257788806177,0.05118463656099331,0.004027508266567503,0,0.0,0.0
tls.handshake.extensions_ec_point_formats,SD1,0,3,DT,0.3841082284442161,0.08595257788806177,0.08386947262845589,0.08595257788806177,0.05118463656099331,0.004027508266567503,0,0.015731334686279297,0.0
tls.handshake.extensions_ec_point_formats,SD1,0,4,DT,0.3841082284442161,0.08595257788806177,0.08386947262845589,0.08595257788806177,0.05118463656099331,0.004027508266567503,0,0.0,0.0
