Feature,Dataset,T,CV,ML,Acc,b_Acc,Prec,Rec,F1,kap,ROC,tra-T,test-T
udp.checksum,SD2,0,0,DT,0.742803713350698,0.16028105308696772,0.10333223610223706,0.16028105308696772,0.12354821998600918,-0.007241863652964975,0,0.015103340148925781,0.0
udp.checksum,SD2,0,1,DT,0.742803713350698,0.16028105308696772,0.10333223610223706,0.16028105308696772,0.12354821998600918,-0.007241863652964975,0,0.015631437301635742,0.0
udp.checksum,SD2,0,2,DT,0.742803713350698,0.16028105308696772,0.10333223610223706,0.16028105308696772,0.12354821998600918,-0.007241863652964975,0,0.0,0.0
udp.checksum,SD2,0,3,DT,0.742803713350698,0.16028105308696772,0.10333223610223706,0.16028105308696772,0.12354821998600918,-0.007241863652964975,0,0.012603521347045898,0.0
udp.checksum,SD2,0,4,DT,0.742803713350698,0.16028105308696772,0.10333223610223706,0.16028105308696772,0.12354821998600918,-0.007241863652964975,0,0.01620769500732422,0.0
