Feature,Dataset,T,CV,ML,Acc,b_Acc,Prec,Rec,F1,kap,ROC,tra-T,test-T
eapol.keydes.key_iv,SD2T,0,0,DT,0.6180062482249361,0.08734239025900425,0.1218462448236719,0.08734239025900425,0.07124541227273763,0.0160419479249726,0,0.0,0.0
eapol.keydes.key_iv,SD2T,0,1,DT,0.6180062482249361,0.08734239025900425,0.1218462448236719,0.08734239025900425,0.07124541227273763,0.0160419479249726,0,0.0,0.0
eapol.keydes.key_iv,SD2T,0,2,DT,0.6180062482249361,0.08734239025900425,0.1218462448236719,0.08734239025900425,0.07124541227273763,0.0160419479249726,0,0.015630722045898438,0.0
eapol.keydes.key_iv,SD2T,0,3,DT,0.6180062482249361,0.08734239025900425,0.1218462448236719,0.08734239025900425,0.07124541227273763,0.0160419479249726,0,0.0061283111572265625,0.0
eapol.keydes.key_iv,SD2T,0,4,DT,0.6180062482249361,0.08734239025900425,0.1218462448236719,0.08734239025900425,0.07124541227273763,0.0160419479249726,0,0.0,0.015625476837158203
