Feature,Dataset,T,CV,ML,Acc,b_Acc,Prec,Rec,F1,kap,ROC,tra-T,test-T
ip.flags.df,SD1,0,0,DT,0.41069440876787394,0.14077754532775452,0.056645215405429473,0.14077754532775452,0.08065757299061281,0.10213565872983676,0,0.0,0.015703678131103516
ip.flags.df,SD1,0,1,DT,0.41069440876787394,0.14077754532775452,0.056645215405429473,0.14077754532775452,0.08065757299061281,0.10213565872983676,0,0.015682458877563477,0.0
ip.flags.df,SD1,0,2,DT,0.41069440876787394,0.14077754532775452,0.056645215405429473,0.14077754532775452,0.08065757299061281,0.10213565872983676,0,0.0,0.0
ip.flags.df,SD1,0,3,DT,0.41069440876787394,0.14077754532775452,0.056645215405429473,0.14077754532775452,0.08065757299061281,0.10213565872983676,0,0.0,0.0
ip.flags.df,SD1,0,4,DT,0.41069440876787394,0.14077754532775452,0.056645215405429473,0.14077754532775452,0.08065757299061281,0.10213565872983676,0,0.0,0.0
