Feature,Dataset,T,CV,ML,Acc,b_Acc,Prec,Rec,F1,kap,ROC,tra-T,test-T
tcp.segment,SD2T,0,0,DT,0.6175518318659472,0.12593876586075,0.240267628399878,0.12593876586075,0.12356355691058146,0.014783738132416513,0,0.0,0.0
tcp.segment,SD2T,0,1,DT,0.6175518318659472,0.12593876586075,0.240267628399878,0.12593876586075,0.12356355691058146,0.014783738132416513,0,0.01575756072998047,0.0
tcp.segment,SD2T,0,2,DT,0.6175518318659472,0.12593876586075,0.240267628399878,0.12593876586075,0.12356355691058146,0.014783738132416513,0,0.01562786102294922,0.0
tcp.segment,SD2T,0,3,DT,0.6175518318659472,0.12593876586075,0.240267628399878,0.12593876586075,0.12356355691058146,0.014783738132416513,0,0.0,0.015642166137695312
tcp.segment,SD2T,0,4,DT,0.6175518318659472,0.12593876586075,0.240267628399878,0.12593876586075,0.12356355691058146,0.014783738132416513,0,0.0,0.0
