Feature,Dataset,T,CV,ML,Acc,b_Acc,Prec,Rec,F1,kap,ROC,tra-T,test-T
dns.count.add_rr,SD1,0,0,DT,0.38338042640637043,0.08394848571153408,0.12103645452206681,0.08394848571153408,0.04739907022404461,0.003206146264562282,0,0.0,0.0
dns.count.add_rr,SD1,0,1,DT,0.38338042640637043,0.08394848571153408,0.12103645452206681,0.08394848571153408,0.04739907022404461,0.003206146264562282,0,0.0019779205322265625,0.0021219253540039062
dns.count.add_rr,SD1,0,2,DT,0.38338042640637043,0.08394848571153408,0.12103645452206681,0.08394848571153408,0.04739907022404461,0.003206146264562282,0,0.0,0.0
dns.count.add_rr,SD1,0,3,DT,0.38338042640637043,0.08394848571153408,0.12103645452206681,0.08394848571153408,0.04739907022404461,0.003206146264562282,0,0.0,0.0
dns.count.add_rr,SD1,0,4,DT,0.38338042640637043,0.08394848571153408,0.12103645452206681,0.08394848571153408,0.04739907022404461,0.003206146264562282,0,0.0,0.0
