Feature,Dataset,T,CV,ML,Acc,b_Acc,Prec,Rec,F1,kap,ROC,tra-T,test-T
dns.srv.port,SD2T,0,0,DT,0.614314115308151,0.08333333333333333,0.05119284294234592,0.08333333333333333,0.06342364532019705,0.0,0,0.0,0.0
dns.srv.port,SD2T,0,1,DT,0.614314115308151,0.08333333333333333,0.05119284294234592,0.08333333333333333,0.06342364532019705,0.0,0,0.0,0.0
dns.srv.port,SD2T,0,2,DT,0.614314115308151,0.08333333333333333,0.05119284294234592,0.08333333333333333,0.06342364532019705,0.0,0,0.0,0.0
dns.srv.port,SD2T,0,3,DT,0.614314115308151,0.08333333333333333,0.05119284294234592,0.08333333333333333,0.06342364532019705,0.0,0,0.015645742416381836,0.0
dns.srv.port,SD2T,0,4,DT,0.614314115308151,0.08333333333333333,0.05119284294234592,0.08333333333333333,0.06342364532019705,0.0,0,0.0,0.0
