Feature,Dataset,T,CV,ML,Acc,b_Acc,Prec,Rec,F1,kap,ROC,tra-T,test-T
dhcp.hops,SD2,0,0,DT,0.7542910572363588,0.08333333333333333,0.06286808501163399,0.08333333333333333,0.07166834827745944,0.0004911296861889181,0,0.0,0.015625476837158203
dhcp.hops,SD2,0,1,DT,0.7542910572363588,0.08333333333333333,0.06286808501163399,0.08333333333333333,0.07166834827745944,0.0004911296861889181,0,0.0,0.0
dhcp.hops,SD2,0,2,DT,0.7542910572363588,0.08333333333333333,0.06286808501163399,0.08333333333333333,0.07166834827745944,0.0004911296861889181,0,0.0,0.011609792709350586
dhcp.hops,SD2,0,3,DT,0.7542910572363588,0.08333333333333333,0.06286808501163399,0.08333333333333333,0.07166834827745944,0.0004911296861889181,0,0.0,0.015726089477539062
dhcp.hops,SD2,0,4,DT,0.7542910572363588,0.08333333333333333,0.06286808501163399,0.08333333333333333,0.07166834827745944,0.0004911296861889181,0,0.0,0.0
