Feature,Dataset,T,CV,ML,Acc,b_Acc,Prec,Rec,F1,kap,ROC,tra-T,test-T
eth.src.lg,SD1T,0,0,DT,0.6362257104510708,0.16666666666666666,0.12687348397804163,0.16666666666666666,0.14052961695847588,0.4316412515057918,0,0.0011138916015625,0.0
eth.src.lg,SD1T,0,1,DT,0.6362257104510708,0.16666666666666666,0.12687348397804163,0.16666666666666666,0.14052961695847588,0.4316412515057918,0,0.0,0.0
eth.src.lg,SD1T,0,2,DT,0.6362257104510708,0.16666666666666666,0.12687348397804163,0.16666666666666666,0.14052961695847588,0.4316412515057918,0,0.0,0.0
eth.src.lg,SD1T,0,3,DT,0.6362257104510708,0.16666666666666666,0.12687348397804163,0.16666666666666666,0.14052961695847588,0.4316412515057918,0,0.0,0.0
eth.src.lg,SD1T,0,4,DT,0.6362257104510708,0.16666666666666666,0.12687348397804163,0.16666666666666666,0.14052961695847588,0.4316412515057918,0,0.015634536743164062,0.0
