Feature,Dataset,T,CV,ML,Acc,b_Acc,Prec,Rec,F1,kap,ROC,tra-T,test-T
dhcp.flags,SD1T,0,0,DT,0.39849448561591877,0.08714962984246777,0.10517449559866011,0.08714962984246777,0.05475582786365573,0.0015611526554715205,0,0.015697717666625977,0.0
dhcp.flags,SD1T,0,1,DT,0.39849448561591877,0.08714962984246777,0.10517449559866011,0.08714962984246777,0.05475582786365573,0.0015611526554715205,0,0.015703439712524414,0.0
dhcp.flags,SD1T,0,2,DT,0.39849448561591877,0.08714962984246777,0.10517449559866011,0.08714962984246777,0.05475582786365573,0.0015611526554715205,0,0.0,0.0
dhcp.flags,SD1T,0,3,DT,0.39849448561591877,0.08714962984246777,0.10517449559866011,0.08714962984246777,0.05475582786365573,0.0015611526554715205,0,0.0,0.010046243667602539
dhcp.flags,SD1T,0,4,DT,0.39849448561591877,0.08714962984246777,0.10517449559866011,0.08714962984246777,0.05475582786365573,0.0015611526554715205,0,0.0,0.0
