Feature,Dataset,T,CV,ML,Acc,b_Acc,Prec,Rec,F1,kap,ROC,tra-T,test-T
ntp.refid,SD1,0,0,DT,0.3828666837914205,0.08702791461412152,0.10688709953743362,0.08702791461412152,0.05316702893776761,0.0008828761463448576,0,0.01562356948852539,0.0
ntp.refid,SD1,0,1,DT,0.3828666837914205,0.08702791461412152,0.10688709953743362,0.08702791461412152,0.05316702893776761,0.0008828761463448576,0,0.0,0.009605646133422852
ntp.refid,SD1,0,2,DT,0.3828666837914205,0.08702791461412152,0.10688709953743362,0.08702791461412152,0.05316702893776761,0.0008828761463448576,0,0.0,0.0
ntp.refid,SD1,0,3,DT,0.3828666837914205,0.08702791461412152,0.10688709953743362,0.08702791461412152,0.05316702893776761,0.0008828761463448576,0,0.015625715255737305,0.0
ntp.refid,SD1,0,4,DT,0.3828666837914205,0.08702791461412152,0.10688709953743362,0.08702791461412152,0.05316702893776761,0.0008828761463448576,0,0.003107309341430664,0.0
