Feature,Dataset,T,CV,ML,Acc,b_Acc,Prec,Rec,F1,kap,ROC,tra-T,test-T
tcp.checksum,SD2,0,0,DT,0.6638950110198357,0.08187736113800735,0.06861022189371248,0.08187736113800735,0.07375839283145685,-0.03379551218040233,0,0.07981324195861816,0.015631914138793945
tcp.checksum,SD2,0,1,DT,0.6638950110198357,0.08187736113800735,0.06861022189371248,0.08187736113800735,0.07375839283145685,-0.03379551218040233,0,0.09443497657775879,0.0
tcp.checksum,SD2,0,2,DT,0.6638950110198357,0.08187736113800735,0.06861022189371248,0.08187736113800735,0.07375839283145685,-0.03379551218040233,0,0.07883572578430176,0.015613317489624023
tcp.checksum,SD2,0,3,DT,0.6638950110198357,0.08187736113800735,0.06861022189371248,0.08187736113800735,0.07375839283145685,-0.03379551218040233,0,0.09694862365722656,0.0
tcp.checksum,SD2,0,4,DT,0.6638950110198357,0.08187736113800735,0.06861022189371248,0.08187736113800735,0.07375839283145685,-0.03379551218040233,0,0.07882833480834961,0.015618562698364258
