Feature,Dataset,T,CV,ML,Acc,b_Acc,Prec,Rec,F1,kap,ROC,tra-T,test-T
eth.ig,SD1,0,0,DT,0.38248137683020805,0.08333333333333333,0.031873448069184004,0.08333333333333333,0.04611049176266568,0.0,0,0.0,0.0
eth.ig,SD1,0,1,DT,0.38248137683020805,0.08333333333333333,0.031873448069184004,0.08333333333333333,0.04611049176266568,0.0,0,0.015643835067749023,0.0
eth.ig,SD1,0,2,DT,0.38248137683020805,0.08333333333333333,0.031873448069184004,0.08333333333333333,0.04611049176266568,0.0,0,0.013766050338745117,0.0011670589447021484
eth.ig,SD1,0,3,DT,0.38248137683020805,0.08333333333333333,0.031873448069184004,0.08333333333333333,0.04611049176266568,0.0,0,0.015625953674316406,0.0
eth.ig,SD1,0,4,DT,0.38248137683020805,0.08333333333333333,0.031873448069184004,0.08333333333333333,0.04611049176266568,0.0,0,0.0,0.0
