Feature,Dataset,T,CV,ML,Acc,b_Acc,Prec,Rec,F1,kap,ROC,tra-T,test-T
tcp.options.wscale.multiplier,SD2,0,0,DT,0.7556935817805382,0.1064561497666261,0.23404219351252542,0.1064561497666261,0.10990116019983058,0.016951726444344173,0,0.01562952995300293,0.0
tcp.options.wscale.multiplier,SD2,0,1,DT,0.7556935817805382,0.1064561497666261,0.23404219351252542,0.1064561497666261,0.10990116019983058,0.016951726444344173,0,0.0,0.0
tcp.options.wscale.multiplier,SD2,0,2,DT,0.7556935817805382,0.1064561497666261,0.23404219351252542,0.1064561497666261,0.10990116019983058,0.016951726444344173,0,0.015549659729003906,0.0
tcp.options.wscale.multiplier,SD2,0,3,DT,0.7556935817805382,0.1064561497666261,0.23404219351252542,0.1064561497666261,0.10990116019983058,0.016951726444344173,0,0.010051488876342773,0.0
tcp.options.wscale.multiplier,SD2,0,4,DT,0.7556935817805382,0.1064561497666261,0.23404219351252542,0.1064561497666261,0.10990116019983058,0.016951726444344173,0,0.0,0.0
