Feature,Dataset,T,CV,ML,Acc,b_Acc,Prec,Rec,F1,kap,ROC,tra-T,test-T
tcp.analysis.ack_lost_segment,SD1,0,0,DT,0.38248137683020805,0.08333333333333333,0.031873448069184004,0.08333333333333333,0.04611049176266568,0.0,0,0.0,0.0
tcp.analysis.ack_lost_segment,SD1,0,1,DT,0.38248137683020805,0.08333333333333333,0.031873448069184004,0.08333333333333333,0.04611049176266568,0.0,0,0.0,0.0
tcp.analysis.ack_lost_segment,SD1,0,2,DT,0.38248137683020805,0.08333333333333333,0.031873448069184004,0.08333333333333333,0.04611049176266568,0.0,0,0.015636682510375977,0.0
tcp.analysis.ack_lost_segment,SD1,0,3,DT,0.38248137683020805,0.08333333333333333,0.031873448069184004,0.08333333333333333,0.04611049176266568,0.0,0,0.0,0.009104728698730469
tcp.analysis.ack_lost_segment,SD1,0,4,DT,0.38248137683020805,0.08333333333333333,0.031873448069184004,0.08333333333333333,0.04611049176266568,0.0,0,0.0030944347381591797,0.0019979476928710938
