Feature,Dataset,T,CV,ML,Acc,b_Acc,Prec,Rec,F1,kap,ROC,tra-T,test-T
udp.length,SD2,0,0,DT,0.8214786615908636,0.34811215439709,0.614108549956113,0.34811215439709,0.36662063203156386,0.4457765035769624,0,0.0,0.0
udp.length,SD2,0,1,DT,0.8214786615908636,0.34811215439709,0.614108549956113,0.34811215439709,0.36662063203156386,0.4457765035769624,0,0.0,0.015619516372680664
udp.length,SD2,0,2,DT,0.8214786615908636,0.34811215439709,0.614108549956113,0.34811215439709,0.36662063203156386,0.4457765035769624,0,0.0,0.009611129760742188
udp.length,SD2,0,3,DT,0.8214786615908636,0.34811215439709,0.614108549956113,0.34811215439709,0.36662063203156386,0.4457765035769624,0,0.0,0.0
udp.length,SD2,0,4,DT,0.8214786615908636,0.34811215439709,0.614108549956113,0.34811215439709,0.36662063203156386,0.4457765035769624,0,0.0,0.015617847442626953
