Feature,Dataset,T,CV,ML,Acc,b_Acc,Prec,Rec,F1,kap,ROC,tra-T,test-T
tcp.completeness,SD2T,0,0,DT,0.6145413234876456,0.08357842988590804,0.1553827830501411,0.08357842988590804,0.06393047322324887,0.0012308514639973733,0,0.0,0.0
tcp.completeness,SD2T,0,1,DT,0.6145413234876456,0.08357842988590804,0.1553827830501411,0.08357842988590804,0.06393047322324887,0.0012308514639973733,0,0.0,0.0
tcp.completeness,SD2T,0,2,DT,0.6145413234876456,0.08357842988590804,0.1553827830501411,0.08357842988590804,0.06393047322324887,0.0012308514639973733,0,0.0,0.015641212463378906
tcp.completeness,SD2T,0,3,DT,0.6145413234876456,0.08357842988590804,0.1553827830501411,0.08357842988590804,0.06393047322324887,0.0012308514639973733,0,0.01575613021850586,0.0
tcp.completeness,SD2T,0,4,DT,0.6145413234876456,0.08357842988590804,0.1553827830501411,0.08357842988590804,0.06393047322324887,0.0012308514639973733,0,0.015630483627319336,0.0
