Feature,Dataset,T,CV,ML,Acc,b_Acc,Prec,Rec,F1,kap,ROC,tra-T,test-T
tcp.srcport,SD1T,0,0,DT,0.4103985528388866,0.18257249341208703,0.20180660159439837,0.18257249341208703,0.1215003713177417,0.15498792997794308,0,0.0,0.015622854232788086
tcp.srcport,SD1T,0,1,DT,0.4103985528388866,0.18257249341208703,0.20180660159439837,0.18257249341208703,0.1215003713177417,0.15498792997794308,0,0.01621699333190918,0.0
tcp.srcport,SD1T,0,2,DT,0.4103985528388866,0.18257249341208703,0.20180660159439837,0.18257249341208703,0.1215003713177417,0.15498792997794308,0,0.015620946884155273,0.0
tcp.srcport,SD1T,0,3,DT,0.4103985528388866,0.18257249341208703,0.20180660159439837,0.18257249341208703,0.1215003713177417,0.15498792997794308,0,0.015622377395629883,0.0
tcp.srcport,SD1T,0,4,DT,0.4103985528388866,0.18257249341208703,0.20180660159439837,0.18257249341208703,0.1215003713177417,0.15498792997794308,0,0.015617847442626953,0.0
