Feature,Dataset,T,CV,ML,Acc,b_Acc,Prec,Rec,F1,kap,ROC,tra-T,test-T
udp.stream,SD1T,0,0,DT,0.31160646554239363,0.10434688891052364,0.11698542581222572,0.10434688891052364,0.06798999551751587,0.08258857019013155,0,0.01575469970703125,0.0
udp.stream,SD1T,0,1,DT,0.31160646554239363,0.10434688891052364,0.11698542581222572,0.10434688891052364,0.06798999551751587,0.08258857019013155,0,0.031378984451293945,0.0
udp.stream,SD1T,0,2,DT,0.31160646554239363,0.10434688891052364,0.11698542581222572,0.10434688891052364,0.06798999551751587,0.08258857019013155,0,0.015636205673217773,0.0
udp.stream,SD1T,0,3,DT,0.31160646554239363,0.10434688891052364,0.11698542581222572,0.10434688891052364,0.06798999551751587,0.08258857019013155,0,0.03136873245239258,0.0
udp.stream,SD1T,0,4,DT,0.31160646554239363,0.10434688891052364,0.11698542581222572,0.10434688891052364,0.06798999551751587,0.08258857019013155,0,0.018352270126342773,0.0
