Feature,Dataset,T,CV,ML,Acc,b_Acc,Prec,Rec,F1,kap,ROC,tra-T,test-T
dns.time,SD1T,0,0,DT,0.398086012721013,0.08335374816266537,0.11650424058512293,0.08335374816266537,0.047493895308175105,0.0001124284256550645,0,0.0,0.0
dns.time,SD1T,0,1,DT,0.398086012721013,0.08335374816266537,0.11650424058512293,0.08335374816266537,0.047493895308175105,0.0001124284256550645,0,0.0,0.0
dns.time,SD1T,0,2,DT,0.398086012721013,0.08335374816266537,0.11650424058512293,0.08335374816266537,0.047493895308175105,0.0001124284256550645,0,0.0,0.015694618225097656
dns.time,SD1T,0,3,DT,0.398086012721013,0.08335374816266537,0.11650424058512293,0.08335374816266537,0.047493895308175105,0.0001124284256550645,0,0.015619516372680664,0.0
dns.time,SD1T,0,4,DT,0.398086012721013,0.08335374816266537,0.11650424058512293,0.08335374816266537,0.047493895308175105,0.0001124284256550645,0,0.0,0.0
