Feature,Dataset,T,CV,ML,Acc,b_Acc,Prec,Rec,F1,kap,ROC,tra-T,test-T
ip.len,SD1T,0,0,DT,0.540351286689619,0.4640250491510118,0.44218658868799837,0.4640250491510118,0.3832452126555835,0.37765570593256736,0,0.015628337860107422,0.0
ip.len,SD1T,0,1,DT,0.540351286689619,0.4640250491510118,0.44218658868799837,0.4640250491510118,0.3832452126555835,0.37765570593256736,0,0.009101152420043945,0.0
ip.len,SD1T,0,2,DT,0.540351286689619,0.4640250491510118,0.44218658868799837,0.4640250491510118,0.3832452126555835,0.37765570593256736,0,0.015616416931152344,0.0
ip.len,SD1T,0,3,DT,0.540351286689619,0.4640250491510118,0.44218658868799837,0.4640250491510118,0.3832452126555835,0.37765570593256736,0,0.015631914138793945,0.0
ip.len,SD1T,0,4,DT,0.540351286689619,0.4640250491510118,0.44218658868799837,0.4640250491510118,0.3832452126555835,0.37765570593256736,0,0.0,0.015643596649169922
