Feature,Dataset,T,CV,ML,Acc,b_Acc,Prec,Rec,F1,kap,ROC,tra-T,test-T
dhcp.hw.addr_padding,SD1,0,0,DT,0.3824385649456289,0.08340665740571895,0.03586324189872204,0.08340665740571895,0.04630995991103792,0.00043084167827645015,0,0.010105133056640625,0.0
dhcp.hw.addr_padding,SD1,0,1,DT,0.3824385649456289,0.08340665740571895,0.03586324189872204,0.08340665740571895,0.04630995991103792,0.00043084167827645015,0,0.0,0.0
dhcp.hw.addr_padding,SD1,0,2,DT,0.3824385649456289,0.08340665740571895,0.03586324189872204,0.08340665740571895,0.04630995991103792,0.00043084167827645015,0,0.0030019283294677734,0.0020024776458740234
dhcp.hw.addr_padding,SD1,0,3,DT,0.3824385649456289,0.08340665740571895,0.03586324189872204,0.08340665740571895,0.04630995991103792,0.00043084167827645015,0,0.0,0.0
dhcp.hw.addr_padding,SD1,0,4,DT,0.3824385649456289,0.08340665740571895,0.03586324189872204,0.08340665740571895,0.04630995991103792,0.00043084167827645015,0,0.0,0.0
