Feature,Dataset,T,CV,ML,Acc,b_Acc,Prec,Rec,F1,kap,ROC,tra-T,test-T
tcp.analysis.flags,SD1,0,0,DT,0.394554328281531,0.10927152317880795,0.10738622933183235,0.10927152317880795,0.08511799978662167,0.0268089406125277,0,0.0,0.0
tcp.analysis.flags,SD1,0,1,DT,0.394554328281531,0.10927152317880795,0.10738622933183235,0.10927152317880795,0.08511799978662167,0.0268089406125277,0,0.0,0.0
tcp.analysis.flags,SD1,0,2,DT,0.394554328281531,0.10927152317880795,0.10738622933183235,0.10927152317880795,0.08511799978662167,0.0268089406125277,0,0.0,0.015624761581420898
tcp.analysis.flags,SD1,0,3,DT,0.394554328281531,0.10927152317880795,0.10738622933183235,0.10927152317880795,0.08511799978662167,0.0268089406125277,0,0.0,0.0
tcp.analysis.flags,SD1,0,4,DT,0.394554328281531,0.10927152317880795,0.10738622933183235,0.10927152317880795,0.08511799978662167,0.0268089406125277,0,0.0,0.01562643051147461
