Feature,Dataset,T,CV,ML,Acc,b_Acc,Prec,Rec,F1,kap,ROC,tra-T,test-T
tcp.flags.ae,SD1T,0,0,DT,0.459998832934586,0.11418706012642217,0.07330857339442307,0.11418706012642217,0.08915012737735539,0.17651291111276746,0,0.0,0.0
tcp.flags.ae,SD1T,0,1,DT,0.459998832934586,0.11418706012642217,0.07330857339442307,0.11418706012642217,0.08915012737735539,0.17651291111276746,0,0.0,0.0
tcp.flags.ae,SD1T,0,2,DT,0.459998832934586,0.11418706012642217,0.07330857339442307,0.11418706012642217,0.08915012737735539,0.17651291111276746,0,0.0,0.0
tcp.flags.ae,SD1T,0,3,DT,0.459998832934586,0.11418706012642217,0.07330857339442307,0.11418706012642217,0.08915012737735539,0.17651291111276746,0,0.0,0.0
tcp.flags.ae,SD1T,0,4,DT,0.459998832934586,0.11418706012642217,0.07330857339442307,0.11418706012642217,0.08915012737735539,0.17651291111276746,0,0.0,0.0
