Feature,Dataset,T,CV,ML,Acc,b_Acc,Prec,Rec,F1,kap,ROC,tra-T,test-T
tcp.analysis.duplicate_ack,SD2,0,0,DT,0.7542910572363588,0.08333333333333333,0.0628575881030299,0.08333333333333333,0.07166152713798048,0.0,0,0.012625932693481445,0.0034437179565429688
tcp.analysis.duplicate_ack,SD2,0,1,DT,0.7542910572363588,0.08333333333333333,0.0628575881030299,0.08333333333333333,0.07166152713798048,0.0,0,0.0,0.01564168930053711
tcp.analysis.duplicate_ack,SD2,0,2,DT,0.7542910572363588,0.08333333333333333,0.0628575881030299,0.08333333333333333,0.07166152713798048,0.0,0,0.0,0.0
tcp.analysis.duplicate_ack,SD2,0,3,DT,0.7542910572363588,0.08333333333333333,0.0628575881030299,0.08333333333333333,0.07166152713798048,0.0,0,0.015902996063232422,0.0
tcp.analysis.duplicate_ack,SD2,0,4,DT,0.7542910572363588,0.08333333333333333,0.0628575881030299,0.08333333333333333,0.07166152713798048,0.0,0,0.0030059814453125,0.0009984970092773438
