Feature,Dataset,T,CV,ML,Acc,b_Acc,Prec,Rec,F1,kap,ROC,tra-T,test-T
tcp.flags.push,SD2T,0,0,DT,0.614314115308151,0.08333333333333333,0.05119284294234592,0.08333333333333333,0.06342364532019705,0.0,0,0.015644311904907227,0.0
tcp.flags.push,SD2T,0,1,DT,0.614314115308151,0.08333333333333333,0.05119284294234592,0.08333333333333333,0.06342364532019705,0.0,0,0.0,0.0
tcp.flags.push,SD2T,0,2,DT,0.614314115308151,0.08333333333333333,0.05119284294234592,0.08333333333333333,0.06342364532019705,0.0,0,0.01699995994567871,0.0
tcp.flags.push,SD2T,0,3,DT,0.614314115308151,0.08333333333333333,0.05119284294234592,0.08333333333333333,0.06342364532019705,0.0,0,0.0,0.0
tcp.flags.push,SD2T,0,4,DT,0.614314115308151,0.08333333333333333,0.05119284294234592,0.08333333333333333,0.06342364532019705,0.0,0,0.015746355056762695,0.0
