Feature,Dataset,T,CV,ML,Acc,b_Acc,Prec,Rec,F1,kap,ROC,tra-T,test-T
tcp.flags,SD1T,0,0,DT,0.46046565910019255,0.11469963181292299,0.13363465261815452,0.11469963181292299,0.09022143214852162,0.1774466877391203,0,0.01563405990600586,0.0
tcp.flags,SD1T,0,1,DT,0.46046565910019255,0.11469963181292299,0.13363465261815452,0.11469963181292299,0.09022143214852162,0.1774466877391203,0,0.0,0.0
tcp.flags,SD1T,0,2,DT,0.46046565910019255,0.11469963181292299,0.13363465261815452,0.11469963181292299,0.09022143214852162,0.1774466877391203,0,0.0,0.015679121017456055
tcp.flags,SD1T,0,3,DT,0.46046565910019255,0.11469963181292299,0.13363465261815452,0.11469963181292299,0.09022143214852162,0.1774466877391203,0,0.0,0.015615463256835938
tcp.flags,SD1T,0,4,DT,0.46046565910019255,0.11469963181292299,0.13363465261815452,0.11469963181292299,0.09022143214852162,0.1774466877391203,0,0.0,0.0
