Feature,Dataset,T,CV,ML,Acc,b_Acc,Prec,Rec,F1,kap,ROC,tra-T,test-T
eapol.keydes.key_iv,SD1,0,0,DT,0.38248137683020805,0.08333333333333333,0.031873448069184004,0.08333333333333333,0.04611049176266568,0.0,0,0.011126995086669922,0.0
eapol.keydes.key_iv,SD1,0,1,DT,0.38248137683020805,0.08333333333333333,0.031873448069184004,0.08333333333333333,0.04611049176266568,0.0,0,0.015626907348632812,0.0
eapol.keydes.key_iv,SD1,0,2,DT,0.38248137683020805,0.08333333333333333,0.031873448069184004,0.08333333333333333,0.04611049176266568,0.0,0,0.00656437873840332,0.0
eapol.keydes.key_iv,SD1,0,3,DT,0.38248137683020805,0.08333333333333333,0.031873448069184004,0.08333333333333333,0.04611049176266568,0.0,0,0.0,0.0
eapol.keydes.key_iv,SD1,0,4,DT,0.38248137683020805,0.08333333333333333,0.031873448069184004,0.08333333333333333,0.04611049176266568,0.0,0,0.015629291534423828,0.0
