Feature,Dataset,T,CV,ML,Acc,b_Acc,Prec,Rec,F1,kap,ROC,tra-T,test-T
stun.att.family,SD2T,0,0,DT,0.614314115308151,0.08333333333333333,0.05119284294234592,0.08333333333333333,0.06342364532019705,0.0,0,0.0,0.0
stun.att.family,SD2T,0,1,DT,0.614314115308151,0.08333333333333333,0.05119284294234592,0.08333333333333333,0.06342364532019705,0.0,0,0.015540122985839844,0.0
stun.att.family,SD2T,0,2,DT,0.614314115308151,0.08333333333333333,0.05119284294234592,0.08333333333333333,0.06342364532019705,0.0,0,0.0,0.0
stun.att.family,SD2T,0,3,DT,0.614314115308151,0.08333333333333333,0.05119284294234592,0.08333333333333333,0.06342364532019705,0.0,0,0.015643835067749023,0.0
stun.att.family,SD2T,0,4,DT,0.614314115308151,0.08333333333333333,0.05119284294234592,0.08333333333333333,0.06342364532019705,0.0,0,0.0,0.0
