Feature,Dataset,T,CV,ML,Acc,b_Acc,Prec,Rec,F1,kap,ROC,tra-T,test-T
icmp.checksum.status,SD1T,0,0,DT,0.40269592110637803,0.08911955658479,0.10307785300868395,0.08911955658479,0.05835938798757623,0.010850266458211077,0,0.0,0.0
icmp.checksum.status,SD1T,0,1,DT,0.40269592110637803,0.08911955658479,0.10307785300868395,0.08911955658479,0.05835938798757623,0.010850266458211077,0,0.0,0.0
icmp.checksum.status,SD1T,0,2,DT,0.40269592110637803,0.08911955658479,0.10307785300868395,0.08911955658479,0.05835938798757623,0.010850266458211077,0,0.0,0.0
icmp.checksum.status,SD1T,0,3,DT,0.40269592110637803,0.08911955658479,0.10307785300868395,0.08911955658479,0.05835938798757623,0.010850266458211077,0,0.01659369468688965,0.0
icmp.checksum.status,SD1T,0,4,DT,0.40269592110637803,0.08911955658479,0.10307785300868395,0.08911955658479,0.05835938798757623,0.010850266458211077,0,0.0,0.0
