Feature,Dataset,T,CV,ML,Acc,b_Acc,Prec,Rec,F1,kap,ROC,tra-T,test-T
tls.handshake.version,SD1T,0,0,DT,0.4005952033611484,0.08782617524621789,0.13556496753842337,0.08782617524621789,0.056180669904096765,0.006460881544906094,0,0.0,0.0
tls.handshake.version,SD1T,0,1,DT,0.4005952033611484,0.08782617524621789,0.13556496753842337,0.08782617524621789,0.056180669904096765,0.006460881544906094,0,0.015764713287353516,0.0
tls.handshake.version,SD1T,0,2,DT,0.4005952033611484,0.08782617524621789,0.13556496753842337,0.08782617524621789,0.056180669904096765,0.006460881544906094,0,0.0,0.0
tls.handshake.version,SD1T,0,3,DT,0.4005952033611484,0.08782617524621789,0.13556496753842337,0.08782617524621789,0.056180669904096765,0.006460881544906094,0,0.0,0.0
tls.handshake.version,SD1T,0,4,DT,0.4005952033611484,0.08782617524621789,0.13556496753842337,0.08782617524621789,0.056180669904096765,0.006460881544906094,0,0.0,0.015707015991210938
