Feature,Dataset,T,CV,ML,Acc,b_Acc,Prec,Rec,F1,kap,ROC,tra-T,test-T
ip.opt.type,SD2,0,0,DT,0.7543244506778869,0.09166666666666667,0.10452845311247662,0.09166666666666667,0.08555314432684417,0.00034077200199589264,0,0.0,0.0
ip.opt.type,SD2,0,1,DT,0.7543244506778869,0.09166666666666667,0.10452845311247662,0.09166666666666667,0.08555314432684417,0.00034077200199589264,0,0.0,0.0
ip.opt.type,SD2,0,2,DT,0.7543244506778869,0.09166666666666667,0.10452845311247662,0.09166666666666667,0.08555314432684417,0.00034077200199589264,0,0.0,0.0
ip.opt.type,SD2,0,3,DT,0.7543244506778869,0.09166666666666667,0.10452845311247662,0.09166666666666667,0.08555314432684417,0.00034077200199589264,0,0.0,0.0
ip.opt.type,SD2,0,4,DT,0.7543244506778869,0.09166666666666667,0.10452845311247662,0.09166666666666667,0.08555314432684417,0.00034077200199589264,0,0.0,0.0
