Feature,Dataset,T,CV,ML,Acc,b_Acc,Prec,Rec,F1,kap,ROC,tra-T,test-T
tcp.len,SD2T,0,0,DT,0.6285714285714286,0.1858406071516819,0.25712323052640557,0.1858406071516819,0.18291291502582105,0.12376799075558831,0,0.0,0.0
tcp.len,SD2T,0,1,DT,0.6285714285714286,0.1858406071516819,0.25712323052640557,0.1858406071516819,0.18291291502582105,0.12376799075558831,0,0.01983928680419922,0.0
tcp.len,SD2T,0,2,DT,0.6285714285714286,0.1858406071516819,0.25712323052640557,0.1858406071516819,0.18291291502582105,0.12376799075558831,0,0.015733957290649414,0.0
tcp.len,SD2T,0,3,DT,0.6285714285714286,0.1858406071516819,0.25712323052640557,0.1858406071516819,0.18291291502582105,0.12376799075558831,0,0.01563286781311035,0.0
tcp.len,SD2T,0,4,DT,0.6285714285714286,0.1858406071516819,0.25712323052640557,0.1858406071516819,0.18291291502582105,0.12376799075558831,0,0.015618085861206055,0.0
