Feature,Dataset,T,CV,ML,Acc,b_Acc,Prec,Rec,F1,kap,ROC,tra-T,test-T
Flow Duration,CS1D1,1,0,DT,0.7876913057635949,0.6311402270129289,0.5833822696590746,0.6311402270129289,0.5974485917667813,0.7093903166486937,0,0.04561734199523926,0.0010178089141845703
Flow Duration,CS1D1,2,0,DT,0.7990882448713774,0.5630691370434842,0.5815083982697915,0.5630691370434842,0.5681659464876316,0.725431554706923,0,0.03796982765197754,0.0
Flow Duration,CS1D1,3,0,DT,0.7931596091205212,0.6212398688131898,0.5639948518008666,0.6212398688131898,0.5843920476800105,0.7160240955255641,0,0.03525686264038086,0.0
Flow Duration,CS1D1,4,0,DT,0.7941368078175896,0.5445974851893961,0.6187636765292018,0.5445974851893961,0.5642759471654232,0.7174962077829194,0,0.038602590560913086,0.0
