Feature,Dataset,T,CV,ML,Acc,b_Acc,Prec,Rec,F1,kap,ROC,tra-T,test-T
Bwd PSH Flags,CS1D2,1,0,DT,0.4514370664023786,0.08333333333333333,0.03761975553353155,0.08333333333333333,0.05183794241493115,0.0,0,0.0,0.0
Bwd PSH Flags,CS1D2,2,0,DT,0.44103072348860256,0.08333333333333333,0.03675256029071688,0.08333333333333333,0.05100871160018341,0.0,0,0.0,0.0
Bwd PSH Flags,CS1D2,3,0,DT,0.44202180376610506,0.08333333333333333,0.03683515031384209,0.08333333333333333,0.05108820160366553,0.0,0,0.0,0.0
Bwd PSH Flags,CS1D2,4,0,DT,0.4390485629335976,0.08333333333333333,0.03658738024446647,0.08333333333333333,0.0508494031221304,0.0,0,0.0,0.0
Bwd PSH Flags,CS1D2,5,0,DT,0.44273673772930094,0.08333333333333333,0.036894728144108414,0.08333333333333333,0.0511454753722795,0.0,0,0.002037525177001953,0.0
