Feature,Dataset,T,CV,ML,Acc,b_Acc,Prec,Rec,F1,kap,ROC,tra-T,test-T
Fwd Pkt Len Max,CS1D2,1,0,DT,0.7561942517343905,0.5722364954757765,0.6291813854979306,0.5722364954757765,0.5391079212707882,0.6867748717262754,0,0.0,0.0
Fwd Pkt Len Max,CS1D2,2,0,DT,0.7814667988107037,0.48123646133561154,0.5654296078753315,0.48123646133561154,0.4670761153147227,0.7137863906560505,0,0.003989458084106445,0.0
Fwd Pkt Len Max,CS1D2,3,0,DT,0.7928642220019821,0.5609363437544922,0.547331154179303,0.5609363437544922,0.5115459166841916,0.7283485284219544,0,0.0,0.0
Fwd Pkt Len Max,CS1D2,4,0,DT,0.7869177403369673,0.5999682769381588,0.6127219651938652,0.5999682769381588,0.5684159578966627,0.7194295081755191,0,0.0,0.0
Fwd Pkt Len Max,CS1D2,5,0,DT,0.7674764501735251,0.5348937664488537,0.5770464081353692,0.5348937664488537,0.5053249949835651,0.6955015017740924,0,0.005296945571899414,0.0
