Feature,Dataset,T,CV,ML,Acc,b_Acc,Prec,Rec,F1,kap,ROC,tra-T,test-T
Bwd Header Len,CS2D1,1,0,DT,0.6641518617668533,0.35340580221283896,0.4283211495980758,0.35340580221283896,0.3299988474560836,0.5205797258291158,0,0.004221200942993164,0.0
Bwd Header Len,CS2D1,2,0,DT,0.6517400827451935,0.3599443283205724,0.45458205849259437,0.3599443283205724,0.33476792987856857,0.5097313668488171,0,0.00587153434753418,0.0010080337524414062
Bwd Header Len,CS2D1,4,0,DT,0.6606621226874392,0.33633614989113947,0.34850480515143606,0.33633614989113947,0.31336716433194356,0.5152588180362545,0,0.0,0.0
Bwd Header Len,CS2D1,5,0,DT,0.6660175267770204,0.34480176444174226,0.3724912658708249,0.34480176444174226,0.31498411113349684,0.5251892065296746,0,0.0026481151580810547,0.0
