Feature,Dataset,T,CV,ML,Acc,b_Acc,Prec,Rec,F1,kap,ROC,tra-T,test-T
Active Std,CS2D1,2,0,DT,0.5261620832319299,0.16426004246574502,0.24318753644188704,0.16426004246574502,0.16728800357504134,0.17681440995598752,0,0.02217698097229004,0.0011239051818847656
Active Std,CS2D1,4,0,DT,0.5270204479065238,0.15511877961298517,0.23535141384049552,0.15511877961298517,0.16176122231288587,0.16597208261112883,0,0.017832040786743164,0.0016438961029052734
Active Std,CS2D1,5,0,DT,0.5311587147030185,0.1679861597294875,0.2462197871727175,0.1679861597294875,0.1733262737760022,0.18577780009774347,0,0.013740777969360352,0.0
