Feature,Dataset,T,CV,ML,Acc,b_Acc,Prec,Rec,F1,kap,ROC,tra-T,test-T
Fwd PSH Flags,CS1D1,1,0,DT,0.42657114946271574,0.08333333333333333,0.03554759578855964,0.08333333333333333,0.04983641482157802,0.0,0,0.00700068473815918,0.0
Fwd PSH Flags,CS1D1,2,0,DT,0.434386193422338,0.08333333333333333,0.0361988494518615,0.08333333333333333,0.0504729474082482,0.0,0,0.0,0.0
Fwd PSH Flags,CS1D1,3,0,DT,0.41270358306188926,0.08333333333333333,0.03439196525515744,0.08333333333333333,0.04868957036353855,0.0,0,0.0,0.0
Fwd PSH Flags,CS1D1,4,0,DT,0.43452768729641694,0.08333333333333333,0.03621064060803474,0.08333333333333333,0.0504844081138359,0.0,0,0.0009744167327880859,0.0
Fwd PSH Flags,CS1D1,5,0,DT,0.4273615635179153,0.08333333333333333,0.035613463626492946,0.08333333333333333,0.049901110603986006,0.0,0,0.0019991397857666016,0.0009996891021728516
