Feature,Dataset,T,CV,ML,Acc,b_Acc,Prec,Rec,F1,kap,ROC,tra-T,test-T
HpHp_1_weight_0,AD-S2-1,0,0,DT,0.27891100090516197,0.23963874679875827,0.3154273744818484,0.23963874679875827,0.22549840296982535,0.23771858210029262,0,0.6290557384490967,0.03136610984802246
HpHp_1_weight_0,AD-S2-1,0,1,DT,0.27891100090516197,0.23963874679875827,0.3154273744818484,0.23963874679875827,0.22549840296982535,0.23771858210029262,0,0.5980134010314941,0.06319332122802734
HpHp_1_weight_0,AD-S2-1,0,2,DT,0.27891100090516197,0.23963874679875827,0.3154273744818484,0.23963874679875827,0.22549840296982535,0.23771858210029262,0,0.6605727672576904,0.04698634147644043
HpHp_1_weight_0,AD-S2-1,0,3,DT,0.27891100090516197,0.23963874679875827,0.3154273744818484,0.23963874679875827,0.22549840296982535,0.23771858210029262,0,0.6603946685791016,0.04700779914855957
HpHp_1_weight_0,AD-S2-1,0,4,DT,0.27891100090516197,0.23963874679875827,0.3154273744818484,0.23963874679875827,0.22549840296982535,0.23771858210029262,0,0.6133520603179932,0.045961618423461914
