Feature,Dataset,T,CV,ML,Acc,b_Acc,Prec,Rec,F1,kap,ROC,tra-T,test-T
HH_5_std_0,AD-S1-2,0,0,DT,0.3156283174970828,0.2573071067916589,0.2995666274539375,0.2573071067916589,0.24940182146723364,0.26223452553418314,0,0.9176051616668701,0.04687952995300293
HH_5_std_0,AD-S1-2,0,1,DT,0.3156283174970828,0.2573071067916589,0.2995666274539375,0.2573071067916589,0.24940182146723364,0.26223452553418314,0,0.9029269218444824,0.06322431564331055
HH_5_std_0,AD-S1-2,0,2,DT,0.3156283174970828,0.2573071067916589,0.2995666274539375,0.2573071067916589,0.24940182146723364,0.26223452553418314,0,0.8864517211914062,0.04760003089904785
HH_5_std_0,AD-S1-2,0,3,DT,0.3156283174970828,0.2573071067916589,0.2995666274539375,0.2573071067916589,0.24940182146723364,0.26223452553418314,0,0.8856518268585205,0.047579050064086914
HH_5_std_0,AD-S1-2,0,4,DT,0.3156283174970828,0.2573071067916589,0.2995666274539375,0.2573071067916589,0.24940182146723364,0.26223452553418314,0,0.8970074653625488,0.04417061805725098
