Feature,Dataset,T,CV,ML,Acc,b_Acc,Prec,Rec,F1,kap,ROC,tra-T,test-T
MI_dir_1_std,AD-S1-2,0,0,DT,0.2818238447433299,0.27018156397016846,0.2755759581057328,0.27018156397016846,0.24711399324385244,0.23472127679556187,0,1.1497447490692139,0.047583580017089844
MI_dir_1_std,AD-S1-2,0,1,DT,0.2818238447433299,0.27018156397016846,0.2755759581057328,0.27018156397016846,0.24711399324385244,0.23472127679556187,0,1.1273612976074219,0.06261825561523438
MI_dir_1_std,AD-S1-2,0,2,DT,0.2818238447433299,0.27018156397016846,0.2755759581057328,0.27018156397016846,0.24711399324385244,0.23472127679556187,0,1.1544079780578613,0.07269549369812012
MI_dir_1_std,AD-S1-2,0,3,DT,0.2818238447433299,0.27018156397016846,0.2755759581057328,0.27018156397016846,0.24711399324385244,0.23472127679556187,0,1.1617772579193115,0.04758930206298828
MI_dir_1_std,AD-S1-2,0,4,DT,0.2818238447433299,0.27018156397016846,0.2755759581057328,0.27018156397016846,0.24711399324385244,0.23472127679556187,0,1.1590220928192139,0.06260895729064941
