Feature,Dataset,T,CV,ML,Acc,b_Acc,Prec,Rec,F1,kap,ROC,tra-T,test-T
HpHp_5_std_0,AD-S1-2,0,0,DT,0.3264110055361075,0.23203089322104203,0.34037598411232733,0.23203089322104203,0.2378284039621996,0.2679353145985369,0,0.6448683738708496,0.04700613021850586
HpHp_5_std_0,AD-S1-2,0,1,DT,0.3264110055361075,0.23203089322104203,0.34037598411232733,0.23203089322104203,0.2378284039621996,0.2679353145985369,0,0.6483800411224365,0.0468897819519043
HpHp_5_std_0,AD-S1-2,0,2,DT,0.3264110055361075,0.23203089322104203,0.34037598411232733,0.23203089322104203,0.2378284039621996,0.2679353145985369,0,0.6638014316558838,0.03126049041748047
HpHp_5_std_0,AD-S1-2,0,3,DT,0.3264110055361075,0.23203089322104203,0.34037598411232733,0.23203089322104203,0.2378284039621996,0.2679353145985369,0,0.6574606895446777,0.04688620567321777
HpHp_5_std_0,AD-S1-2,0,4,DT,0.3264110055361075,0.23203089322104203,0.34037598411232733,0.23203089322104203,0.2378284039621996,0.2679353145985369,0,0.6697554588317871,0.0323643684387207
