Feature,Dataset,T,CV,ML,Acc,b_Acc,Prec,Rec,F1,kap,ROC,tra-T,test-T
HpHp_3_magnitude_0_1,AD-S2-1,0,0,DT,0.5147375667716314,0.49528025600299586,0.5723734965911265,0.49528025600299586,0.48549153004344414,0.4854877233064284,0,0.4403495788574219,0.03125572204589844
HpHp_3_magnitude_0_1,AD-S2-1,0,1,DT,0.5147375667716314,0.49528025600299586,0.5723734965911265,0.49528025600299586,0.48549153004344414,0.4854877233064284,0,0.43945837020874023,0.04749321937561035
HpHp_3_magnitude_0_1,AD-S2-1,0,2,DT,0.5147375667716314,0.49528025600299586,0.5723734965911265,0.49528025600299586,0.48549153004344414,0.4854877233064284,0,0.4085960388183594,0.0317537784576416
HpHp_3_magnitude_0_1,AD-S2-1,0,3,DT,0.5147375667716314,0.49528025600299586,0.5723734965911265,0.49528025600299586,0.48549153004344414,0.4854877233064284,0,0.4559483528137207,0.05524897575378418
HpHp_3_magnitude_0_1,AD-S2-1,0,4,DT,0.5147375667716314,0.49528025600299586,0.5723734965911265,0.49528025600299586,0.48549153004344414,0.4854877233064284,0,0.4584531784057617,0.0449674129486084
