Feature,Dataset,T,CV,ML,Acc,b_Acc,Prec,Rec,F1,kap,ROC,tra-T,test-T
MI_dir_0.01_mean,AD-S1-2,0,0,DT,0.38820309004290265,0.37429988943804016,0.3594607578685559,0.37429988943804016,0.3289761336262969,0.3463936658117849,0,1.4295575618743896,0.0625150203704834
MI_dir_0.01_mean,AD-S1-2,0,1,DT,0.38820309004290265,0.37429988943804016,0.3594607578685559,0.37429988943804016,0.3289761336262969,0.3463936658117849,0,1.4515130519866943,0.04688620567321777
MI_dir_0.01_mean,AD-S1-2,0,2,DT,0.38820309004290265,0.37429988943804016,0.3594607578685559,0.37429988943804016,0.3289761336262969,0.3463936658117849,0,1.4102563858032227,0.06310272216796875
MI_dir_0.01_mean,AD-S1-2,0,3,DT,0.38820309004290265,0.37429988943804016,0.3594607578685559,0.37429988943804016,0.3289761336262969,0.3463936658117849,0,1.436697244644165,0.06249403953552246
MI_dir_0.01_mean,AD-S1-2,0,4,DT,0.38820309004290265,0.37429988943804016,0.3594607578685559,0.37429988943804016,0.3289761336262969,0.3463936658117849,0,1.4044485092163086,0.06622529029846191
