Feature,Dataset,T,CV,ML,Acc,b_Acc,Prec,Rec,F1,kap,ROC,tra-T,test-T
HH_0.01_covariance_0_1,AD-S2-1,0,0,DT,0.1702086972041969,0.14912332169049056,0.14436436039884804,0.14912332169049056,0.13615530664400022,0.11879879417812211,0,0.883342981338501,0.06130695343017578
HH_0.01_covariance_0_1,AD-S2-1,0,1,DT,0.1702086972041969,0.14912332169049056,0.14436436039884804,0.14912332169049056,0.13615530664400022,0.11879879417812211,0,0.8578417301177979,0.06614112854003906
HH_0.01_covariance_0_1,AD-S2-1,0,2,DT,0.1702086972041969,0.14912332169049056,0.14436436039884804,0.14912332169049056,0.13615530664400022,0.11879879417812211,0,0.8565859794616699,0.08390164375305176
HH_0.01_covariance_0_1,AD-S2-1,0,3,DT,0.1702086972041969,0.14912332169049056,0.14436436039884804,0.14912332169049056,0.13615530664400022,0.11879879417812211,0,0.8259167671203613,0.07496142387390137
HH_0.01_covariance_0_1,AD-S2-1,0,4,DT,0.1702086972041969,0.14912332169049056,0.14436436039884804,0.14912332169049056,0.13615530664400022,0.11879879417812211,0,0.8956785202026367,0.0745859146118164
