Feature,Dataset,T,CV,ML,Acc,b_Acc,Prec,Rec,F1,kap,ROC,tra-T,test-T
HH_0.1_std_0,AD-S1-2,0,0,DT,0.28682476596566037,0.3258621609762422,0.2880771059596497,0.3258621609762422,0.2823387008823029,0.23959396048074766,0,1.40523099899292,0.06261253356933594
HH_0.1_std_0,AD-S1-2,0,1,DT,0.28682476596566037,0.3258621609762422,0.2880771059596497,0.3258621609762422,0.2823387008823029,0.23959396048074766,0,1.3895354270935059,0.07884097099304199
HH_0.1_std_0,AD-S1-2,0,2,DT,0.28682476596566037,0.3258621609762422,0.2880771059596497,0.3258621609762422,0.2823387008823029,0.23959396048074766,0,1.4113349914550781,0.06322121620178223
HH_0.1_std_0,AD-S1-2,0,3,DT,0.28682476596566037,0.3258621609762422,0.2880771059596497,0.3258621609762422,0.2823387008823029,0.23959396048074766,0,1.3754088878631592,0.07885909080505371
HH_0.1_std_0,AD-S1-2,0,4,DT,0.28682476596566037,0.3258621609762422,0.2880771059596497,0.3258621609762422,0.2823387008823029,0.23959396048074766,0,1.372030258178711,0.07824206352233887
