Feature,Dataset,T,CV,ML,Acc,b_Acc,Prec,Rec,F1,kap,ROC,tra-T,test-T
HpHp_0.1_pcc_0_1,AD-S1-2,0,0,DT,0.250590020968775,0.18618530073932313,0.28697341606637206,0.18618530073932313,0.17830003098711605,0.187772608888518,0,0.8337306976318359,0.047389984130859375
HpHp_0.1_pcc_0_1,AD-S1-2,0,1,DT,0.250590020968775,0.18618530073932313,0.28697341606637206,0.18618530073932313,0.17830003098711605,0.187772608888518,0,0.8831756114959717,0.04699444770812988
HpHp_0.1_pcc_0_1,AD-S1-2,0,2,DT,0.250590020968775,0.18618530073932313,0.28697341606637206,0.18618530073932313,0.17830003098711605,0.187772608888518,0,0.8354051113128662,0.03195905685424805
HpHp_0.1_pcc_0_1,AD-S1-2,0,3,DT,0.250590020968775,0.18618530073932313,0.28697341606637206,0.18618530073932313,0.17830003098711605,0.187772608888518,0,0.8075871467590332,0.03194546699523926
HpHp_0.1_pcc_0_1,AD-S1-2,0,4,DT,0.250590020968775,0.18618530073932313,0.28697341606637206,0.18618530073932313,0.17830003098711605,0.187772608888518,0,0.8111908435821533,0.046881675720214844
