Feature,Dataset,T,CV,ML,Acc,b_Acc,Prec,Rec,F1,kap,ROC,tra-T,test-T
HpHp_0.1_covariance_0_1,AD-S2-1,0,0,DT,0.2319764402911817,0.19614778909448433,0.3663538987289162,0.19614778909448433,0.1807168865202636,0.18137554870091077,0,0.5961840152740479,0.046888113021850586
HpHp_0.1_covariance_0_1,AD-S2-1,0,1,DT,0.2319764402911817,0.19614778909448433,0.3663538987289162,0.19614778909448433,0.1807168865202636,0.18137554870091077,0,0.533977746963501,0.06312322616577148
HpHp_0.1_covariance_0_1,AD-S2-1,0,2,DT,0.2319764402911817,0.19614778909448433,0.3663538987289162,0.19614778909448433,0.1807168865202636,0.18137554870091077,0,0.5453813076019287,0.04688835144042969
HpHp_0.1_covariance_0_1,AD-S2-1,0,3,DT,0.2319764402911817,0.19614778909448433,0.3663538987289162,0.19614778909448433,0.1807168865202636,0.18137554870091077,0,0.5028266906738281,0.0469515323638916
HpHp_0.1_covariance_0_1,AD-S2-1,0,4,DT,0.2319764402911817,0.19614778909448433,0.3663538987289162,0.19614778909448433,0.1807168865202636,0.18137554870091077,0,0.5030360221862793,0.047463178634643555
