Feature,Dataset,T,CV,ML,Acc,b_Acc,Prec,Rec,F1,kap,ROC,tra-T,test-T
MI_dir_0.01_std,AD-S2-1,0,0,DT,0.32451969046010276,0.3020990241114303,0.32177030445796645,0.3020990241114303,0.29131321510214714,0.2827492427064704,0,1.0583102703094482,0.07473254203796387
MI_dir_0.01_std,AD-S2-1,0,1,DT,0.32451969046010276,0.3020990241114303,0.32177030445796645,0.3020990241114303,0.29131321510214714,0.2827492427064704,0,1.0648705959320068,0.08208131790161133
MI_dir_0.01_std,AD-S2-1,0,2,DT,0.32451969046010276,0.3020990241114303,0.32177030445796645,0.3020990241114303,0.29131321510214714,0.2827492427064704,0,1.058394432067871,0.07872653007507324
MI_dir_0.01_std,AD-S2-1,0,3,DT,0.32451969046010276,0.3020990241114303,0.32177030445796645,0.3020990241114303,0.29131321510214714,0.2827492427064704,0,1.0430400371551514,0.0787198543548584
MI_dir_0.01_std,AD-S2-1,0,4,DT,0.32451969046010276,0.3020990241114303,0.32177030445796645,0.3020990241114303,0.29131321510214714,0.2827492427064704,0,0.9670250415802002,0.08029365539550781
