Feature,Dataset,T,CV,ML,Acc,b_Acc,Prec,Rec,F1,kap,ROC,tra-T,test-T
HH_0.1_weight_0,AD-S1-2,0,0,DT,0.21830337167372937,0.2676202812743843,0.23826664517193735,0.2676202812743843,0.22786157977982335,0.16648823088226583,0,1.4062674045562744,0.07825469970703125
HH_0.1_weight_0,AD-S1-2,0,1,DT,0.21830337167372937,0.2676202812743843,0.23826664517193735,0.2676202812743843,0.22786157977982335,0.16648823088226583,0,1.4084343910217285,0.06320905685424805
HH_0.1_weight_0,AD-S1-2,0,2,DT,0.21830337167372937,0.2676202812743843,0.23826664517193735,0.2676202812743843,0.22786157977982335,0.16648823088226583,0,1.420950174331665,0.06251668930053711
HH_0.1_weight_0,AD-S1-2,0,3,DT,0.21830337167372937,0.2676202812743843,0.23826664517193735,0.2676202812743843,0.22786157977982335,0.16648823088226583,0,1.4176712036132812,0.06323456764221191
HH_0.1_weight_0,AD-S1-2,0,4,DT,0.21830337167372937,0.2676202812743843,0.23826664517193735,0.2676202812743843,0.22786157977982335,0.16648823088226583,0,1.4082581996917725,0.06261587142944336
