Feature,Dataset,T,CV,ML,Acc,b_Acc,Prec,Rec,F1,kap,ROC,tra-T,test-T
HH_0.01_std_0,AD-S2-1,0,0,DT,0.32253725825163504,0.2975326617680513,0.309868549367224,0.2975326617680513,0.2855234047772279,0.2807297164385886,0,1.0150911808013916,0.06702470779418945
HH_0.01_std_0,AD-S2-1,0,1,DT,0.32253725825163504,0.2975326617680513,0.309868549367224,0.2975326617680513,0.2855234047772279,0.2807297164385886,0,1.0078299045562744,0.07441997528076172
HH_0.01_std_0,AD-S2-1,0,2,DT,0.32253725825163504,0.2975326617680513,0.309868549367224,0.2975326617680513,0.2855234047772279,0.2807297164385886,0,1.129096269607544,0.07976365089416504
HH_0.01_std_0,AD-S2-1,0,3,DT,0.32253725825163504,0.2975326617680513,0.309868549367224,0.2975326617680513,0.2855234047772279,0.2807297164385886,0,1.0359880924224854,0.07499337196350098
HH_0.01_std_0,AD-S2-1,0,4,DT,0.32253725825163504,0.2975326617680513,0.309868549367224,0.2975326617680513,0.2855234047772279,0.2807297164385886,0,1.0017926692962646,0.07218670845031738
