Feature,Dataset,T,CV,ML,Acc,b_Acc,Prec,Rec,F1,kap,ROC,tra-T,test-T
HH_0.01_radius_0_1,AD-S1-2,0,0,DT,0.2799989471744795,0.24063022847222557,0.2353945648367523,0.24063022847222557,0.22275646513418038,0.23225159798839567,0,1.4194550514221191,0.0630805492401123
HH_0.01_radius_0_1,AD-S1-2,0,1,DT,0.2799989471744795,0.24063022847222557,0.2353945648367523,0.24063022847222557,0.22275646513418038,0.23225159798839567,0,1.4406287670135498,0.0699005126953125
HH_0.01_radius_0_1,AD-S1-2,0,2,DT,0.2799989471744795,0.24063022847222557,0.2353945648367523,0.24063022847222557,0.22275646513418038,0.23225159798839567,0,1.4389171600341797,0.06262445449829102
HH_0.01_radius_0_1,AD-S1-2,0,3,DT,0.2799989471744795,0.24063022847222557,0.2353945648367523,0.24063022847222557,0.22275646513418038,0.23225159798839567,0,1.4459638595581055,0.06961750984191895
HH_0.01_radius_0_1,AD-S1-2,0,4,DT,0.2799989471744795,0.24063022847222557,0.2353945648367523,0.24063022847222557,0.22275646513418038,0.23225159798839567,0,1.444274663925171,0.06320929527282715
