Feature,Dataset,T,CV,ML,Acc,b_Acc,Prec,Rec,F1,kap,ROC,tra-T,test-T
HH_0.1_covariance_0_1,AD-S1-2,0,0,DT,0.2296300195650076,0.16033272394206488,0.17215711618926757,0.16033272394206488,0.14978149180332972,0.1713421461434308,0,1.1847445964813232,0.04688715934753418
HH_0.1_covariance_0_1,AD-S1-2,0,1,DT,0.2296300195650076,0.16033272394206488,0.17215711618926757,0.16033272394206488,0.14978149180332972,0.1713421461434308,0,1.1846978664398193,0.0474696159362793
HH_0.1_covariance_0_1,AD-S1-2,0,2,DT,0.2296300195650076,0.16033272394206488,0.17215711618926757,0.16033272394206488,0.14978149180332972,0.1713421461434308,0,1.1602025032043457,0.06310200691223145
HH_0.1_covariance_0_1,AD-S1-2,0,3,DT,0.2296300195650076,0.16033272394206488,0.17215711618926757,0.16033272394206488,0.14978149180332972,0.1713421461434308,0,1.168614149093628,0.04687809944152832
HH_0.1_covariance_0_1,AD-S1-2,0,4,DT,0.2296300195650076,0.16033272394206488,0.17215711618926757,0.16033272394206488,0.14978149180332972,0.1713421461434308,0,1.156182050704956,0.056632280349731445
