Feature,Dataset,T,CV,ML,Acc,b_Acc,Prec,Rec,F1,kap,ROC,tra-T,test-T
HpHp_3_weight_0,AD-S1-2,0,0,DT,0.2823678045955834,0.21321804693547985,0.22890954649843523,0.21321804693547985,0.1940489287322651,0.22673156267048067,0,0.9484703540802002,0.06249213218688965
HpHp_3_weight_0,AD-S1-2,0,1,DT,0.2823678045955834,0.21321804693547985,0.22890954649843523,0.21321804693547985,0.1940489287322651,0.22673156267048067,0,0.9851584434509277,0.04689836502075195
HpHp_3_weight_0,AD-S1-2,0,2,DT,0.2823678045955834,0.21321804693547985,0.22890954649843523,0.21321804693547985,0.1940489287322651,0.22673156267048067,0,0.9874567985534668,0.03847861289978027
HpHp_3_weight_0,AD-S1-2,0,3,DT,0.2823678045955834,0.21321804693547985,0.22890954649843523,0.21321804693547985,0.1940489287322651,0.22673156267048067,0,0.9647951126098633,0.04687809944152832
HpHp_3_weight_0,AD-S1-2,0,4,DT,0.2823678045955834,0.21321804693547985,0.22890954649843523,0.21321804693547985,0.1940489287322651,0.22673156267048067,0,0.9831695556640625,0.0474703311920166
