Feature,Dataset,T,CV,ML,Acc,b_Acc,Prec,Rec,F1,kap,ROC,tra-T,test-T
HpHp_0.01_pcc_0_1,AD-S1-2,0,0,DT,0.2609252581615912,0.212932124805204,0.2684492308081158,0.212932124805204,0.2081444056023248,0.2000979391884229,0,0.8697738647460938,0.04698538780212402
HpHp_0.01_pcc_0_1,AD-S1-2,0,1,DT,0.2609252581615912,0.212932124805204,0.2684492308081158,0.212932124805204,0.2081444056023248,0.2000979391884229,0,0.9198033809661865,0.04398012161254883
HpHp_0.01_pcc_0_1,AD-S1-2,0,2,DT,0.2609252581615912,0.212932124805204,0.2684492308081158,0.212932124805204,0.2081444056023248,0.2000979391884229,0,0.8744978904724121,0.04687762260437012
HpHp_0.01_pcc_0_1,AD-S1-2,0,3,DT,0.2609252581615912,0.212932124805204,0.2684492308081158,0.212932124805204,0.2081444056023248,0.2000979391884229,0,0.8963780403137207,0.041872501373291016
HpHp_0.01_pcc_0_1,AD-S1-2,0,4,DT,0.2609252581615912,0.212932124805204,0.2684492308081158,0.212932124805204,0.2081444056023248,0.2000979391884229,0,0.8837180137634277,0.046994924545288086
