Feature,Dataset,T,CV,ML,Acc,b_Acc,Prec,Rec,F1,kap,ROC,tra-T,test-T
MI_dir_0.01_std,AD-S1-2,0,0,DT,0.37792049412611095,0.3437777948025157,0.3269580852139495,0.3437777948025157,0.3135926748945529,0.33612741115690004,0,1.4702444076538086,0.06321430206298828
MI_dir_0.01_std,AD-S1-2,0,1,DT,0.37792049412611095,0.3437777948025157,0.3269580852139495,0.3437777948025157,0.3135926748945529,0.33612741115690004,0,1.4658894538879395,0.06323528289794922
MI_dir_0.01_std,AD-S1-2,0,2,DT,0.37792049412611095,0.3437777948025157,0.3269580852139495,0.3437777948025157,0.3135926748945529,0.33612741115690004,0,1.484896183013916,0.046998023986816406
MI_dir_0.01_std,AD-S1-2,0,3,DT,0.37792049412611095,0.3437777948025157,0.3269580852139495,0.3437777948025157,0.3135926748945529,0.33612741115690004,0,1.470494031906128,0.05059528350830078
MI_dir_0.01_std,AD-S1-2,0,4,DT,0.37792049412611095,0.3437777948025157,0.3269580852139495,0.3437777948025157,0.3135926748945529,0.33612741115690004,0,1.456467628479004,0.04748821258544922
