Feature,Dataset,T,CV,ML,Acc,b_Acc,Prec,Rec,F1,kap,ROC,tra-T,test-T
HH_0.1_weight_0,AD-S2-1,0,0,DT,0.21570264791749003,0.258331356272585,0.2802586264613775,0.258331356272585,0.24012241291835443,0.1701916966467909,0,1.0353164672851562,0.07883906364440918
HH_0.1_weight_0,AD-S2-1,0,1,DT,0.21570264791749003,0.258331356272585,0.2802586264613775,0.258331356272585,0.24012241291835443,0.1701916966467909,0,1.0477173328399658,0.08213591575622559
HH_0.1_weight_0,AD-S2-1,0,2,DT,0.21570264791749003,0.258331356272585,0.2802586264613775,0.258331356272585,0.24012241291835443,0.1701916966467909,0,1.1497759819030762,0.09917140007019043
HH_0.1_weight_0,AD-S2-1,0,3,DT,0.21570264791749003,0.258331356272585,0.2802586264613775,0.258331356272585,0.24012241291835443,0.1701916966467909,0,1.0347721576690674,0.09685039520263672
HH_0.1_weight_0,AD-S2-1,0,4,DT,0.21570264791749003,0.258331356272585,0.2802586264613775,0.258331356272585,0.24012241291835443,0.1701916966467909,0,1.075674295425415,0.09805655479431152
