Feature,Dataset,T,CV,ML,Acc,b_Acc,Prec,Rec,F1,kap,ROC,tra-T,test-T
MI_dir_5_weight,AD-S1-2,0,0,DT,0.2555997157371095,0.19500701297348802,0.2138987012391456,0.19500701297348802,0.17803455097943494,0.19948611584202025,0,1.031752586364746,0.06320667266845703
MI_dir_5_weight,AD-S1-2,0,1,DT,0.2555997157371095,0.19500701297348802,0.2138987012391456,0.19500701297348802,0.17803455097943494,0.19948611584202025,0,1.030062198638916,0.05008721351623535
MI_dir_5_weight,AD-S1-2,0,2,DT,0.2555997157371095,0.19500701297348802,0.2138987012391456,0.19500701297348802,0.17803455097943494,0.19948611584202025,0,1.0490844249725342,0.04756355285644531
MI_dir_5_weight,AD-S1-2,0,3,DT,0.2555997157371095,0.19500701297348802,0.2138987012391456,0.19500701297348802,0.17803455097943494,0.19948611584202025,0,1.0660021305084229,0.0474705696105957
MI_dir_5_weight,AD-S1-2,0,4,DT,0.2555997157371095,0.19500701297348802,0.2138987012391456,0.19500701297348802,0.17803455097943494,0.19948611584202025,0,1.0337443351745605,0.04759550094604492
