Feature,Dataset,T,CV,ML,Acc,b_Acc,Prec,Rec,F1,kap,ROC,tra-T,test-T
HH_0.1_magnitude_0_1,AD-S1-2,0,0,DT,0.26420656436712026,0.2925133094676743,0.25248375686189783,0.2925133094676743,0.24397199668359448,0.21643361345441536,0,1.4361610412597656,0.0630955696105957
HH_0.1_magnitude_0_1,AD-S1-2,0,1,DT,0.26420656436712026,0.2925133094676743,0.25248375686189783,0.2925133094676743,0.24397199668359448,0.21643361345441536,0,1.4314987659454346,0.07354116439819336
HH_0.1_magnitude_0_1,AD-S1-2,0,2,DT,0.26420656436712026,0.2925133094676743,0.25248375686189783,0.2925133094676743,0.24397199668359448,0.21643361345441536,0,1.4357590675354004,0.06262326240539551
HH_0.1_magnitude_0_1,AD-S1-2,0,3,DT,0.26420656436712026,0.2925133094676743,0.25248375686189783,0.2925133094676743,0.24397199668359448,0.21643361345441536,0,1.4333593845367432,0.06322360038757324
HH_0.1_magnitude_0_1,AD-S1-2,0,4,DT,0.26420656436712026,0.2925133094676743,0.25248375686189783,0.2925133094676743,0.24397199668359448,0.21643361345441536,0,1.4453768730163574,0.0631093978881836
