Feature,Dataset,T,CV,ML,Acc,b_Acc,Prec,Rec,F1,kap,ROC,tra-T,test-T
HpHp_0.01_std_0,AD-S2-1,0,0,DT,0.41888601333520314,0.397713808578546,0.533595610809885,0.397713808578546,0.41808210594797196,0.38237732199131236,0,0.6001603603363037,0.04496932029724121
HpHp_0.01_std_0,AD-S2-1,0,1,DT,0.41888601333520314,0.397713808578546,0.533595610809885,0.397713808578546,0.41808210594797196,0.38237732199131236,0,0.5979139804840088,0.046892404556274414
HpHp_0.01_std_0,AD-S2-1,0,2,DT,0.41888601333520314,0.397713808578546,0.533595610809885,0.397713808578546,0.41808210594797196,0.38237732199131236,0,0.5978381633758545,0.04760098457336426
HpHp_0.01_std_0,AD-S2-1,0,3,DT,0.41888601333520314,0.397713808578546,0.533595610809885,0.397713808578546,0.41808210594797196,0.38237732199131236,0,0.5979793071746826,0.047590017318725586
HpHp_0.01_std_0,AD-S2-1,0,4,DT,0.41888601333520314,0.397713808578546,0.533595610809885,0.397713808578546,0.41808210594797196,0.38237732199131236,0,0.5978472232818604,0.05949854850769043
