Feature,Dataset,T,CV,ML,Acc,b_Acc,Prec,Rec,F1,kap,ROC,tra-T,test-T
HH_0.01_magnitude_0_1,AD-S1-2,0,0,DT,0.26909342949139753,0.24527690984458256,0.22815159828578355,0.24527690984458256,0.21371542588133413,0.22035098823949217,0,1.4489173889160156,0.0654757022857666
HH_0.01_magnitude_0_1,AD-S1-2,0,1,DT,0.26909342949139753,0.24527690984458256,0.22815159828578355,0.24527690984458256,0.21371542588133413,0.22035098823949217,0,1.4084877967834473,0.0626218318939209
HH_0.01_magnitude_0_1,AD-S1-2,0,2,DT,0.26909342949139753,0.24527690984458256,0.22815159828578355,0.24527690984458256,0.21371542588133413,0.22035098823949217,0,1.435110330581665,0.06250810623168945
HH_0.01_magnitude_0_1,AD-S1-2,0,3,DT,0.26909342949139753,0.24527690984458256,0.22815159828578355,0.24527690984458256,0.21371542588133413,0.22035098823949217,0,1.4376728534698486,0.06262636184692383
HH_0.01_magnitude_0_1,AD-S1-2,0,4,DT,0.26909342949139753,0.24527690984458256,0.22815159828578355,0.24527690984458256,0.21371542588133413,0.22035098823949217,0,1.462597370147705,0.06320500373840332
