Feature,Dataset,T,CV,ML,Acc,b_Acc,Prec,Rec,F1,kap,ROC,tra-T,test-T
HpHp_3_mean_0,AD-S2-1,0,0,DT,0.5308073789823939,0.49869935565047346,0.5647291859434973,0.49869935565047346,0.47897554426036965,0.503053821013335,0,0.4556584358215332,0.04697418212890625
HpHp_3_mean_0,AD-S2-1,0,1,DT,0.5308073789823939,0.49869935565047346,0.5647291859434973,0.49869935565047346,0.47897554426036965,0.503053821013335,0,0.40926647186279297,0.0317840576171875
HpHp_3_mean_0,AD-S2-1,0,2,DT,0.5308073789823939,0.49869935565047346,0.5647291859434973,0.49869935565047346,0.47897554426036965,0.503053821013335,0,0.44020581245422363,0.031242847442626953
HpHp_3_mean_0,AD-S2-1,0,3,DT,0.5308073789823939,0.49869935565047346,0.5647291859434973,0.49869935565047346,0.47897554426036965,0.503053821013335,0,0.3461875915527344,0.03136610984802246
HpHp_3_mean_0,AD-S2-1,0,4,DT,0.5308073789823939,0.49869935565047346,0.5647291859434973,0.49869935565047346,0.47897554426036965,0.503053821013335,0,0.3933732509613037,0.049427032470703125
