Feature,Dataset,T,CV,ML,Acc,b_Acc,Prec,Rec,F1,kap,ROC,tra-T,test-T
HpHp_1_magnitude_0_1,AD-S2-1,0,0,DT,0.47438774079220797,0.4700992605407473,0.550444233128989,0.4700992605407473,0.46380825162050127,0.44278064351096535,0,0.4557945728302002,0.0475003719329834
HpHp_1_magnitude_0_1,AD-S2-1,0,1,DT,0.47438774079220797,0.4700992605407473,0.550444233128989,0.4700992605407473,0.46380825162050127,0.44278064351096535,0,0.48752880096435547,0.031850337982177734
HpHp_1_magnitude_0_1,AD-S2-1,0,2,DT,0.47438774079220797,0.4700992605407473,0.550444233128989,0.4700992605407473,0.46380825162050127,0.44278064351096535,0,0.4256002902984619,0.04735541343688965
HpHp_1_magnitude_0_1,AD-S2-1,0,3,DT,0.47438774079220797,0.4700992605407473,0.550444233128989,0.4700992605407473,0.46380825162050127,0.44278064351096535,0,0.4230332374572754,0.046877384185791016
HpHp_1_magnitude_0_1,AD-S2-1,0,4,DT,0.47438774079220797,0.4700992605407473,0.550444233128989,0.4700992605407473,0.46380825162050127,0.44278064351096535,0,0.5031030178070068,0.046888113021850586
