Feature,Dataset,T,CV,ML,Acc,b_Acc,Prec,Rec,F1,kap,ROC,tra-T,test-T
HH_0.01_pcc_0_1,AD-S1-2,0,0,DT,0.25270444555576027,0.16356296851657132,0.16301961214884275,0.16356296851657132,0.15123888478490954,0.1952029777500911,0,1.2667231559753418,0.04688882827758789
HH_0.01_pcc_0_1,AD-S1-2,0,1,DT,0.25270444555576027,0.16356296851657132,0.16301961214884275,0.16356296851657132,0.15123888478490954,0.1952029777500911,0,1.2629809379577637,0.0625143051147461
HH_0.01_pcc_0_1,AD-S1-2,0,2,DT,0.25270444555576027,0.16356296851657132,0.16301961214884275,0.16356296851657132,0.15123888478490954,0.1952029777500911,0,1.278662919998169,0.0632169246673584
HH_0.01_pcc_0_1,AD-S1-2,0,3,DT,0.25270444555576027,0.16356296851657132,0.16301961214884275,0.16356296851657132,0.15123888478490954,0.1952029777500911,0,1.2329702377319336,0.06662940979003906
HH_0.01_pcc_0_1,AD-S1-2,0,4,DT,0.25270444555576027,0.16356296851657132,0.16301961214884275,0.16356296851657132,0.15123888478490954,0.1952029777500911,0,1.2405219078063965,0.07161593437194824
