Feature,Dataset,T,CV,ML,Acc,b_Acc,Prec,Rec,F1,kap,ROC,tra-T,test-T
HH_jit_3_weight,AD-S1-2,0,0,DT,0.2798761175304223,0.21518846262943422,0.2235473070365058,0.21518846262943422,0.19243076470933995,0.2244185095960619,0,0.9724628925323486,0.04687142372131348
HH_jit_3_weight,AD-S1-2,0,1,DT,0.2798761175304223,0.21518846262943422,0.2235473070365058,0.21518846262943422,0.19243076470933995,0.2244185095960619,0,0.9803001880645752,0.04689955711364746
HH_jit_3_weight,AD-S1-2,0,2,DT,0.2798761175304223,0.21518846262943422,0.2235473070365058,0.21518846262943422,0.19243076470933995,0.2244185095960619,0,0.9635658264160156,0.05349540710449219
HH_jit_3_weight,AD-S1-2,0,3,DT,0.2798761175304223,0.21518846262943422,0.2235473070365058,0.21518846262943422,0.19243076470933995,0.2244185095960619,0,0.9955348968505859,0.04699516296386719
HH_jit_3_weight,AD-S1-2,0,4,DT,0.2798761175304223,0.21518846262943422,0.2235473070365058,0.21518846262943422,0.19243076470933995,0.2244185095960619,0,0.9875588417053223,0.04759407043457031
