Feature,Dataset,T,CV,ML,Acc,b_Acc,Prec,Rec,F1,kap,ROC,tra-T,test-T
HH_1_mean_0,AD-S1-2,0,0,DT,0.4835978557453566,0.48109377821308896,0.4371297270293612,0.48109377821308896,0.42710519689553295,0.44695178427305593,0,1.1651649475097656,0.06321144104003906
HH_1_mean_0,AD-S1-2,0,1,DT,0.4835978557453566,0.48109377821308896,0.4371297270293612,0.48109377821308896,0.42710519689553295,0.44695178427305593,0,1.1357009410858154,0.05299973487854004
HH_1_mean_0,AD-S1-2,0,2,DT,0.4835978557453566,0.48109377821308896,0.4371297270293612,0.48109377821308896,0.42710519689553295,0.44695178427305593,0,1.142059564590454,0.04699587821960449
HH_1_mean_0,AD-S1-2,0,3,DT,0.4835978557453566,0.48109377821308896,0.4371297270293612,0.48109377821308896,0.42710519689553295,0.44695178427305593,0,1.1353576183319092,0.04696536064147949
HH_1_mean_0,AD-S1-2,0,4,DT,0.4835978557453566,0.48109377821308896,0.4371297270293612,0.48109377821308896,0.42710519689553295,0.44695178427305593,0,1.1351594924926758,0.04699420928955078
