Feature,Dataset,T,CV,ML,Acc,b_Acc,Prec,Rec,F1,kap,ROC,tra-T,test-T
HH_3_radius_0_1,AD-S2-1,0,0,DT,0.22259335279644055,0.19740932702789366,0.23813009068728772,0.19740932702789366,0.18661756595042917,0.17349790366599238,0,0.258136510848999,0.03346371650695801
HH_3_radius_0_1,AD-S2-1,0,1,DT,0.22259335279644055,0.19740932702789366,0.23813009068728772,0.19740932702789366,0.18661756595042917,0.17349790366599238,0,0.25357794761657715,0.03864002227783203
HH_3_radius_0_1,AD-S2-1,0,2,DT,0.22259335279644055,0.19740932702789366,0.23813009068728772,0.19740932702789366,0.18661756595042917,0.17349790366599238,0,0.2527759075164795,0.03126406669616699
HH_3_radius_0_1,AD-S2-1,0,3,DT,0.22259335279644055,0.19740932702789366,0.23813009068728772,0.19740932702789366,0.18661756595042917,0.17349790366599238,0,0.25252461433410645,0.030689239501953125
HH_3_radius_0_1,AD-S2-1,0,4,DT,0.22259335279644055,0.19740932702789366,0.23813009068728772,0.19740932702789366,0.18661756595042917,0.17349790366599238,0,0.2577841281890869,0.037410736083984375
