Feature,Dataset,T,CV,ML,Acc,b_Acc,Prec,Rec,F1,kap,ROC,tra-T,test-T
HpHp_0.1_mean_0,DI-S1-2,0,0,DT,0.5642743186227368,0.5338342195748601,0.5491807588571981,0.5338342195748601,0.5327878854392689,0.5397494861030319,0,0.8024110794067383,0.06311297416687012
HpHp_0.1_mean_0,DI-S1-2,0,1,DT,0.5642743186227368,0.5338342195748601,0.5491807588571981,0.5338342195748601,0.5327878854392689,0.5397494861030319,0,0.8807213306427002,0.06327176094055176
HpHp_0.1_mean_0,DI-S1-2,0,2,DT,0.5642743186227368,0.5338342195748601,0.5491807588571981,0.5338342195748601,0.5327878854392689,0.5397494861030319,0,0.8344748020172119,0.06661772727966309
HpHp_0.1_mean_0,DI-S1-2,0,3,DT,0.5642743186227368,0.5338342195748601,0.5491807588571981,0.5338342195748601,0.5327878854392689,0.5397494861030319,0,0.8499224185943604,0.06261920928955078
HpHp_0.1_mean_0,DI-S1-2,0,4,DT,0.5642743186227368,0.5338342195748601,0.5491807588571981,0.5338342195748601,0.5327878854392689,0.5397494861030319,0,0.8337173461914062,0.046976566314697266
