Feature,Dataset,T,CV,ML,Acc,b_Acc,Prec,Rec,F1,kap,ROC,tra-T,test-T
MI_dir_0.1_weight,DI-S1-2,0,0,DT,0.24417292501653762,0.24866691559181625,0.25044508334977084,0.24866691559181625,0.24536580646759196,0.20236977895205055,0,1.4635019302368164,0.11001396179199219
MI_dir_0.1_weight,DI-S1-2,0,1,DT,0.24417292501653762,0.24866691559181625,0.25044508334977084,0.24866691559181625,0.24536580646759196,0.20236977895205055,0,1.5730516910552979,0.11008810997009277
MI_dir_0.1_weight,DI-S1-2,0,2,DT,0.24417292501653762,0.24866691559181625,0.25044508334977084,0.24866691559181625,0.24536580646759196,0.20236977895205055,0,1.4315943717956543,0.11008095741271973
MI_dir_0.1_weight,DI-S1-2,0,3,DT,0.24417292501653762,0.24866691559181625,0.25044508334977084,0.24866691559181625,0.24536580646759196,0.20236977895205055,0,1.4470033645629883,0.11009049415588379
MI_dir_0.1_weight,DI-S1-2,0,4,DT,0.24417292501653762,0.24866691559181625,0.25044508334977084,0.24866691559181625,0.24536580646759196,0.20236977895205055,0,1.478332757949829,0.1100766658782959
