Feature,Dataset,T,CV,ML,Acc,b_Acc,Prec,Rec,F1,kap,ROC,tra-T,test-T
HH_jit_5_std,DI-S1-2,0,0,DT,0.20324303891757878,0.19121360801284673,0.2598389762035371,0.19121360801284673,0.19182295608418162,0.15764599943513158,0,0.8023905754089355,0.06261277198791504
HH_jit_5_std,DI-S1-2,0,1,DT,0.20324303891757878,0.19121360801284673,0.2598389762035371,0.19121360801284673,0.19182295608418162,0.15764599943513158,0,0.7713546752929688,0.04678225517272949
HH_jit_5_std,DI-S1-2,0,2,DT,0.20324303891757878,0.19121360801284673,0.2598389762035371,0.19121360801284673,0.19182295608418162,0.15764599943513158,0,0.7865352630615234,0.07823586463928223
HH_jit_5_std,DI-S1-2,0,3,DT,0.20324303891757878,0.19121360801284673,0.2598389762035371,0.19121360801284673,0.19182295608418162,0.15764599943513158,0,0.7865149974822998,0.06372570991516113
HH_jit_5_std,DI-S1-2,0,4,DT,0.20324303891757878,0.19121360801284673,0.2598389762035371,0.19121360801284673,0.19182295608418162,0.15764599943513158,0,0.8018896579742432,0.06319499015808105
