Feature,Dataset,T,CV,ML,Acc,b_Acc,Prec,Rec,F1,kap,ROC,tra-T,test-T
HpHp_1_magnitude_0_1,DI-S2-1,0,0,DT,0.5719686245774144,0.5402094881055858,0.5703668531526055,0.5402094881055858,0.5418872106470687,0.5477000878434074,0,0.9101440906524658,0.06264448165893555
HpHp_1_magnitude_0_1,DI-S2-1,0,1,DT,0.5719686245774144,0.5402094881055858,0.5703668531526055,0.5402094881055858,0.5418872106470687,0.5477000878434074,0,0.8993959426879883,0.05801653861999512
HpHp_1_magnitude_0_1,DI-S2-1,0,2,DT,0.5719686245774144,0.5402094881055858,0.5703668531526055,0.5402094881055858,0.5418872106470687,0.5477000878434074,0,0.9111330509185791,0.06303095817565918
HpHp_1_magnitude_0_1,DI-S2-1,0,3,DT,0.5719686245774144,0.5402094881055858,0.5703668531526055,0.5402094881055858,0.5418872106470687,0.5477000878434074,0,0.9100973606109619,0.062450408935546875
HpHp_1_magnitude_0_1,DI-S2-1,0,4,DT,0.5719686245774144,0.5402094881055858,0.5703668531526055,0.5402094881055858,0.5418872106470687,0.5477000878434074,0,0.9093146324157715,0.0626521110534668
