Feature,Dataset,T,CV,ML,Acc,b_Acc,Prec,Rec,F1,kap,ROC,tra-T,test-T
HH_0.1_radius_0_1,DI-S2-1,0,0,DT,0.2629162711431601,0.2607823080836723,0.2565231050313777,0.2607823080836723,0.2542784280878479,0.22150493982714203,0,1.3177566528320312,0.11034274101257324
HH_0.1_radius_0_1,DI-S2-1,0,1,DT,0.2629162711431601,0.2607823080836723,0.2565231050313777,0.2607823080836723,0.2542784280878479,0.22150493982714203,0,1.444307804107666,0.11091017723083496
HH_0.1_radius_0_1,DI-S2-1,0,2,DT,0.2629162711431601,0.2607823080836723,0.2565231050313777,0.2607823080836723,0.2542784280878479,0.22150493982714203,0,1.4905402660369873,0.0944356918334961
HH_0.1_radius_0_1,DI-S2-1,0,3,DT,0.2629162711431601,0.2607823080836723,0.2565231050313777,0.2607823080836723,0.2542784280878479,0.22150493982714203,0,1.443434238433838,0.10993337631225586
HH_0.1_radius_0_1,DI-S2-1,0,4,DT,0.2629162711431601,0.2607823080836723,0.2565231050313777,0.2607823080836723,0.2542784280878479,0.22150493982714203,0,1.4893317222595215,0.09443426132202148
