Feature,Dataset,T,CV,ML,Acc,b_Acc,Prec,Rec,F1,kap,ROC,tra-T,test-T
HpHp_0.01_covariance_0_1,DI-S1-2,0,0,DT,0.1813856014408565,0.1658684788894061,0.2258641526461599,0.1658684788894061,0.16246669676102707,0.13437771216797967,0,0.9299306869506836,0.0787196159362793
HpHp_0.01_covariance_0_1,DI-S1-2,0,1,DT,0.1813856014408565,0.1658684788894061,0.2258641526461599,0.1658684788894061,0.16246669676102707,0.13437771216797967,0,0.9196431636810303,0.08322262763977051
HpHp_0.01_covariance_0_1,DI-S1-2,0,2,DT,0.1813856014408565,0.1658684788894061,0.2258641526461599,0.1658684788894061,0.16246669676102707,0.13437771216797967,0,0.9439747333526611,0.06251859664916992
HpHp_0.01_covariance_0_1,DI-S1-2,0,3,DT,0.1813856014408565,0.1658684788894061,0.2258641526461599,0.1658684788894061,0.16246669676102707,0.13437771216797967,0,0.8639295101165771,0.06263303756713867
HpHp_0.01_covariance_0_1,DI-S1-2,0,4,DT,0.1813856014408565,0.1658684788894061,0.2258641526461599,0.1658684788894061,0.16246669676102707,0.13437771216797967,0,0.9101371765136719,0.07867956161499023
