Feature,Dataset,T,CV,ML,Acc,b_Acc,Prec,Rec,F1,kap,ROC,tra-T,test-T
MI_dir_3_std,DI-S2-1,0,0,DT,0.30716494301685904,0.2836781112232683,0.33337958421515007,0.2836781112232683,0.2813331741220977,0.26776253220478397,0,1.0690226554870605,0.07828998565673828
MI_dir_3_std,DI-S2-1,0,1,DT,0.30716494301685904,0.2836781112232683,0.33337958421515007,0.2836781112232683,0.2813331741220977,0.26776253220478397,0,0.9100480079650879,0.06312203407287598
MI_dir_3_std,DI-S2-1,0,2,DT,0.30716494301685904,0.2836781112232683,0.33337958421515007,0.2836781112232683,0.2813331741220977,0.26776253220478397,0,1.0510084629058838,0.06277847290039062
MI_dir_3_std,DI-S2-1,0,3,DT,0.30716494301685904,0.2836781112232683,0.33337958421515007,0.2836781112232683,0.2813331741220977,0.26776253220478397,0,1.0673723220825195,0.06250333786010742
MI_dir_3_std,DI-S2-1,0,4,DT,0.30716494301685904,0.2836781112232683,0.33337958421515007,0.2836781112232683,0.2813331741220977,0.26776253220478397,0,1.004103660583496,0.07826733589172363
