Feature,Dataset,T,CV,ML,Acc,b_Acc,Prec,Rec,F1,kap,ROC,tra-T,test-T
HH_5_pcc_0_1,DI-S2-1,0,0,DT,0.12732248627464043,0.11116282384156011,0.1441905108637394,0.11116282384156011,0.09803426242188643,0.0767844122064868,0,0.9573869705200195,0.06263852119445801
HH_5_pcc_0_1,DI-S2-1,0,1,DT,0.12732248627464043,0.11116282384156011,0.1441905108637394,0.11116282384156011,0.09803426242188643,0.0767844122064868,0,0.9418814182281494,0.06249403953552246
HH_5_pcc_0_1,DI-S2-1,0,2,DT,0.12732248627464043,0.11116282384156011,0.1441905108637394,0.11116282384156011,0.09803426242188643,0.0767844122064868,0,0.9723505973815918,0.06264162063598633
HH_5_pcc_0_1,DI-S2-1,0,3,DT,0.12732248627464043,0.11116282384156011,0.1441905108637394,0.11116282384156011,0.09803426242188643,0.0767844122064868,0,0.9887712001800537,0.06302881240844727
HH_5_pcc_0_1,DI-S2-1,0,4,DT,0.12732248627464043,0.11116282384156011,0.1441905108637394,0.11116282384156011,0.09803426242188643,0.0767844122064868,0,0.9745941162109375,0.06307053565979004
