Feature,Dataset,T,CV,ML,Acc,b_Acc,Prec,Rec,F1,kap,ROC,tra-T,test-T
HH_jit_3_mean,DI-S1-2,0,0,DT,0.3830888361414841,0.3734386225570944,0.3898295978828301,0.3734386225570944,0.3768245080755555,0.348709054568378,0,1.3999950885772705,0.09447813034057617
HH_jit_3_mean,DI-S1-2,0,1,DT,0.3830888361414841,0.3734386225570944,0.3898295978828301,0.3734386225570944,0.3768245080755555,0.348709054568378,0,1.4575324058532715,0.09435105323791504
HH_jit_3_mean,DI-S1-2,0,2,DT,0.3830888361414841,0.3734386225570944,0.3898295978828301,0.3734386225570944,0.3768245080755555,0.348709054568378,0,1.1785426139831543,0.07854104042053223
HH_jit_3_mean,DI-S1-2,0,3,DT,0.3830888361414841,0.3734386225570944,0.3898295978828301,0.3734386225570944,0.3768245080755555,0.348709054568378,0,1.3531205654144287,0.09447407722473145
HH_jit_3_mean,DI-S1-2,0,4,DT,0.3830888361414841,0.3734386225570944,0.3898295978828301,0.3734386225570944,0.3768245080755555,0.348709054568378,0,1.400273084640503,0.09449148178100586
