Feature,Dataset,T,CV,ML,Acc,b_Acc,Prec,Rec,F1,kap,ROC,tra-T,test-T
HH_1_magnitude_0_1,DI-S1-2,0,0,DT,0.38789725003196346,0.3702347895548761,0.37808647078926283,0.3702347895548761,0.3710820082370662,0.35363854655282767,0,1.242692232131958,0.07883214950561523
HH_1_magnitude_0_1,DI-S1-2,0,1,DT,0.38789725003196346,0.3702347895548761,0.37808647078926283,0.3702347895548761,0.3710820082370662,0.35363854655282767,0,1.2757222652435303,0.08011364936828613
HH_1_magnitude_0_1,DI-S1-2,0,2,DT,0.38789725003196346,0.3702347895548761,0.37808647078926283,0.3702347895548761,0.3710820082370662,0.35363854655282767,0,1.2609591484069824,0.07622861862182617
HH_1_magnitude_0_1,DI-S1-2,0,3,DT,0.38789725003196346,0.3702347895548761,0.37808647078926283,0.3702347895548761,0.3710820082370662,0.35363854655282767,0,0.8969051837921143,0.06308984756469727
HH_1_magnitude_0_1,DI-S1-2,0,4,DT,0.38789725003196346,0.3702347895548761,0.37808647078926283,0.3702347895548761,0.3710820082370662,0.35363854655282767,0,1.2114646434783936,0.07881975173950195
