Feature,Dataset,T,CV,ML,Acc,b_Acc,Prec,Rec,F1,kap,ROC,tra-T,test-T
HpHp_1_mean_0,DI-S1-2,0,0,DT,0.5594825813122245,0.5236313580997296,0.5508682229788656,0.5236313580997296,0.527709589475777,0.5345219881279155,0,0.7079486846923828,0.04755425453186035
HpHp_1_mean_0,DI-S1-2,0,1,DT,0.5594825813122245,0.5236313580997296,0.5508682229788656,0.5236313580997296,0.527709589475777,0.5345219881279155,0,0.6609442234039307,0.06261777877807617
HpHp_1_mean_0,DI-S1-2,0,2,DT,0.5594825813122245,0.5236313580997296,0.5508682229788656,0.5236313580997296,0.527709589475777,0.5345219881279155,0,0.7080051898956299,0.047585487365722656
HpHp_1_mean_0,DI-S1-2,0,3,DT,0.5594825813122245,0.5236313580997296,0.5508682229788656,0.5236313580997296,0.527709589475777,0.5345219881279155,0,0.6135008335113525,0.06251311302185059
HpHp_1_mean_0,DI-S1-2,0,4,DT,0.5594825813122245,0.5236313580997296,0.5508682229788656,0.5236313580997296,0.527709589475777,0.5345219881279155,0,0.6922354698181152,0.06511664390563965
