Feature,Dataset,T,CV,ML,Acc,b_Acc,Prec,Rec,F1,kap,ROC,tra-T,test-T
HH_jit_5_weight,DI-S2-1,0,0,DT,0.2304805679995115,0.20606624593198752,0.26693145928736883,0.20606624593198752,0.2049856223269413,0.18624783687398627,0,0.9416458606719971,0.06304287910461426
HH_jit_5_weight,DI-S2-1,0,1,DT,0.2304805679995115,0.20606624593198752,0.26693145928736883,0.20606624593198752,0.2049856223269413,0.18624783687398627,0,0.9411120414733887,0.0626370906829834
HH_jit_5_weight,DI-S2-1,0,2,DT,0.2304805679995115,0.20606624593198752,0.26693145928736883,0.20606624593198752,0.2049856223269413,0.18624783687398627,0,0.9261617660522461,0.0621488094329834
HH_jit_5_weight,DI-S2-1,0,3,DT,0.2304805679995115,0.20606624593198752,0.26693145928736883,0.20606624593198752,0.2049856223269413,0.18624783687398627,0,0.9104807376861572,0.07854580879211426
HH_jit_5_weight,DI-S2-1,0,4,DT,0.2304805679995115,0.20606624593198752,0.26693145928736883,0.20606624593198752,0.2049856223269413,0.18624783687398627,0,0.9386599063873291,0.06592750549316406
