Feature,Dataset,T,CV,ML,Acc,b_Acc,Prec,Rec,F1,kap,ROC,tra-T,test-T
HpHp_5_magnitude_0_1,DI-S2-1,0,0,DT,0.580450869041473,0.556126961825267,0.5837939195430415,0.556126961825267,0.5550838650510775,0.5566949462997182,0,0.8625380992889404,0.06323456764221191
HpHp_5_magnitude_0_1,DI-S2-1,0,1,DT,0.580450869041473,0.556126961825267,0.5837939195430415,0.556126961825267,0.5550838650510775,0.5566949462997182,0,0.8629794120788574,0.06266355514526367
HpHp_5_magnitude_0_1,DI-S2-1,0,2,DT,0.580450869041473,0.556126961825267,0.5837939195430415,0.556126961825267,0.5550838650510775,0.5566949462997182,0,0.9110333919525146,0.06255650520324707
HpHp_5_magnitude_0_1,DI-S2-1,0,3,DT,0.580450869041473,0.556126961825267,0.5837939195430415,0.556126961825267,0.5550838650510775,0.5566949462997182,0,0.8635625839233398,0.062429189682006836
HpHp_5_magnitude_0_1,DI-S2-1,0,4,DT,0.580450869041473,0.556126961825267,0.5837939195430415,0.556126961825267,0.5550838650510775,0.5566949462997182,0,0.8620738983154297,0.047119140625
