Feature,Dataset,T,CV,ML,Acc,b_Acc,Prec,Rec,F1,kap,ROC,tra-T,test-T
HH_0.1_pcc_0_1,DI-S1-2,0,0,DT,0.14122839688036778,0.12673149838611544,0.12819126228584685,0.12673149838611544,0.11570098351757904,0.09237239987428081,0,1.227102518081665,0.09445023536682129
HH_0.1_pcc_0_1,DI-S1-2,0,1,DT,0.14122839688036778,0.12673149838611544,0.12819126228584685,0.12673149838611544,0.11570098351757904,0.09237239987428081,0,1.2113301753997803,0.09444999694824219
HH_0.1_pcc_0_1,DI-S1-2,0,2,DT,0.14122839688036778,0.12673149838611544,0.12819126228584685,0.12673149838611544,0.11570098351757904,0.09237239987428081,0,1.2588763236999512,0.11019659042358398
HH_0.1_pcc_0_1,DI-S1-2,0,3,DT,0.14122839688036778,0.12673149838611544,0.12819126228584685,0.12673149838611544,0.11570098351757904,0.09237239987428081,0,1.2512211799621582,0.10210251808166504
HH_0.1_pcc_0_1,DI-S1-2,0,4,DT,0.14122839688036778,0.12673149838611544,0.12819126228584685,0.12673149838611544,0.11570098351757904,0.09237239987428081,0,1.259795904159546,0.0943598747253418
