Feature,Dataset,T,CV,ML,Acc,b_Acc,Prec,Rec,F1,kap,ROC,tra-T,test-T
MI_dir_0.01_weight,DI-S2-1,0,0,DT,0.3104235015904208,0.3104113985175108,0.2978123461014306,0.3104113985175108,0.29852940038970005,0.27225019660167316,0,1.6806676387786865,0.09401750564575195
MI_dir_0.01_weight,DI-S2-1,0,1,DT,0.3104235015904208,0.3104113985175108,0.2978123461014306,0.3104113985175108,0.29852940038970005,0.27225019660167316,0,1.6795058250427246,0.09425210952758789
MI_dir_0.01_weight,DI-S2-1,0,2,DT,0.3104235015904208,0.3104113985175108,0.2978123461014306,0.3104113985175108,0.29852940038970005,0.27225019660167316,0,1.475269079208374,0.06279158592224121
MI_dir_0.01_weight,DI-S2-1,0,3,DT,0.3104235015904208,0.3104113985175108,0.2978123461014306,0.3104113985175108,0.29852940038970005,0.27225019660167316,0,1.6477994918823242,0.10944819450378418
MI_dir_0.01_weight,DI-S2-1,0,4,DT,0.3104235015904208,0.3104113985175108,0.2978123461014306,0.3104113985175108,0.29852940038970005,0.27225019660167316,0,1.6796252727508545,0.1095571517944336
