Feature,Dataset,T,CV,ML,Acc,b_Acc,Prec,Rec,F1,kap,ROC,tra-T,test-T
HH_0.1_mean_0,DI-S2-1,0,0,DT,0.3785978761081597,0.36742333961247814,0.3717732547396566,0.36742333961247814,0.3645277641224923,0.3435652127525919,0,1.5070505142211914,0.09388041496276855
HH_0.1_mean_0,DI-S2-1,0,1,DT,0.3785978761081597,0.36742333961247814,0.3717732547396566,0.36742333961247814,0.3645277641224923,0.3435652127525919,0,1.5079128742218018,0.09365224838256836
HH_0.1_mean_0,DI-S2-1,0,2,DT,0.3785978761081597,0.36742333961247814,0.3717732547396566,0.36742333961247814,0.3645277641224923,0.3435652127525919,0,1.4907348155975342,0.07819700241088867
HH_0.1_mean_0,DI-S2-1,0,3,DT,0.3785978761081597,0.36742333961247814,0.3717732547396566,0.36742333961247814,0.3645277641224923,0.3435652127525919,0,1.5009100437164307,0.08431243896484375
HH_0.1_mean_0,DI-S2-1,0,4,DT,0.3785978761081597,0.36742333961247814,0.3717732547396566,0.36742333961247814,0.3645277641224923,0.3435652127525919,0,1.4750373363494873,0.10970067977905273
