Feature,Dataset,T,CV,ML,Acc,b_Acc,Prec,Rec,F1,kap,ROC,tra-T,test-T
HH_1_std_0,DI-S1-2,0,0,DT,0.30190724486222364,0.2815585563342043,0.31062327224570324,0.2815585563342043,0.2818571247929747,0.2624605483039252,0,1.0540685653686523,0.07823801040649414
HH_1_std_0,DI-S1-2,0,1,DT,0.30190724486222364,0.2815585563342043,0.31062327224570324,0.2815585563342043,0.2818571247929747,0.2624605483039252,0,1.2579352855682373,0.09446835517883301
HH_1_std_0,DI-S1-2,0,2,DT,0.30190724486222364,0.2815585563342043,0.31062327224570324,0.2815585563342043,0.2818571247929747,0.2624605483039252,0,1.1800689697265625,0.09443283081054688
HH_1_std_0,DI-S1-2,0,3,DT,0.30190724486222364,0.2815585563342043,0.31062327224570324,0.2815585563342043,0.2818571247929747,0.2624605483039252,0,1.0856077671051025,0.09444999694824219
HH_1_std_0,DI-S1-2,0,4,DT,0.30190724486222364,0.2815585563342043,0.31062327224570324,0.2815585563342043,0.2818571247929747,0.2624605483039252,0,1.1958420276641846,0.08074307441711426
