Feature,Dataset,T,CV,ML,Acc,b_Acc,Prec,Rec,F1,kap,ROC,tra-T,test-T
HH_0.1_magnitude_0_1,DI-S2-1,0,0,DT,0.29698958038425455,0.28943560618774655,0.28392901919582014,0.28943560618774655,0.2832022005022799,0.25758748526858954,0,1.4756028652191162,0.09653449058532715
HH_0.1_magnitude_0_1,DI-S2-1,0,1,DT,0.29698958038425455,0.28943560618774655,0.28392901919582014,0.28943560618774655,0.2832022005022799,0.25758748526858954,0,1.3976752758026123,0.09405136108398438
HH_0.1_magnitude_0_1,DI-S2-1,0,2,DT,0.29698958038425455,0.28943560618774655,0.28392901919582014,0.28943560618774655,0.2832022005022799,0.25758748526858954,0,1.5055820941925049,0.1004495620727539
HH_0.1_magnitude_0_1,DI-S2-1,0,3,DT,0.29698958038425455,0.28943560618774655,0.28392901919582014,0.28943560618774655,0.2832022005022799,0.25758748526858954,0,1.475804090499878,0.10943245887756348
HH_0.1_magnitude_0_1,DI-S2-1,0,4,DT,0.29698958038425455,0.28943560618774655,0.28392901919582014,0.28943560618774655,0.2832022005022799,0.25758748526858954,0,1.4123375415802002,0.09402155876159668
