Feature,Dataset,T,CV,ML,Acc,b_Acc,Prec,Rec,F1,kap,ROC,tra-T,test-T
HpHp_1_std_0,DI-S1-2,0,0,DT,0.3464837431139622,0.3142019449732874,0.44638850240278377,0.3142019449732874,0.3338919841516271,0.30891093165355965,0,0.6761879920959473,0.0632169246673584
HpHp_1_std_0,DI-S1-2,0,1,DT,0.3464837431139622,0.3142019449732874,0.44638850240278377,0.3142019449732874,0.3338919841516271,0.30891093165355965,0,0.6764876842498779,0.04699254035949707
HpHp_1_std_0,DI-S1-2,0,2,DT,0.3464837431139622,0.3142019449732874,0.44638850240278377,0.3142019449732874,0.3338919841516271,0.30891093165355965,0,0.6760265827178955,0.0475614070892334
HpHp_1_std_0,DI-S1-2,0,3,DT,0.3464837431139622,0.3142019449732874,0.44638850240278377,0.3142019449732874,0.3338919841516271,0.30891093165355965,0,0.534449577331543,0.047573089599609375
HpHp_1_std_0,DI-S1-2,0,4,DT,0.3464837431139622,0.3142019449732874,0.44638850240278377,0.3142019449732874,0.3338919841516271,0.30891093165355965,0,0.7229621410369873,0.0788414478302002
