Feature,Dataset,T,CV,ML,Acc,b_Acc,Prec,Rec,F1,kap,ROC,tra-T,test-T
tcp.analysis.retransmission,SD2,0,0,DT,0.7542910572363588,0.08333333333333333,0.0628575881030299,0.08333333333333333,0.07166152713798048,0.0,0,0.0,0.008605480194091797
tcp.analysis.retransmission,SD2,0,1,DT,0.7542910572363588,0.08333333333333333,0.0628575881030299,0.08333333333333333,0.07166152713798048,0.0,0,0.01573038101196289,0.0
tcp.analysis.retransmission,SD2,0,2,DT,0.7542910572363588,0.08333333333333333,0.0628575881030299,0.08333333333333333,0.07166152713798048,0.0,0,0.0,0.015616178512573242
tcp.analysis.retransmission,SD2,0,3,DT,0.7542910572363588,0.08333333333333333,0.0628575881030299,0.08333333333333333,0.07166152713798048,0.0,0,0.0,0.0
tcp.analysis.retransmission,SD2,0,4,DT,0.7542910572363588,0.08333333333333333,0.0628575881030299,0.08333333333333333,0.07166152713798048,0.0,0,0.0,0.0
