Feature,Dataset,T,CV,ML,Acc,b_Acc,Prec,Rec,F1,kap,ROC,tra-T,test-T
tcp.analysis.duplicate_ack_frame,SD2T,0,0,DT,0.614030105083783,0.08423553237521263,0.1623227320454919,0.08423553237521263,0.06545061314138885,0.002407570155840366,0,0.0,0.0
tcp.analysis.duplicate_ack_frame,SD2T,0,1,DT,0.614030105083783,0.08423553237521263,0.1623227320454919,0.08423553237521263,0.06545061314138885,0.002407570155840366,0,0.015619754791259766,0.0
tcp.analysis.duplicate_ack_frame,SD2T,0,2,DT,0.614030105083783,0.08423553237521263,0.1623227320454919,0.08423553237521263,0.06545061314138885,0.002407570155840366,0,0.0,0.015629053115844727
tcp.analysis.duplicate_ack_frame,SD2T,0,3,DT,0.614030105083783,0.08423553237521263,0.1623227320454919,0.08423553237521263,0.06545061314138885,0.002407570155840366,0,0.015541315078735352,0.0
tcp.analysis.duplicate_ack_frame,SD2T,0,4,DT,0.614030105083783,0.08423553237521263,0.1623227320454919,0.08423553237521263,0.06545061314138885,0.002407570155840366,0,0.0,0.0
