Feature,Dataset,T,CV,ML,Acc,b_Acc,Prec,Rec,F1,kap,ROC,tra-T,test-T
dstport,SD2,0,0,DT,0.7249716155747011,0.21312847928756992,0.24196260686357005,0.21312847928756992,0.19440506154669082,0.24946071373003076,0,0.0,0.0
dstport,SD2,0,1,DT,0.7249716155747011,0.21312847928756992,0.24196260686357005,0.21312847928756992,0.19440506154669082,0.24946071373003076,0,0.0,0.0
dstport,SD2,0,2,DT,0.7249716155747011,0.21312847928756992,0.24196260686357005,0.21312847928756992,0.19440506154669082,0.24946071373003076,0,0.0,0.0
dstport,SD2,0,3,DT,0.7249716155747011,0.21312847928756992,0.24196260686357005,0.21312847928756992,0.19440506154669082,0.24946071373003076,0,0.0,0.015752077102661133
dstport,SD2,0,4,DT,0.7249716155747011,0.21312847928756992,0.24196260686357005,0.21312847928756992,0.19440506154669082,0.24946071373003076,0,0.0,0.0
