Feature,Dataset,T,CV,ML,Acc,b_Acc,Prec,Rec,F1,kap,ROC,tra-T,test-T
tcp.window_size_value,SD1,0,0,DT,0.4711447897936467,0.2986776997595025,0.4334833602827523,0.2986776997595025,0.29316982161703636,0.22125292084091708,0,0.0,0.0
tcp.window_size_value,SD1,0,1,DT,0.4711447897936467,0.2986776997595025,0.4334833602827523,0.2986776997595025,0.29316982161703636,0.22125292084091708,0,0.0,0.015630245208740234
tcp.window_size_value,SD1,0,2,DT,0.4711447897936467,0.2986776997595025,0.4334833602827523,0.2986776997595025,0.29316982161703636,0.22125292084091708,0,0.0,0.0
tcp.window_size_value,SD1,0,3,DT,0.4711447897936467,0.2986776997595025,0.4334833602827523,0.2986776997595025,0.29316982161703636,0.22125292084091708,0,0.015636205673217773,0.0
tcp.window_size_value,SD1,0,4,DT,0.4711447897936467,0.2986776997595025,0.4334833602827523,0.2986776997595025,0.29316982161703636,0.22125292084091708,0,0.0,0.0
