Feature,Dataset,T,CV,ML,Acc,b_Acc,Prec,Rec,F1,kap,ROC,tra-T,test-T
tls.sct.scts_length,SD1T,0,0,DT,0.3980276594503122,0.08333333333333333,0.03316897162085935,0.08333333333333333,0.047451094971756126,0.0,0,0.0,0.0
tls.sct.scts_length,SD1T,0,1,DT,0.3980276594503122,0.08333333333333333,0.03316897162085935,0.08333333333333333,0.047451094971756126,0.0,0,0.0,0.0
tls.sct.scts_length,SD1T,0,2,DT,0.3980276594503122,0.08333333333333333,0.03316897162085935,0.08333333333333333,0.047451094971756126,0.0,0,0.0,0.0
tls.sct.scts_length,SD1T,0,3,DT,0.3980276594503122,0.08333333333333333,0.03316897162085935,0.08333333333333333,0.047451094971756126,0.0,0,0.016778230667114258,0.0
tls.sct.scts_length,SD1T,0,4,DT,0.3980276594503122,0.08333333333333333,0.03316897162085935,0.08333333333333333,0.047451094971756126,0.0,0,0.0,0.0
