Feature,Dataset,T,CV,ML,Acc,b_Acc,Prec,Rec,F1,kap,ROC,tra-T,test-T
tcp.analysis.initial_rtt,SD1,0,0,DT,0.39613836801095986,0.16896737170109274,0.20064582753274765,0.16896737170109274,0.1549836612963514,0.08669256421481131,0,0.015738725662231445,0.0
tcp.analysis.initial_rtt,SD1,0,1,DT,0.39613836801095986,0.16896737170109274,0.20064582753274765,0.16896737170109274,0.1549836612963514,0.08669256421481131,0,0.003103971481323242,0.0
tcp.analysis.initial_rtt,SD1,0,2,DT,0.39613836801095986,0.16896737170109274,0.20064582753274765,0.16896737170109274,0.1549836612963514,0.08669256421481131,0,0.015615463256835938,0.0
tcp.analysis.initial_rtt,SD1,0,3,DT,0.39613836801095986,0.16896737170109274,0.20064582753274765,0.16896737170109274,0.1549836612963514,0.08669256421481131,0,0.0,0.0
tcp.analysis.initial_rtt,SD1,0,4,DT,0.39613836801095986,0.16896737170109274,0.20064582753274765,0.16896737170109274,0.1549836612963514,0.08669256421481131,0,0.015609502792358398,0.0
