Feature,Dataset,T,CV,ML,Acc,b_Acc,Prec,Rec,F1,kap,ROC,tra-T,test-T
ip.len,SD1,0,0,DT,0.5574535491052316,0.4485002934261329,0.5314654683909303,0.4485002934261329,0.42953324565340356,0.3686630729890692,0,0.0,0.0
ip.len,SD1,0,1,DT,0.5574535491052316,0.4485002934261329,0.5314654683909303,0.4485002934261329,0.42953324565340356,0.3686630729890692,0,0.01501607894897461,0.0
ip.len,SD1,0,2,DT,0.5574535491052316,0.4485002934261329,0.5314654683909303,0.4485002934261329,0.42953324565340356,0.3686630729890692,0,0.01761007308959961,0.0
ip.len,SD1,0,3,DT,0.5574535491052316,0.4485002934261329,0.5314654683909303,0.4485002934261329,0.42953324565340356,0.3686630729890692,0,0.010626792907714844,0.0
ip.len,SD1,0,4,DT,0.5574535491052316,0.4485002934261329,0.5314654683909303,0.4485002934261329,0.42953324565340356,0.3686630729890692,0,0.015752315521240234,0.0
