Feature,Dataset,T,CV,ML,Acc,b_Acc,Prec,Rec,F1,kap,ROC,tra-T,test-T
tcp.analysis.reused_ports,SD2T,0,0,DT,0.6141437091735302,0.08519645133722804,0.06785511363636364,0.08519645133722804,0.06681270431804608,8.696248041450971e-06,0,0.015545129776000977,0.0
tcp.analysis.reused_ports,SD2T,0,1,DT,0.6141437091735302,0.08519645133722804,0.06785511363636364,0.08519645133722804,0.06681270431804608,8.696248041450971e-06,0,0.0,0.0
tcp.analysis.reused_ports,SD2T,0,2,DT,0.6141437091735302,0.08519645133722804,0.06785511363636364,0.08519645133722804,0.06681270431804608,8.696248041450971e-06,0,0.015676259994506836,0.0
tcp.analysis.reused_ports,SD2T,0,3,DT,0.6141437091735302,0.08519645133722804,0.06785511363636364,0.08519645133722804,0.06681270431804608,8.696248041450971e-06,0,0.0,0.0
tcp.analysis.reused_ports,SD2T,0,4,DT,0.6141437091735302,0.08519645133722804,0.06785511363636364,0.08519645133722804,0.06681270431804608,8.696248041450971e-06,0,0.0,0.0
