Feature,Dataset,T,CV,ML,Acc,b_Acc,Prec,Rec,F1,kap,ROC,tra-T,test-T
icmp.ident_le,SD1,0,0,DT,0.38676256528812397,0.09452618598845103,0.28201049101384473,0.09452618598845103,0.06737209772241383,0.009237796177142155,0,0.0,0.0
icmp.ident_le,SD1,0,1,DT,0.38676256528812397,0.09452618598845103,0.28201049101384473,0.09452618598845103,0.06737209772241383,0.009237796177142155,0,0.0,0.0
icmp.ident_le,SD1,0,2,DT,0.38676256528812397,0.09452618598845103,0.28201049101384473,0.09452618598845103,0.06737209772241383,0.009237796177142155,0,0.0,0.0
icmp.ident_le,SD1,0,3,DT,0.38676256528812397,0.09452618598845103,0.28201049101384473,0.09452618598845103,0.06737209772241383,0.009237796177142155,0,0.015683889389038086,0.0
icmp.ident_le,SD1,0,4,DT,0.38676256528812397,0.09452618598845103,0.28201049101384473,0.09452618598845103,0.06737209772241383,0.009237796177142155,0,0.0,0.0
