Feature,Dataset,T,CV,ML,Acc,b_Acc,Prec,Rec,F1,kap,ROC,tra-T,test-T
tcp.hdr_len,SD2T,0,0,DT,0.6144277193978983,0.08353769615594454,0.1623155881294623,0.08353769615594454,0.06383994581494196,0.0006307673258678648,0,0.0,0.0
tcp.hdr_len,SD2T,0,1,DT,0.6144277193978983,0.08353769615594454,0.1623155881294623,0.08353769615594454,0.06383994581494196,0.0006307673258678648,0,0.0,0.0
tcp.hdr_len,SD2T,0,2,DT,0.6144277193978983,0.08353769615594454,0.1623155881294623,0.08353769615594454,0.06383994581494196,0.0006307673258678648,0,0.0,0.0
tcp.hdr_len,SD2T,0,3,DT,0.6144277193978983,0.08353769615594454,0.1623155881294623,0.08353769615594454,0.06383994581494196,0.0006307673258678648,0,0.015642404556274414,0.0
tcp.hdr_len,SD2T,0,4,DT,0.6144277193978983,0.08353769615594454,0.1623155881294623,0.08353769615594454,0.06383994581494196,0.0006307673258678648,0,0.01564311981201172,0.0
