Feature,Dataset,T,CV,ML,Acc,b_Acc,Prec,Rec,F1,kap,ROC,tra-T,test-T
tls.handshake.comp_methods_length,SD1T,0,0,DT,0.4003617902783451,0.08616780045351474,0.08232071901934364,0.08616780045351474,0.05294521558931455,0.006035700842548564,0,0.0,0.0
tls.handshake.comp_methods_length,SD1T,0,1,DT,0.4003617902783451,0.08616780045351474,0.08232071901934364,0.08616780045351474,0.05294521558931455,0.006035700842548564,0,0.0,0.0
tls.handshake.comp_methods_length,SD1T,0,2,DT,0.4003617902783451,0.08616780045351474,0.08232071901934364,0.08616780045351474,0.05294521558931455,0.006035700842548564,0,0.015540838241577148,0.0
tls.handshake.comp_methods_length,SD1T,0,3,DT,0.4003617902783451,0.08616780045351474,0.08232071901934364,0.08616780045351474,0.05294521558931455,0.006035700842548564,0,0.006549835205078125,0.0
tls.handshake.comp_methods_length,SD1T,0,4,DT,0.4003617902783451,0.08616780045351474,0.08232071901934364,0.08616780045351474,0.05294521558931455,0.006035700842548564,0,0.0,0.0
