Feature,Dataset,T,CV,ML,Acc,b_Acc,Prec,Rec,F1,kap,ROC,tra-T,test-T
icmpv6.checksum,SD2,0,0,DT,0.7543244506778869,0.09166666666666667,0.1461951197791433,0.09166666666666667,0.08681577058947043,0.00033658080403131674,0,0.015729904174804688,0.0
icmpv6.checksum,SD2,0,1,DT,0.7543244506778869,0.09166666666666667,0.1461951197791433,0.09166666666666667,0.08681577058947043,0.00033658080403131674,0,0.015527486801147461,0.0
icmpv6.checksum,SD2,0,2,DT,0.7543244506778869,0.09166666666666667,0.1461951197791433,0.09166666666666667,0.08681577058947043,0.00033658080403131674,0,0.015622377395629883,0.0
icmpv6.checksum,SD2,0,3,DT,0.7543244506778869,0.09166666666666667,0.1461951197791433,0.09166666666666667,0.08681577058947043,0.00033658080403131674,0,0.0,0.0
icmpv6.checksum,SD2,0,4,DT,0.7543244506778869,0.09166666666666667,0.1461951197791433,0.09166666666666667,0.08681577058947043,0.00033658080403131674,0,0.0,0.0
