Feature,Dataset,T,CV,ML,Acc,b_Acc,Prec,Rec,F1,kap,ROC,tra-T,test-T
dns.flags.recavail,SD1T,0,0,DT,0.39948649121783275,0.083843704066634,0.08170202065550904,0.083843704066634,0.04854651469746598,0.00308757786446312,0,0.0,0.0
dns.flags.recavail,SD1T,0,1,DT,0.39948649121783275,0.083843704066634,0.08170202065550904,0.083843704066634,0.04854651469746598,0.00308757786446312,0,0.015624284744262695,0.001787424087524414
dns.flags.recavail,SD1T,0,2,DT,0.39948649121783275,0.083843704066634,0.08170202065550904,0.083843704066634,0.04854651469746598,0.00308757786446312,0,0.0,0.0
dns.flags.recavail,SD1T,0,3,DT,0.39948649121783275,0.083843704066634,0.08170202065550904,0.083843704066634,0.04854651469746598,0.00308757786446312,0,0.0,0.0
dns.flags.recavail,SD1T,0,4,DT,0.39948649121783275,0.083843704066634,0.08170202065550904,0.083843704066634,0.04854651469746598,0.00308757786446312,0,0.015640974044799805,0.0
