Feature,Dataset,T,CV,ML,Acc,b_Acc,Prec,Rec,F1,kap,ROC,tra-T,test-T
arp.isgratuitous,SD2T,0,0,DT,0.6314683328599829,0.10837479270315091,0.0941585488167818,0.10837479270315091,0.09594707896584026,0.09017268927520239,0,0.0,0.0
arp.isgratuitous,SD2T,0,1,DT,0.6314683328599829,0.10837479270315091,0.0941585488167818,0.10837479270315091,0.09594707896584026,0.09017268927520239,0,0.0,0.0
arp.isgratuitous,SD2T,0,2,DT,0.6314683328599829,0.10837479270315091,0.0941585488167818,0.10837479270315091,0.09594707896584026,0.09017268927520239,0,0.0,0.0
arp.isgratuitous,SD2T,0,3,DT,0.6314683328599829,0.10837479270315091,0.0941585488167818,0.10837479270315091,0.09594707896584026,0.09017268927520239,0,0.01562976837158203,0.0
arp.isgratuitous,SD2T,0,4,DT,0.6314683328599829,0.10837479270315091,0.0941585488167818,0.10837479270315091,0.09594707896584026,0.09017268927520239,0,0.0,0.0
