Feature,Dataset,T,CV,ML,Acc,b_Acc,Prec,Rec,F1,kap,ROC,tra-T,test-T
arp.seconds-since-duplicate-address-frame,SD2,0,0,DT,0.7542910572363588,0.08333333333333333,0.0628575881030299,0.08333333333333333,0.07166152713798048,0.0,0,0.0,0.0
arp.seconds-since-duplicate-address-frame,SD2,0,1,DT,0.7542910572363588,0.08333333333333333,0.0628575881030299,0.08333333333333333,0.07166152713798048,0.0,0,0.0,0.015735626220703125
arp.seconds-since-duplicate-address-frame,SD2,0,2,DT,0.7542910572363588,0.08333333333333333,0.0628575881030299,0.08333333333333333,0.07166152713798048,0.0,0,0.01561594009399414,0.0
arp.seconds-since-duplicate-address-frame,SD2,0,3,DT,0.7542910572363588,0.08333333333333333,0.0628575881030299,0.08333333333333333,0.07166152713798048,0.0,0,0.015623807907104492,0.0
arp.seconds-since-duplicate-address-frame,SD2,0,4,DT,0.7542910572363588,0.08333333333333333,0.0628575881030299,0.08333333333333333,0.07166152713798048,0.0,0,0.0,0.0
