Feature,Dataset,T,CV,ML,Acc,b_Acc,Prec,Rec,F1,kap,ROC,tra-T,test-T
dns.count.queries,SD2,0,0,DT,0.7538569424964937,0.08528888038451936,0.1083604167807823,0.08528888038451936,0.07564233159239069,0.005344989500541741,0,0.0,0.0
dns.count.queries,SD2,0,1,DT,0.7538569424964937,0.08528888038451936,0.1083604167807823,0.08528888038451936,0.07564233159239069,0.005344989500541741,0,0.0,0.0
dns.count.queries,SD2,0,2,DT,0.7538569424964937,0.08528888038451936,0.1083604167807823,0.08528888038451936,0.07564233159239069,0.005344989500541741,0,0.01563239097595215,0.0
dns.count.queries,SD2,0,3,DT,0.7538569424964937,0.08528888038451936,0.1083604167807823,0.08528888038451936,0.07564233159239069,0.005344989500541741,0,0.0,0.015698909759521484
dns.count.queries,SD2,0,4,DT,0.7538569424964937,0.08528888038451936,0.1083604167807823,0.08528888038451936,0.07564233159239069,0.005344989500541741,0,0.0,0.0
