Feature,Dataset,T,CV,ML,Acc,b_Acc,Prec,Rec,F1,kap,ROC,tra-T,test-T
tcp.connection.fin_active,SD1,0,0,DT,0.37884236664097953,0.08256039945784692,0.051402227755890116,0.08256039945784692,0.04671777581204021,-0.005661614111160285,0,0.0,0.0
tcp.connection.fin_active,SD1,0,1,DT,0.37884236664097953,0.08256039945784692,0.051402227755890116,0.08256039945784692,0.04671777581204021,-0.005661614111160285,0,0.0,0.0
tcp.connection.fin_active,SD1,0,2,DT,0.37884236664097953,0.08256039945784692,0.051402227755890116,0.08256039945784692,0.04671777581204021,-0.005661614111160285,0,0.0,0.01563715934753418
tcp.connection.fin_active,SD1,0,3,DT,0.37884236664097953,0.08256039945784692,0.051402227755890116,0.08256039945784692,0.04671777581204021,-0.005661614111160285,0,0.0,0.0
tcp.connection.fin_active,SD1,0,4,DT,0.37884236664097953,0.08256039945784692,0.051402227755890116,0.08256039945784692,0.04671777581204021,-0.005661614111160285,0,0.015622377395629883,0.0
