Feature,Dataset,T,CV,ML,Acc,b_Acc,Prec,Rec,F1,kap,ROC,tra-T,test-T
ip.flags.mf,SD1T,0,0,DT,0.30191982260605704,0.09069839379558708,0.06029857396722874,0.09069839379558708,0.060602033887503924,0.038107359679025454,0,0.0,0.0
ip.flags.mf,SD1T,0,1,DT,0.30191982260605704,0.09069839379558708,0.06029857396722874,0.09069839379558708,0.060602033887503924,0.038107359679025454,0,0.015619516372680664,0.0
ip.flags.mf,SD1T,0,2,DT,0.30191982260605704,0.09069839379558708,0.06029857396722874,0.09069839379558708,0.060602033887503924,0.038107359679025454,0,0.008107185363769531,0.0
ip.flags.mf,SD1T,0,3,DT,0.30191982260605704,0.09069839379558708,0.06029857396722874,0.09069839379558708,0.060602033887503924,0.038107359679025454,0,0.0,0.0
ip.flags.mf,SD1T,0,4,DT,0.30191982260605704,0.09069839379558708,0.06029857396722874,0.09069839379558708,0.060602033887503924,0.038107359679025454,0,0.0,0.0
