Feature,Dataset,T,CV,ML,Acc,b_Acc,Prec,Rec,F1,kap,ROC,tra-T,test-T
tcp.dstport,SD2,0,0,DT,0.6809590596406866,0.14425886529376597,0.0852736715016168,0.14425886529376597,0.0890278830040091,0.016343073542130826,0,0.015618562698364258,0.0
tcp.dstport,SD2,0,1,DT,0.6809590596406866,0.14425886529376597,0.0852736715016168,0.14425886529376597,0.0890278830040091,0.016343073542130826,0,0.0,0.0
tcp.dstport,SD2,0,2,DT,0.6809590596406866,0.14425886529376597,0.0852736715016168,0.14425886529376597,0.0890278830040091,0.016343073542130826,0,0.0,0.0
tcp.dstport,SD2,0,3,DT,0.6809590596406866,0.14425886529376597,0.0852736715016168,0.14425886529376597,0.0890278830040091,0.016343073542130826,0,0.0,0.007604837417602539
tcp.dstport,SD2,0,4,DT,0.6809590596406866,0.14425886529376597,0.0852736715016168,0.14425886529376597,0.0890278830040091,0.016343073542130826,0,0.0,0.0
