Feature,Dataset,T,CV,ML,Acc,b_Acc,Prec,Rec,F1,kap,ROC,tra-T,test-T
tcp.srcport,SD2T,0,0,DT,0.4721385969894916,0.17989618621677253,0.10075968813641274,0.17989618621677253,0.12354686843616303,-0.04209577814340859,0,0.015611410140991211,0.0
tcp.srcport,SD2T,0,1,DT,0.4721385969894916,0.17989618621677253,0.10075968813641274,0.17989618621677253,0.12354686843616303,-0.04209577814340859,0,0.03125262260437012,0.0
tcp.srcport,SD2T,0,2,DT,0.4721385969894916,0.17989618621677253,0.10075968813641274,0.17989618621677253,0.12354686843616303,-0.04209577814340859,0,0.00661158561706543,0.009603738784790039
tcp.srcport,SD2T,0,3,DT,0.4721385969894916,0.17989618621677253,0.10075968813641274,0.17989618621677253,0.12354686843616303,-0.04209577814340859,0,0.01620769500732422,0.0
tcp.srcport,SD2T,0,4,DT,0.4721385969894916,0.17989618621677253,0.10075968813641274,0.17989618621677253,0.12354686843616303,-0.04209577814340859,0,0.0157320499420166,0.0
