Feature,Dataset,T,CV,ML,Acc,b_Acc,Prec,Rec,F1,kap,ROC,tra-T,test-T
eth.type,SD1,0,0,DT,0.411250963267403,0.08985631472906579,0.11554777448669255,0.08985631472906579,0.05927715251997176,0.04746141680001148,0,0.0,0.0
eth.type,SD1,0,1,DT,0.411250963267403,0.08985631472906579,0.11554777448669255,0.08985631472906579,0.05927715251997176,0.04746141680001148,0,0.01562666893005371,0.0
eth.type,SD1,0,2,DT,0.411250963267403,0.08985631472906579,0.11554777448669255,0.08985631472906579,0.05927715251997176,0.04746141680001148,0,0.0,0.0
eth.type,SD1,0,3,DT,0.411250963267403,0.08985631472906579,0.11554777448669255,0.08985631472906579,0.05927715251997176,0.04746141680001148,0,0.0,0.015620946884155273
eth.type,SD1,0,4,DT,0.411250963267403,0.08985631472906579,0.11554777448669255,0.08985631472906579,0.05927715251997176,0.04746141680001148,0,0.0,0.0
