Feature,Dataset,T,CV,ML,Acc,b_Acc,Prec,Rec,F1,kap,ROC,tra-T,test-T
tcp.checksum,SD2T,0,0,DT,0.5650667424027265,0.08073774833286276,0.06602753198593507,0.08073774833286276,0.06658797099883977,-0.028652902521659085,0,0.12560415267944336,0.0
tcp.checksum,SD2T,0,1,DT,0.5650667424027265,0.08073774833286276,0.06602753198593507,0.08073774833286276,0.06658797099883977,-0.028652902521659085,0,0.12130546569824219,0.0041272640228271484
tcp.checksum,SD2T,0,2,DT,0.5650667424027265,0.08073774833286276,0.06602753198593507,0.08073774833286276,0.06658797099883977,-0.028652902521659085,0,0.11644649505615234,0.009546756744384766
tcp.checksum,SD2T,0,3,DT,0.5650667424027265,0.08073774833286276,0.06602753198593507,0.08073774833286276,0.06658797099883977,-0.028652902521659085,0,0.11957859992980957,0.0
tcp.checksum,SD2T,0,4,DT,0.5650667424027265,0.08073774833286276,0.06602753198593507,0.08073774833286276,0.06658797099883977,-0.028652902521659085,0,0.11021637916564941,0.015634536743164062
