Feature,Dataset,T,CV,ML,Acc,b_Acc,Prec,Rec,F1,kap,ROC,tra-T,test-T
udp.port,SD2,0,0,DT,0.8137313831563481,0.30943155683878193,0.4776789760993761,0.30943155683878193,0.3330903303445728,0.42886067155353125,0,0.0,0.01513218879699707
udp.port,SD2,0,1,DT,0.8137313831563481,0.30943155683878193,0.4776789760993761,0.30943155683878193,0.3330903303445728,0.42886067155353125,0,0.0,0.0156402587890625
udp.port,SD2,0,2,DT,0.8137313831563481,0.30943155683878193,0.4776789760993761,0.30943155683878193,0.3330903303445728,0.42886067155353125,0,0.015611410140991211,0.0
udp.port,SD2,0,3,DT,0.8137313831563481,0.30943155683878193,0.4776789760993761,0.30943155683878193,0.3330903303445728,0.42886067155353125,0,0.009051322937011719,0.0035622119903564453
udp.port,SD2,0,4,DT,0.8137313831563481,0.30943155683878193,0.4776789760993761,0.30943155683878193,0.3330903303445728,0.42886067155353125,0,0.0,0.015645265579223633
