Feature,Dataset,T,CV,ML,Acc,b_Acc,Prec,Rec,F1,kap,ROC,tra-T,test-T
dns.count.answers,SD1T,0,0,DT,0.400070023924841,0.10534235005742391,0.1379050634503242,0.10534235005742391,0.07745825516082229,0.008385165044912712,0,0.0,0.0
dns.count.answers,SD1T,0,1,DT,0.400070023924841,0.10534235005742391,0.1379050634503242,0.10534235005742391,0.07745825516082229,0.008385165044912712,0,0.0,0.0
dns.count.answers,SD1T,0,2,DT,0.400070023924841,0.10534235005742391,0.1379050634503242,0.10534235005742391,0.07745825516082229,0.008385165044912712,0,0.0,0.0
dns.count.answers,SD1T,0,3,DT,0.400070023924841,0.10534235005742391,0.1379050634503242,0.10534235005742391,0.07745825516082229,0.008385165044912712,0,0.0,0.015627622604370117
dns.count.answers,SD1T,0,4,DT,0.400070023924841,0.10534235005742391,0.1379050634503242,0.10534235005742391,0.07745825516082229,0.008385165044912712,0,0.0,0.0
