Feature,Dataset,T,CV,ML,Acc,b_Acc,Prec,Rec,F1,kap,ROC,tra-T,test-T
tls.handshake.extensions_server_name_len,DD1,0,0,DT,0.06605222734254992,0.08694045958690311,0.17209036715137335,0.08694045958690311,0.017216324082528146,0.0011448191440819322,0,0.0,0.0
tls.handshake.extensions_server_name_len,DD1,0,1,DT,0.06605222734254992,0.08694045958690311,0.17209036715137335,0.08694045958690311,0.017216324082528146,0.0011448191440819322,0,0.0,0.0
tls.handshake.extensions_server_name_len,DD1,0,2,DT,0.06605222734254992,0.08694045958690311,0.17209036715137335,0.08694045958690311,0.017216324082528146,0.0011448191440819322,0,0.015611648559570312,0.0
tls.handshake.extensions_server_name_len,DD1,0,3,DT,0.06605222734254992,0.08694045958690311,0.17209036715137335,0.08694045958690311,0.017216324082528146,0.0011448191440819322,0,0.015619277954101562,0.0
tls.handshake.extensions_server_name_len,DD1,0,4,DT,0.06605222734254992,0.08694045958690311,0.17209036715137335,0.08694045958690311,0.017216324082528146,0.0011448191440819322,0,0.0,0.0
