Feature,Dataset,T,CV,ML,Acc,b_Acc,Prec,Rec,F1,kap,ROC,tra-T,test-T
tcp.analysis.lost_segment,DD2,0,0,DT,0.04629366657199659,0.08333333333333333,0.003857805547666383,0.08333333333333333,0.007374230908432863,0.0,0,0.0,0.0
tcp.analysis.lost_segment,DD2,0,1,DT,0.04629366657199659,0.08333333333333333,0.003857805547666383,0.08333333333333333,0.007374230908432863,0.0,0,0.01563715934753418,0.0031070709228515625
tcp.analysis.lost_segment,DD2,0,2,DT,0.04629366657199659,0.08333333333333333,0.003857805547666383,0.08333333333333333,0.007374230908432863,0.0,0,0.015617847442626953,0.0
tcp.analysis.lost_segment,DD2,0,3,DT,0.04629366657199659,0.08333333333333333,0.003857805547666383,0.08333333333333333,0.007374230908432863,0.0,0,0.0,0.0
tcp.analysis.lost_segment,DD2,0,4,DT,0.04629366657199659,0.08333333333333333,0.003857805547666383,0.08333333333333333,0.007374230908432863,0.0,0,0.015117883682250977,0.0
