Feature,Dataset,T,CV,ML,Acc,b_Acc,Prec,Rec,F1,kap,ROC,tra-T,test-T
tcp.window_size_scalefactor,DD2,0,0,DT,0.5836978131212723,0.21362322487204352,0.17034666194612433,0.21362322487204352,0.1603040330913876,0.3661293380733973,0,0.0,0.0
tcp.window_size_scalefactor,DD2,0,1,DT,0.5836978131212723,0.21362322487204352,0.17034666194612433,0.21362322487204352,0.1603040330913876,0.3661293380733973,0,0.015614509582519531,0.0
tcp.window_size_scalefactor,DD2,0,2,DT,0.5836978131212723,0.21362322487204352,0.17034666194612433,0.21362322487204352,0.1603040330913876,0.3661293380733973,0,0.0,0.0
tcp.window_size_scalefactor,DD2,0,3,DT,0.5836978131212723,0.21362322487204352,0.17034666194612433,0.21362322487204352,0.1603040330913876,0.3661293380733973,0,0.01562047004699707,0.0
tcp.window_size_scalefactor,DD2,0,4,DT,0.5836978131212723,0.21362322487204352,0.17034666194612433,0.21362322487204352,0.1603040330913876,0.3661293380733973,0,0.0156252384185791,0.0
