Feature,Dataset,T,CV,ML,Acc,b_Acc,Prec,Rec,F1,kap,ROC,tra-T,test-T
dhcp.option.interface_mtu,DD2,0,0,DT,0.04629366657199659,0.08333333333333333,0.003857805547666383,0.08333333333333333,0.007374230908432863,0.0,0,0.0,0.015619039535522461
dhcp.option.interface_mtu,DD2,0,1,DT,0.04629366657199659,0.08333333333333333,0.003857805547666383,0.08333333333333333,0.007374230908432863,0.0,0,0.015633583068847656,0.0
dhcp.option.interface_mtu,DD2,0,2,DT,0.04629366657199659,0.08333333333333333,0.003857805547666383,0.08333333333333333,0.007374230908432863,0.0,0,0.0012409687042236328,0.0
dhcp.option.interface_mtu,DD2,0,3,DT,0.04629366657199659,0.08333333333333333,0.003857805547666383,0.08333333333333333,0.007374230908432863,0.0,0,0.0,0.0
dhcp.option.interface_mtu,DD2,0,4,DT,0.04629366657199659,0.08333333333333333,0.003857805547666383,0.08333333333333333,0.007374230908432863,0.0,0,0.0,0.015636444091796875
