Feature,Dataset,T,CV,ML,Acc,b_Acc,Prec,Rec,F1,kap,ROC,tra-T,test-T
eapol.len,DD2T,0,0,DT,0.367668464765819,0.08333333333333333,0.030666609532787704,0.08333333333333333,0.04483424693291568,0.00046738462103812495,0,0.0,0.0
eapol.len,DD2T,0,1,DT,0.367668464765819,0.08333333333333333,0.030666609532787704,0.08333333333333333,0.04483424693291568,0.00046738462103812495,0,0.0,0.0
eapol.len,DD2T,0,2,DT,0.367668464765819,0.08333333333333333,0.030666609532787704,0.08333333333333333,0.04483424693291568,0.00046738462103812495,0,0.0,0.015720129013061523
eapol.len,DD2T,0,3,DT,0.367668464765819,0.08333333333333333,0.030666609532787704,0.08333333333333333,0.04483424693291568,0.00046738462103812495,0,0.0,0.0
eapol.len,DD2T,0,4,DT,0.367668464765819,0.08333333333333333,0.030666609532787704,0.08333333333333333,0.04483424693291568,0.00046738462103812495,0,0.0,0.0
