Feature,Dataset,T,CV,ML,Acc,b_Acc,Prec,Rec,F1,kap,ROC,tra-T,test-T
eth.lg,DD2,0,0,DT,0.06464072706617438,0.008768685467714595,0.02450473729543497,0.008768685467714595,0.012915673589830893,-0.12851356009497517,0,0.0,0.0
eth.lg,DD2,0,1,DT,0.06464072706617438,0.008768685467714595,0.02450473729543497,0.008768685467714595,0.012915673589830893,-0.12851356009497517,0,0.0,0.0
eth.lg,DD2,0,2,DT,0.06464072706617438,0.008768685467714595,0.02450473729543497,0.008768685467714595,0.012915673589830893,-0.12851356009497517,0,0.015629291534423828,0.0
eth.lg,DD2,0,3,DT,0.06464072706617438,0.008768685467714595,0.02450473729543497,0.008768685467714595,0.012915673589830893,-0.12851356009497517,0,0.0,0.0
eth.lg,DD2,0,4,DT,0.06464072706617438,0.008768685467714595,0.02450473729543497,0.008768685467714595,0.012915673589830893,-0.12851356009497517,0,0.011101961135864258,0.0
