Feature,Dataset,T,CV,ML,Acc,b_Acc,Prec,Rec,F1,kap,ROC,tra-T,test-T
tls.handshake.version,DD1T,0,0,DT,0.24070724164089397,0.08780576041688586,0.1221878901857177,0.08780576041688586,0.04075217112109955,0.004203691072657723,0,0.0,0.0
tls.handshake.version,DD1T,0,1,DT,0.24070724164089397,0.08780576041688586,0.1221878901857177,0.08780576041688586,0.04075217112109955,0.004203691072657723,0,0.0,0.0
tls.handshake.version,DD1T,0,2,DT,0.24070724164089397,0.08780576041688586,0.1221878901857177,0.08780576041688586,0.04075217112109955,0.004203691072657723,0,0.0,0.015612125396728516
tls.handshake.version,DD1T,0,3,DT,0.24070724164089397,0.08780576041688586,0.1221878901857177,0.08780576041688586,0.04075217112109955,0.004203691072657723,0,0.01561737060546875,0.0
tls.handshake.version,DD1T,0,4,DT,0.24070724164089397,0.08780576041688586,0.1221878901857177,0.08780576041688586,0.04075217112109955,0.004203691072657723,0,0.0,0.0
