Feature,Dataset,T,CV,ML,Acc,b_Acc,Prec,Rec,F1,kap,ROC,tra-T,test-T
tcp.reassembled.length,DD1,0,0,DT,0.06555132571962867,0.09834549443820796,0.026373288532257937,0.09834549443820796,0.024346724175927967,0.0007805924301270695,0,0.0,0.0
tcp.reassembled.length,DD1,0,1,DT,0.06555132571962867,0.09834549443820796,0.026373288532257937,0.09834549443820796,0.024346724175927967,0.0007805924301270695,0,0.0,0.015624046325683594
tcp.reassembled.length,DD1,0,2,DT,0.06555132571962867,0.09834549443820796,0.026373288532257937,0.09834549443820796,0.024346724175927967,0.0007805924301270695,0,0.0,0.0
tcp.reassembled.length,DD1,0,3,DT,0.06555132571962867,0.09834549443820796,0.026373288532257937,0.09834549443820796,0.024346724175927967,0.0007805924301270695,0,0.0,0.015624046325683594
tcp.reassembled.length,DD1,0,4,DT,0.06555132571962867,0.09834549443820796,0.026373288532257937,0.09834549443820796,0.024346724175927967,0.0007805924301270695,0,0.0,0.0
