Feature,Dataset,T,CV,ML,Acc,b_Acc,Prec,Rec,F1,kap,ROC,tra-T,test-T
http.request,DD2T,0,0,DT,0.367668464765819,0.08333333333333333,0.030639038730484916,0.08333333333333333,0.044804774724013445,0.0,0,0.00655817985534668,0.0
http.request,DD2T,0,1,DT,0.367668464765819,0.08333333333333333,0.030639038730484916,0.08333333333333333,0.044804774724013445,0.0,0,0.015137434005737305,0.0
http.request,DD2T,0,2,DT,0.367668464765819,0.08333333333333333,0.030639038730484916,0.08333333333333333,0.044804774724013445,0.0,0,0.0155181884765625,0.0
http.request,DD2T,0,3,DT,0.367668464765819,0.08333333333333333,0.030639038730484916,0.08333333333333333,0.044804774724013445,0.0,0,0.0,0.017183780670166016
http.request,DD2T,0,4,DT,0.367668464765819,0.08333333333333333,0.030639038730484916,0.08333333333333333,0.044804774724013445,0.0,0,0.0,0.01562786102294922
