Feature,Dataset,T,CV,ML,Acc,b_Acc,Prec,Rec,F1,kap,ROC,tra-T,test-T
icmp.checksum.status,DD1T,0,0,DT,0.24298301919822607,0.08914399092970521,0.08969189530381083,0.08914399092970521,0.04293859524266635,0.007544460747558879,0,0.0,0.0
icmp.checksum.status,DD1T,0,1,DT,0.24298301919822607,0.08914399092970521,0.08969189530381083,0.08914399092970521,0.04293859524266635,0.007544460747558879,0,0.0,0.01572418212890625
icmp.checksum.status,DD1T,0,2,DT,0.24298301919822607,0.08914399092970521,0.08969189530381083,0.08914399092970521,0.04293859524266635,0.007544460747558879,0,0.018234729766845703,0.0
icmp.checksum.status,DD1T,0,3,DT,0.24298301919822607,0.08914399092970521,0.08969189530381083,0.08914399092970521,0.04293859524266635,0.007544460747558879,0,0.0,0.015619039535522461
icmp.checksum.status,DD1T,0,4,DT,0.24298301919822607,0.08914399092970521,0.08969189530381083,0.08914399092970521,0.04293859524266635,0.007544460747558879,0,0.0,0.0
