Feature,Dataset,T,CV,ML,Acc,b_Acc,Prec,Rec,F1,kap,ROC,tra-T,test-T
tcp.analysis.bytes_in_flight,DD2T,0,0,DT,0.3859063275965408,0.13084472036508743,0.1776807082548261,0.13084472036508743,0.11072846370900907,0.05467560152203921,0,0.005053520202636719,0.0
tcp.analysis.bytes_in_flight,DD2T,0,1,DT,0.3859063275965408,0.13084472036508743,0.1776807082548261,0.13084472036508743,0.11072846370900907,0.05467560152203921,0,0.0,0.0
tcp.analysis.bytes_in_flight,DD2T,0,2,DT,0.3859063275965408,0.13084472036508743,0.1776807082548261,0.13084472036508743,0.11072846370900907,0.05467560152203921,0,0.0,0.0
tcp.analysis.bytes_in_flight,DD2T,0,3,DT,0.3859063275965408,0.13084472036508743,0.1776807082548261,0.13084472036508743,0.11072846370900907,0.05467560152203921,0,0.0,0.015635251998901367
tcp.analysis.bytes_in_flight,DD2T,0,4,DT,0.3859063275965408,0.13084472036508743,0.1776807082548261,0.13084472036508743,0.11072846370900907,0.05467560152203921,0,0.0,0.0
