Feature,Dataset,T,CV,ML,Acc,b_Acc,Prec,Rec,F1,kap,ROC,tra-T,test-T
dns.srv.priority,DD1,0,0,DT,0.06618580110866226,0.08346245794227024,0.08644312567331625,0.08346245794227024,0.010443982616314178,0.0003641262338753837,0,0.0,0.0
dns.srv.priority,DD1,0,1,DT,0.06618580110866226,0.08346245794227024,0.08644312567331625,0.08346245794227024,0.010443982616314178,0.0003641262338753837,0,0.0,0.017346858978271484
dns.srv.priority,DD1,0,2,DT,0.06618580110866226,0.08346245794227024,0.08644312567331625,0.08346245794227024,0.010443982616314178,0.0003641262338753837,0,0.0,0.0
dns.srv.priority,DD1,0,3,DT,0.06618580110866226,0.08346245794227024,0.08644312567331625,0.08346245794227024,0.010443982616314178,0.0003641262338753837,0,0.0,0.0
dns.srv.priority,DD1,0,4,DT,0.06618580110866226,0.08346245794227024,0.08644312567331625,0.08346245794227024,0.010443982616314178,0.0003641262338753837,0,0.0,0.0
