Feature,Dataset,T,CV,ML,Acc,b_Acc,Prec,Rec,F1,kap,ROC,tra-T,test-T
dns.flags.recdesired,DD2,0,0,DT,0.04799772791820506,0.08356449375866852,0.036779240769505554,0.08356449375866852,0.007882086814253446,-0.0006764219061667909,0,0.0,0.0
dns.flags.recdesired,DD2,0,1,DT,0.04799772791820506,0.08356449375866852,0.036779240769505554,0.08356449375866852,0.007882086814253446,-0.0006764219061667909,0,0.015839099884033203,0.0
dns.flags.recdesired,DD2,0,2,DT,0.04799772791820506,0.08356449375866852,0.036779240769505554,0.08356449375866852,0.007882086814253446,-0.0006764219061667909,0,0.0157320499420166,0.0
dns.flags.recdesired,DD2,0,3,DT,0.04799772791820506,0.08356449375866852,0.036779240769505554,0.08356449375866852,0.007882086814253446,-0.0006764219061667909,0,0.01562356948852539,0.0
dns.flags.recdesired,DD2,0,4,DT,0.04799772791820506,0.08356449375866852,0.036779240769505554,0.08356449375866852,0.007882086814253446,-0.0006764219061667909,0,0.008619070053100586,0.0
