Feature,Dataset,T,CV,ML,Acc,b_Acc,Prec,Rec,F1,kap,ROC,tra-T,test-T
icmp.seq,DD2,0,0,DT,0.04879295654643567,0.08657817109144543,0.08721074065616198,0.08657817109144543,0.013656484884509539,0.002690904466861266,0,0.01562976837158203,0.0
icmp.seq,DD2,0,1,DT,0.04879295654643567,0.08657817109144543,0.08721074065616198,0.08657817109144543,0.013656484884509539,0.002690904466861266,0,0.0,0.015628576278686523
icmp.seq,DD2,0,2,DT,0.04879295654643567,0.08657817109144543,0.08721074065616198,0.08657817109144543,0.013656484884509539,0.002690904466861266,0,0.0,0.0
icmp.seq,DD2,0,3,DT,0.04879295654643567,0.08657817109144543,0.08721074065616198,0.08657817109144543,0.013656484884509539,0.002690904466861266,0,0.0,0.0
icmp.seq,DD2,0,4,DT,0.04879295654643567,0.08657817109144543,0.08721074065616198,0.08657817109144543,0.013656484884509539,0.002690904466861266,0,0.0,0.0
