Feature,Dataset,T,CV,ML,Acc,b_Acc,Prec,Rec,F1,kap,ROC,tra-T,test-T
srcport,DD1,0,0,DT,0.22720897615708274,0.18403496164386926,0.2340304718953048,0.18403496164386926,0.1443814541316127,0.05904100023650727,0,0.006102085113525391,0.0
srcport,DD1,0,1,DT,0.22720897615708274,0.18403496164386926,0.2340304718953048,0.18403496164386926,0.1443814541316127,0.05904100023650727,0,0.015619993209838867,0.0
srcport,DD1,0,2,DT,0.22720897615708274,0.18403496164386926,0.2340304718953048,0.18403496164386926,0.1443814541316127,0.05904100023650727,0,0.01563286781311035,0.0
srcport,DD1,0,3,DT,0.22720897615708274,0.18403496164386926,0.2340304718953048,0.18403496164386926,0.1443814541316127,0.05904100023650727,0,0.0,0.015624761581420898
srcport,DD1,0,4,DT,0.22720897615708274,0.18403496164386926,0.2340304718953048,0.18403496164386926,0.1443814541316127,0.05904100023650727,0,0.011613607406616211,0.0
