Feature,Dataset,T,CV,ML,Acc,b_Acc,Prec,Rec,F1,kap,ROC,tra-T,test-T
ip.dsfield.ecn,DD1,0,0,DT,0.06501703065517932,0.08333333333333333,0.00541808588793161,0.08333333333333333,0.010174646474147932,0.0,0,0.0,0.012052536010742188
ip.dsfield.ecn,DD1,0,1,DT,0.06501703065517932,0.08333333333333333,0.00541808588793161,0.08333333333333333,0.010174646474147932,0.0,0,0.0,0.0
ip.dsfield.ecn,DD1,0,2,DT,0.06501703065517932,0.08333333333333333,0.00541808588793161,0.08333333333333333,0.010174646474147932,0.0,0,0.0,0.015688180923461914
ip.dsfield.ecn,DD1,0,3,DT,0.06501703065517932,0.08333333333333333,0.00541808588793161,0.08333333333333333,0.010174646474147932,0.0,0,0.0,0.0
ip.dsfield.ecn,DD1,0,4,DT,0.06501703065517932,0.08333333333333333,0.00541808588793161,0.08333333333333333,0.010174646474147932,0.0,0,0.0,0.0
