Feature,Dataset,T,CV,ML,Acc,b_Acc,Prec,Rec,F1,kap,ROC,tra-T,test-T
ip.opt.type.copy,DD1,0,0,DT,0.08812529219261338,0.08588631131574287,0.08864303426127046,0.08588631131574287,0.015360400263961236,0.007783772035469316,0,0.0,0.015622377395629883
ip.opt.type.copy,DD1,0,1,DT,0.08812529219261338,0.08588631131574287,0.08864303426127046,0.08588631131574287,0.015360400263961236,0.007783772035469316,0,0.0,0.015737533569335938
ip.opt.type.copy,DD1,0,2,DT,0.08812529219261338,0.08588631131574287,0.08864303426127046,0.08588631131574287,0.015360400263961236,0.007783772035469316,0,0.0,0.0
ip.opt.type.copy,DD1,0,3,DT,0.08812529219261338,0.08588631131574287,0.08864303426127046,0.08588631131574287,0.015360400263961236,0.007783772035469316,0,0.0,0.013108253479003906
ip.opt.type.copy,DD1,0,4,DT,0.08812529219261338,0.08588631131574287,0.08864303426127046,0.08588631131574287,0.015360400263961236,0.007783772035469316,0,0.0,0.0
