Feature,Dataset,T,CV,ML,Acc,b_Acc,Prec,Rec,F1,kap,ROC,tra-T,test-T
tcp.analysis.window_update,DD2T,0,0,DT,0.367668464765819,0.08333333333333333,0.030642974380931994,0.08333333333333333,0.044808982667042335,6.416153563504334e-05,0,0.0,0.0
tcp.analysis.window_update,DD2T,0,1,DT,0.367668464765819,0.08333333333333333,0.030642974380931994,0.08333333333333333,0.044808982667042335,6.416153563504334e-05,0,0.0,0.011605978012084961
tcp.analysis.window_update,DD2T,0,2,DT,0.367668464765819,0.08333333333333333,0.030642974380931994,0.08333333333333333,0.044808982667042335,6.416153563504334e-05,0,0.0,0.0
tcp.analysis.window_update,DD2T,0,3,DT,0.367668464765819,0.08333333333333333,0.030642974380931994,0.08333333333333333,0.044808982667042335,6.416153563504334e-05,0,0.0,0.0
tcp.analysis.window_update,DD2T,0,4,DT,0.367668464765819,0.08333333333333333,0.030642974380931994,0.08333333333333333,0.044808982667042335,6.416153563504334e-05,0,0.0,0.0
