Feature,Dataset,T,CV,ML,Acc,b_Acc,Prec,Rec,F1,kap,ROC,tra-T,test-T
udp.port,DD1T,0,0,DT,0.2708758825932194,0.21714982457134413,0.1908482865454353,0.21714982457134413,0.16466101250625412,0.12964143957878194,0,0.0,0.015524148941040039
udp.port,DD1T,0,1,DT,0.2708758825932194,0.21714982457134413,0.1908482865454353,0.21714982457134413,0.16466101250625412,0.12964143957878194,0,0.015622138977050781,0.0
udp.port,DD1T,0,2,DT,0.2708758825932194,0.21714982457134413,0.1908482865454353,0.21714982457134413,0.16466101250625412,0.12964143957878194,0,0.015611410140991211,0.0
udp.port,DD1T,0,3,DT,0.2708758825932194,0.21714982457134413,0.1908482865454353,0.21714982457134413,0.16466101250625412,0.12964143957878194,0,0.015624284744262695,0.0
udp.port,DD1T,0,4,DT,0.2708758825932194,0.21714982457134413,0.1908482865454353,0.21714982457134413,0.16466101250625412,0.12964143957878194,0,0.015640974044799805,0.015619277954101562
