Feature,Dataset,T,CV,ML,Acc,b_Acc,Prec,Rec,F1,kap,ROC,tra-T,test-T
stun.att.crc32.status,DD2,0,0,DT,0.04629366657199659,0.08333333333333333,0.003857805547666383,0.08333333333333333,0.007374230908432863,0.0,0,0.015630483627319336,0.0010280609130859375
stun.att.crc32.status,DD2,0,1,DT,0.04629366657199659,0.08333333333333333,0.003857805547666383,0.08333333333333333,0.007374230908432863,0.0,0,0.01573777198791504,0.0
stun.att.crc32.status,DD2,0,2,DT,0.04629366657199659,0.08333333333333333,0.003857805547666383,0.08333333333333333,0.007374230908432863,0.0,0,0.0,0.0
stun.att.crc32.status,DD2,0,3,DT,0.04629366657199659,0.08333333333333333,0.003857805547666383,0.08333333333333333,0.007374230908432863,0.0,0,0.009612560272216797,0.0
stun.att.crc32.status,DD2,0,4,DT,0.04629366657199659,0.08333333333333333,0.003857805547666383,0.08333333333333333,0.007374230908432863,0.0,0,0.0,0.0
