Feature,Dataset,T,CV,ML,Acc,b_Acc,Prec,Rec,F1,kap,ROC,tra-T,test-T
tcp.options.sack_perm,DD2,0,0,DT,0.0489065606361829,0.08368777931884729,0.041097337373186014,0.08368777931884729,0.008117901932441208,-0.0007474590314060503,0,0.0,0.0
tcp.options.sack_perm,DD2,0,1,DT,0.0489065606361829,0.08368777931884729,0.041097337373186014,0.08368777931884729,0.008117901932441208,-0.0007474590314060503,0,0.015633821487426758,0.0
tcp.options.sack_perm,DD2,0,2,DT,0.0489065606361829,0.08368777931884729,0.041097337373186014,0.08368777931884729,0.008117901932441208,-0.0007474590314060503,0,0.0156252384185791,0.0
tcp.options.sack_perm,DD2,0,3,DT,0.0489065606361829,0.08368777931884729,0.041097337373186014,0.08368777931884729,0.008117901932441208,-0.0007474590314060503,0,0.0,0.0
tcp.options.sack_perm,DD2,0,4,DT,0.0489065606361829,0.08368777931884729,0.041097337373186014,0.08368777931884729,0.008117901932441208,-0.0007474590314060503,0,0.0,0.0
