Feature,Dataset,T,CV,ML,Acc,b_Acc,Prec,Rec,F1,kap,ROC,tra-T,test-T
tls.handshake.extensions_server_name_len,DD2T,0,0,DT,0.36929531637982704,0.08595257788806177,0.10106855021280449,0.08595257788806177,0.04991848202092395,0.0035318680872858943,0,0.0,0.00560760498046875
tls.handshake.extensions_server_name_len,DD2T,0,1,DT,0.36929531637982704,0.08595257788806177,0.10106855021280449,0.08595257788806177,0.04991848202092395,0.0035318680872858943,0,0.0,0.0
tls.handshake.extensions_server_name_len,DD2T,0,2,DT,0.36929531637982704,0.08595257788806177,0.10106855021280449,0.08595257788806177,0.04991848202092395,0.0035318680872858943,0,0.015726804733276367,0.0
tls.handshake.extensions_server_name_len,DD2T,0,3,DT,0.36929531637982704,0.08595257788806177,0.10106855021280449,0.08595257788806177,0.04991848202092395,0.0035318680872858943,0,0.0,0.0
tls.handshake.extensions_server_name_len,DD2T,0,4,DT,0.36929531637982704,0.08595257788806177,0.10106855021280449,0.08595257788806177,0.04991848202092395,0.0035318680872858943,0,0.0,0.0
