Feature,Dataset,T,CV,ML,Acc,b_Acc,Prec,Rec,F1,kap,ROC,tra-T,test-T
tls.handshake.sig_hash_alg,DD1T,0,0,DT,0.24064888837019316,0.08655655092696503,0.11652301110552353,0.08655655092696503,0.038385042966099694,0.004000580456833491,0,0.0,0.0
tls.handshake.sig_hash_alg,DD1T,0,1,DT,0.24064888837019316,0.08655655092696503,0.11652301110552353,0.08655655092696503,0.038385042966099694,0.004000580456833491,0,0.015623092651367188,0.0
tls.handshake.sig_hash_alg,DD1T,0,2,DT,0.24064888837019316,0.08655655092696503,0.11652301110552353,0.08655655092696503,0.038385042966099694,0.004000580456833491,0,0.0,0.0
tls.handshake.sig_hash_alg,DD1T,0,3,DT,0.24064888837019316,0.08655655092696503,0.11652301110552353,0.08655655092696503,0.038385042966099694,0.004000580456833491,0,0.0,0.0
tls.handshake.sig_hash_alg,DD1T,0,4,DT,0.24064888837019316,0.08655655092696503,0.11652301110552353,0.08655655092696503,0.038385042966099694,0.004000580456833491,0,0.005102634429931641,0.0
