Feature,Dataset,T,CV,ML,Acc,b_Acc,Prec,Rec,F1,kap,ROC,tra-T,test-T
http.prev_request_in,DD2,0,0,DT,0.05788128372621414,0.08986552062758833,0.2534927476737821,0.08986552062758833,0.01991945135339979,0.00532058637879429,0,0.03181743621826172,0.0
http.prev_request_in,DD2,0,1,DT,0.05788128372621414,0.08986552062758833,0.2534927476737821,0.08986552062758833,0.01991945135339979,0.00532058637879429,0,0.03129124641418457,0.0
http.prev_request_in,DD2,0,2,DT,0.05788128372621414,0.08986552062758833,0.2534927476737821,0.08986552062758833,0.01991945135339979,0.00532058637879429,0,0.04698657989501953,0.0
http.prev_request_in,DD2,0,3,DT,0.05788128372621414,0.08986552062758833,0.2534927476737821,0.08986552062758833,0.01991945135339979,0.00532058637879429,0,0.04185962677001953,0.0
http.prev_request_in,DD2,0,4,DT,0.05788128372621414,0.08986552062758833,0.2534927476737821,0.08986552062758833,0.01991945135339979,0.00532058637879429,0,0.03135228157043457,0.015627622604370117
