Feature,Dataset,T,CV,ML,Acc,b_Acc,Prec,Rec,F1,kap,ROC,tra-T,test-T
tcp.time_delta,DD2,0,0,DT,0.21647259301334848,0.17448362097222303,0.18575596599005997,0.17448362097222303,0.0991561387433401,0.09511157206305088,0,0.03125333786010742,0.0
tcp.time_delta,DD2,0,1,DT,0.21647259301334848,0.17448362097222303,0.18575596599005997,0.17448362097222303,0.0991561387433401,0.09511157206305088,0,0.03185319900512695,0.0
tcp.time_delta,DD2,0,2,DT,0.21647259301334848,0.17448362097222303,0.18575596599005997,0.17448362097222303,0.0991561387433401,0.09511157206305088,0,0.031336069107055664,0.0
tcp.time_delta,DD2,0,3,DT,0.21647259301334848,0.17448362097222303,0.18575596599005997,0.17448362097222303,0.0991561387433401,0.09511157206305088,0,0.03175544738769531,0.0
tcp.time_delta,DD2,0,4,DT,0.21647259301334848,0.17448362097222303,0.18575596599005997,0.17448362097222303,0.0991561387433401,0.09511157206305088,0,0.015877962112426758,0.0
