Feature,Dataset,T,CV,ML,Acc,b_Acc,Prec,Rec,F1,kap,ROC,tra-T,test-T
tls.handshake.sig_hash_alg_len,DD1,0,0,DT,0.06621919455019035,0.08652603458390373,0.1998697771535998,0.08652603458390373,0.0164071695943454,0.0013345156237686284,0,0.0,0.0
tls.handshake.sig_hash_alg_len,DD1,0,1,DT,0.06621919455019035,0.08652603458390373,0.1998697771535998,0.08652603458390373,0.0164071695943454,0.0013345156237686284,0,0.0,0.0
tls.handshake.sig_hash_alg_len,DD1,0,2,DT,0.06621919455019035,0.08652603458390373,0.1998697771535998,0.08652603458390373,0.0164071695943454,0.0013345156237686284,0,0.0,0.0
tls.handshake.sig_hash_alg_len,DD1,0,3,DT,0.06621919455019035,0.08652603458390373,0.1998697771535998,0.08652603458390373,0.0164071695943454,0.0013345156237686284,0,0.0,0.0
tls.handshake.sig_hash_alg_len,DD1,0,4,DT,0.06621919455019035,0.08652603458390373,0.1998697771535998,0.08652603458390373,0.0164071695943454,0.0013345156237686284,0,0.0,0.0
