Feature,Dataset,T,CV,ML,Acc,b_Acc,Prec,Rec,F1,kap,ROC,tra-T,test-T
ip.id,DD2,0,0,DT,0.24686168702073275,0.12674519542315757,0.07841528245747832,0.12674519542315757,0.06665777154741959,0.04858120865523585,0,0.04096388816833496,0.0
ip.id,DD2,0,1,DT,0.24686168702073275,0.12674519542315757,0.07841528245747832,0.12674519542315757,0.06665777154741959,0.04858120865523585,0,0.031253814697265625,0.015623807907104492
ip.id,DD2,0,2,DT,0.24686168702073275,0.12674519542315757,0.07841528245747832,0.12674519542315757,0.06665777154741959,0.04858120865523585,0,0.031355857849121094,0.015620708465576172
ip.id,DD2,0,3,DT,0.24686168702073275,0.12674519542315757,0.07841528245747832,0.12674519542315757,0.06665777154741959,0.04858120865523585,0,0.03184103965759277,0.015735387802124023
ip.id,DD2,0,4,DT,0.24686168702073275,0.12674519542315757,0.07841528245747832,0.12674519542315757,0.06665777154741959,0.04858120865523585,0,0.04235482215881348,0.005100727081298828
