Feature,Dataset,T,CV,ML,Acc,b_Acc,Prec,Rec,F1,kap,ROC,tra-T,test-T
tcp.connection.synack,DD1,0,0,DT,0.06264609630668537,0.0802944701249786,0.005244501101457054,0.0802944701249786,0.009845908384767182,-0.0023698932753544177,0,0.0,0.0
tcp.connection.synack,DD1,0,1,DT,0.06264609630668537,0.0802944701249786,0.005244501101457054,0.0802944701249786,0.009845908384767182,-0.0023698932753544177,0,0.0,0.0
tcp.connection.synack,DD1,0,2,DT,0.06264609630668537,0.0802944701249786,0.005244501101457054,0.0802944701249786,0.009845908384767182,-0.0023698932753544177,0,0.0,0.0
tcp.connection.synack,DD1,0,3,DT,0.06264609630668537,0.0802944701249786,0.005244501101457054,0.0802944701249786,0.009845908384767182,-0.0023698932753544177,0,0.0,0.0
tcp.connection.synack,DD1,0,4,DT,0.06264609630668537,0.0802944701249786,0.005244501101457054,0.0802944701249786,0.009845908384767182,-0.0023698932753544177,0,0.0,0.0
