Feature,Dataset,T,CV,ML,Acc,b_Acc,Prec,Rec,F1,kap,ROC,tra-T,test-T
tcp.seq,DD1,0,0,DT,0.5157283109597275,0.20649590073312407,0.2113675875979639,0.20649590073312407,0.16498883333886885,0.2363312993887976,0,0.0156252384185791,0.0
tcp.seq,DD1,0,1,DT,0.5157283109597275,0.20649590073312407,0.2113675875979639,0.20649590073312407,0.16498883333886885,0.2363312993887976,0,0.01621532440185547,0.01572418212890625
tcp.seq,DD1,0,2,DT,0.5157283109597275,0.20649590073312407,0.2113675875979639,0.20649590073312407,0.16498883333886885,0.2363312993887976,0,0.031249046325683594,0.006109714508056641
tcp.seq,DD1,0,3,DT,0.5157283109597275,0.20649590073312407,0.2113675875979639,0.20649590073312407,0.16498883333886885,0.2363312993887976,0,0.01713395118713379,0.0
tcp.seq,DD1,0,4,DT,0.5157283109597275,0.20649590073312407,0.2113675875979639,0.20649590073312407,0.16498883333886885,0.2363312993887976,0,0.02285623550415039,0.0
