Feature,Dataset,T,CV,ML,Acc,b_Acc,Prec,Rec,F1,kap,ROC,tra-T,test-T
HH_1_radius_0_1,DD2T,0,0,DT,0.35129951581209573,0.2597204998883799,0.19258577886327674,0.2597204998883799,0.19345030614341607,0.1537952957734201,0,1.0848722457885742,0.0940389633178711
HH_1_radius_0_1,DD2T,0,1,DT,0.35129951581209573,0.2597204998883799,0.19258577886327674,0.2597204998883799,0.19345030614341607,0.1537952957734201,0,1.099846601486206,0.09430694580078125
HH_1_radius_0_1,DD2T,0,2,DT,0.35129951581209573,0.2597204998883799,0.19258577886327674,0.2597204998883799,0.19345030614341607,0.1537952957734201,0,1.0582904815673828,0.08153033256530762
HH_1_radius_0_1,DD2T,0,3,DT,0.35129951581209573,0.2597204998883799,0.19258577886327674,0.2597204998883799,0.19345030614341607,0.1537952957734201,0,1.1173896789550781,0.0783231258392334
HH_1_radius_0_1,DD2T,0,4,DT,0.35129951581209573,0.2597204998883799,0.19258577886327674,0.2597204998883799,0.19345030614341607,0.1537952957734201,0,1.0615148544311523,0.06969785690307617
