Feature,Dataset,T,CV,ML,Acc,b_Acc,Prec,Rec,F1,kap,ROC,tra-T,test-T
HH_0.01_covariance_0_1,DD2T,0,0,DT,0.3675290148852462,0.1396355911179045,0.14480379274813795,0.1396355911179045,0.11718028848597152,0.07381729510999846,0,1.094611406326294,0.04766035079956055
HH_0.01_covariance_0_1,DD2T,0,1,DT,0.3675290148852462,0.1396355911179045,0.14480379274813795,0.1396355911179045,0.11718028848597152,0.07381729510999846,0,1.0899224281311035,0.0625145435333252
HH_0.01_covariance_0_1,DD2T,0,2,DT,0.3675290148852462,0.1396355911179045,0.14480379274813795,0.1396355911179045,0.11718028848597152,0.07381729510999846,0,1.1029553413391113,0.06351161003112793
HH_0.01_covariance_0_1,DD2T,0,3,DT,0.3675290148852462,0.1396355911179045,0.14480379274813795,0.1396355911179045,0.11718028848597152,0.07381729510999846,0,1.0919466018676758,0.06308579444885254
HH_0.01_covariance_0_1,DD2T,0,4,DT,0.3675290148852462,0.1396355911179045,0.14480379274813795,0.1396355911179045,0.11718028848597152,0.07381729510999846,0,1.1257297992706299,0.04758095741271973
