Feature,Dataset,T,CV,ML,Acc,b_Acc,Prec,Rec,F1,kap,ROC,tra-T,test-T
HpHp_0.01_weight_0,DD1T,0,0,DT,0.28417299770098847,0.2858369706100486,0.26673958633758627,0.2858369706100486,0.25686993879576064,0.12603049739130445,0,1.2558579444885254,0.04583382606506348
HpHp_0.01_weight_0,DD1T,0,1,DT,0.28417299770098847,0.2858369706100486,0.26673958633758627,0.2858369706100486,0.25686993879576064,0.12603049739130445,0,1.3125786781311035,0.04896807670593262
HpHp_0.01_weight_0,DD1T,0,2,DT,0.28417299770098847,0.2858369706100486,0.26673958633758627,0.2858369706100486,0.25686993879576064,0.12603049739130445,0,1.3219218254089355,0.04898381233215332
HpHp_0.01_weight_0,DD1T,0,3,DT,0.28417299770098847,0.2858369706100486,0.26673958633758627,0.2858369706100486,0.25686993879576064,0.12603049739130445,0,1.31058669090271,0.06309986114501953
HpHp_0.01_weight_0,DD1T,0,4,DT,0.28417299770098847,0.2858369706100486,0.26673958633758627,0.2858369706100486,0.25686993879576064,0.12603049739130445,0,1.3388116359710693,0.03935122489929199
