Feature,Dataset,T,CV,ML,Acc,b_Acc,Prec,Rec,F1,kap,ROC,tra-T,test-T
HH_5_std_0,DD2,0,0,DT,0.4095070942530302,0.19561025579990987,0.19543152085308402,0.19561025579990987,0.14515463042802884,0.18868614960667085,0,1.3332819938659668,0.07113933563232422
HH_5_std_0,DD2,0,1,DT,0.4095070942530302,0.19561025579990987,0.19543152085308402,0.19561025579990987,0.14515463042802884,0.18868614960667085,0,1.3376977443695068,0.05742025375366211
HH_5_std_0,DD2,0,2,DT,0.4095070942530302,0.19561025579990987,0.19543152085308402,0.19561025579990987,0.14515463042802884,0.18868614960667085,0,1.3616433143615723,0.0636289119720459
HH_5_std_0,DD2,0,3,DT,0.4095070942530302,0.19561025579990987,0.19543152085308402,0.19561025579990987,0.14515463042802884,0.18868614960667085,0,1.2700188159942627,0.05413341522216797
HH_5_std_0,DD2,0,4,DT,0.4095070942530302,0.19561025579990987,0.19543152085308402,0.19561025579990987,0.14515463042802884,0.18868614960667085,0,1.3684489727020264,0.0642704963684082
