Feature,Dataset,T,CV,ML,Acc,b_Acc,Prec,Rec,F1,kap,ROC,tra-T,test-T
HpHp_5_radius_0_1,DD1T,0,0,DT,0.21341128966378414,0.1526639913152054,0.18680917870716487,0.1526639913152054,0.10611261209118071,0.03520248607864229,0,1.0515475273132324,0.02247142791748047
HpHp_5_radius_0_1,DD1T,0,1,DT,0.21341128966378414,0.1526639913152054,0.18680917870716487,0.1526639913152054,0.10611261209118071,0.03520248607864229,0,1.0791614055633545,0.03503274917602539
HpHp_5_radius_0_1,DD1T,0,2,DT,0.21341128966378414,0.1526639913152054,0.18680917870716487,0.1526639913152054,0.10611261209118071,0.03520248607864229,0,1.123425006866455,0.014050483703613281
HpHp_5_radius_0_1,DD1T,0,3,DT,0.21341128966378414,0.1526639913152054,0.18680917870716487,0.1526639913152054,0.10611261209118071,0.03520248607864229,0,1.1423251628875732,0.026552200317382812
HpHp_5_radius_0_1,DD1T,0,4,DT,0.21341128966378414,0.1526639913152054,0.18680917870716487,0.1526639913152054,0.10611261209118071,0.03520248607864229,0,1.071768045425415,0.01557612419128418
