Feature,Dataset,T,CV,ML,Acc,b_Acc,Prec,Rec,F1,kap,ROC,tra-T,test-T
HH_5_mean_0,DD2,0,0,DT,0.5644787513205876,0.3822309650047109,0.3597416241250359,0.3822309650047109,0.3221783120069967,0.37551870725772885,0,1.0480196475982666,0.04825329780578613
HH_5_mean_0,DD2,0,1,DT,0.5644787513205876,0.3822309650047109,0.3597416241250359,0.3822309650047109,0.3221783120069967,0.37551870725772885,0,1.013988733291626,0.06417608261108398
HH_5_mean_0,DD2,0,2,DT,0.5644787513205876,0.3822309650047109,0.3597416241250359,0.3822309650047109,0.3221783120069967,0.37551870725772885,0,1.0576863288879395,0.04736137390136719
HH_5_mean_0,DD2,0,3,DT,0.5644787513205876,0.3822309650047109,0.3597416241250359,0.3822309650047109,0.3221783120069967,0.37551870725772885,0,1.0126984119415283,0.043189048767089844
HH_5_mean_0,DD2,0,4,DT,0.5644787513205876,0.3822309650047109,0.3597416241250359,0.3822309650047109,0.3221783120069967,0.37551870725772885,0,1.005190372467041,0.04787921905517578
