Feature,Dataset,T,CV,ML,Acc,b_Acc,Prec,Rec,F1,kap,ROC,tra-T,test-T
HH_5_mean_0,DD2T,0,0,DT,0.43983612101700864,0.3687266514733191,0.3144019388385812,0.3687266514733191,0.29179024680584126,0.27230911126505486,0,0.8616225719451904,0.048152923583984375
HH_5_mean_0,DD2T,0,1,DT,0.43983612101700864,0.3687266514733191,0.3144019388385812,0.3687266514733191,0.29179024680584126,0.27230911126505486,0,0.8798620700836182,0.047471046447753906
HH_5_mean_0,DD2T,0,2,DT,0.43983612101700864,0.3687266514733191,0.3144019388385812,0.3687266514733191,0.29179024680584126,0.27230911126505486,0,0.8803026676177979,0.047362565994262695
HH_5_mean_0,DD2T,0,3,DT,0.43983612101700864,0.3687266514733191,0.3144019388385812,0.3687266514733191,0.29179024680584126,0.27230911126505486,0,0.8659303188323975,0.04732370376586914
HH_5_mean_0,DD2T,0,4,DT,0.43983612101700864,0.3687266514733191,0.3144019388385812,0.3687266514733191,0.29179024680584126,0.27230911126505486,0,0.864797830581665,0.04694342613220215
