Feature,Dataset,T,CV,ML,Acc,b_Acc,Prec,Rec,F1,kap,ROC,tra-T,test-T
HH_3_magnitude_0_1,DD1T,0,0,DT,0.35110107481707103,0.2967442680973384,0.3324988462563583,0.2967442680973384,0.27256806994489396,0.19525698504070688,0,2.3148045539855957,0.051546573638916016
HH_3_magnitude_0_1,DD1T,0,1,DT,0.35110107481707103,0.2967442680973384,0.3324988462563583,0.2967442680973384,0.27256806994489396,0.19525698504070688,0,2.2993996143341064,0.04852032661437988
HH_3_magnitude_0_1,DD1T,0,2,DT,0.35110107481707103,0.2967442680973384,0.3324988462563583,0.2967442680973384,0.27256806994489396,0.19525698504070688,0,2.5348846912384033,0.08002233505249023
HH_3_magnitude_0_1,DD1T,0,3,DT,0.35110107481707103,0.2967442680973384,0.3324988462563583,0.2967442680973384,0.27256806994489396,0.19525698504070688,0,2.485792636871338,0.0626227855682373
HH_3_magnitude_0_1,DD1T,0,4,DT,0.35110107481707103,0.2967442680973384,0.3324988462563583,0.2967442680973384,0.27256806994489396,0.19525698504070688,0,2.570542573928833,0.047443389892578125
