Feature,Dataset,T,CV,ML,Acc,b_Acc,Prec,Rec,F1,kap,ROC,tra-T,test-T
HH_jit_5_mean,DD2,0,0,DT,0.42195185677447206,0.24754898220029684,0.27743806481143723,0.24754898220029684,0.22024761939810888,0.20754813537543593,0,1.8308906555175781,0.06518316268920898
HH_jit_5_mean,DD2,0,1,DT,0.42195185677447206,0.24754898220029684,0.27743806481143723,0.24754898220029684,0.22024761939810888,0.20754813537543593,0,1.8729088306427002,0.057874441146850586
HH_jit_5_mean,DD2,0,2,DT,0.42195185677447206,0.24754898220029684,0.27743806481143723,0.24754898220029684,0.22024761939810888,0.20754813537543593,0,1.9623336791992188,0.07848715782165527
HH_jit_5_mean,DD2,0,3,DT,0.42195185677447206,0.24754898220029684,0.27743806481143723,0.24754898220029684,0.22024761939810888,0.20754813537543593,0,1.5942935943603516,0.07457876205444336
HH_jit_5_mean,DD2,0,4,DT,0.42195185677447206,0.24754898220029684,0.27743806481143723,0.24754898220029684,0.22024761939810888,0.20754813537543593,0,2.133857250213623,0.07400846481323242
