Feature,Dataset,T,CV,ML,Acc,b_Acc,Prec,Rec,F1,kap,ROC,tra-T,test-T
HH_1_mean_0,DD2T,0,0,DT,0.42380783177145986,0.3190278170989274,0.26149365044564704,0.3190278170989274,0.2507331875213909,0.23621991050920388,0,1.0522079467773438,0.07867026329040527
HH_1_mean_0,DD2T,0,1,DT,0.42380783177145986,0.3190278170989274,0.26149365044564704,0.3190278170989274,0.2507331875213909,0.23621991050920388,0,0.83815598487854,0.06484770774841309
HH_1_mean_0,DD2T,0,2,DT,0.42380783177145986,0.3190278170989274,0.26149365044564704,0.3190278170989274,0.2507331875213909,0.23621991050920388,0,1.0227611064910889,0.07861495018005371
HH_1_mean_0,DD2T,0,3,DT,0.42380783177145986,0.3190278170989274,0.26149365044564704,0.3190278170989274,0.2507331875213909,0.23621991050920388,0,1.0709974765777588,0.07825469970703125
HH_1_mean_0,DD2T,0,4,DT,0.42380783177145986,0.3190278170989274,0.26149365044564704,0.3190278170989274,0.2507331875213909,0.23621991050920388,0,1.0723564624786377,0.07825517654418945
