Feature,Dataset,T,CV,ML,Acc,b_Acc,Prec,Rec,F1,kap,ROC,tra-T,test-T
HH_jit_0.01_mean,DD2,0,0,DT,0.3029967397107771,0.28183359278793335,0.2768256288697653,0.28183359278793335,0.21157279930997855,0.15298327421597924,0,2.5803475379943848,0.0666799545288086
HH_jit_0.01_mean,DD2,0,1,DT,0.3029967397107771,0.28183359278793335,0.2768256288697653,0.28183359278793335,0.21157279930997855,0.15298327421597924,0,2.4842522144317627,0.06336760520935059
HH_jit_0.01_mean,DD2,0,2,DT,0.3029967397107771,0.28183359278793335,0.2768256288697653,0.28183359278793335,0.21157279930997855,0.15298327421597924,0,2.4191935062408447,0.0783395767211914
HH_jit_0.01_mean,DD2,0,3,DT,0.3029967397107771,0.28183359278793335,0.2768256288697653,0.28183359278793335,0.21157279930997855,0.15298327421597924,0,2.353689193725586,0.06237530708312988
HH_jit_0.01_mean,DD2,0,4,DT,0.3029967397107771,0.28183359278793335,0.2768256288697653,0.28183359278793335,0.21157279930997855,0.15298327421597924,0,2.4730637073516846,0.06647682189941406
