Feature,Dataset,T,CV,ML,Acc,b_Acc,Prec,Rec,F1,kap,ROC,tra-T,test-T
MI_dir_5_weight,DD1,0,0,DT,0.24713405573272335,0.14516758928659354,0.11340971866884388,0.14516758928659354,0.08129664553411645,0.06973837454134257,0,9.273855686187744,0.09444427490234375
MI_dir_5_weight,DD1,0,1,DT,0.24713405573272335,0.14516758928659354,0.11340971866884388,0.14516758928659354,0.08129664553411645,0.06973837454134257,0,8.950393199920654,0.10097527503967285
MI_dir_5_weight,DD1,0,2,DT,0.24713405573272335,0.14516758928659354,0.11340971866884388,0.14516758928659354,0.08129664553411645,0.06973837454134257,0,9.4829843044281,0.10823726654052734
MI_dir_5_weight,DD1,0,3,DT,0.24713405573272335,0.14516758928659354,0.11340971866884388,0.14516758928659354,0.08129664553411645,0.06973837454134257,0,9.351447582244873,0.10314130783081055
MI_dir_5_weight,DD1,0,4,DT,0.24713405573272335,0.14516758928659354,0.11340971866884388,0.14516758928659354,0.08129664553411645,0.06973837454134257,0,9.247430562973022,0.10436582565307617
