Feature,Dataset,T,CV,ML,Acc,b_Acc,Prec,Rec,F1,kap,ROC,tra-T,test-T
Idle Min,CS2D1,1,0,DT,0.818203942565101,0.3860162709855823,0.5067394681155964,0.3860162709855823,0.41559459597874593,0.7130453268873879,0,0.03322744369506836,0.0
Idle Min,CS2D1,2,0,DT,0.8155268921878802,0.41475105762154013,0.6315817791521806,0.41475105762154013,0.45161952958708423,0.7158297651118676,0,0.029391050338745117,0.0
Idle Min,CS2D1,3,0,DT,0.7999513263567778,0.39583891966786844,0.5323232623327988,0.39583891966786844,0.42449822480383853,0.6904319721197971,0,0.024074792861938477,0.0
Idle Min,CS2D1,4,0,DT,0.813777994157741,0.4203394156337443,0.610482225138604,0.4203394156337443,0.4554358489756869,0.7139702516756334,0,0.027051210403442383,0.001012563705444336
Idle Min,CS2D1,5,0,DT,0.804284323271665,0.3917557705339209,0.5199375539180129,0.3917557705339209,0.4187809353952898,0.6991760940396221,0,0.02927255630493164,0.0
