Feature,Dataset,T,CV,ML,Acc,b_Acc,Prec,Rec,F1,kap,ROC,tra-T,test-T
Active Min,CS2D2,2,0,DT,0.7741209563994375,0.290336419184054,0.3703128183704705,0.290336419184054,0.30941754228820534,0.48949287012354836,0,0.009402990341186523,0.0
Active Min,CS2D2,3,0,DT,0.7850914205344585,0.3047600929248289,0.40761174022848157,0.3047600929248289,0.3319377742135674,0.4945322978641913,0,0.005504608154296875,0.0
Active Min,CS2D2,4,0,DT,0.7831223628691983,0.30494366199696105,0.4498781073303588,0.30494366199696105,0.33490321778595006,0.4972030606921338,0,0.006381034851074219,0.0015325546264648438
