Feature,Dataset,T,CV,ML,Acc,b_Acc,Prec,Rec,F1,kap,ROC,tra-T,test-T
Fwd Header Len,CS1D1,1,0,DT,0.7245197004233149,0.48245896651277115,0.6083428856952039,0.48245896651277115,0.49626582678685316,0.6150200597904003,0,0.00572514533996582,0.0
Fwd Header Len,CS1D1,3,0,DT,0.7117263843648208,0.4586451661453155,0.5476160034038017,0.4586451661453155,0.46671529624356695,0.5999484060882583,0,0.0,0.0052869319915771484
Fwd Header Len,CS1D1,4,0,DT,0.7120521172638437,0.4569106641481255,0.499147546628211,0.4569106641481255,0.4431671705255001,0.6009083926617425,0,0.0,0.0
Fwd Header Len,CS1D1,5,0,DT,0.7247557003257329,0.4734745833264917,0.568890807270752,0.4734745833264917,0.48566319614974934,0.6128544587066147,0,0.0,0.0
