Feature,Dataset,T,CV,ML,Acc,b_Acc,Prec,Rec,F1,kap,ROC,tra-T,test-T
Bwd IAT Min,CS1D1,2,0,DT,0.574405731032237,0.297111258833021,0.4560232010274008,0.297111258833021,0.33135246459247797,0.35392658341867067,0,0.01921987533569336,0.0015444755554199219
Bwd IAT Min,CS1D1,3,0,DT,0.5540716612377851,0.28111990109441826,0.4166513022647804,0.28111990109441826,0.31084966220901117,0.32834222787171286,0,0.012210845947265625,0.0
Bwd IAT Min,CS1D1,4,0,DT,0.5771986970684039,0.2979922873103961,0.4230950771389745,0.2979922873103961,0.3288605391920435,0.3575048966779981,0,0.016736984252929688,0.0
