Feature,Dataset,T,CV,ML,Acc,b_Acc,Prec,Rec,F1,kap,ROC,tra-T,test-T
Fwd PSH Flags,CS2D2,1,0,DT,0.6610407876230661,0.08333333333333333,0.055086732301922174,0.08333333333333333,0.06632797064634491,0.0,0,0.0010149478912353516,0.0
Fwd PSH Flags,CS2D2,2,0,DT,0.6703234880450071,0.08333333333333333,0.055860290670417256,0.08333333333333333,0.0668855955989671,0.0,0,0.001180887222290039,0.0
Fwd PSH Flags,CS2D2,4,0,DT,0.6787623066104079,0.08333333333333333,0.05656352555086733,0.08333333333333333,0.06738717605004468,0.0,0,0.0019261837005615234,0.0
Fwd PSH Flags,CS2D2,5,0,DT,0.6635724331926863,0.08333333333333333,0.055297702766057194,0.08333333333333333,0.06648066734302784,0.0,0,0.0027060508728027344,0.0
