Feature,Dataset,T,CV,ML,Acc,b_Acc,Prec,Rec,F1,kap,ROC,tra-T,test-T
Src Port,CS1D2,1,0,DT,0.8686818632309217,0.7327063800245267,0.7657476577416512,0.7327063800245267,0.7290719284873918,0.8252110299726951,0,0.029630184173583984,0.0005540847778320312
Src Port,CS1D2,2,0,DT,0.8572844400396432,0.6413671371745412,0.6790736059317881,0.6413671371745412,0.645536060244874,0.8083983946165456,0,0.010906457901000977,0.0
Src Port,CS1D2,3,0,DT,0.8622398414271556,0.7575166148144765,0.7781531463795585,0.7575166148144765,0.7584951648865951,0.8184393141780084,0,0.0028917789459228516,0.0
Src Port,CS1D2,4,0,DT,0.8448959365708623,0.6908262551878144,0.7653812830354076,0.6908262551878144,0.7036145317885447,0.7945265549397178,0,0.00937199592590332,0.0
Src Port,CS1D2,5,0,DT,0.8542389687654933,0.6718557401251278,0.6780377428794746,0.6718557401251278,0.6588893696853996,0.8079932081820425,0,0.018004179000854492,0.00035190582275390625
