Feature,Dataset,T,CV,ML,Acc,b_Acc,Prec,Rec,F1,kap,ROC,tra-T,test-T
Fwd IAT Min,CS1D2,1,0,DT,0.6704658077304262,0.4429330416038268,0.4947832581391329,0.4429330416038268,0.4469893581980217,0.5703445292782172,0,0.030276060104370117,0.0
Fwd IAT Min,CS1D2,2,0,DT,0.6838453914767096,0.4721990674953469,0.44020521807486074,0.4721990674953469,0.4155098897849758,0.5927100037044079,0,0.02406787872314453,0.0
Fwd IAT Min,CS1D2,3,0,DT,0.6947472745292369,0.4509888552721977,0.5323192401183738,0.4509888552721977,0.46128143937502,0.5998146980263537,0,0.015626192092895508,0.0
Fwd IAT Min,CS1D2,5,0,DT,0.6757560733763014,0.3937124361293154,0.42406204794120544,0.3937124361293154,0.39231175988961864,0.5831618783023724,0,0.018087387084960938,0.0
