Feature,Dataset,T,CV,ML,Acc,b_Acc,Prec,Rec,F1,kap,ROC,tra-T,test-T
ECE Flag Cnt,CS1D1,1,0,DT,0.42331488114620647,0.08333333333333333,0.035276240095517206,0.08333333333333333,0.049569129871120256,0.0,0,0.0,0.0
ECE Flag Cnt,CS1D1,2,0,DT,0.4448062520351677,0.08333333333333333,0.03706718766959731,0.08333333333333333,0.051310945834272405,0.0,0,0.0,0.012361288070678711
ECE Flag Cnt,CS1D1,3,0,DT,0.41889250814332246,0.08333333333333333,0.03490770901194354,0.08333333333333333,0.04920416284052648,0.0,0,0.0,0.0
ECE Flag Cnt,CS1D1,4,0,DT,0.43289902280130294,0.08333333333333333,0.03607491856677524,0.08333333333333333,0.05035235280745624,0.0,0,0.006094217300415039,0.0
ECE Flag Cnt,CS1D1,5,0,DT,0.41563517915309445,0.08333333333333333,0.03463626492942454,0.08333333333333333,0.04893388556527075,0.0,0,0.0,0.0
