Feature,Dataset,T,CV,ML,Acc,b_Acc,Prec,Rec,F1,kap,ROC,tra-T,test-T
URG Flag Cnt,CS2D1,1,0,DT,0.47189097103918226,0.08333333333333333,0.03932424758659852,0.08333333333333333,0.05343364197530864,0.0,0,0.00281524658203125,0.0
URG Flag Cnt,CS2D1,2,0,DT,0.4604526648819664,0.08333333333333333,0.038371055406830536,0.08333333333333333,0.05254679775592957,0.0,0,0.001691579818725586,0.0010409355163574219
URG Flag Cnt,CS2D1,4,0,DT,0.4605647517039922,0.08333333333333333,0.03838039597533268,0.08333333333333333,0.05255555555555556,0.0,0,0.0011053085327148438,0.0
URG Flag Cnt,CS2D1,5,0,DT,0.47127555988315484,0.08333333333333333,0.039272963323596234,0.08333333333333333,0.053386278402823735,0.0,0,0.0009942054748535156,0.0
