Feature,Dataset,T,CV,ML,Acc,b_Acc,Prec,Rec,F1,kap,ROC,tra-T,test-T
Active Max,CS1D2,1,0,DT,0.5872150644202181,0.24720866549622691,0.2898865830907898,0.24720866549622691,0.25292851473260985,0.36401483995892747,0,0.006984710693359375,0.0
Active Max,CS1D2,2,0,DT,0.5773042616451932,0.2805901833184486,0.3776465169902606,0.2805901833184486,0.29664922343495953,0.35884202598520976,0,0.010172843933105469,0.0
Active Max,CS1D2,3,0,DT,0.5882061446977205,0.2578390160970044,0.33985278094222005,0.2578390160970044,0.2678410380317058,0.36899390952869393,0,0.007325887680053711,0.005262851715087891
Active Max,CS1D2,4,0,DT,0.5723488602576808,0.25626695366636515,0.39813206663977024,0.25626695366636515,0.27468386549013113,0.3439403345820137,0,0.00978708267211914,0.0
