Feature,Dataset,T,CV,ML,Acc,b_Acc,Prec,Rec,F1,kap,ROC,tra-T,test-T
RST Flag Cnt,CS1D1,1,0,DT,0.4448062520351677,0.0900900900900901,0.08704609697760383,0.0900900900900901,0.06319549720994742,0.0030166237044206845,0,0.0,0.0
RST Flag Cnt,CS1D1,2,0,DT,0.42722240312601756,0.08730158730158731,0.0564737729894439,0.08730158730158731,0.05659425261071727,0.003005809151605643,0,0.0,0.0
RST Flag Cnt,CS1D1,3,0,DT,0.4319218241042345,0.08333333333333333,0.03613472858077175,0.08333333333333333,0.05041058394160584,0.002847262471113776,0,0.0,0.0
RST Flag Cnt,CS1D1,4,0,DT,0.41107491856677525,0.08641975308641975,0.044797806155861174,0.08641975308641975,0.05344062520696735,0.004561696242249669,0,0.0,0.0
RST Flag Cnt,CS1D1,5,0,DT,0.4241042345276873,0.0916024653312789,0.07321168533983179,0.0916024653312789,0.063274850720717,0.004768813048153353,0,0.0,0.0
