Feature,Dataset,T,CV,ML,Acc,b_Acc,Prec,Rec,F1,kap,ROC,tra-T,test-T
Bwd Pkt Len Mean,CS1D1,1,0,DT,0.7860631716053402,0.5643205765733196,0.6196516502417359,0.5643205765733196,0.5256822982690487,0.7131724230579777,0,0.015620231628417969,0.0
Bwd Pkt Len Mean,CS1D1,2,0,DT,0.800716379029632,0.5940102676567477,0.6788900776509621,0.5940102676567477,0.5641206155803634,0.7312189542455618,0,0.0031669139862060547,0.0
Bwd Pkt Len Mean,CS1D1,3,0,DT,0.8048859934853421,0.6284568747748142,0.691549663605703,0.6284568747748142,0.6380361816086616,0.7402230296318062,0,0.0061185359954833984,0.0
Bwd Pkt Len Mean,CS1D1,4,0,DT,0.7931596091205212,0.5105215337339616,0.5639213917278014,0.5105215337339616,0.5143869578739476,0.7214710932586418,0,0.015722036361694336,0.0
Bwd Pkt Len Mean,CS1D1,5,0,DT,0.8153094462540716,0.6098979936338582,0.7622033773567157,0.6098979936338582,0.6037558018216795,0.7506974481967746,0,0.0,0.0
