Feature,Dataset,T,CV,ML,Acc,b_Acc,Prec,Rec,F1,kap,ROC,tra-T,test-T
HpHp_0.1_magnitude_0_1,CS2D1,1,0,DT,0.7675200136992166,0.5952511318126213,0.6662479168236158,0.5952511318126213,0.5830755311020611,0.6675037329638127,0,0.5249452590942383,0.007934093475341797
HpHp_0.1_magnitude_0_1,CS2D1,2,0,DT,0.7673273684661158,0.6007303640029584,0.6723659255656774,0.6007303640029584,0.5870167778434321,0.6681133225529818,0,0.475208044052124,0.010922670364379883
HpHp_0.1_magnitude_0_1,CS2D1,3,0,DT,0.7674080099321446,0.6134530310113397,0.6664389859252959,0.6134530310113397,0.5958702128921468,0.6687054837426083,0,0.49466943740844727,0.008723020553588867
HpHp_0.1_magnitude_0_1,CS2D1,4,0,DT,0.7671725496072094,0.5878789195691076,0.6819768622082254,0.5878789195691076,0.5992565484486491,0.6681381107087527,0,0.4955003261566162,0.009651660919189453
HpHp_0.1_magnitude_0_1,CS2D1,5,0,DT,0.7672367660594644,0.5964226177875739,0.6486833568719292,0.5964226177875739,0.5951323981215549,0.6673777544869174,0,0.5228796005249023,0.006344795227050781
