Feature,Dataset,T,CV,ML,Acc,b_Acc,Prec,Rec,F1,kap,ROC,tra-T,test-T
HpHp_3_radius_0_1,CS2D2,1,0,DT,0.7616082012923047,0.21959369279357366,0.4454295479826523,0.21959369279357366,0.2511229111732785,0.1958972934708616,0,1.0468051433563232,0.01795792579650879
HpHp_3_radius_0_1,CS2D2,2,0,DT,0.7649474896899471,0.2154486652537012,0.4058232660807075,0.2154486652537012,0.24147897767963625,0.19323925272051745,0,0.9262039661407471,0.011565208435058594
HpHp_3_radius_0_1,CS2D2,3,0,DT,0.7649975790159117,0.20597811926949616,0.3944693594917022,0.20597811926949616,0.22853409909541286,0.19400935147246712,0,1.163055658340454,0.008935928344726562
HpHp_3_radius_0_1,CS2D2,4,0,DT,0.765965972651228,0.21729016302242446,0.40382994490365287,0.21729016302242446,0.2434795596720503,0.19977764418966282,0,1.04362154006958,0.014712333679199219
HpHp_3_radius_0_1,CS2D2,5,0,DT,0.7623261482977978,0.19784464016801206,0.37855893714402783,0.19784464016801206,0.22081768163436968,0.19136862004223198,0,1.046426773071289,0.011474609375
