Feature,Dataset,T,CV,ML,Acc,b_Acc,Prec,Rec,F1,kap,ROC,tra-T,test-T
HH_5_mean_0,CS2D2,1,0,DT,0.8555089910340107,0.5222578952694418,0.507262376244446,0.5222578952694418,0.4981046278404417,0.6658780394106787,0,1.3485443592071533,0.019917011260986328
HH_5_mean_0,CS2D2,2,0,DT,0.8565441704372798,0.517537316421411,0.5059613540130434,0.517537316421411,0.4956861892927378,0.6644641800111362,0,1.2479829788208008,0.015622615814208984
HH_5_mean_0,CS2D2,3,0,DT,0.8543402400948358,0.5294908213273759,0.5182386081515545,0.5294908213273759,0.5074465138750118,0.6624600707691128,0,1.326700210571289,0.01575636863708496
HH_5_mean_0,CS2D2,4,0,DT,0.8555089910340107,0.5454393160049412,0.5298641938795083,0.5454393160049412,0.5215179485253277,0.6647191698503561,0,1.2465367317199707,0.0016193389892578125
HH_5_mean_0,CS2D2,5,0,DT,0.8558596163157631,0.504693723042613,0.48744617686563124,0.504693723042613,0.48127109427160936,0.6638073640553612,0,1.3105559349060059,0.021747589111328125
