Feature,Dataset,T,CV,ML,Acc,b_Acc,Prec,Rec,F1,kap,ROC,tra-T,test-T
HH_5_mean_0,CS1D2,1,0,DT,0.7972850164716574,0.528653004094935,0.5482258695165495,0.528653004094935,0.5207860358185464,0.6635236531875668,0,0.5660538673400879,0.015636205673217773
HH_5_mean_0,CS1D2,2,0,DT,0.7978530046575031,0.5378189631435942,0.5354678414431026,0.5378189631435942,0.522220336043666,0.6627293932047761,0,0.6761529445648193,0.0
HH_5_mean_0,CS1D2,3,0,DT,0.7962342383278428,0.536247415156553,0.5614243279857069,0.536247415156553,0.5326143506010316,0.662953111706395,0,0.6471021175384521,0.015622377395629883
HH_5_mean_0,CS1D2,4,0,DT,0.7999488796114851,0.535026396020683,0.5599723956552182,0.535026396020683,0.5289021931432166,0.6673109767735372,0,0.6605532169342041,0.0
HH_5_mean_0,CS1D2,5,0,DT,0.7977904632075203,0.5402450292450837,0.5514550500440265,0.5402450292450837,0.5309417749173916,0.6652928612232654,0,0.5979113578796387,0.0
