Feature,Dataset,T,CV,ML,Acc,b_Acc,Prec,Rec,F1,kap,ROC,tra-T,test-T
MI_dir_5_weight,CS2D1,1,0,DT,0.4427843657690826,0.17548868688101305,0.2294422074323731,0.17548868688101305,0.18576728615475235,0.15872443562114447,0,0.7532989978790283,0.0
MI_dir_5_weight,CS2D1,2,0,DT,0.44308403613168373,0.1778299748397586,0.23306399326330693,0.1778299748397586,0.1883193660071658,0.15955222023335458,0,0.7056665420532227,0.015624284744262695
MI_dir_5_weight,CS2D1,3,0,DT,0.4372070124365863,0.17634035058540276,0.23094704469946606,0.17634035058540276,0.18593645108058418,0.15366185412834388,0,0.7753458023071289,0.015628814697265625
MI_dir_5_weight,CS2D1,4,0,DT,0.4421944902283965,0.17804483879180563,0.232003388184163,0.17804483879180563,0.187719171637565,0.15833273493915312,0,0.7539496421813965,0.02833700180053711
MI_dir_5_weight,CS2D1,5,0,DT,0.4412312434445705,0.17981199824183103,0.24748644012997753,0.17981199824183103,0.19371335074008847,0.15805574094238217,0,0.7868621349334717,0.015643835067749023
