Feature,Dataset,T,CV,ML,Acc,b_Acc,Prec,Rec,F1,kap,ROC,tra-T,test-T
HH_jit_3_weight,CS2D1,1,0,DT,0.49582601994948416,0.19773195981456868,0.2978055814304779,0.19773195981456868,0.20243216853083768,0.21891292997466338,0,0.5352380275726318,0.0
HH_jit_3_weight,CS2D1,2,0,DT,0.4908386489147652,0.20344041124838305,0.3294915916347705,0.20344041124838305,0.21488089118369538,0.21311239142078597,0,0.5255465507507324,0.009605884552001953
HH_jit_3_weight,CS2D1,3,0,DT,0.4903354239356123,0.1969176962856197,0.31475048595740573,0.1969176962856197,0.20378479956672801,0.21522879841933273,0,0.5035843849182129,0.015636444091796875
HH_jit_3_weight,CS2D1,4,0,DT,0.48650384228439325,0.17961381498058557,0.2815768638289845,0.17961381498058557,0.1804862816388265,0.20799428450846902,0,0.5073339939117432,0.015624284744262695
HH_jit_3_weight,CS2D1,5,0,DT,0.4895006100562964,0.19016650592644133,0.30414586304996927,0.19016650592644133,0.19499013209518737,0.21540138105189688,0,0.5299820899963379,0.01052093505859375
