Feature,Dataset,T,CV,ML,Acc,b_Acc,Prec,Rec,F1,kap,ROC,tra-T,test-T
MI_dir_5_mean,CS1D2,1,0,DT,0.7968306259229808,0.5514136683948024,0.5501878547870195,0.5514136683948024,0.5376339038778318,0.6604176206805911,0,0.6924629211425781,0.015630722045898438
MI_dir_5_mean,CS1D2,2,0,DT,0.7960922412813813,0.5229249900757544,0.5478367873489217,0.5229249900757544,0.5169119091408514,0.6601160439574906,0,0.6612277030944824,0.0
MI_dir_5_mean,CS1D2,3,0,DT,0.7969442235601499,0.534550268502204,0.5588764619625589,0.534550268502204,0.5285366660914053,0.6628855262961978,0,0.6611764430999756,0.01562976837158203
MI_dir_5_mean,CS1D2,4,0,DT,0.7977336627758371,0.5485942367257016,0.5461502135103107,0.5485942367257016,0.5331581970401753,0.664994830093286,0,0.6298010349273682,0.015735149383544922
MI_dir_5_mean,CS1D2,5,0,DT,0.7956320468035557,0.5285386493984271,0.5389962925112473,0.5285386493984271,0.5171429134365423,0.6631059127437935,0,0.6927077770233154,0.0
