Feature,Dataset,T,CV,ML,Acc,b_Acc,Prec,Rec,F1,kap,ROC,tra-T,test-T
HH_0.1_weight_0,CS1D1,1,0,DT,0.4529408332360836,0.29983680167310567,0.30605953056731955,0.29983680167310567,0.30250373385259094,0.2864611771572225,0,2.122802495956421,0.03125643730163574
HH_0.1_weight_0,CS1D1,2,0,DT,0.4576963472984012,0.31282341585109436,0.3058956096690087,0.31282341585109436,0.30880959782365264,0.2928373973519076,0,2.2643799781799316,0.015607833862304688
HH_0.1_weight_0,CS1D1,3,0,DT,0.460497140856576,0.3060481570049611,0.3138582602905496,0.3060481570049611,0.30932704387206295,0.29668231551025515,0,1.7307302951812744,0.015740394592285156
HH_0.1_weight_0,CS1D1,4,0,DT,0.4613566739606127,0.3044677723933841,0.30148383071562607,0.3044677723933841,0.30284882737431834,0.29705116193400694,0,2.3427867889404297,0.016126155853271484
HH_0.1_weight_0,CS1D1,5,0,DT,0.4611232676878191,0.29890635597666987,0.3048984763440097,0.29890635597666987,0.3014176892801694,0.2977011078403735,0,1.9020578861236572,0.0317533016204834
