Feature,Dataset,T,CV,ML,Acc,b_Acc,Prec,Rec,F1,kap,ROC,tra-T,test-T
HpHp_1_covariance_0_1,CS1D2,1,0,DT,0.6179427467908668,0.13641752694684642,0.1624877450283839,0.13641752694684642,0.1340322163136833,0.09306673467741866,0,0.5034439563751221,0.0
HpHp_1_covariance_0_1,CS1D2,2,0,DT,0.6108712938770874,0.1406921391781639,0.1801540166431296,0.1406921391781639,0.13952575723823,0.10205662505664692,0,0.535555362701416,0.006549835205078125
HpHp_1_covariance_0_1,CS1D2,3,0,DT,0.6150744064523458,0.1455828143600426,0.17115765174176437,0.1455828143600426,0.14367660802508633,0.10103671232480382,0,0.5093233585357666,0.015615463256835938
HpHp_1_covariance_0_1,CS1D2,4,0,DT,0.6164266848428048,0.146233387562006,0.16583412356484079,0.146233387562006,0.14504200092020256,0.10429253435992203,0,0.5208775997161865,0.0
HpHp_1_covariance_0_1,CS1D2,5,0,DT,0.6113430462071512,0.14221997942537615,0.16931588435475495,0.14221997942537615,0.14078674854016496,0.0977556737090498,0,0.49555301666259766,0.01869678497314453
