Feature,Dataset,T,CV,ML,Acc,b_Acc,Prec,Rec,F1,kap,ROC,tra-T,test-T
HpHp_0.01_mean_0,CS2D1,1,0,DT,0.7940836508412176,0.6197471006853591,0.7033409890175352,0.6197471006853591,0.6124554933075237,0.705857399222859,0,0.5977184772491455,0.009877204895019531
HpHp_0.01_mean_0,CS2D1,2,0,DT,0.7971873795967294,0.6495750648925444,0.7190992768539498,0.6495750648925444,0.6545769238725283,0.7101160271778278,0,0.5631141662597656,0.01037740707397461
HpHp_0.01_mean_0,CS2D1,3,0,DT,0.7938865937453176,0.6194160724778344,0.7053099483405161,0.6194160724778344,0.6316876543166917,0.7058075053059819,0,0.590355634689331,0.0067141056060791016
HpHp_0.01_mean_0,CS2D1,4,0,DT,0.7943789198792731,0.6205779809562942,0.689517047912164,0.6205779809562942,0.6275109128652525,0.7064008556933802,0,0.6177370548248291,0.013494491577148438
HpHp_0.01_mean_0,CS2D1,5,0,DT,0.7964552518355202,0.6509379848781608,0.7031140625561477,0.6509379848781608,0.630660491300875,0.7090610624938891,0,0.5996897220611572,0.010379791259765625
