Feature,Dataset,T,CV,ML,Acc,b_Acc,Prec,Rec,F1,kap,ROC,tra-T,test-T
HpHp_0.1_weight_0,CS2D1,1,0,DT,0.7051885782781797,0.48239676144741744,0.5010047078708629,0.48239676144741744,0.4910197372836686,0.5821330435440522,0,1.2447617053985596,0.02181077003479004
HpHp_0.1_weight_0,CS2D1,2,0,DT,0.7025129500406696,0.4758400006706452,0.5056088375912732,0.4758400006706452,0.48754722688339475,0.5776590366277271,0,1.3093223571777344,0.02073836326599121
HpHp_0.1_weight_0,CS2D1,3,0,DT,0.705139456728814,0.4668817598939951,0.49513552527395405,0.4668817598939951,0.47898469032368607,0.5821366592906834,0,1.2152636051177979,0.01932072639465332
HpHp_0.1_weight_0,CS2D1,4,0,DT,0.7029132863839715,0.47673231083283957,0.5075301305042692,0.47673231083283957,0.49035585584413727,0.5782609759610726,0,1.3010828495025635,0.022879838943481445
HpHp_0.1_weight_0,CS2D1,5,0,DT,0.7041762099449879,0.48517435562112676,0.5067802606948154,0.48517435562112676,0.49499432892255246,0.5808163887669368,0,1.2960445880889893,0.020631074905395508
