Feature,Dataset,T,CV,ML,Acc,b_Acc,Prec,Rec,F1,kap,ROC,tra-T,test-T
HH_3_radius_0_1,CS2D2,1,0,DT,0.7561317683201709,0.38029927716256884,0.39329111154139434,0.38029927716256884,0.3731827038275599,0.4286476630600178,0,1.761988639831543,0.023434877395629883
HH_3_radius_0_1,CS2D2,2,0,DT,0.757467483679228,0.38306466303787096,0.3921081454335924,0.38306466303787096,0.3746290334025113,0.43082375073189694,0,1.7818191051483154,0.02448582649230957
HH_3_radius_0_1,CS2D2,3,0,DT,0.755347035546725,0.3688039546451014,0.37210121542773483,0.3688039546451014,0.357821016246671,0.42760399103236646,0,1.8230164051055908,0.023975610733032227
HH_3_radius_0_1,CS2D2,4,0,DT,0.7535772126959744,0.3703677447851727,0.4032657201448282,0.3703677447851727,0.36441276632153224,0.4237854958559484,0,1.7235474586486816,0.025151968002319336
HH_3_radius_0_1,CS2D2,5,0,DT,0.7581687342427329,0.39144241853787887,0.4178158304646622,0.39144241853787887,0.38770636980048473,0.43536524490102746,0,1.844905138015747,0.024970293045043945
