Feature,Dataset,T,CV,ML,Acc,b_Acc,Prec,Rec,F1,kap,ROC,tra-T,test-T
MI_dir_0.1_std,CS1D1,1,0,DT,0.5299918310187887,0.37881527985045094,0.39578268624587615,0.37881527985045094,0.3860990838213419,0.3876179940500949,0,1.0693111419677734,0.0237274169921875
MI_dir_0.1_std,CS1D1,2,0,DT,0.533842922161279,0.39132567965882875,0.39464674271748207,0.39132567965882875,0.39288528889755314,0.389586269637331,0,1.0975236892700195,0.015633821487426758
MI_dir_0.1_std,CS1D1,3,0,DT,0.5288248337028825,0.3640679272300522,0.37582949590277287,0.3640679272300522,0.3693399647065132,0.38610395481616944,0,1.0919432640075684,0.015064477920532227
MI_dir_0.1_std,CS1D1,4,0,DT,0.5309992706053975,0.37755887516336945,0.3880421029812659,0.37755887516336945,0.38234963217140744,0.3885574411778626,0,1.110105037689209,0.01562786102294922
MI_dir_0.1_std,CS1D1,5,0,DT,0.5343836615609044,0.3872506756394454,0.39951466437902666,0.3872506756394454,0.3924313310730411,0.3939580731099558,0,1.08420729637146,0.01405024528503418
