Feature,Dataset,T,CV,ML,Acc,b_Acc,Prec,Rec,F1,kap,ROC,tra-T,test-T
MI_dir_5_std,CS1D2,1,0,DT,0.6434170169260479,0.28333887928355855,0.34623986644150356,0.28333887928355855,0.29129204180535956,0.41694664514291213,0,0.7556180953979492,0.015641212463378906
MI_dir_5_std,CS1D2,2,0,DT,0.6449789844371238,0.27777436936778505,0.32956482136469817,0.27777436936778505,0.2817883312030665,0.41550587172624753,0,0.6924207210540771,0.015616178512573242
MI_dir_5_std,CS1D2,3,0,DT,0.6440702033397705,0.2767519889439898,0.33563625980340256,0.2767519889439898,0.28287636185849563,0.4146509735564643,0,0.7705991268157959,0.008604049682617188
MI_dir_5_std,CS1D2,4,0,DT,0.6467297151458351,0.27578791855781926,0.332093280945978,0.27578791855781926,0.2807398297187882,0.41904302750924516,0,0.7236754894256592,0.015624046325683594
MI_dir_5_std,CS1D2,5,0,DT,0.6513873505438641,0.2759150756047198,0.3313127858696361,0.2759150756047198,0.27899019020762,0.4234505571941223,0,0.6921460628509521,0.015620708465576172
