Feature,Dataset,T,CV,ML,Acc,b_Acc,Prec,Rec,F1,kap,ROC,tra-T,test-T
HH_5_pcc_0_1,CS2D1,1,0,DT,0.41630634873068195,0.1316513270976762,0.16369068039375398,0.1316513270976762,0.12005380379961557,0.08499925616465864,0,0.3647763729095459,0.008559465408325195
HH_5_pcc_0_1,CS2D1,2,0,DT,0.41457254163277535,0.1288601134329256,0.1534395341726216,0.1288601134329256,0.11567121491416228,0.08447022017245842,0,0.361173152923584,0.0
HH_5_pcc_0_1,CS2D1,3,0,DT,0.41220540702527986,0.1263747891355236,0.14747357141688924,0.1263747891355236,0.11268288446013687,0.08552656831510885,0,0.36119508743286133,0.0
HH_5_pcc_0_1,CS2D1,4,0,DT,0.4121625960571098,0.1256705299918013,0.1508830220854461,0.1256705299918013,0.1121720180212722,0.08028431267177516,0,0.41244006156921387,0.01571202278137207
HH_5_pcc_0_1,CS2D1,5,0,DT,0.41199135218442967,0.12872479328459302,0.15548727695264225,0.12872479328459302,0.11600083918250514,0.08246542893035969,0,0.34484052658081055,0.015626192092895508
