Feature,Dataset,T,CV,ML,Acc,b_Acc,Prec,Rec,F1,kap,ROC,tra-T,test-T
HpHp_1_std_0,CS2D2,1,0,DT,0.7815103601422537,0.23590327290987703,0.5066295863258186,0.23590327290987703,0.2644706933756463,0.2405926564643709,0,0.7400221824645996,0.009963512420654297
HpHp_1_std_0,CS2D2,2,0,DT,0.782245003589735,0.22589538564465952,0.5173385540748813,0.22589538564465952,0.2603709708581324,0.2450878204281799,0,0.7547047138214111,0.010208368301391602
HpHp_1_std_0,CS2D2,3,0,DT,0.7846158983520611,0.22801320449049678,0.49306265935988103,0.22801320449049678,0.2595801201125149,0.24724211122369721,0,0.7596523761749268,0.015346050262451172
HpHp_1_std_0,CS2D2,4,0,DT,0.7839981299984973,0.22345521474084606,0.501793951664499,0.22345521474084606,0.2548018224971775,0.24080605781699083,0,0.739987850189209,0.010043144226074219
HpHp_1_std_0,CS2D2,5,0,DT,0.7814936637002655,0.231961673673172,0.5276783971322488,0.231961673673172,0.2652026462831645,0.2393161965237386,0,0.7100458145141602,0.018672466278076172
