Feature,Dataset,T,CV,ML,Acc,b_Acc,Prec,Rec,F1,kap,ROC,tra-T,test-T
HH_1_std_0,CS1D1,1,0,DT,0.4899054732174116,0.3105807591318072,0.33379882988466125,0.3105807591318072,0.31887431588524107,0.3304077079683686,0,0.881237268447876,0.015624761581420898
HH_1_std_0,CS1D1,2,0,DT,0.4893803244252538,0.3171423531773425,0.3430364424408346,0.3171423531773425,0.32652637417536373,0.32909193828541294,0,0.9231052398681641,0.005103588104248047
HH_1_std_0,CS1D1,3,0,DT,0.4874547788540086,0.3124873528559548,0.3393464446462357,0.3124873528559548,0.3224345142881923,0.3261893343138562,0,0.8806626796722412,0.015635013580322266
HH_1_std_0,CS1D1,4,0,DT,0.4863019693654267,0.3219849515291899,0.3279702374152336,0.3219849515291899,0.3228587033799058,0.32474894343191774,0,0.8969597816467285,0.015623092651367188
HH_1_std_0,CS1D1,5,0,DT,0.49292487235594457,0.3290398851979395,0.337382782468787,0.3290398851979395,0.33139540752673224,0.33623611626137373,0,0.8021199703216553,0.015630483627319336
