Feature,Dataset,T,CV,ML,Acc,b_Acc,Prec,Rec,F1,kap,ROC,tra-T,test-T
HpHp_0.01_mean_0,CS2D2,1,0,DT,0.9040288514517556,0.6664854047010411,0.7657026689437277,0.6664854047010411,0.6989031808574807,0.7543709403736136,0,0.8213245868682861,0.009200334548950195
HpHp_0.01_mean_0,CS2D2,2,0,DT,0.9059656387223882,0.6694512316843532,0.7591167165202012,0.6694512316843532,0.6729175937965696,0.7590545441625733,0,0.8655204772949219,0.009704828262329102
HpHp_0.01_mean_0,CS2D2,3,0,DT,0.9052142988329187,0.6532028203103457,0.7961618919866407,0.6532028203103457,0.6796456486092719,0.7579168622735922,0,0.8314592838287354,0.009603500366210938
HpHp_0.01_mean_0,CS2D2,4,0,DT,0.9054647454627419,0.6749625233308852,0.7768379167360385,0.6749625233308852,0.6840010619911269,0.758441986464844,0,0.8278582096099854,0.010174751281738281
HpHp_0.01_mean_0,CS2D2,5,0,DT,0.9026096538827576,0.6870559760790447,0.7598191156465512,0.6870559760790447,0.6825000602869734,0.7543334473895653,0,0.9248261451721191,0.010001182556152344
