Feature,Dataset,T,CV,ML,Acc,b_Acc,Prec,Rec,F1,kap,ROC,tra-T,test-T
HpHp_5_mean_0,CS1D2,1,0,DT,0.7606213790753152,0.5306634692826772,0.5735949132600898,0.5306634692826772,0.5087680825860755,0.6129552222606935,0,0.4402914047241211,0.005007266998291016
HpHp_5_mean_0,CS1D2,2,0,DT,0.7595422015222083,0.5336422873432132,0.5375454674788496,0.5336422873432132,0.49465558740779314,0.6126396151807585,0,0.440108060836792,0.0
HpHp_5_mean_0,CS1D2,3,0,DT,0.7641429058275588,0.5225406619487681,0.5638208236173238,0.5225406619487681,0.5150677747068109,0.6164637103243549,0,0.45571470260620117,0.0
HpHp_5_mean_0,CS1D2,4,0,DT,0.7636250035500269,0.514270138681984,0.5673800904738727,0.514270138681984,0.49642483198220333,0.613944532865778,0,0.43958473205566406,0.0034737586975097656
HpHp_5_mean_0,CS1D2,5,0,DT,0.7608985828292295,0.5331425394733369,0.5402650136816034,0.5331425394733369,0.5162748280028403,0.6110967326211936,0,0.4397313594818115,0.0
