Feature,Dataset,T,CV,ML,Acc,b_Acc,Prec,Rec,F1,kap,ROC,tra-T,test-T
HpHp_3_weight_0,CS1D1,1,0,DT,0.49466098727972924,0.25548943054433026,0.29274126644262816,0.25548943054433026,0.24406737244699914,0.29114364588018604,0,0.5346202850341797,0.017724037170410156
HpHp_3_weight_0,CS1D1,2,0,DT,0.5008168981211343,0.250078128522087,0.2939145837747012,0.250078128522087,0.2417163714063807,0.3006559580073961,0,0.5658924579620361,0.01621222496032715
HpHp_3_weight_0,CS1D1,3,0,DT,0.49611973392461195,0.25652266293692233,0.2853309214768453,0.25652266293692233,0.24780816711772458,0.296930013485296,0,0.5502650737762451,0.0
HpHp_3_weight_0,CS1D1,4,0,DT,0.4988767323121809,0.2532751871622441,0.3041199606034712,0.2532751871622441,0.24807799184537896,0.2999739924641144,0,0.5661613941192627,0.015119791030883789
HpHp_3_weight_0,CS1D1,5,0,DT,0.4975346462436178,0.25853829494662456,0.3116911907900803,0.25853829494662456,0.25256766633224637,0.2968977590536275,0,0.550384521484375,0.010112285614013672
