Feature,Dataset,T,CV,ML,Acc,b_Acc,Prec,Rec,F1,kap,ROC,tra-T,test-T
HpHp_3_covariance_0_1,CS2D1,1,0,DT,0.4760263709919089,0.18836519227615908,0.2988274312607904,0.18836519227615908,0.18621640171419793,0.17475981019343012,0,0.393094539642334,0.0116424560546875
HpHp_3_covariance_0_1,CS2D1,2,0,DT,0.47632604135451007,0.18145335797610496,0.29243858526640254,0.18145335797610496,0.17770767805797097,0.17603279069724742,0,0.39650464057922363,0.009285688400268555
HpHp_3_covariance_0_1,CS2D1,3,0,DT,0.4707280005137316,0.18356956333563565,0.2791729292427736,0.18356956333563565,0.1788572755833707,0.17160549825655425,0,0.4175229072570801,0.009995222091674805
HpHp_3_covariance_0_1,CS2D1,4,0,DT,0.4773208896119186,0.18485280106434612,0.2955616096291609,0.18485280106434612,0.18167541111285535,0.17648238318604914,0,0.28905248641967773,0.0039708614349365234
HpHp_3_covariance_0_1,CS2D1,5,0,DT,0.47214076246334313,0.18019568246335257,0.28136344507896976,0.18019568246335257,0.17759749910213854,0.17138313805167815,0,0.3737297058105469,0.00794672966003418
