Feature,Dataset,T,CV,ML,Acc,b_Acc,Prec,Rec,F1,kap,ROC,tra-T,test-T
HpHp_0.01_magnitude_0_1,CS2D1,1,0,DT,0.7858855259214864,0.629748081830776,0.692426389785629,0.629748081830776,0.6327021752930931,0.6955142058904166,0,0.5720882415771484,0.00957632064819336
HpHp_0.01_magnitude_0_1,CS2D1,2,0,DT,0.7855644505329852,0.6207622280570207,0.6936008786634446,0.6207622280570207,0.6015634534806203,0.6956994815103779,0,0.587054967880249,0.012605428695678711
HpHp_0.01_magnitude_0_1,CS2D1,3,0,DT,0.7873365156153006,0.609102982251659,0.6525696608875373,0.609102982251659,0.585507842309887,0.6972599905517213,0,0.5200724601745605,0.0077054500579833984
HpHp_0.01_magnitude_0_1,CS2D1,4,0,DT,0.7907613930689043,0.6446470590761504,0.690820118402411,0.6446470590761504,0.640805842838425,0.7016526444581576,0,0.6123697757720947,0.01241922378540039
HpHp_0.01_magnitude_0_1,CS2D1,5,0,DT,0.7898837682214184,0.6119628243315569,0.6781774600341993,0.6119628243315569,0.6163642441197189,0.7001621267837388,0,0.5512514114379883,0.009848594665527344
