Feature,Dataset,T,CV,ML,Acc,b_Acc,Prec,Rec,F1,kap,ROC,tra-T,test-T
HpHp_0.1_pcc_0_1,CS2D2,1,0,DT,0.7693219574908587,0.1826995963636845,0.29968398963552706,0.1826995963636845,0.1936886304047241,0.15205404277664258,0,1.0337104797363281,0.015995025634765625
HpHp_0.1_pcc_0_1,CS2D2,2,0,DT,0.7631609703972083,0.18001414113388828,0.33336574927118195,0.18001414113388828,0.19582002835998935,0.14901908276833487,0,1.0488176345825195,0.015046834945678711
HpHp_0.1_pcc_0_1,CS2D2,3,0,DT,0.769338653932847,0.1839398949288342,0.3112322492427965,0.1839398949288342,0.19740373638681175,0.15586640515782513,0,1.2465131282806396,0.014568567276000977
HpHp_0.1_pcc_0_1,CS2D2,4,0,DT,0.7676356168500492,0.18550782136538704,0.30750812528677074,0.18550782136538704,0.19561538897771377,0.1519018251552402,0,1.0267388820648193,0.012847900390625
HpHp_0.1_pcc_0_1,CS2D2,5,0,DT,0.7655986509274874,0.1759565300624982,0.3013120826622128,0.1759565300624982,0.19070739300402517,0.14845287882242397,0,0.938413143157959,0.010838985443115234
