Feature,Dataset,T,CV,ML,Acc,b_Acc,Prec,Rec,F1,kap,ROC,tra-T,test-T
HpHp_1_magnitude_0_1,CS1D1,1,0,DT,0.7210876414984245,0.5506210323277853,0.5641688430842725,0.5506210323277853,0.5214423929437367,0.6322474435566114,0,0.48723936080932617,0.0
HpHp_1_magnitude_0_1,CS1D1,2,0,DT,0.7218170148208659,0.5509959088671273,0.5855011921397155,0.5509959088671273,0.5372673055302017,0.631422683127559,0,0.455916166305542,0.016244173049926758
HpHp_1_magnitude_0_1,CS1D1,3,0,DT,0.7165947018321858,0.5738746708386016,0.5755393990762352,0.5738746708386016,0.5647075527484119,0.6249501689651221,0,0.4590432643890381,0.013098478317260742
HpHp_1_magnitude_0_1,CS1D1,4,0,DT,0.7225966447848285,0.5558918871217806,0.6015908878377138,0.5558918871217806,0.5447052515531099,0.6330376525681902,0,0.4630296230316162,0.009101152420043945
HpHp_1_magnitude_0_1,CS1D1,5,0,DT,0.720583515681984,0.5689756673598348,0.5859177635614775,0.5689756673598348,0.5648335671553392,0.6319093130277881,0,0.4670398235321045,0.005101919174194336
