Feature,Dataset,T,CV,ML,Acc,b_Acc,Prec,Rec,F1,kap,ROC,tra-T,test-T
HH_5_std_0,CS1D2,1,0,DT,0.6424798364194024,0.2712007528426725,0.32509081939296897,0.2712007528426725,0.2744362034918037,0.41252285923212606,0,0.6291723251342773,0.015641450881958008
HH_5_std_0,CS1D2,2,0,DT,0.6477337271384755,0.2845776663914151,0.34693115311327616,0.2845776663914151,0.29209405819193535,0.4201610655180993,0,0.7706892490386963,0.015626192092895508
HH_5_std_0,CS1D2,3,0,DT,0.6415710553220493,0.26922214236014486,0.323638252195448,0.26922214236014486,0.2739006097157099,0.4115442860989651,0,0.7711818218231201,0.015617132186889648
HH_5_std_0,CS1D2,4,0,DT,0.6485473289597001,0.2845389488466645,0.3380828086624427,0.2845389488466645,0.28973646602377773,0.42126660299860896,0,0.7661073207855225,0.0
HH_5_std_0,CS1D2,5,0,DT,0.6490869330606912,0.279751408598495,0.3337831838670943,0.279751408598495,0.2843200403876168,0.42132276684339187,0,0.6136255264282227,0.01563119888305664
