Feature,Dataset,T,CV,ML,Acc,b_Acc,Prec,Rec,F1,kap,ROC,tra-T,test-T
HH_jit_1_mean,CS2D1,1,0,DT,0.6602166188621088,0.42658546449297824,0.4438364608410031,0.42658546449297824,0.4322066685767599,0.5178513541968435,0,1.4693841934204102,0.016028165817260742
HH_jit_1_mean,CS2D1,2,0,DT,0.6579476861167002,0.4245080238855783,0.4379477038460635,0.4245080238855783,0.43061471006310925,0.5169610489434431,0,1.5003635883331299,0.02183389663696289
HH_jit_1_mean,CS2D1,3,0,DT,0.6600381017616713,0.4316466628259767,0.4722520208406069,0.4316466628259767,0.4442556225104846,0.5173695604812538,0,1.5208981037139893,0.014143228530883789
HH_jit_1_mean,CS2D1,4,0,DT,0.6576406875441488,0.428024251079183,0.4610252154210355,0.428024251079183,0.43988891247061024,0.515311188999136,0,1.4916839599609375,0.025803327560424805
HH_jit_1_mean,CS2D1,5,0,DT,0.6579617698054242,0.4155506458999605,0.42930509163469327,0.4155506458999605,0.4215553692676308,0.5145696050239639,0,1.492173671722412,0.020705461502075195
