Feature,Dataset,T,CV,ML,Acc,b_Acc,Prec,Rec,F1,kap,ROC,tra-T,test-T
HH_5_pcc_0_1,CS1D1,1,0,DT,0.41545104446259773,0.13162430816623336,0.15350346578338722,0.13162430816623336,0.12459615403707062,0.10907150043520253,0,0.34583497047424316,0.015631675720214844
HH_5_pcc_0_1,CS1D1,2,0,DT,0.4183977126852608,0.12746591143833555,0.14720779293637393,0.12746591143833555,0.12013181391812945,0.11154510607885915,0,0.33031296730041504,0.0
HH_5_pcc_0_1,CS1D1,3,0,DT,0.4160345431205508,0.13001310850462822,0.15399173543350922,0.13001310850462822,0.12287092049706864,0.10757530300998586,0,0.2989821434020996,0.0156402587890625
HH_5_pcc_0_1,CS1D1,4,0,DT,0.4143544857768052,0.12790138667107084,0.1495980044771749,0.12790138667107084,0.12049653683344802,0.10538603780252198,0,0.3434278964996338,0.0
HH_5_pcc_0_1,CS1D1,5,0,DT,0.42018964259664476,0.1316204303623018,0.15105728618094394,0.1316204303623018,0.1247446552054734,0.11133074796421594,0,0.29889559745788574,0.015623092651367188
