Feature,Dataset,T,CV,ML,Acc,b_Acc,Prec,Rec,F1,kap,ROC,tra-T,test-T
MI_dir_3_mean,CS1D2,1,0,DT,0.8104907417925707,0.5423581257247823,0.5380601488552033,0.5423581257247823,0.5302462174454129,0.6856518579398839,0,0.7393443584442139,0.01561594009399414
MI_dir_3_mean,CS1D2,2,0,DT,0.8070828126774963,0.5552386441557081,0.5522148652061797,0.5552386441557081,0.5437606857231141,0.6795276730959032,0,0.723750114440918,0.015631914138793945
MI_dir_3_mean,CS1D2,3,0,DT,0.8094683630580484,0.5417179103462287,0.5388952586743331,0.5417179103462287,0.5297183134494082,0.6829539309499559,0,0.7399709224700928,0.015620231628417969
MI_dir_3_mean,CS1D2,4,0,DT,0.8105421601204169,0.5414783475617673,0.5442603887820926,0.5414783475617673,0.5339270124269683,0.6841422275851817,0,0.7236495018005371,0.004599332809448242
MI_dir_3_mean,CS1D2,5,0,DT,0.8111953650847746,0.5486361801868201,0.5448963918595991,0.5486361801868201,0.5380238320925771,0.686028122410178,0,0.7236359119415283,0.01561594009399414
