Feature,Dataset,T,CV,ML,Acc,b_Acc,Prec,Rec,F1,kap,ROC,tra-T,test-T
HH_jit_0.01_mean,CS1D1,1,0,DT,0.5615591084140507,0.4020604765740882,0.3995844111238616,0.4020604765740882,0.40078796549194773,0.42700339489043226,0,1.1013543605804443,0.01562952995300293
HH_jit_0.01_mean,CS1D1,2,0,DT,0.5590500641848524,0.3933382333168359,0.39933772845462917,0.3933382333168359,0.3959824785979941,0.4252607220339394,0,1.123067855834961,0.01561427116394043
HH_jit_0.01_mean,CS1D1,3,0,DT,0.5618216828101296,0.40961728352087867,0.4078813234764458,0.40961728352087867,0.40869275445510445,0.4303006400361351,0,1.0856385231018066,0.015616416931152344
HH_jit_0.01_mean,CS1D1,4,0,DT,0.5612545587162655,0.39815650025840515,0.40060275683633656,0.39815650025840515,0.39903851956024966,0.4276833425144143,0,1.1015188694000244,0.015733718872070312
HH_jit_0.01_mean,CS1D1,5,0,DT,0.5579576951130562,0.39364798778936594,0.39841165742235424,0.39364798778936594,0.3955164845527784,0.422642394119393,0,1.1014177799224854,0.016228437423706055
