Feature,Dataset,T,CV,ML,Acc,b_Acc,Prec,Rec,F1,kap,ROC,tra-T,test-T
MI_dir_5_mean,CS1D1,1,0,DT,0.6193546504843039,0.5069825466529648,0.4868558641682774,0.5069825466529648,0.4854606657700198,0.5060000846252963,0,0.6594521999359131,0.0
MI_dir_5_mean,CS1D1,2,0,DT,0.6289532034076322,0.4976964222438141,0.49657907503912807,0.4976964222438141,0.4844460953671508,0.5160163232564459,0,0.6350364685058594,0.01087045669555664
MI_dir_5_mean,CS1D1,3,0,DT,0.6262982845139456,0.483705671183897,0.4871886421117566,0.483705671183897,0.47135822322397597,0.5132784509387023,0,0.6588284969329834,0.01111459732055664
MI_dir_5_mean,CS1D1,4,0,DT,0.6285630926331145,0.488510193804766,0.4877082590321112,0.488510193804766,0.47450266364496924,0.515555074317309,0,0.6704797744750977,0.008204221725463867
MI_dir_5_mean,CS1D1,5,0,DT,0.6290882567469,0.48733886731985626,0.48809532615360096,0.48733886731985626,0.47488676090516946,0.5166612250604259,0,0.631680965423584,0.0
