Feature,Dataset,T,CV,ML,Acc,b_Acc,Prec,Rec,F1,kap,ROC,tra-T,test-T
HpHp_1_mean_0,CS1D1,1,0,DT,0.6981269693079706,0.5430195413953431,0.5549135952108195,0.5430195413953431,0.5209787394274903,0.6051442851955591,0,0.40889835357666016,0.0
HpHp_1_mean_0,CS1D1,2,0,DT,0.7005776636713735,0.539686212067159,0.535285677636716,0.539686212067159,0.5116820515018314,0.604511574004406,0,0.42516589164733887,0.0
HpHp_1_mean_0,CS1D1,3,0,DT,0.6982436690395613,0.5267925498714228,0.5412533785400031,0.5267925498714228,0.5036624849703596,0.6035515681018073,0,0.42360591888427734,0.0016069412231445312
HpHp_1_mean_0,CS1D1,4,0,DT,0.6997228300510576,0.5349945375310253,0.5478289397346764,0.5349945375310253,0.5120234177712204,0.6042368553805906,0,0.40905213356018066,0.0
HpHp_1_mean_0,CS1D1,5,0,DT,0.6995769511305616,0.5311985148845834,0.5323358494801668,0.5311985148845834,0.5235246509912452,0.6053576711139204,0,0.3621828556060791,0.0
