Feature,Dataset,T,CV,ML,Acc,b_Acc,Prec,Rec,F1,kap,ROC,tra-T,test-T
ip.opt.type.class,CS2D1,1,0,DT,0.4105483967635601,0.08997815665352199,0.11458609161922413,0.08997815665352199,0.05930310182369466,0.04810994039794225,0,0.02487492561340332,0.0
ip.opt.type.class,CS2D1,2,0,DT,0.4103985615822595,0.09019955096194789,0.11445756059516206,0.09019955096194789,0.05961761618801553,0.04953220120284796,0,0.019173860549926758,0.012549638748168945
ip.opt.type.class,CS2D1,3,0,DT,0.41378941284757154,0.09008693622731782,0.11549747123403735,0.09008693622731782,0.05975868172699448,0.049068021049883725,0,0.03116321563720703,0.0
ip.opt.type.class,CS2D1,4,0,DT,0.41068561765524325,0.09018364457889737,0.11437047013001402,0.09018364457889737,0.059622945442552845,0.049410429702650305,0,0.015625715255737305,0.0
ip.opt.type.class,CS2D1,5,0,DT,0.4046920821114369,0.08977122492383745,0.11390743528638714,0.08977122492383745,0.05846357609766804,0.04625695842032096,0,0.01575613021850586,0.01665019989013672
