Feature,Dataset,T,CV,ML,Acc,b_Acc,Prec,Rec,F1,kap,ROC,tra-T,test-T
tcp.options.sack.count,CS2D1,1,0,DT,0.37919003381994093,0.08373050259965338,0.1021011586636252,0.08373050259965338,0.04660129258377612,0.0005267083688567098,0,0.015544891357421875,0.0
tcp.options.sack.count,CS2D1,2,0,DT,0.38210111734235197,0.08375438596491229,0.11516186357213205,0.08375438596491229,0.04690134173615316,0.0005529932237461344,0,0.015771150588989258,0.0
tcp.options.sack.count,CS2D1,3,0,DT,0.37911252862983497,0.0836688137412775,0.1073398849541101,0.0836688137412775,0.04647306526872636,0.0004680632304278065,0,0.015617847442626953,0.015624284744262695
tcp.options.sack.count,CS2D1,4,0,DT,0.380097180897746,0.08365086085238499,0.10666548911298092,0.08365086085238499,0.04652486086806709,0.00042431738458947876,0,0.031311750411987305,0.0
tcp.options.sack.count,CS2D1,5,0,DT,0.3820664854335681,0.0835016155088853,0.09135853442211823,0.0835016155088853,0.046405572454140585,0.0002529052743676097,0,0.031386613845825195,0.0
