Feature,Dataset,T,CV,ML,Acc,b_Acc,Prec,Rec,F1,kap,ROC,tra-T,test-T
eapol.version,CS1D1,1,0,DT,0.3987338079122418,0.08500240811007297,0.06993283763478327,0.08500240811007297,0.05144816991032785,0.002749747193037999,0,0.0048007965087890625,0.005134105682373047
eapol.version,CS1D1,2,0,DT,0.3971875364686661,0.08516608743160359,0.07265932016948635,0.08516608743160359,0.05162295747184208,0.0031081370988117474,0,0.010489225387573242,0.0
eapol.version,CS1D1,3,0,DT,0.39806278445559573,0.08520579899845128,0.0733815982404692,0.08520579899845128,0.05165974062334178,0.003524853493801272,0,0.01003408432006836,0.0
eapol.version,CS1D1,4,0,DT,0.3922392414296134,0.08536516412173782,0.07430162270019659,0.08536516412173782,0.051590605910964114,0.0036496981540795614,0,0.0047528743743896484,0.005039691925048828
eapol.version,CS1D1,5,0,DT,0.39442742523705326,0.08495851261287092,0.06824943845600874,0.08495851261287092,0.05106708012286556,0.002576275466114275,0,0.010387420654296875,0.0029785633087158203
