Feature,Dataset,T,CV,ML,Acc,b_Acc,Prec,Rec,F1,kap,ROC,tra-T,test-T
ip.hdr_len,CS2D1,1,0,DT,0.3860182370820669,0.08640030654474674,0.06695268904773362,0.08640030654474674,0.07167074216871497,0.022526582281967356,0,0.030900239944458008,0.0
ip.hdr_len,CS2D1,2,0,DT,0.3867460079626696,0.08642953092820806,0.06675373122054688,0.08642953092820806,0.0717222682947759,0.022158559125809663,0,0.031316280364990234,0.005623817443847656
ip.hdr_len,CS2D1,3,0,DT,0.3840143844853051,0.08635671968691827,0.06661418163728255,0.08635671968691827,0.07143080069330646,0.022078591409326,0,0.03124833106994629,0.0
ip.hdr_len,CS2D1,4,0,DT,0.38581244514844704,0.08632453841262128,0.0669898011498427,0.08632453841262128,0.07163328150892728,0.02211644041928229,0,0.031333208084106445,0.0
ip.hdr_len,CS2D1,5,0,DT,0.38696834128903823,0.08598834476310831,0.06677913998271162,0.08598834476310831,0.07141350668071732,0.019600461325759433,0,0.03132271766662598,0.0
