Feature,Dataset,T,CV,ML,Acc,b_Acc,Prec,Rec,F1,kap,ROC,tra-T,test-T
dhcp.flags.reserved,CS2D1,1,0,DT,0.38030309516674515,0.08703681547806631,0.08006793583717325,0.08703681547806631,0.052803728648726934,0.00094934839113614,0,0.03138589859008789,0.0
dhcp.flags.reserved,CS2D1,2,0,DT,0.38032450019264524,0.0856696841071841,0.0644311772685086,0.0856696841071841,0.05030528221251344,0.0006355387833931747,0,0.01771712303161621,0.014051675796508789
dhcp.flags.reserved,CS2D1,3,0,DT,0.3797332876683006,0.0862146347618844,0.07761254953400613,0.0862146347618844,0.05129140070932919,0.0008866812037966465,0,0.015620231628417969,0.01562786102294922
dhcp.flags.reserved,CS2D1,4,0,DT,0.3780422544255838,0.08608799299382507,0.07316365726362085,0.08608799299382507,0.05089053561765942,0.0008610894113550982,0,0.01563572883605957,0.0
dhcp.flags.reserved,CS2D1,5,0,DT,0.3845281161033457,0.08600758012708214,0.07226881012029969,0.08600758012708214,0.051320852794671495,0.0007602145113017045,0,0.015686511993408203,0.0
