Feature,Dataset,T,CV,ML,Acc,b_Acc,Prec,Rec,F1,kap,ROC,tra-T,test-T
tcp.options.sack_re,CS1D1,1,0,DT,0.39876298284513945,0.08426913448577227,0.1998661995815696,0.08426913448577227,0.04934046149281659,0.0013570003494361993,0,0.00662541389465332,0.01576089859008789
tcp.options.sack_re,CS1D1,2,0,DT,0.399142256972809,0.08453311880307679,0.19988465806225544,0.08453311880307679,0.04987660865673795,0.0019319431511773955,0,0.015619754791259766,0.0
tcp.options.sack_re,CS1D1,3,0,DT,0.3943867429104913,0.0844457928802589,0.11615025942041683,0.0844457928802589,0.04928536741468454,0.002096137333891024,0,0.015676021575927734,0.0
tcp.options.sack_re,CS1D1,4,0,DT,0.39358132749817654,0.08424279170035032,0.11609193724207739,0.08424279170035032,0.048828965964842645,0.0017125561144772927,0,0.01504659652709961,0.0
tcp.options.sack_re,CS1D1,5,0,DT,0.3974325309992706,0.08440210126274622,0.19974939172749392,0.08440210126274622,0.0494819137705875,0.0016080382102942048,0,0.015722990036010742,0.0
