Feature,Dataset,T,CV,ML,Acc,b_Acc,Prec,Rec,F1,kap,ROC,tra-T,test-T
dns.count.answers,CS1D1,1,0,DT,0.39908390710701364,0.08589389518840039,0.14152074252137428,0.08589389518840039,0.0523332660038654,0.009044370951204472,0,0.015086650848388672,0.005172014236450195
dns.count.answers,CS1D1,2,0,DT,0.40048430388610107,0.08569068255521646,0.13420831986736478,0.08569068255521646,0.052107829871987116,0.008698206294223021,0,0.019665956497192383,0.0049588680267333984
dns.count.answers,CS1D1,3,0,DT,0.3961080639514529,0.08587338789425554,0.13716712749164142,0.08587338789425554,0.05206991228813549,0.009074493559452113,0,0.0194091796875,0.006051301956176758
dns.count.answers,CS1D1,4,0,DT,0.4021298322392414,0.08618654200236114,0.13886147213943456,0.08618654200236114,0.05314310817035015,0.009493429769338535,0,0.019990921020507812,0.005607128143310547
dns.count.answers,CS1D1,5,0,DT,0.39807439824945295,0.08608326065995842,0.13767773046956985,0.08608326065995842,0.05258019952889048,0.009115155149311938,0,0.02496623992919922,0.004508256912231445
