Feature,Dataset,T,CV,ML,Acc,b_Acc,Prec,Rec,F1,kap,ROC,tra-T,test-T
tcp.checksum.status,CS1D2,1,0,DT,0.6150460070430535,0.08333333333333333,0.051253833920254455,0.08333333333333333,0.06347043204557844,0.0,0,0.016010046005249023,0.0
tcp.checksum.status,CS1D2,2,0,DT,0.6148472111780074,0.08333333333333333,0.05123726759816729,0.08333333333333333,0.06345772806678156,0.0,0,0.015763282775878906,0.0
tcp.checksum.status,CS1D2,3,0,DT,0.6150744064523458,0.08333333333333333,0.05125620053769548,0.08333333333333333,0.06347224664439365,0.0,0,0.015759944915771484,0.0
tcp.checksum.status,CS1D2,4,0,DT,0.619493908153702,0.08333333333333333,0.05162449234614183,0.08333333333333333,0.06375385802469136,0.0,0,0.02065896987915039,0.011132001876831055
tcp.checksum.status,CS1D2,5,0,DT,0.6110590440487348,0.08333333333333333,0.050921587004061235,0.08333333333333333,0.06321504750824122,0.0,0,0.015640974044799805,0.0
