Feature,Dataset,T,CV,ML,Acc,b_Acc,Prec,Rec,F1,kap,ROC,tra-T,test-T
tls.handshake.sig_hash_algs,CS2D2,1,0,DT,0.7546457849832201,0.08556479688468262,0.12783578328949632,0.08556479688468262,0.07599943590088908,0.006760016511845213,0,0.03125309944152832,0.0
tls.handshake.sig_hash_algs,CS2D2,2,0,DT,0.7519075684971532,0.08552038834383396,0.12122259506869748,0.08552038834383396,0.07576600232618437,0.006694592064169225,0,0.01922154426574707,0.01210784912109375
tls.handshake.sig_hash_algs,CS2D2,3,0,DT,0.7565491793698763,0.08541936459023831,0.11557003583047469,0.08541936459023831,0.07580737368001415,0.006671836106813656,0,0.031859397888183594,0.0
tls.handshake.sig_hash_algs,CS2D2,4,0,DT,0.7532766767401866,0.08578480642410176,0.11936579953263711,0.08578480642410176,0.07632222114453265,0.007350692878329346,0,0.03135991096496582,0.0
tls.handshake.sig_hash_algs,CS2D2,5,0,DT,0.7543953383533969,0.08537869033732641,0.1220492752977171,0.08537869033732641,0.0756322906375242,0.006464165898161456,0,0.03126335144042969,0.0
