Feature,Dataset,T,CV,ML,Acc,b_Acc,Prec,Rec,F1,kap,ROC,tra-T,test-T
igmp.max_resp,CS2D2,1,0,DT,0.7547125707511729,0.08333333333333333,0.06289271422926442,0.08333333333333333,0.07168434908099021,0.0,0,0.019849777221679688,0.01399374008178711
igmp.max_resp,CS2D2,2,0,DT,0.7522748902208939,0.08333333333333333,0.0626895741850745,0.08333333333333333,0.07155221425009607,0.0,0,0.0157320499420166,0.01562666893005371
igmp.max_resp,CS2D2,3,0,DT,0.7522414973369175,0.08333333333333333,0.06268679144474312,0.08333333333333333,0.07155040163129961,0.0,0,0.015631437301635742,0.0
igmp.max_resp,CS2D2,4,0,DT,0.7532766767401866,0.08333333333333333,0.06277305639501556,0.08333333333333333,0.07160656070749491,0.0,0,0.03135395050048828,0.0
igmp.max_resp,CS2D2,5,0,DT,0.7542617668174912,0.08333333333333333,0.06285514723479094,0.08333333333333333,0.07165994086369462,0.0,0,0.015626907348632812,0.01796746253967285
