Feature,Dataset,T,CV,ML,Acc,b_Acc,Prec,Rec,F1,kap,ROC,tra-T,test-T
ip.opt.type.class,CS1D2,1,0,DT,0.616380779279791,0.08333333333333333,0.05136506493998258,0.08333333333333333,0.0635556492608991,0.0,0,0.015626907348632812,0.0
ip.opt.type.class,CS1D2,2,0,DT,0.6131432466204703,0.08333333333333333,0.05109527055170585,0.08333333333333333,0.06334870837881296,0.0,0,0.015767335891723633,0.0
ip.opt.type.class,CS1D2,3,0,DT,0.6156139952288993,0.08333333333333333,0.05130116626907494,0.08333333333333333,0.06350671190095332,0.0,0,0.015755176544189453,0.0
ip.opt.type.class,CS1D2,4,0,DT,0.6156598790150806,0.08333333333333333,0.05130498991792338,0.08333333333333333,0.06350964158273129,0.0,0,0.01567554473876953,0.0
ip.opt.type.class,CS1D2,5,0,DT,0.6147226718923063,0.08333333333333333,0.051226889324358864,0.08333333333333333,0.06344976783452934,0.0,0,0.020681142807006836,0.0
