Feature,Dataset,T,CV,ML,Acc,b_Acc,Prec,Rec,F1,kap,ROC,tra-T,test-T
srcport,CS2D2,1,0,DT,0.8188269079859082,0.30061308314532176,0.6096951813252529,0.30061308314532176,0.33754866484818663,0.4335957294788112,0,0.17256379127502441,0.0031058788299560547
srcport,CS2D2,2,0,DT,0.8182592289583089,0.3116968013021359,0.6074265942062056,0.3116968013021359,0.3533524918764768,0.4403626633664519,0,0.1726701259613037,0.0
srcport,CS2D2,3,0,DT,0.820780391698529,0.2919307779607381,0.5054541058476544,0.2919307779607381,0.32755769171514065,0.43662054819842877,0,0.19114232063293457,0.0
srcport,CS2D2,4,0,DT,0.8196283372013424,0.30969016486391265,0.6303344289869227,0.30969016486391265,0.350318035515022,0.44179761771126147,0,0.1889028549194336,0.0
srcport,CS2D2,5,0,DT,0.8201960162289416,0.31401132766786294,0.6223009046470136,0.31401132766786294,0.35334226786051115,0.4400105367887561,0,0.18887877464294434,0.0
