Feature,Dataset,T,CV,ML,Acc,b_Acc,Prec,Rec,F1,kap,ROC,tra-T,test-T
dhcp.option.end,CS2D1,1,0,DT,0.3810308660473479,0.0862164373059748,0.08729742334149469,0.0862164373059748,0.051462127535359344,0.000719273550800481,0,0.03135943412780762,0.0
dhcp.option.end,CS2D1,2,0,DT,0.37927565392354123,0.08689332730968939,0.07816403487108149,0.08689332730968939,0.05245541631519581,0.0009839381641133516,0,0.013602018356323242,0.0
dhcp.option.end,CS2D1,3,0,DT,0.3813386989746773,0.08641755138325041,0.07478151908495052,0.08641755138325041,0.051773525458144065,0.0008824194239441807,0,0.029239177703857422,0.00260162353515625
dhcp.option.end,CS2D1,4,0,DT,0.38298692124922407,0.0849057887636036,0.058585053827921986,0.0849057887636036,0.04915764324249924,0.00046286666259531817,0,0.031255483627319336,0.0
dhcp.option.end,CS2D1,5,0,DT,0.3782991202346041,0.08650971599402092,0.07087074247830229,0.08650971599402092,0.05161661071883095,0.0010408512428875527,0,0.03122735023498535,0.0
