Feature,Dataset,T,CV,ML,Acc,b_Acc,Prec,Rec,F1,kap,ROC,tra-T,test-T
tls.handshake.comp_methods_length,CS2D1,1,0,DT,0.3835780641294576,0.08595497762863535,0.08673348195396224,0.08595497762863535,0.05115160311360282,0.0038991586761567554,0,0.015661239624023438,0.0
tls.handshake.comp_methods_length,CS2D1,2,0,DT,0.3831285585855559,0.08575480835754808,0.08350204552855717,0.08575480835754808,0.05074291512032169,0.003709337560242054,0,0.024341106414794922,0.0
tls.handshake.comp_methods_length,CS2D1,3,0,DT,0.3793907999229403,0.0856353591160221,0.08858168382218469,0.0856353591160221,0.050211331492559276,0.0033045020090763932,0,0.019214630126953125,0.0
tls.handshake.comp_methods_length,CS2D1,4,0,DT,0.3825588115675236,0.08556793179317933,0.0907034425146676,0.08556793179317933,0.050367257202278894,0.0032927727788343297,0,0.015622615814208984,0.0
tls.handshake.comp_methods_length,CS2D1,5,0,DT,0.38024701928634114,0.08566050650239561,0.08773995642227687,0.08566050650239561,0.0503287469903882,0.003476065281091567,0,0.01510000228881836,0.01573657989501953
