Feature,Dataset,T,CV,ML,Acc,b_Acc,Prec,Rec,F1,kap,ROC,tra-T,test-T
dns.retransmit_request_in,CS2D1,1,0,DT,0.3825078128344535,0.08348551951147858,0.19852138161416732,0.08348551951147858,0.046394978883143846,0.0006871461546875679,0,0.01621723175048828,0.0
dns.retransmit_request_in,CS2D1,2,0,DT,0.37606490003852905,0.08843968392989698,0.28131647322512027,0.08843968392989698,0.05519230352504759,0.0007579541552381608,0,0.03175783157348633,0.0
dns.retransmit_request_in,CS2D1,3,0,DT,0.38459233255560077,0.0866685380452817,0.25424700823582885,0.0866685380452817,0.05261332746350842,0.0009068512987178146,0,0.033396005630493164,0.0
dns.retransmit_request_in,CS2D1,4,0,DT,0.37949782734336535,0.09056283220142042,0.2816026725485577,0.09056283220142042,0.05917274572707543,0.0007693080626542947,0,0.03124713897705078,0.0
dns.retransmit_request_in,CS2D1,5,0,DT,0.3811674551019971,0.08829149766246297,0.28173744815425583,0.08829149766246297,0.055354688540658364,0.0009017718922360585,0,0.02965545654296875,0.0
