Feature,Dataset,T,CV,ML,Acc,b_Acc,Prec,Rec,F1,kap,ROC,tra-T,test-T
tcp.options.wscale,CS2D2,1,0,DT,0.7585360559664736,0.1034597507920092,0.30413348155934533,0.1034597507920092,0.10733089564019144,0.02544458900044977,0,0.03125262260437012,0.0
tcp.options.wscale,CS2D2,2,0,DT,0.7546624814252083,0.10103771651309164,0.2953841878904089,0.10103771651309164,0.10285823693115247,0.023316838531785677,0,0.04758858680725098,0.0
tcp.options.wscale,CS2D2,3,0,DT,0.7580184662648389,0.09934064865825169,0.3046702182937667,0.09934064865825169,0.10098614027777748,0.023708691949291927,0,0.03136157989501953,0.0
tcp.options.wscale,CS2D2,4,0,DT,0.7560816789942063,0.10174526439089691,0.3031854931214198,0.10174526439089691,0.10465959935439194,0.023835609020380177,0,0.03124380111694336,0.015631437301635742
tcp.options.wscale,CS2D2,5,0,DT,0.7564656971599352,0.10441404998344589,0.30522334611371066,0.10441404998344589,0.10807872002872937,0.02318722481630997,0,0.046860694885253906,0.0051114559173583984
