Feature,Dataset,T,CV,ML,Acc,b_Acc,Prec,Rec,F1,kap,ROC,tra-T,test-T
icmpv6.code,CS1D1,1,0,DT,0.3961664138172482,0.08340647857889237,0.05635426702869989,0.08340647857889237,0.04744524993204107,0.0005351679756639971,0,0.01588296890258789,0.0020444393157958984
icmpv6.code,CS1D1,2,0,DT,0.39333644532617573,0.08482475764354959,0.05842448062886019,0.08482475764354959,0.04987417668034705,0.0008592018952926495,0,0.0168914794921875,0.0032105445861816406
icmpv6.code,CS1D1,3,0,DT,0.3967499124752013,0.0834379708689101,0.061801788830232296,0.0834379708689101,0.04755430835370028,0.000713286908770816,0,0.013991832733154297,0.004084110260009766
icmpv6.code,CS1D1,4,0,DT,0.39822027716994896,0.08392857142857142,0.04510283122999886,0.08392857142857142,0.048614649756910426,0.0005380337096904109,0,0.014759302139282227,0.006360530853271484
icmpv6.code,CS1D1,5,0,DT,0.3960320933625091,0.08345683586513523,0.0652614130346043,0.08345683586513523,0.04752743632043902,0.0008177846427165347,0,0.011827468872070312,0.008348941802978516
