Feature,Dataset,T,CV,ML,Acc,b_Acc,Prec,Rec,F1,kap,ROC,tra-T,test-T
stun.network_version,CS1D1,1,0,DT,0.3971875364686661,0.0837874659400545,0.08865255124701336,0.0837874659400545,0.04827829813733542,0.00015287885847026228,0,0.013634204864501953,0.0060040950775146484
stun.network_version,CS1D1,2,0,DT,0.39301552106430154,0.08397766323024054,0.09524782135076253,0.08397766323024054,0.048294083029106066,0.00021751732332253582,0,0.013882160186767578,0.0
stun.network_version,CS1D1,3,0,DT,0.3977710351266192,0.08466312056737589,0.11647213306098629,0.08466312056737589,0.050038013442905906,0.0004028875757060568,0,0.015615224838256836,0.0
stun.network_version,CS1D1,4,0,DT,0.3987746170678337,0.08477722772277228,0.11655431695264777,0.08477722772277228,0.050342899575180955,0.0004708551836585251,0,0.015726804733276367,0.0
stun.network_version,CS1D1,5,0,DT,0.3932020423048869,0.08397435897435897,0.11609574385309679,0.08397435897435897,0.04830587303104885,0.0001992682887287378,0,0.018041610717773438,0.004985809326171875
