Feature,Dataset,T,CV,ML,Acc,b_Acc,Prec,Rec,F1,kap,ROC,tra-T,test-T
udp.port,CS2D1,1,0,DT,0.6379767969519243,0.3813807636345304,0.6714698511676915,0.3813807636345304,0.420533529923475,0.45011795539888766,0,0.15697455406188965,0.0
udp.port,CS2D1,2,0,DT,0.6410805257074361,0.3831693315523066,0.6868171566754326,0.3831693315523066,0.42587666664786705,0.4572661844620981,0,0.15729928016662598,0.0
udp.port,CS2D1,3,0,DT,0.6392319712310294,0.3927604850346105,0.6956393188460414,0.3927604850346105,0.43214166322173103,0.4564668867094227,0,0.17278242111206055,0.0
udp.port,CS2D1,4,0,DT,0.6389751054220091,0.35554103542847004,0.6422535741108543,0.35554103542847004,0.39216878205857125,0.4552503763797231,0,0.15636205673217773,0.015633106231689453
udp.port,CS2D1,5,0,DT,0.6419290622257422,0.3597714999586265,0.7187099438953144,0.3597714999586265,0.3992065710855622,0.4553184502898405,0,0.17299199104309082,0.015644550323486328
