Feature,Dataset,T,CV,ML,Acc,b_Acc,Prec,Rec,F1,kap,ROC,tra-T,test-T
dhcp.hops,CS1D2,1,0,DT,0.6148188117687152,0.08345268878756178,0.06792612802076525,0.08345268878756178,0.06375053192552117,0.0009056505918876301,0,0.015696287155151367,0.0
dhcp.hops,CS1D2,2,0,DT,0.6134840395319777,0.08364357061561271,0.09279624893435634,0.08364357061561271,0.06400393627463329,0.0015178809884032196,0,0.017850160598754883,0.0
dhcp.hops,CS1D2,3,0,DT,0.6184539361581279,0.08344409255811393,0.07377254374583692,0.08344409255811393,0.06393060273775715,0.0007494782037034131,0,0.0150146484375,0.015643835067749023
dhcp.hops,CS1D2,4,0,DT,0.6158018800942887,0.08361171790458473,0.0976156874631003,0.08361171790458473,0.06408707450561528,0.0012986666306380457,0,0.015643835067749023,0.015769243240356445
dhcp.hops,CS1D2,5,0,DT,0.6137002641220073,0.0836588497839651,0.0965997897070107,0.0836588497839651,0.06405945673927364,0.0014435721843197857,0,0.015027284622192383,0.0
