Feature,Dataset,T,CV,ML,Acc,b_Acc,Prec,Rec,F1,kap,ROC,tra-T,test-T
tls.handshake.client_point_len,CS1D1,1,0,DT,0.39715836153576844,0.08577610273590174,0.10328739283751565,0.08577610273590174,0.05200580490462733,0.004673024708133688,0,0.01675724983215332,0.013131380081176758
tls.handshake.client_point_len,CS1D1,2,0,DT,0.40170965106780254,0.08586290437508907,0.10218540486247622,0.08586290437508907,0.05255346380959925,0.004828584780165235,0,0.015683889389038086,0.0
tls.handshake.client_point_len,CS1D1,3,0,DT,0.39774186019372154,0.08535926526202053,0.10769077672818637,0.08535926526202053,0.0512882637507939,0.003942500635765733,0,0.011560916900634766,0.0
tls.handshake.client_point_len,CS1D1,4,0,DT,0.39716994894237784,0.08555696738670054,0.1049324467393426,0.08555696738670054,0.05160684466750262,0.004184847532371028,0,0.015615463256835938,0.0
tls.handshake.client_point_len,CS1D1,5,0,DT,0.39553610503282277,0.0859427271510772,0.10275333556050063,0.0859427271510772,0.052165933840150606,0.005176953255051409,0,0.005079507827758789,0.010013818740844727
