Feature,Dataset,T,CV,ML,Acc,b_Acc,Prec,Rec,F1,kap,ROC,tra-T,test-T
tcp.options.sack.dsack_re,CS2D1,1,0,DT,0.38092384091784753,0.08368465430016864,0.10749086341609947,0.08368465430016864,0.04666304315054284,0.00047102164658308077,0,0.015622138977050781,0.0
tcp.options.sack.dsack_re,CS2D1,2,0,DT,0.38158739672075004,0.08368421052631579,0.10754617275588436,0.08368421052631579,0.04672015449991043,0.0004717547924275589,0,0.011047601699829102,0.015676259994506836
tcp.options.sack.dsack_re,CS2D1,3,0,DT,0.3773786844189481,0.08371322005801907,0.11477001034864219,0.08371322005801907,0.046408026397441064,0.000501258199049337,0,0.017167091369628906,0.0
tcp.options.sack.dsack_re,CS2D1,4,0,DT,0.3846565490078558,0.08354550490212485,0.1987136944266039,0.08354550490212485,0.046715171812731,0.0003135288319622287,0,0.015630006790161133,0.0
tcp.options.sack.dsack_re,CS2D1,5,0,DT,0.3780208489414988,0.08361217635075115,0.15649242440462172,0.08361217635075115,0.04626634184907491,0.0003998626266911165,0,0.031323909759521484,0.0
