Feature,Dataset,T,CV,ML,Acc,b_Acc,Prec,Rec,F1,kap,ROC,tra-T,test-T
ip.frag_offset,CS1D2,1,0,DT,0.6148188117687152,0.08333333333333333,0.05123490098072627,0.08333333333333333,0.06345591295732869,0.0,0,0.01575446128845215,0.015511035919189453
ip.frag_offset,CS1D2,2,0,DT,0.6149892082244689,0.08333333333333333,0.05124910068537241,0.08333333333333333,0.06346680265649088,0.0,0,0.01575016975402832,0.0
ip.frag_offset,CS1D2,3,0,DT,0.6155287970010224,0.08333333333333333,0.05129406641675186,0.08333333333333333,0.06350127154894585,0.0,0,0.03174567222595215,0.0
ip.frag_offset,CS1D2,4,0,DT,0.6141830677913153,0.08333333333333333,0.051181922315942936,0.08333333333333333,0.06341526353138507,0.0,0,0.01564168930053711,0.0
ip.frag_offset,CS1D2,5,0,DT,0.6160006816051802,0.08333333333333333,0.05133339013376501,0.08333333333333333,0.06353139663626299,0.0,0,0.015614986419677734,0.0
