Feature,Dataset,T,CV,ML,Acc,b_Acc,Prec,Rec,F1,kap,ROC,tra-T,test-T
tcp.flags.ae,CS2D2,1,0,DT,0.7531931945302456,0.08333333333333333,0.06276609954418713,0.08333333333333333,0.07160203420822063,0.0,0,0.03183245658874512,0.0
tcp.flags.ae,CS2D2,2,0,DT,0.7538944450937505,0.08333333333333333,0.06282453709114587,0.08333333333333333,0.0716400434095539,0.0,0,0.03135108947753906,0.0
tcp.flags.ae,CS2D2,3,0,DT,0.7538443557677859,0.08333333333333333,0.06282036298064882,0.08333333333333333,0.07163732947459613,0.0,0,0.03163766860961914,0.0
tcp.flags.ae,CS2D2,4,0,DT,0.7506720317900255,0.08333333333333333,0.06255600264916879,0.08333333333333333,0.07146513054784635,0.0,0,0.031249523162841797,0.0
tcp.flags.ae,CS2D2,5,0,DT,0.7551633746848546,0.08333333333333333,0.06293028122373788,0.08333333333333333,0.07170874476005658,0.0,0,0.034856557846069336,0.0
