Feature,Dataset,T,CV,ML,Acc,b_Acc,Prec,Rec,F1,kap,ROC,tra-T,test-T
udp.checksum,CS1D1,1,0,DT,0.6035418368537753,0.4489940628467725,0.7023245983733782,0.4489940628467725,0.495059551657242,0.4025281493759503,0,0.10955357551574707,0.0
udp.checksum,CS1D1,2,0,DT,0.6096102228964874,0.4606865008916847,0.7155911410825819,0.4606865008916847,0.5067554087612128,0.4109510749933414,0,0.11018776893615723,0.015621185302734375
udp.checksum,CS1D1,3,0,DT,0.6039502859143424,0.4575523546830674,0.724046198071146,0.4575523546830674,0.5103125270426491,0.4043671602615734,0,0.1099700927734375,0.0
udp.checksum,CS1D1,4,0,DT,0.6056892778993436,0.45232910506994345,0.7229233251597275,0.45232910506994345,0.5029066135329283,0.4088831343833229,0,0.10704803466796875,0.01573967933654785
udp.checksum,CS1D1,5,0,DT,0.6020423048869439,0.47133424872124596,0.7007165529354484,0.47133424872124596,0.5092067664025928,0.40558774676007014,0,0.11008048057556152,0.0
