Feature,Dataset,T,CV,ML,Acc,b_Acc,Prec,Rec,F1,kap,ROC,tra-T,test-T
http.notification,CS2D2,1,0,DT,0.7513732823535305,0.08333333333333333,0.06261444019612754,0.08333333333333333,0.07150324928102707,0.0,0,0.03133678436279297,0.0
http.notification,CS2D2,2,0,DT,0.754796052961114,0.08333333333333333,0.06289967108009283,0.08333333333333333,0.07168886774500476,0.0,0,0.03173470497131348,0.0
http.notification,CS2D2,3,0,DT,0.7509057819778605,0.08333333333333333,0.06257548183148838,0.08333333333333333,0.0714778401848691,0.0,0,0.031328439712524414,0.0
http.notification,CS2D2,4,0,DT,0.7520244435910708,0.08333333333333333,0.06266870363258924,0.08333333333333333,0.07153861792491788,0.0,0,0.03125572204589844,0.0
http.notification,CS2D2,5,0,DT,0.7576678409830865,0.08333333333333333,0.06313898674859054,0.08333333333333333,0.07184404843326493,0.0,0,0.03132987022399902,0.0
