Feature,Dataset,T,CV,ML,Acc,b_Acc,Prec,Rec,F1,kap,ROC,tra-T,test-T
tls.handshake.server_named_curve,CS2D1,1,0,DT,0.3831285585855559,0.08333333333333333,0.03192737988212966,0.08333333333333333,0.04616690138302098,0.0,0,0.01927042007446289,0.0
tls.handshake.server_named_curve,CS2D1,2,0,DT,0.3812449163063487,0.08333333333333333,0.031770409692195724,0.08333333333333333,0.046002572486788885,0.0,0,0.015738725662231445,0.0
tls.handshake.server_named_curve,CS2D1,3,0,DT,0.3776997666802235,0.08333333333333333,0.03147498055668529,0.08333333333333333,0.045692075033922704,0.0,0,0.015640974044799805,0.0
tls.handshake.server_named_curve,CS2D1,4,0,DT,0.3811460496179121,0.08333333333333333,0.03176217080149268,0.08333333333333333,0.04599393497925804,0.0,0,0.015127182006835938,0.0
tls.handshake.server_named_curve,CS2D1,5,0,DT,0.37834193120277415,0.08333333333333333,0.03152849426689785,0.08333333333333333,0.04574843665879819,0.0,0,0.024884939193725586,0.007126331329345703
