Feature,Dataset,T,CV,ML,Acc,b_Acc,Prec,Rec,F1,kap,ROC,tra-T,test-T
tls.handshake.session_id_length,CS1D1,1,0,DT,0.3941241685144124,0.08576229543109033,0.17012625350592514,0.08576229543109033,0.05177655184892962,0.005079654743020301,0,0.0,0.0156252384185791
tls.handshake.session_id_length,CS1D1,2,0,DT,0.4000175049597386,0.08620792906418284,0.1713363367131814,0.08620792906418284,0.05309186817738456,0.0060971803219695975,0,0.014555692672729492,0.0
tls.handshake.session_id_length,CS1D1,3,0,DT,0.4021181001283697,0.08639424470407292,0.1786416902963539,0.08639424470407292,0.05359374363458421,0.006238249660241557,0,0.015620946884155273,0.0
tls.handshake.session_id_length,CS1D1,4,0,DT,0.39932895696571846,0.08601771490346595,0.17265967603356036,0.08601771490346595,0.05267884543087186,0.005734816549123334,0,0.017220020294189453,0.002778291702270508
tls.handshake.session_id_length,CS1D1,5,0,DT,0.3958278628738147,0.08623053414256582,0.17127381331023817,0.08623053414256582,0.052759289847002545,0.0059324833632097285,0,0.0,0.015689373016357422
