Feature,Dataset,T,CV,ML,Acc,b_Acc,Prec,Rec,F1,kap,ROC,tra-T,test-T
igmp.checksum,CS1D1,1,0,DT,0.3937448943867429,0.08420226410099395,0.19252713468731045,0.08420226410099395,0.04878318576509396,0.000932767700563164,0,0.015618324279785156,0.01562786102294922
igmp.checksum,CS1D1,2,0,DT,0.39091492589567045,0.08415243438479553,0.18501926087260226,0.08415243438479553,0.04844519999243985,0.0011631413754438213,0,0.015603065490722656,0.0
igmp.checksum,CS1D1,3,0,DT,0.3998716302952503,0.08399343294470274,0.16765827835191996,0.08399343294470274,0.04890551201624904,0.0008574397822195268,0,0.015622377395629883,0.0
igmp.checksum,CS1D1,4,0,DT,0.40058351568198397,0.08500800191498781,0.15906915843110525,0.08500800191498781,0.05090485328478517,0.0015223419404966076,0,0.01563239097595215,0.0
igmp.checksum,CS1D1,5,0,DT,0.3962363238512035,0.08405212022201515,0.17340261104385604,0.08405212022201515,0.048708804557259254,0.0009307362651305162,0,0.020737171173095703,0.0
