Feature,Dataset,T,CV,ML,Acc,b_Acc,Prec,Rec,F1,kap,ROC,tra-T,test-T
tcp.options.sack.dsack,CS2D2,1,0,DT,0.7533601589501278,0.08408249603384453,0.14147892986932653,0.08408249603384453,0.07309217004833446,0.002025880723674822,0,0.03371572494506836,0.0
tcp.options.sack.dsack,CS2D2,2,0,DT,0.7519409613811296,0.08389089037570767,0.14599059229570252,0.08389089037570767,0.07263886332724773,0.0015021270658048813,0,0.031359195709228516,0.0
tcp.options.sack.dsack,CS2D2,3,0,DT,0.7545956956572555,0.08396273917421954,0.14621118496498434,0.08396273917421954,0.07292406929090804,0.001753471286712549,0,0.03135561943054199,0.0156252384185791
tcp.options.sack.dsack,CS2D2,4,0,DT,0.755347035546725,0.08373163391750753,0.1379435733012708,0.08373163391750753,0.07250976654521675,0.0011069132660440628,0,0.031246662139892578,0.0
tcp.options.sack.dsack,CS2D2,5,0,DT,0.7526756048286111,0.08397866115986923,0.1460511373125355,0.08397866115986923,0.07285133634735567,0.0017387699851908467,0,0.03125286102294922,0.0
