Feature,Dataset,T,CV,ML,Acc,b_Acc,Prec,Rec,F1,kap,ROC,tra-T,test-T
ip.dsfield.dscp,CS2D1,1,0,DT,0.3849265807611627,0.0860135658986686,0.06663589735843932,0.0860135658986686,0.07123143726114743,0.019699131662623603,0,0.03261232376098633,0.0
ip.dsfield.dscp,CS2D1,2,0,DT,0.38432724003596047,0.08621004237064338,0.1498643594838381,0.08621004237064338,0.07157614033529823,0.01975987438200988,0,0.03126668930053711,0.0
ip.dsfield.dscp,CS2D1,3,0,DT,0.38743926193890876,0.08706470610993583,0.15061541185474567,0.08706470610993583,0.07271769197773585,0.02474954205552027,0,0.0313870906829834,0.0
ip.dsfield.dscp,CS2D1,4,0,DT,0.3836933022240298,0.08631606310219532,0.1497388571568953,0.08631606310219532,0.07207389072097091,0.01922306679407637,0,0.03195071220397949,0.0018343925476074219
ip.dsfield.dscp,CS2D1,5,0,DT,0.3893015390543057,0.08704788521990413,0.15057548390597872,0.08704788521990413,0.07257414205908314,0.025362607525676317,0,0.03117966651916504,0.0
