Feature,Dataset,T,CV,ML,Acc,b_Acc,Prec,Rec,F1,kap,ROC,tra-T,test-T
eth.dst.lg,CS1D2,1,0,DT,0.6203850959900034,0.1574081540130503,0.08443966766696546,0.1574081540130503,0.10488571160435178,0.24972684252375799,0,0.01774287223815918,0.014113903045654297
eth.dst.lg,CS1D2,2,0,DT,0.6146484153129614,0.15696793742086315,0.08268753766711272,0.15696793742086315,0.10275395694247554,0.23806978165612402,0,0.015619754791259766,0.0160982608795166
eth.dst.lg,CS1D2,3,0,DT,0.6214358741338181,0.1572079203708797,0.08420185612524561,0.1572079203708797,0.10457276563404182,0.24750504807049756,0,0.015623092651367188,0.0
eth.dst.lg,CS1D2,4,0,DT,0.6124790548408168,0.15715796049424022,0.08232824734177284,0.15715796049424022,0.10245589038593561,0.23738140431523014,0,0.015731334686279297,0.01563286781311035
eth.dst.lg,CS1D2,5,0,DT,0.6208571185141007,0.15707804975501946,0.0842952255854681,0.15707804975501946,0.10461671628946519,0.24667730010463362,0,0.015618085861206055,0.008802652359008789
