Feature,Dataset,T,CV,ML,Acc,b_Acc,Prec,Rec,F1,kap,ROC,tra-T,test-T
ip.ttl,CS1D1,1,0,DT,0.4430505309837787,0.15659203941847255,0.20653680232201752,0.15659203941847255,0.11157394033393135,0.15609347928075878,0,0.031241416931152344,0.0006108283996582031
ip.ttl,CS1D1,2,0,DT,0.4467557474617808,0.15648665638002138,0.210761571521097,0.15648665638002138,0.11160404994377637,0.15923147080510813,0,0.03125953674316406,0.0
ip.ttl,CS1D1,3,0,DT,0.44640564826700896,0.15400649214966058,0.21119157172391353,0.15400649214966058,0.10712033576497466,0.1568603708929417,0,0.03194999694824219,0.0
ip.ttl,CS1D1,4,0,DT,0.44554339897884754,0.15681679181471986,0.20856675912754966,0.15681679181471986,0.11319059318029019,0.15898116567530596,0,0.015636205673217773,0.0
ip.ttl,CS1D1,5,0,DT,0.4447556528081692,0.1547522358801254,0.2115910535041324,0.1547522358801254,0.10792738470681752,0.15906204898957044,0,0.03184938430786133,0.0
