Feature,Dataset,T,CV,ML,Acc,b_Acc,Prec,Rec,F1,kap,ROC,tra-T,test-T
dns.flags.checkdisable,CS2D1,1,0,DT,0.3801318549595445,0.08362423396167869,0.06162400768268622,0.08362423396167869,0.046488005676830924,0.0021304231426866327,0,0.015619039535522461,0.0
dns.flags.checkdisable,CS2D1,2,0,DT,0.3813733464617492,0.0836577005751467,0.0629751851463719,0.0836577005751467,0.046658224232142775,0.002383754856824516,0,0.01561737060546875,0.0
dns.flags.checkdisable,CS2D1,3,0,DT,0.3843782777147505,0.08357110968768804,0.05539756205864238,0.08357110968768804,0.046780556393799154,0.0017962558504086568,0,0.011114120483398438,0.01573348045349121
dns.flags.checkdisable,CS2D1,4,0,DT,0.3818310251086328,0.08358008205604583,0.05343624378576323,0.08358008205604583,0.04658709737549402,0.0018447882449655895,0,0.0318601131439209,0.0
dns.flags.checkdisable,CS2D1,5,0,DT,0.37992593702506583,0.08360643170624198,0.05681928797042277,0.08360643170624198,0.046455408899632074,0.0020054166914119653,0,0.01563119888305664,0.015622615814208984
