Feature,Dataset,T,CV,ML,Acc,b_Acc,Prec,Rec,F1,kap,ROC,tra-T,test-T
stun.length,CS1D2,1,0,DT,0.6126888560717937,0.08333333333333333,0.05105740467264947,0.08333333333333333,0.06331959755338758,0.0,0,0.01567816734313965,0.015630722045898438
stun.length,CS1D2,2,0,DT,0.6185391343860047,0.08410852713178295,0.13487645555239988,0.08410852713178295,0.06522786967736328,0.00024002225377262043,0,0.015623807907104492,0.0
stun.length,CS1D2,3,0,DT,0.6147620129501307,0.08333333333333333,0.05123016774584422,0.08333333333333333,0.06345228254688498,0.0,0,0.01562952995300293,0.015622377395629883
stun.length,CS1D2,4,0,DT,0.6141546675754735,0.08418803418803418,0.1345110625124258,0.08418803418803418,0.06510409223468393,0.00023674061734269003,0,0.01564192771911621,0.0
stun.length,CS1D2,5,0,DT,0.6155462781517139,0.08406432748538012,0.1346270366478268,0.08406432748538012,0.06495026866412436,0.00023766444899597783,0,0.01554250717163086,0.0
