Feature,Dataset,T,CV,ML,Acc,b_Acc,Prec,Rec,F1,kap,ROC,tra-T,test-T
arp.duplicate-address-frame,CS1D2,1,0,DT,0.6148472111780074,0.08333333333333333,0.05123726759816729,0.08333333333333333,0.06345772806678156,0.0,0,0.0,0.015678882598876953
arp.duplicate-address-frame,CS1D2,2,0,DT,0.6183403385209587,0.08333333333333333,0.051528361543413226,0.08333333333333333,0.06368050071656284,0.0,0,0.015629053115844727,0.0
arp.duplicate-address-frame,CS1D2,3,0,DT,0.6133704418948086,0.08333333333333333,0.05111420349123405,0.08333333333333333,0.06336325764243385,0.0,0,0.02501702308654785,0.0
arp.duplicate-address-frame,CS1D2,4,0,DT,0.6133026611002244,0.08333333333333333,0.05110855509168536,0.08333333333333333,0.06335891748524217,0.0,0,0.007123470306396484,0.0
arp.duplicate-address-frame,CS1D2,5,0,DT,0.6156598790150806,0.08333333333333333,0.05130498991792338,0.08333333333333333,0.06350964158273129,0.0,0,0.015628576278686523,0.0
