Feature,Dataset,T,CV,ML,Acc,b_Acc,Prec,Rec,F1,kap,ROC,tra-T,test-T
tls.handshake.yc_len,CS1D1,1,0,DT,0.3980336095226981,0.08333333333333333,0.033169467460224845,0.08333333333333333,0.0474516023567548,0.0,0,0.01858830451965332,0.0
tls.handshake.yc_len,CS1D1,2,0,DT,0.3985295833819582,0.08333333333333333,0.033210798615163184,0.08333333333333333,0.04749388072986204,0.0,0,0.01562952995300293,0.0
tls.handshake.yc_len,CS1D1,3,0,DT,0.39033142723771735,0.08333333333333333,0.032527618936476446,0.08333333333333333,0.0467911726646382,0.0,0,0.01556706428527832,0.0
tls.handshake.yc_len,CS1D1,4,0,DT,0.3972574762946754,0.08333333333333333,0.03310478969122295,0.08333333333333333,0.04738538208292442,0.0,0,0.020336389541625977,0.011147499084472656
tls.handshake.yc_len,CS1D1,5,0,DT,0.3951859956236324,0.08333333333333333,0.032932166301969365,0.08333333333333333,0.047208281053952326,0.0,0,0.015625,0.0
