Feature,Dataset,T,CV,ML,Acc,b_Acc,Prec,Rec,F1,kap,ROC,tra-T,test-T
dhcp.option.padding,CS1D2,1,0,DT,0.6139100306713621,0.0872823123482327,0.07101912781632029,0.0872823123482327,0.07002031906974872,0.0009428020799412407,0,0.015630483627319336,0.0
dhcp.option.padding,CS1D2,2,0,DT,0.6131432466204703,0.08484076522520245,0.07193548081657387,0.08484076522520245,0.06617662126718646,0.0003581270575112594,0,0.015631675720214844,0.0
dhcp.option.padding,CS1D2,3,0,DT,0.6139668294899466,0.08500141790692645,0.06399857659126389,0.08500141790692645,0.06638402809205343,0.00043722191664274934,0,0.0187380313873291,0.0
dhcp.option.padding,CS1D2,4,0,DT,0.6174206923972623,0.08333333333333333,0.05145172436643852,0.08333333333333333,0.06362194401034808,0.0,0,0.012557506561279297,0.0
dhcp.option.padding,CS1D2,5,0,DT,0.6169946891596376,0.08422171938087164,0.06808782593876044,0.08422171938087164,0.06529701742286179,0.00015361049084239298,0,0.015617847442626953,0.0
