Feature,Dataset,T,CV,ML,Acc,b_Acc,Prec,Rec,F1,kap,ROC,tra-T,test-T
stun.att.port-xord,CS1D2,1,0,DT,0.6162103828240373,0.08333333333333333,0.05135086523533644,0.08333333333333333,0.0635447783049259,0.0,0,0.0,0.016011714935302734
stun.att.port-xord,CS1D2,2,0,DT,0.6195615131205271,0.08333333333333333,0.051630126093377256,0.08333333333333333,0.06375815388931753,0.0,0,0.015541315078735352,0.0
stun.att.port-xord,CS1D2,3,0,DT,0.6141088265364081,0.08333333333333333,0.05117573554470067,0.08333333333333333,0.0634105144626645,0.0,0,0.015564203262329102,0.015658855438232422
stun.att.port-xord,CS1D2,4,0,DT,0.6110022436170515,0.08333333333333333,0.05091685363475429,0.08333333333333333,0.06321140002938151,0.0,0,0.012580156326293945,0.0
stun.att.port-xord,CS1D2,5,0,DT,0.6146374712447814,0.08333333333333333,0.05121978927039845,0.08333333333333333,0.06344432131989516,0.0,0,0.015623807907104492,0.0
