Feature,Dataset,T,CV,ML,Acc,b_Acc,Prec,Rec,F1,kap,ROC,tra-T,test-T
tls.handshake.p_len,CS2D2,1,0,DT,0.7532599802981984,0.08333333333333333,0.06277166502484986,0.08333333333333333,0.07160565544212504,0.0,0,0.03386187553405762,0.0
tls.handshake.p_len,CS2D2,2,0,DT,0.7522581937789057,0.08333333333333333,0.0626881828149088,0.08333333333333333,0.07155130794933363,0.0,0,0.016210079193115234,0.015728473663330078
tls.handshake.p_len,CS2D2,3,0,DT,0.7568831082096406,0.08333333333333333,0.06307359235080338,0.08333333333333333,0.07180169478102479,0.0,0,0.015725374221801758,0.0
tls.handshake.p_len,CS2D2,4,0,DT,0.7521079258010118,0.08333333333333333,0.06267566048341765,0.08333333333333333,0.07154315046519089,0.0,0,0.015728235244750977,0.015644550323486328
tls.handshake.p_len,CS2D2,5,0,DT,0.7522581937789057,0.08333333333333333,0.0626881828149088,0.08333333333333333,0.07155130794933363,0.0,0,0.015615224838256836,0.015633344650268555
