Feature,Dataset,T,CV,ML,Acc,b_Acc,Prec,Rec,F1,kap,ROC,tra-T,test-T
eth.fcs.status,CS2D1,1,0,DT,0.3788475534055396,0.08333333333333333,0.031570629450461636,0.08333333333333333,0.0457927772689404,0.0,0,0.01461338996887207,0.01574110984802246
eth.fcs.status,CS2D1,2,0,DT,0.3799392097264438,0.08333333333333333,0.03166160081053698,0.08333333333333333,0.04588839941262848,0.0,0,0.016211986541748047,0.0
eth.fcs.status,CS2D1,3,0,DT,0.3833294089945844,0.08333333333333333,0.03194411741621537,0.08333333333333333,0.04618439716312057,0.0,0,0.015618562698364258,0.0
eth.fcs.status,CS2D1,4,0,DT,0.3807393454202967,0.08333333333333333,0.031728278785024724,0.08333333333333333,0.04595839017735334,0.0,0,0.015625715255737305,0.0
eth.fcs.status,CS2D1,5,0,DT,0.37870582443221956,0.08333333333333333,0.03155881870268496,0.08333333333333333,0.04578035160717705,0.0,0,0.015738487243652344,0.0
