Feature,Dataset,T,CV,ML,Acc,b_Acc,Prec,Rec,F1,kap,ROC,tra-T,test-T
tls.handshake.sig_len,CS1D1,1,0,DT,0.3966332127436107,0.08333333333333333,0.033052767728634226,0.08333333333333333,0.047332066038589825,0.0,0,0.015615224838256836,0.0
tls.handshake.sig_len,CS1D1,2,0,DT,0.39902555724121835,0.08333333333333333,0.03325212977010153,0.08333333333333333,0.047536129126436295,0.0,0,0.015625953674316406,0.0
tls.handshake.sig_len,CS1D1,3,0,DT,0.39552456529349983,0.08333333333333333,0.03296038044112499,0.08333333333333333,0.04723726297744235,0.0,0,0.0,0.015612363815307617
tls.handshake.sig_len,CS1D1,4,0,DT,0.39296863603209337,0.08333333333333333,0.03274738633600778,0.08333333333333333,0.04701812444146559,0.0,0,0.0,0.015620946884155273
tls.handshake.sig_len,CS1D1,5,0,DT,0.3951859956236324,0.08333333333333333,0.032932166301969365,0.08333333333333333,0.047208281053952326,0.0,0,0.01577901840209961,0.0
