Feature,Dataset,T,CV,ML,Acc,b_Acc,Prec,Rec,F1,kap,ROC,tra-T,test-T
tls.handshake.comp_methods,CS1D2,1,0,DT,0.6196751107576962,0.0857828516748544,0.10509321813146671,0.0857828516748544,0.06846910221395817,0.009069627456921303,0,0.015015840530395508,0.015642166137695312
tls.handshake.comp_methods,CS1D2,2,0,DT,0.6158127910939453,0.08535525912991186,0.09825618432323709,0.08535525912991186,0.06744778335157878,0.007875038242328936,0,0.015738487243652344,0.0
tls.handshake.comp_methods,CS1D2,3,0,DT,0.6206974894922186,0.085596345637313,0.10300815359491444,0.085596345637313,0.06819546816991835,0.008645468116486255,0,0.016852378845214844,0.0
tls.handshake.comp_methods,CS1D2,4,0,DT,0.6155178779358723,0.08560378030092104,0.10327137812043807,0.08560378030092104,0.06788564875045183,0.008236950948130262,0,0.008013010025024414,0.0
tls.handshake.comp_methods,CS1D2,5,0,DT,0.6119394507398256,0.08562933293789311,0.10164954073001782,0.08562933293789311,0.06770702252611391,0.008044823747194285,0,0.01555013656616211,0.0019693374633789062
