Feature,Dataset,T,CV,ML,Acc,b_Acc,Prec,Rec,F1,kap,ROC,tra-T,test-T
tcp.analysis.push_bytes_sent,CS1D2,1,0,DT,0.6492104964216744,0.1851987697816725,0.42479953747420907,0.1851987697816725,0.20238845177383855,0.14615195929867397,0,0.03438115119934082,0.0
tcp.analysis.push_bytes_sent,CS1D2,2,0,DT,0.651056458025673,0.19124901235927752,0.38664445877818604,0.19124901235927752,0.20985481999991173,0.145748834373716,0,0.030655384063720703,0.0
tcp.analysis.push_bytes_sent,CS1D2,3,0,DT,0.6465693513574917,0.19061401124849098,0.4133492039432452,0.19061401124849098,0.20966078664943155,0.14821108274501504,0,0.03130769729614258,0.0
tcp.analysis.push_bytes_sent,CS1D2,4,0,DT,0.6486893300389083,0.18409976729864194,0.3820716143395448,0.18409976729864194,0.20133700233249321,0.14750246407291856,0,0.031249046325683594,0.0
tcp.analysis.push_bytes_sent,CS1D2,5,0,DT,0.648234926585442,0.19359914031984812,0.39695363536785017,0.19359914031984812,0.21256952982934918,0.1493190723780481,0,0.020836830139160156,0.010125875473022461
