Feature,Dataset,T,CV,ML,Acc,b_Acc,Prec,Rec,F1,kap,ROC,tra-T,test-T
dns.flags.z,CS2D1,1,0,DT,0.3833426088445567,0.08365382747703126,0.06200729693438337,0.08365382747703126,0.04682754164966702,0.002378012912861105,0,0.01562190055847168,0.0
dns.flags.z,CS2D1,2,0,DT,0.38169442185025043,0.08356256584338055,0.054612578804263644,0.08356256584338055,0.04653069649078276,0.001713236597237544,0,0.015633583068847656,0.015536785125732422
dns.flags.z,CS2D1,3,0,DT,0.38371470770811483,0.08362291980385343,0.05831513035818855,0.08362291980385343,0.046814955282731496,0.0021640478465784208,0,0.015625476837158203,0.0
dns.flags.z,CS2D1,4,0,DT,0.3774643063552882,0.08356328446871707,0.05501371794985208,0.08356328446871707,0.04615735191885633,0.0016715483259023278,0,0.017728567123413086,0.0
dns.flags.z,CS2D1,5,0,DT,0.3814243209110174,0.08363710004050223,0.059147439772523736,0.08363710004050223,0.04663830852285073,0.002242312125844914,0,0.015703201293945312,0.017110109329223633
