Feature,Dataset,T,CV,ML,Acc,b_Acc,Prec,Rec,F1,kap,ROC,tra-T,test-T
tls.handshake.extensions_reneg_info_len,CS1D2,1,0,DT,0.6107860956492105,0.0838325488518043,0.13421927382237628,0.0838325488518043,0.06418005786256024,0.0015747702682796794,0,0.015016794204711914,0.015641212463378906
tls.handshake.extensions_reneg_info_len,CS1D2,2,0,DT,0.6174031580143133,0.08365248226950354,0.13477544527455046,0.08365248226950354,0.06425045733054413,0.001034682521826813,0,0.016510486602783203,0.0076258182525634766
tls.handshake.extensions_reneg_info_len,CS1D2,3,0,DT,0.6147620129501307,0.08372290692732681,0.13455346912493016,0.08372290692732681,0.06422010886734303,0.0012534128969828862,0,0.0015139579772949219,0.015679121017456055
tls.handshake.extensions_reneg_info_len,CS1D2,4,0,DT,0.6141830677913153,0.08379225944622916,0.13450429462958227,0.08379225944622916,0.06431967456530469,0.0013690101274018707,0,0.015624761581420898,0.0
tls.handshake.extensions_reneg_info_len,CS1D2,5,0,DT,0.6199767118230098,0.08369739333042085,0.13498906281071563,0.08369739333042085,0.06450262543144969,0.0011605114612420753,0,0.015758037567138672,0.0
