Feature,Dataset,T,CV,ML,Acc,b_Acc,Prec,Rec,F1,kap,ROC,tra-T,test-T
Bwd URG Flags,DD12,0,0,DT,0.11259486117053617,0.047619047619047616,0.005361660055739818,0.047619047619047616,0.009638117598528067,0.0,0,0.0,0.015734434127807617
Bwd URG Flags,DD12,0,1,DT,0.11259486117053617,0.047619047619047616,0.005361660055739818,0.047619047619047616,0.009638117598528067,0.0,0,0.01562190055847168,0.01562809944152832
Bwd URG Flags,DD12,0,2,DT,0.11259486117053617,0.047619047619047616,0.005361660055739818,0.047619047619047616,0.009638117598528067,0.0,0,0.0,0.015628576278686523
Bwd URG Flags,DD12,0,3,DT,0.11259486117053617,0.047619047619047616,0.005361660055739818,0.047619047619047616,0.009638117598528067,0.0,0,0.015625,0.0
Bwd URG Flags,DD12,0,4,DT,0.11259486117053617,0.047619047619047616,0.005361660055739818,0.047619047619047616,0.009638117598528067,0.0,0,0.0,0.01562190055847168
