Feature,Dataset,T,CV,ML,Acc,b_Acc,Prec,Rec,F1,kap,ROC,tra-T,test-T
Active Min,DD11,0,0,DT,0.19500501728174824,0.11520451534407022,0.1924922839278041,0.11520451534407022,0.10384483230786688,0.08542956297282112,0,0.07883024215698242,0.01561594009399414
Active Min,DD11,0,1,DT,0.19500501728174824,0.11520451534407022,0.1924922839278041,0.11520451534407022,0.10384483230786688,0.08542956297282112,0,0.07884669303894043,0.01563262939453125
Active Min,DD11,0,2,DT,0.19500501728174824,0.11520451534407022,0.1924922839278041,0.11520451534407022,0.10384483230786688,0.08542956297282112,0,0.07883572578430176,0.01562047004699707
Active Min,DD11,0,3,DT,0.19500501728174824,0.11520451534407022,0.1924922839278041,0.11520451534407022,0.10384483230786688,0.08542956297282112,0,0.09445333480834961,0.0
Active Min,DD11,0,4,DT,0.19500501728174824,0.11520451534407022,0.1924922839278041,0.11520451534407022,0.10384483230786688,0.08542956297282112,0,0.09432005882263184,0.015744924545288086
