Feature,Dataset,T,CV,ML,Acc,b_Acc,Prec,Rec,F1,kap,ROC,tra-T,test-T
Down/Up Ratio,DD21,0,0,DT,0.1323168692161891,0.08247851483261123,0.07773135908530363,0.08247851483261123,0.02964889815078991,0.03756729418884541,0,0.016223907470703125,0.0
Down/Up Ratio,DD21,0,1,DT,0.1323168692161891,0.08247851483261123,0.07773135908530363,0.08247851483261123,0.02964889815078991,0.03756729418884541,0,0.015735149383544922,0.0
Down/Up Ratio,DD21,0,2,DT,0.1323168692161891,0.08247851483261123,0.07773135908530363,0.08247851483261123,0.02964889815078991,0.03756729418884541,0,0.0,0.0156252384185791
Down/Up Ratio,DD21,0,3,DT,0.1323168692161891,0.08247851483261123,0.07773135908530363,0.08247851483261123,0.02964889815078991,0.03756729418884541,0,0.0,0.015627622604370117
Down/Up Ratio,DD21,0,4,DT,0.1323168692161891,0.08247851483261123,0.07773135908530363,0.08247851483261123,0.02964889815078991,0.03756729418884541,0,0.0,0.015623807907104492
