Feature,Dataset,T,CV,ML,Acc,b_Acc,Prec,Rec,F1,kap,ROC,tra-T,test-T
TotLen Bwd Pkts,DD21T,0,0,DT,0.4441616343098601,0.4490206336033865,0.5292367048508617,0.4490206336033865,0.43875426926079747,0.3887398475273415,0,0.055844783782958984,0.015727519989013672
TotLen Bwd Pkts,DD21T,0,1,DT,0.4441616343098601,0.4490206336033865,0.5292367048508617,0.4490206336033865,0.43875426926079747,0.3887398475273415,0,0.046878814697265625,0.01561880111694336
TotLen Bwd Pkts,DD21T,0,2,DT,0.4441616343098601,0.4490206336033865,0.5292367048508617,0.4490206336033865,0.43875426926079747,0.3887398475273415,0,0.04396390914916992,0.015623092651367188
TotLen Bwd Pkts,DD21T,0,3,DT,0.4441616343098601,0.4490206336033865,0.5292367048508617,0.4490206336033865,0.43875426926079747,0.3887398475273415,0,0.047458648681640625,0.015732765197753906
TotLen Bwd Pkts,DD21T,0,4,DT,0.4441616343098601,0.4490206336033865,0.5292367048508617,0.4490206336033865,0.43875426926079747,0.3887398475273415,0,0.06304740905761719,0.01574110984802246
