Feature,Dataset,T,CV,ML,Acc,b_Acc,Prec,Rec,F1,kap,ROC,tra-T,test-T
Bwd Header Len,DD21T,0,0,DT,0.30210776729716693,0.29079846736251025,0.2616954148742453,0.29079846736251025,0.25072317419231116,0.24281126509818285,0,0.031365156173706055,0.01562356948852539
Bwd Header Len,DD21T,0,1,DT,0.30210776729716693,0.29079846736251025,0.2616954148742453,0.29079846736251025,0.25072317419231116,0.24281126509818285,0,0.03124523162841797,0.01874518394470215
Bwd Header Len,DD21T,0,2,DT,0.30210776729716693,0.29079846736251025,0.2616954148742453,0.29079846736251025,0.25072317419231116,0.24281126509818285,0,0.0341038703918457,0.016727209091186523
Bwd Header Len,DD21T,0,3,DT,0.30210776729716693,0.29079846736251025,0.2616954148742453,0.29079846736251025,0.25072317419231116,0.24281126509818285,0,0.026894330978393555,0.015636920928955078
Bwd Header Len,DD21T,0,4,DT,0.30210776729716693,0.29079846736251025,0.2616954148742453,0.29079846736251025,0.25072317419231116,0.24281126509818285,0,0.037363290786743164,0.012108564376831055
