Feature,Dataset,T,CV,ML,Acc,b_Acc,Prec,Rec,F1,kap,ROC,tra-T,test-T
Bwd IAT Max,DD12,0,0,DT,0.22504334902155065,0.2364678053203395,0.2689432647206725,0.2364678053203395,0.22478275755513655,0.15092417771883648,0,0.29839634895324707,0.028238296508789062
Bwd IAT Max,DD12,0,1,DT,0.22504334902155065,0.2364678053203395,0.2689432647206725,0.2364678053203395,0.22478275755513655,0.15092417771883648,0,0.29928064346313477,0.03125452995300293
Bwd IAT Max,DD12,0,2,DT,0.22504334902155065,0.2364678053203395,0.2689432647206725,0.2364678053203395,0.22478275755513655,0.15092417771883648,0,0.3010413646697998,0.01574873924255371
Bwd IAT Max,DD12,0,3,DT,0.22504334902155065,0.2364678053203395,0.2689432647206725,0.2364678053203395,0.22478275755513655,0.15092417771883648,0,0.2989959716796875,0.03125810623168945
Bwd IAT Max,DD12,0,4,DT,0.22504334902155065,0.2364678053203395,0.2689432647206725,0.2364678053203395,0.22478275755513655,0.15092417771883648,0,0.30091381072998047,0.013604879379272461
