Feature,Dataset,T,CV,ML,Acc,b_Acc,Prec,Rec,F1,kap,ROC,tra-T,test-T
Bwd URG Flags,DD11,0,0,DT,0.13936893745122086,0.047619047619047616,0.0066366160691057555,0.047619047619047616,0.011649634900442222,0.0,0,0.0,0.015629053115844727
Bwd URG Flags,DD11,0,1,DT,0.13936893745122086,0.047619047619047616,0.0066366160691057555,0.047619047619047616,0.011649634900442222,0.0,0,0.0,0.015636682510375977
Bwd URG Flags,DD11,0,2,DT,0.13936893745122086,0.047619047619047616,0.0066366160691057555,0.047619047619047616,0.011649634900442222,0.0,0,0.0,0.015764236450195312
Bwd URG Flags,DD11,0,3,DT,0.13936893745122086,0.047619047619047616,0.0066366160691057555,0.047619047619047616,0.011649634900442222,0.0,0,0.015622138977050781,0.0031080245971679688
Bwd URG Flags,DD11,0,4,DT,0.13936893745122086,0.047619047619047616,0.0066366160691057555,0.047619047619047616,0.011649634900442222,0.0,0,0.0,0.015618562698364258
