Feature,Dataset,T,CV,ML,Acc,b_Acc,Prec,Rec,F1,kap,ROC,tra-T,test-T
Fwd IAT Max,DD21,0,0,DT,0.26668246181291116,0.22452840175179165,0.27555200207286795,0.22452840175179165,0.21847710448117186,0.17472485494318257,0,0.15764760971069336,0.015618562698364258
Fwd IAT Max,DD21,0,1,DT,0.26668246181291116,0.22452840175179165,0.27555200207286795,0.22452840175179165,0.21847710448117186,0.17472485494318257,0,0.15717792510986328,0.01562952995300293
Fwd IAT Max,DD21,0,2,DT,0.26668246181291116,0.22452840175179165,0.27555200207286795,0.22452840175179165,0.21847710448117186,0.17472485494318257,0,0.1726834774017334,0.0162200927734375
Fwd IAT Max,DD21,0,3,DT,0.26668246181291116,0.22452840175179165,0.27555200207286795,0.22452840175179165,0.21847710448117186,0.17472485494318257,0,0.15752124786376953,0.01573657989501953
Fwd IAT Max,DD21,0,4,DT,0.26668246181291116,0.22452840175179165,0.27555200207286795,0.22452840175179165,0.21847710448117186,0.17472485494318257,0,0.15765810012817383,0.01563096046447754
