Feature,Dataset,T,CV,ML,Acc,b_Acc,Prec,Rec,F1,kap,ROC,tra-T,test-T
Subflow Fwd Byts,DD22T,0,0,DT,0.30691553958510087,0.30947866385321887,0.4638625431726653,0.30947866385321887,0.3063656413497094,0.22522410229139145,0,0.07310676574707031,0.00561070442199707
Subflow Fwd Byts,DD22T,0,1,DT,0.30691553958510087,0.30947866385321887,0.4638625431726653,0.30947866385321887,0.3063656413497094,0.22522410229139145,0,0.0782308578491211,0.015625953674316406
Subflow Fwd Byts,DD22T,0,2,DT,0.30691553958510087,0.30947866385321887,0.4638625431726653,0.30947866385321887,0.3063656413497094,0.22522410229139145,0,0.0632023811340332,0.015621662139892578
Subflow Fwd Byts,DD22T,0,3,DT,0.30691553958510087,0.30947866385321887,0.4638625431726653,0.30947866385321887,0.3063656413497094,0.22522410229139145,0,0.08000493049621582,0.00832366943359375
Subflow Fwd Byts,DD22T,0,4,DT,0.30691553958510087,0.30947866385321887,0.4638625431726653,0.30947866385321887,0.3063656413497094,0.22522410229139145,0,0.0782320499420166,0.01010751724243164
