Feature,Dataset,T,CV,ML,Acc,b_Acc,Prec,Rec,F1,kap,ROC,tra-T,test-T
Fwd Act Data Pkts,DD11,0,0,DT,0.12958523804214517,0.09164151085492124,0.16757941753068128,0.09164151085492124,0.0941439553071675,0.05067574469453606,0,0.0157315731048584,0.0
Fwd Act Data Pkts,DD11,0,1,DT,0.12958523804214517,0.09164151085492124,0.16757941753068128,0.09164151085492124,0.0941439553071675,0.05067574469453606,0,0.014110565185546875,0.015736818313598633
Fwd Act Data Pkts,DD11,0,2,DT,0.12958523804214517,0.09164151085492124,0.16757941753068128,0.09164151085492124,0.0941439553071675,0.05067574469453606,0,0.01691603660583496,0.01461172103881836
Fwd Act Data Pkts,DD11,0,3,DT,0.12958523804214517,0.09164151085492124,0.16757941753068128,0.09164151085492124,0.0941439553071675,0.05067574469453606,0,0.016218185424804688,0.0
Fwd Act Data Pkts,DD11,0,4,DT,0.12958523804214517,0.09164151085492124,0.16757941753068128,0.09164151085492124,0.0941439553071675,0.05067574469453606,0,0.015615224838256836,0.01563739776611328
