Feature,Dataset,T,CV,ML,Acc,b_Acc,Prec,Rec,F1,kap,ROC,tra-T,test-T
ECE Flag Cnt,DD21,0,0,DT,0.1397591704760843,0.04804273155083451,0.044735093027687536,0.04804273155083451,0.012492671875550563,0.0005075323398926468,0,0.0,0.02425074577331543
ECE Flag Cnt,DD21,0,1,DT,0.1397591704760843,0.04804273155083451,0.044735093027687536,0.04804273155083451,0.012492671875550563,0.0005075323398926468,0,0.004495143890380859,0.00479435920715332
ECE Flag Cnt,DD21,0,2,DT,0.1397591704760843,0.04804273155083451,0.044735093027687536,0.04804273155083451,0.012492671875550563,0.0005075323398926468,0,0.01562190055847168,0.0
ECE Flag Cnt,DD21,0,3,DT,0.1397591704760843,0.04804273155083451,0.044735093027687536,0.04804273155083451,0.012492671875550563,0.0005075323398926468,0,0.013898372650146484,0.0024979114532470703
ECE Flag Cnt,DD21,0,4,DT,0.1397591704760843,0.04804273155083451,0.044735093027687536,0.04804273155083451,0.012492671875550563,0.0005075323398926468,0,0.0,0.015111923217773438
