Feature,Dataset,T,CV,ML,Acc,b_Acc,Prec,Rec,F1,kap,ROC,tra-T,test-T
Active Min,DD12,0,0,DT,0.1553809084153399,0.09637598883037482,0.16640549481512798,0.09637598883037482,0.08160404600505536,0.0568855812983905,0,0.07883620262145996,0.015631914138793945
Active Min,DD12,0,1,DT,0.1553809084153399,0.09637598883037482,0.16640549481512798,0.09637598883037482,0.08160404600505536,0.0568855812983905,0,0.09434318542480469,0.015745162963867188
Active Min,DD12,0,2,DT,0.1553809084153399,0.09637598883037482,0.16640549481512798,0.09637598883037482,0.08160404600505536,0.0568855812983905,0,0.09797072410583496,0.01563405990600586
Active Min,DD12,0,3,DT,0.1553809084153399,0.09637598883037482,0.16640549481512798,0.09637598883037482,0.08160404600505536,0.0568855812983905,0,0.08250021934509277,0.021255016326904297
Active Min,DD12,0,4,DT,0.1553809084153399,0.09637598883037482,0.16640549481512798,0.09637598883037482,0.08160404600505536,0.0568855812983905,0,0.09386944770812988,0.015744447708129883
