Feature,Dataset,T,CV,ML,Acc,b_Acc,Prec,Rec,F1,kap,ROC,tra-T,test-T
Pkt Len Max,DD22T,0,0,DT,0.4607309810184492,0.4206748699478405,0.5058951696880378,0.4206748699478405,0.4285788657012216,0.40148575697362,0,0.07811737060546875,0.005104541778564453
Pkt Len Max,DD22T,0,1,DT,0.4607309810184492,0.4206748699478405,0.5058951696880378,0.4206748699478405,0.4285788657012216,0.40148575697362,0,0.0626211166381836,0.01560664176940918
Pkt Len Max,DD22T,0,2,DT,0.4607309810184492,0.4206748699478405,0.5058951696880378,0.4206748699478405,0.4285788657012216,0.40148575697362,0,0.06320405006408691,0.015620946884155273
Pkt Len Max,DD22T,0,3,DT,0.4607309810184492,0.4206748699478405,0.5058951696880378,0.4206748699478405,0.4285788657012216,0.40148575697362,0,0.06308627128601074,0.0
Pkt Len Max,DD22T,0,4,DT,0.4607309810184492,0.4206748699478405,0.5058951696880378,0.4206748699478405,0.4285788657012216,0.40148575697362,0,0.06378889083862305,0.0
