Feature,Dataset,T,CV,ML,Acc,b_Acc,Prec,Rec,F1,kap,ROC,tra-T,test-T
Fwd Pkt Len Std,DD22T,0,0,DT,0.27129809851774217,0.25793291844592414,0.49723084733596645,0.25793291844592414,0.2611663693621741,0.21507231471490385,0,0.07884502410888672,0.015631914138793945
Fwd Pkt Len Std,DD22T,0,1,DT,0.27129809851774217,0.25793291844592414,0.49723084733596645,0.25793291844592414,0.2611663693621741,0.21507231471490385,0,0.09591174125671387,0.0022203922271728516
Fwd Pkt Len Std,DD22T,0,2,DT,0.27129809851774217,0.25793291844592414,0.49723084733596645,0.25793291844592414,0.2611663693621741,0.21507231471490385,0,0.07881975173950195,0.015627622604370117
Fwd Pkt Len Std,DD22T,0,3,DT,0.27129809851774217,0.25793291844592414,0.49723084733596645,0.25793291844592414,0.2611663693621741,0.21507231471490385,0,0.0943288803100586,0.0
Fwd Pkt Len Std,DD22T,0,4,DT,0.27129809851774217,0.25793291844592414,0.49723084733596645,0.25793291844592414,0.2611663693621741,0.21507231471490385,0,0.07825303077697754,0.016130685806274414
