Feature,Dataset,T,CV,ML,Acc,b_Acc,Prec,Rec,F1,kap,ROC,tra-T,test-T
Flow Pkts/s,DD11,0,0,DT,0.20941576541420448,0.18882728424148257,0.22358511516306195,0.18882728424148257,0.1866973066362002,0.13658952614431796,0,0.42675042152404785,0.04186677932739258
Flow Pkts/s,DD11,0,1,DT,0.20941576541420448,0.18882728424148257,0.22358511516306195,0.18882728424148257,0.1866973066362002,0.13658952614431796,0,0.42467522621154785,0.03186368942260742
Flow Pkts/s,DD11,0,2,DT,0.20941576541420448,0.18882728424148257,0.22358511516306195,0.18882728424148257,0.1866973066362002,0.13658952614431796,0,0.42429065704345703,0.038356781005859375
Flow Pkts/s,DD11,0,3,DT,0.20941576541420448,0.18882728424148257,0.22358511516306195,0.18882728424148257,0.1866973066362002,0.13658952614431796,0,0.4245750904083252,0.016218185424804688
Flow Pkts/s,DD11,0,4,DT,0.20941576541420448,0.18882728424148257,0.22358511516306195,0.18882728424148257,0.1866973066362002,0.13658952614431796,0,0.4251861572265625,0.03136754035949707
