Feature,Dataset,T,CV,ML,Acc,b_Acc,Prec,Rec,F1,kap,ROC,tra-T,test-T
Fwd Header Len,DD11T,0,0,DT,0.20888270210642434,0.20854297192146296,0.178539624147765,0.20854297192146296,0.16419066127798881,0.12748904262919247,0,0.03185892105102539,0.01572728157043457
Fwd Header Len,DD11T,0,1,DT,0.20888270210642434,0.20854297192146296,0.178539624147765,0.20854297192146296,0.16419066127798881,0.12748904262919247,0,0.031239032745361328,0.006615400314331055
Fwd Header Len,DD11T,0,2,DT,0.20888270210642434,0.20854297192146296,0.178539624147765,0.20854297192146296,0.16419066127798881,0.12748904262919247,0,0.034159183502197266,0.01563286781311035
Fwd Header Len,DD11T,0,3,DT,0.20888270210642434,0.20854297192146296,0.178539624147765,0.20854297192146296,0.16419066127798881,0.12748904262919247,0,0.03136491775512695,0.015620231628417969
Fwd Header Len,DD11T,0,4,DT,0.20888270210642434,0.20854297192146296,0.178539624147765,0.20854297192146296,0.16419066127798881,0.12748904262919247,0,0.01573920249938965,0.0156252384185791
