Feature,Dataset,T,CV,ML,Acc,b_Acc,Prec,Rec,F1,kap,ROC,tra-T,test-T
Fwd Byts/b Avg,DD12T,0,0,DT,0.13132321269107528,0.047619047619047616,0.0062534863186226326,0.047619047619047616,0.0110551719410892,0.0,0,0.0,0.01560211181640625
Fwd Byts/b Avg,DD12T,0,1,DT,0.13132321269107528,0.047619047619047616,0.0062534863186226326,0.047619047619047616,0.0110551719410892,0.0,0,0.0,0.015108108520507812
Fwd Byts/b Avg,DD12T,0,2,DT,0.13132321269107528,0.047619047619047616,0.0062534863186226326,0.047619047619047616,0.0110551719410892,0.0,0,0.0,0.015627145767211914
Fwd Byts/b Avg,DD12T,0,3,DT,0.13132321269107528,0.047619047619047616,0.0062534863186226326,0.047619047619047616,0.0110551719410892,0.0,0,0.0,0.015627384185791016
Fwd Byts/b Avg,DD12T,0,4,DT,0.13132321269107528,0.047619047619047616,0.0062534863186226326,0.047619047619047616,0.0110551719410892,0.0,0,0.015735864639282227,0.0
