Feature,Dataset,T,CV,ML,Acc,b_Acc,Prec,Rec,F1,kap,ROC,tra-T,test-T
FIN Flag Cnt,DD21T,0,0,DT,0.20761591056545392,0.05942857142857143,0.02755915470906336,0.05942857142857143,0.03066371571569111,0.049490131907166,0,0.015628337860107422,0.0
FIN Flag Cnt,DD21T,0,1,DT,0.20761591056545392,0.05942857142857143,0.02755915470906336,0.05942857142857143,0.03066371571569111,0.049490131907166,0,0.0,0.015616655349731445
FIN Flag Cnt,DD21T,0,2,DT,0.20761591056545392,0.05942857142857143,0.02755915470906336,0.05942857142857143,0.03066371571569111,0.049490131907166,0,0.015619993209838867,0.0
FIN Flag Cnt,DD21T,0,3,DT,0.20761591056545392,0.05942857142857143,0.02755915470906336,0.05942857142857143,0.03066371571569111,0.049490131907166,0,0.0,0.015627622604370117
FIN Flag Cnt,DD21T,0,4,DT,0.20761591056545392,0.05942857142857143,0.02755915470906336,0.05942857142857143,0.03066371571569111,0.049490131907166,0,0.01572704315185547,0.0
