Feature,Dataset,T,CV,ML,Acc,b_Acc,Prec,Rec,F1,kap,ROC,tra-T,test-T
Fwd IAT Tot,DD11T,0,0,DT,0.22106949624415612,0.2043163616949885,0.25402555837282825,0.2043163616949885,0.19891406939640838,0.12970555403495454,0,0.2520172595977783,0.01573634147644043
Fwd IAT Tot,DD11T,0,1,DT,0.22106949624415612,0.2043163616949885,0.25402555837282825,0.2043163616949885,0.19891406939640838,0.12970555403495454,0,0.26973986625671387,0.01563739776611328
Fwd IAT Tot,DD11T,0,2,DT,0.22106949624415612,0.2043163616949885,0.25402555837282825,0.2043163616949885,0.19891406939640838,0.12970555403495454,0,0.2515289783477783,0.015614509582519531
Fwd IAT Tot,DD11T,0,3,DT,0.22106949624415612,0.2043163616949885,0.25402555837282825,0.2043163616949885,0.19891406939640838,0.12970555403495454,0,0.24151968955993652,0.03184223175048828
Fwd IAT Tot,DD11T,0,4,DT,0.22106949624415612,0.2043163616949885,0.25402555837282825,0.2043163616949885,0.19891406939640838,0.12970555403495454,0,0.26752614974975586,0.03136706352233887
