Feature,Dataset,T,CV,ML,Acc,b_Acc,Prec,Rec,F1,kap,ROC,tra-T,test-T
Fwd Pkt Len Max,DD21,0,0,DT,0.3727840338945256,0.36753864528329316,0.5619404549621894,0.36753864528329316,0.3674750779954853,0.2967458270225678,0,0.031249046325683594,0.01563239097595215
Fwd Pkt Len Max,DD21,0,1,DT,0.3727840338945256,0.36753864528329316,0.5619404549621894,0.36753864528329316,0.3674750779954853,0.2967458270225678,0,0.040457725524902344,0.0
Fwd Pkt Len Max,DD21,0,2,DT,0.3727840338945256,0.36753864528329316,0.5619404549621894,0.36753864528329316,0.3674750779954853,0.2967458270225678,0,0.017333269119262695,0.015604972839355469
Fwd Pkt Len Max,DD21,0,3,DT,0.3727840338945256,0.36753864528329316,0.5619404549621894,0.36753864528329316,0.3674750779954853,0.2967458270225678,0,0.031247377395629883,0.015625953674316406
Fwd Pkt Len Max,DD21,0,4,DT,0.3727840338945256,0.36753864528329316,0.5619404549621894,0.36753864528329316,0.3674750779954853,0.2967458270225678,0,0.03185391426086426,0.015737295150756836
