Feature,Dataset,T,CV,ML,Acc,b_Acc,Prec,Rec,F1,kap,ROC,tra-T,test-T
Fwd URG Flags,DD12T,0,0,DT,0.13132321269107528,0.047619047619047616,0.0062534863186226326,0.047619047619047616,0.0110551719410892,0.0,0,0.0,0.015625
Fwd URG Flags,DD12T,0,1,DT,0.13132321269107528,0.047619047619047616,0.0062534863186226326,0.047619047619047616,0.0110551719410892,0.0,0,0.0,0.015741825103759766
Fwd URG Flags,DD12T,0,2,DT,0.13132321269107528,0.047619047619047616,0.0062534863186226326,0.047619047619047616,0.0110551719410892,0.0,0,0.0,0.01824188232421875
Fwd URG Flags,DD12T,0,3,DT,0.13132321269107528,0.047619047619047616,0.0062534863186226326,0.047619047619047616,0.0110551719410892,0.0,0,0.01562809944152832,0.0
Fwd URG Flags,DD12T,0,4,DT,0.13132321269107528,0.047619047619047616,0.0062534863186226326,0.047619047619047616,0.0110551719410892,0.0,0,0.0,0.01561594009399414
