Feature,Dataset,T,CV,ML,Acc,b_Acc,Prec,Rec,F1,kap,ROC,tra-T,test-T
Fwd Pkt Len Std,DD22,0,0,DT,0.20897606233251514,0.18826257198699484,0.3953086080861844,0.18826257198699484,0.1822189802883089,0.12144238986222733,0,0.031856536865234375,0.015614032745361328
Fwd Pkt Len Std,DD22,0,1,DT,0.20897606233251514,0.18826257198699484,0.3953086080861844,0.18826257198699484,0.1822189802883089,0.12144238986222733,0,0.0476069450378418,0.015617609024047852
Fwd Pkt Len Std,DD22,0,2,DT,0.20897606233251514,0.18826257198699484,0.3953086080861844,0.18826257198699484,0.1822189802883089,0.12144238986222733,0,0.047571420669555664,0.015642642974853516
Fwd Pkt Len Std,DD22,0,3,DT,0.20897606233251514,0.18826257198699484,0.3953086080861844,0.18826257198699484,0.1822189802883089,0.12144238986222733,0,0.046980857849121094,0.015637636184692383
Fwd Pkt Len Std,DD22,0,4,DT,0.20897606233251514,0.18826257198699484,0.3953086080861844,0.18826257198699484,0.1822189802883089,0.12144238986222733,0,0.053484201431274414,0.009607791900634766
