Feature,Dataset,T,CV,ML,Acc,b_Acc,Prec,Rec,F1,kap,ROC,tra-T,test-T
Fwd IAT Tot,DD12,0,0,DT,0.2256626207579886,0.17801756341136465,0.26287632190613064,0.17801756341136465,0.18106762567603177,0.1445553265337356,0,0.22015166282653809,0.015636682510375977
Fwd IAT Tot,DD12,0,1,DT,0.2256626207579886,0.17801756341136465,0.26287632190613064,0.17801756341136465,0.18106762567603177,0.1445553265337356,0,0.21955013275146484,0.01562976837158203
Fwd IAT Tot,DD12,0,2,DT,0.2256626207579886,0.17801756341136465,0.26287632190613064,0.17801756341136465,0.18106762567603177,0.1445553265337356,0,0.22463345527648926,0.015622377395629883
Fwd IAT Tot,DD12,0,3,DT,0.2256626207579886,0.17801756341136465,0.26287632190613064,0.17801756341136465,0.18106762567603177,0.1445553265337356,0,0.2202911376953125,0.031248092651367188
Fwd IAT Tot,DD12,0,4,DT,0.2256626207579886,0.17801756341136465,0.26287632190613064,0.17801756341136465,0.18106762567603177,0.1445553265337356,0,0.22016501426696777,0.015623092651367188
