Feature,Dataset,T,CV,ML,Acc,b_Acc,Prec,Rec,F1,kap,ROC,tra-T,test-T
CWE Flag Count,DD12T,0,0,DT,0.13194043179072332,0.05971685971685972,0.053876396092661316,0.05971685971685972,0.030355131100186325,0.0008020370490148254,0,0.0,0.01574873924255371
CWE Flag Count,DD12T,0,1,DT,0.13194043179072332,0.05971685971685972,0.053876396092661316,0.05971685971685972,0.030355131100186325,0.0008020370490148254,0,0.0,0.02225637435913086
CWE Flag Count,DD12T,0,2,DT,0.13194043179072332,0.05971685971685972,0.053876396092661316,0.05971685971685972,0.030355131100186325,0.0008020370490148254,0,0.0,0.016225814819335938
CWE Flag Count,DD12T,0,3,DT,0.13194043179072332,0.05971685971685972,0.053876396092661316,0.05971685971685972,0.030355131100186325,0.0008020370490148254,0,0.0,0.015621423721313477
CWE Flag Count,DD12T,0,4,DT,0.13194043179072332,0.05971685971685972,0.053876396092661316,0.05971685971685972,0.030355131100186325,0.0008020370490148254,0,0.01562356948852539,0.0
