Feature,Dataset,T,CV,ML,Acc,b_Acc,Prec,Rec,F1,kap,ROC,tra-T,test-T
Fwd Header Len,DD12T,0,0,DT,0.20598045910595156,0.19557221403802633,0.15039439509271446,0.19557221403802633,0.15001709418173498,0.11881564484403084,0,0.03183317184448242,0.01573920249938965
Fwd Header Len,DD12T,0,1,DT,0.20598045910595156,0.19557221403802633,0.15039439509271446,0.19557221403802633,0.15001709418173498,0.11881564484403084,0,0.044370412826538086,0.003108978271484375
Fwd Header Len,DD12T,0,2,DT,0.20598045910595156,0.19557221403802633,0.15039439509271446,0.19557221403802633,0.15001709418173498,0.11881564484403084,0,0.03125596046447754,0.016234159469604492
Fwd Header Len,DD12T,0,3,DT,0.20598045910595156,0.19557221403802633,0.15039439509271446,0.19557221403802633,0.15001709418173498,0.11881564484403084,0,0.04687905311584473,0.009610891342163086
Fwd Header Len,DD12T,0,4,DT,0.20598045910595156,0.19557221403802633,0.15039439509271446,0.19557221403802633,0.15001709418173498,0.11881564484403084,0,0.03125333786010742,0.015620708465576172
