Feature,Dataset,T,CV,ML,Acc,b_Acc,Prec,Rec,F1,kap,ROC,tra-T,test-T
Fwd IAT Min,DD22,0,0,DT,0.144267795617808,0.1199976860241665,0.158862348240744,0.1199976860241665,0.09817301881542828,0.049937634936893516,0,0.11009407043457031,0.016225814819335938
Fwd IAT Min,DD22,0,1,DT,0.144267795617808,0.1199976860241665,0.158862348240744,0.1199976860241665,0.09817301881542828,0.049937634936893516,0,0.11191892623901367,0.016206979751586914
Fwd IAT Min,DD22,0,2,DT,0.144267795617808,0.1199976860241665,0.158862348240744,0.1199976860241665,0.09817301881542828,0.049937634936893516,0,0.09445381164550781,0.03185296058654785
Fwd IAT Min,DD22,0,3,DT,0.144267795617808,0.1199976860241665,0.158862348240744,0.1199976860241665,0.09817301881542828,0.049937634936893516,0,0.11664772033691406,0.009605884552001953
Fwd IAT Min,DD22,0,4,DT,0.144267795617808,0.1199976860241665,0.158862348240744,0.1199976860241665,0.09817301881542828,0.049937634936893516,0,0.1100606918334961,0.01573801040649414
