Feature,Dataset,T,CV,ML,Acc,b_Acc,Prec,Rec,F1,kap,ROC,tra-T,test-T
Idle Std,DD21,0,0,DT,0.18462203144163228,0.0782120153199599,0.1003899360573864,0.0782120153199599,0.05851467705103536,0.06581716649564329,0,0.07872390747070312,0.0
Idle Std,DD21,0,1,DT,0.18462203144163228,0.0782120153199599,0.1003899360573864,0.0782120153199599,0.05851467705103536,0.06581716649564329,0,0.07261466979980469,0.006135463714599609
Idle Std,DD21,0,2,DT,0.18462203144163228,0.0782120153199599,0.1003899360573864,0.0782120153199599,0.05851467705103536,0.06581716649564329,0,0.07821822166442871,0.015644311904907227
Idle Std,DD21,0,3,DT,0.18462203144163228,0.0782120153199599,0.1003899360573864,0.0782120153199599,0.05851467705103536,0.06581716649564329,0,0.07823777198791504,0.015639305114746094
Idle Std,DD21,0,4,DT,0.18462203144163228,0.0782120153199599,0.1003899360573864,0.0782120153199599,0.05851467705103536,0.06581716649564329,0,0.07883810997009277,0.0
