Feature,Dataset,T,CV,ML,Acc,b_Acc,Prec,Rec,F1,kap,ROC,tra-T,test-T
Bwd Pkt Len Max,DD12,0,0,DT,0.4137523363433693,0.39798564340775267,0.4546972799725409,0.39798564340775267,0.36684055101960156,0.35469231517920574,0,0.06322288513183594,0.015623092651367188
Bwd Pkt Len Max,DD12,0,1,DT,0.4137523363433693,0.39798564340775267,0.4546972799725409,0.39798564340775267,0.36684055101960156,0.35469231517920574,0,0.06912016868591309,0.009607553482055664
Bwd Pkt Len Max,DD12,0,2,DT,0.4137523363433693,0.39798564340775267,0.4546972799725409,0.39798564340775267,0.36684055101960156,0.35469231517920574,0,0.05079245567321777,0.015618324279785156
Bwd Pkt Len Max,DD12,0,3,DT,0.4137523363433693,0.39798564340775267,0.4546972799725409,0.39798564340775267,0.36684055101960156,0.35469231517920574,0,0.0632014274597168,0.015627145767211914
Bwd Pkt Len Max,DD12,0,4,DT,0.4137523363433693,0.39798564340775267,0.4546972799725409,0.39798564340775267,0.36684055101960156,0.35469231517920574,0,0.06308674812316895,0.002313375473022461
