Feature,Dataset,T,CV,ML,Acc,b_Acc,Prec,Rec,F1,kap,ROC,tra-T,test-T
Active Mean,DD12,0,0,DT,0.14988627919021777,0.0966896078385329,0.14285315112804584,0.0966896078385329,0.07450365502698528,0.05134433770642788,0,0.11007857322692871,0.021163463592529297
Active Mean,DD12,0,1,DT,0.14988627919021777,0.0966896078385329,0.14285315112804584,0.0966896078385329,0.07450365502698528,0.05134433770642788,0,0.09446907043457031,0.01573801040649414
Active Mean,DD12,0,2,DT,0.14988627919021777,0.0966896078385329,0.14285315112804584,0.0966896078385329,0.07450365502698528,0.05134433770642788,0,0.1106877326965332,0.015614986419677734
Active Mean,DD12,0,3,DT,0.14988627919021777,0.0966896078385329,0.14285315112804584,0.0966896078385329,0.07450365502698528,0.05134433770642788,0,0.12572121620178223,0.01562047004699707
Active Mean,DD12,0,4,DT,0.14988627919021777,0.0966896078385329,0.14285315112804584,0.0966896078385329,0.07450365502698528,0.05134433770642788,0,0.11018705368041992,0.01563262939453125
