Feature,Dataset,T,CV,ML,Acc,b_Acc,Prec,Rec,F1,kap,ROC,tra-T,test-T
Bwd IAT Max,DD12T,0,0,DT,0.224352576561433,0.21122601994424967,0.29459802720765194,0.21122601994424967,0.2151081022372907,0.13949938390012084,0,0.36209774017333984,0.015738964080810547
Bwd IAT Max,DD12T,0,1,DT,0.224352576561433,0.21122601994424967,0.29459802720765194,0.21122601994424967,0.2151081022372907,0.13949938390012084,0,0.3640897274017334,0.03135967254638672
Bwd IAT Max,DD12T,0,2,DT,0.224352576561433,0.21122601994424967,0.29459802720765194,0.21122601994424967,0.2151081022372907,0.13949938390012084,0,0.36208319664001465,0.015631914138793945
Bwd IAT Max,DD12T,0,3,DT,0.224352576561433,0.21122601994424967,0.29459802720765194,0.21122601994424967,0.2151081022372907,0.13949938390012084,0,0.3709073066711426,0.023853778839111328
Bwd IAT Max,DD12T,0,4,DT,0.224352576561433,0.21122601994424967,0.29459802720765194,0.21122601994424967,0.2151081022372907,0.13949938390012084,0,0.3638136386871338,0.03125262260437012
