Feature,Dataset,T,CV,ML,Acc,b_Acc,Prec,Rec,F1,kap,ROC,tra-T,test-T
Active Mean,DD11T,0,0,DT,0.1746336082365919,0.10894762272471661,0.15928710116677078,0.10894762272471661,0.09351166850839916,0.06679687526148459,0,0.12643766403198242,0.0
Active Mean,DD11T,0,1,DT,0.1746336082365919,0.10894762272471661,0.15928710116677078,0.10894762272471661,0.09351166850839916,0.06679687526148459,0,0.12570881843566895,0.01562666893005371
Active Mean,DD11T,0,2,DT,0.1746336082365919,0.10894762272471661,0.15928710116677078,0.10894762272471661,0.09351166850839916,0.06679687526148459,0,0.1295788288116455,0.01573920249938965
Active Mean,DD11T,0,3,DT,0.1746336082365919,0.10894762272471661,0.15928710116677078,0.10894762272471661,0.09351166850839916,0.06679687526148459,0,0.125685453414917,0.015630722045898438
Active Mean,DD11T,0,4,DT,0.1746336082365919,0.10894762272471661,0.15928710116677078,0.10894762272471661,0.09351166850839916,0.06679687526148459,0,0.14548039436340332,0.018815279006958008
