Feature,Dataset,T,CV,ML,Acc,b_Acc,Prec,Rec,F1,kap,ROC,tra-T,test-T
Bwd IAT Tot,DD11T,0,0,DT,0.206768398382098,0.22335577213297433,0.2544474423207068,0.22335577213297433,0.2167247335271271,0.12400030790779215,0,0.3012363910675049,0.01360630989074707
Bwd IAT Tot,DD11T,0,1,DT,0.206768398382098,0.22335577213297433,0.2544474423207068,0.22335577213297433,0.2167247335271271,0.12400030790779215,0,0.2990093231201172,0.01562786102294922
Bwd IAT Tot,DD11T,0,2,DT,0.206768398382098,0.22335577213297433,0.2544474423207068,0.22335577213297433,0.2167247335271271,0.12400030790779215,0,0.3016185760498047,0.015620708465576172
Bwd IAT Tot,DD11T,0,3,DT,0.206768398382098,0.22335577213297433,0.2544474423207068,0.22335577213297433,0.2167247335271271,0.12400030790779215,0,0.3009641170501709,0.02936577796936035
Bwd IAT Tot,DD11T,0,4,DT,0.206768398382098,0.22335577213297433,0.2544474423207068,0.22335577213297433,0.2167247335271271,0.12400030790779215,0,0.29958248138427734,0.031850337982177734
