Feature,Dataset,T,CV,ML,Acc,b_Acc,Prec,Rec,F1,kap,ROC,tra-T,test-T
Subflow Fwd Byts,DD22,0,0,DT,0.26097236922106876,0.2434259137305594,0.4520288153591935,0.2434259137305594,0.24100096897041443,0.1808457502037737,0,0.03184628486633301,0.01573491096496582
Subflow Fwd Byts,DD22,0,1,DT,0.26097236922106876,0.2434259137305594,0.4520288153591935,0.2434259137305594,0.24100096897041443,0.1808457502037737,0,0.0474705696105957,0.015740394592285156
Subflow Fwd Byts,DD22,0,2,DT,0.26097236922106876,0.2434259137305594,0.4520288153591935,0.2434259137305594,0.24100096897041443,0.1808457502037737,0,0.0468747615814209,0.015624046325683594
Subflow Fwd Byts,DD22,0,3,DT,0.26097236922106876,0.2434259137305594,0.4520288153591935,0.2434259137305594,0.24100096897041443,0.1808457502037737,0,0.04585862159729004,0.017349958419799805
Subflow Fwd Byts,DD22,0,4,DT,0.26097236922106876,0.2434259137305594,0.4520288153591935,0.2434259137305594,0.24100096897041443,0.1808457502037737,0,0.03135347366333008,0.015623807907104492
