Feature,Dataset,T,CV,ML,Acc,b_Acc,Prec,Rec,F1,kap,ROC,tra-T,test-T
Down/Up Ratio,DD22T,0,0,DT,0.10470629335728901,0.03787156950485201,0.022558859313518358,0.03787156950485201,0.020907885078082604,-0.021378545738800936,0,0.015743494033813477,0.0
Down/Up Ratio,DD22T,0,1,DT,0.10470629335728901,0.03787156950485201,0.022558859313518358,0.03787156950485201,0.020907885078082604,-0.021378545738800936,0,0.0,0.015741348266601562
Down/Up Ratio,DD22T,0,2,DT,0.10470629335728901,0.03787156950485201,0.022558859313518358,0.03787156950485201,0.020907885078082604,-0.021378545738800936,0,0.01461029052734375,0.0016069412231445312
Down/Up Ratio,DD22T,0,3,DT,0.10470629335728901,0.03787156950485201,0.022558859313518358,0.03787156950485201,0.020907885078082604,-0.021378545738800936,0,0.0,0.015526771545410156
Down/Up Ratio,DD22T,0,4,DT,0.10470629335728901,0.03787156950485201,0.022558859313518358,0.03787156950485201,0.020907885078082604,-0.021378545738800936,0,0.01561880111694336,0.015630722045898438
