Feature,Dataset,T,CV,ML,Acc,b_Acc,Prec,Rec,F1,kap,ROC,tra-T,test-T
Flow IAT Max,DD11,0,0,DT,0.2252062660274278,0.19904569620281626,0.2289924209651471,0.19904569620281626,0.19847538308446186,0.15670743970965983,0,0.39023923873901367,0.03125882148742676
Flow IAT Max,DD11,0,1,DT,0.2252062660274278,0.19904569620281626,0.2289924209651471,0.19904569620281626,0.19847538308446186,0.15670743970965983,0,0.3934309482574463,0.03125596046447754
Flow IAT Max,DD11,0,2,DT,0.2252062660274278,0.19904569620281626,0.2289924209651471,0.19904569620281626,0.19847538308446186,0.15670743970965983,0,0.39344167709350586,0.03124856948852539
Flow IAT Max,DD11,0,3,DT,0.2252062660274278,0.19904569620281626,0.2289924209651471,0.19904569620281626,0.19847538308446186,0.15670743970965983,0,0.41097545623779297,0.031245708465576172
Flow IAT Max,DD11,0,4,DT,0.2252062660274278,0.19904569620281626,0.2289924209651471,0.19904569620281626,0.19847538308446186,0.15670743970965983,0,0.4016416072845459,0.015620946884155273
