Feature,Dataset,T,CV,ML,Acc,b_Acc,Prec,Rec,F1,kap,ROC,tra-T,test-T
Protocol,DD11,0,0,DT,0.09931430482774,0.07113971631205673,0.013247751058584615,0.07113971631205673,0.019362145807924752,0.03735541930004194,0,0.0,0.01572704315185547
Protocol,DD11,0,1,DT,0.09931430482774,0.07113971631205673,0.013247751058584615,0.07113971631205673,0.019362145807924752,0.03735541930004194,0,0.03136897087097168,0.0
Protocol,DD11,0,2,DT,0.09931430482774,0.07113971631205673,0.013247751058584615,0.07113971631205673,0.019362145807924752,0.03735541930004194,0,0.0,0.015613079071044922
Protocol,DD11,0,3,DT,0.09931430482774,0.07113971631205673,0.013247751058584615,0.07113971631205673,0.019362145807924752,0.03735541930004194,0,0.0,0.015622138977050781
Protocol,DD11,0,4,DT,0.09931430482774,0.07113971631205673,0.013247751058584615,0.07113971631205673,0.019362145807924752,0.03735541930004194,0,0.0,0.01563429832458496
