Feature,Dataset,T,CV,ML,Acc,b_Acc,Prec,Rec,F1,kap,ROC,tra-T,test-T
Fwd IAT Std,DD11T,0,0,DT,0.18796291432473605,0.18947654638994593,0.23544929047690624,0.18947654638994593,0.18115416521462327,0.09368374020449066,0,0.23718810081481934,0.01461338996887207
Fwd IAT Std,DD11T,0,1,DT,0.18796291432473605,0.18947654638994593,0.23544929047690624,0.18947654638994593,0.18115416521462327,0.09368374020449066,0,0.2241215705871582,0.018750667572021484
Fwd IAT Std,DD11T,0,2,DT,0.18796291432473605,0.18947654638994593,0.23544929047690624,0.18947654638994593,0.18115416521462327,0.09368374020449066,0,0.22013044357299805,0.015622854232788086
Fwd IAT Std,DD11T,0,3,DT,0.18796291432473605,0.18947654638994593,0.23544929047690624,0.18947654638994593,0.18115416521462327,0.09368374020449066,0,0.22446227073669434,0.015624046325683594
Fwd IAT Std,DD11T,0,4,DT,0.18796291432473605,0.18947654638994593,0.23544929047690624,0.18947654638994593,0.18115416521462327,0.09368374020449066,0,0.22014451026916504,0.015634775161743164
