Feature,Dataset,T,CV,ML,Acc,b_Acc,Prec,Rec,F1,kap,ROC,tra-T,test-T
Fwd URG Flags,DD22,0,0,DT,0.11259486117053617,0.047619047619047616,0.005361660055739818,0.047619047619047616,0.009638117598528067,0.0,0,0.015618562698364258,0.0
Fwd URG Flags,DD22,0,1,DT,0.11259486117053617,0.047619047619047616,0.005361660055739818,0.047619047619047616,0.009638117598528067,0.0,0,0.0,0.01562786102294922
Fwd URG Flags,DD22,0,2,DT,0.11259486117053617,0.047619047619047616,0.005361660055739818,0.047619047619047616,0.009638117598528067,0.0,0,0.0,0.016751527786254883
Fwd URG Flags,DD22,0,3,DT,0.11259486117053617,0.047619047619047616,0.005361660055739818,0.047619047619047616,0.009638117598528067,0.0,0,0.006610393524169922,0.009620904922485352
Fwd URG Flags,DD22,0,4,DT,0.11259486117053617,0.047619047619047616,0.005361660055739818,0.047619047619047616,0.009638117598528067,0.0,0,0.0,0.01563262939453125
