Feature,Dataset,T,CV,ML,Acc,b_Acc,Prec,Rec,F1,kap,ROC,tra-T,test-T
Fwd IAT Std,DD11,0,0,DT,0.21375013936893744,0.1406263709041235,0.22982008326920805,0.1406263709041235,0.15072338958652529,0.1154261151043724,0,0.20453858375549316,0.015624523162841797
Fwd IAT Std,DD11,0,1,DT,0.21375013936893744,0.1406263709041235,0.22982008326920805,0.1406263709041235,0.15072338958652529,0.1154261151043724,0,0.20452642440795898,0.015628814697265625
Fwd IAT Std,DD11,0,2,DT,0.21375013936893744,0.1406263709041235,0.22982008326920805,0.1406263709041235,0.15072338958652529,0.1154261151043724,0,0.20053648948669434,0.013607263565063477
Fwd IAT Std,DD11,0,3,DT,0.21375013936893744,0.1406263709041235,0.22982008326920805,0.1406263709041235,0.15072338958652529,0.1154261151043724,0,0.20453190803527832,0.015624284744262695
Fwd IAT Std,DD11,0,4,DT,0.21375013936893744,0.1406263709041235,0.22982008326920805,0.1406263709041235,0.15072338958652529,0.1154261151043724,0,0.2083733081817627,0.015628576278686523
