Feature,Dataset,T,CV,ML,Acc,b_Acc,Prec,Rec,F1,kap,ROC,tra-T,test-T
Idle Max,DD22T,0,0,DT,0.2542463109913327,0.13065069711613328,0.3018957322132347,0.13065069711613328,0.1278634439778623,0.13984787592893289,0,0.1027381420135498,0.01211404800415039
Idle Max,DD22T,0,1,DT,0.2542463109913327,0.13065069711613328,0.3018957322132347,0.13065069711613328,0.1278634439778623,0.13984787592893289,0,0.11064910888671875,0.0
Idle Max,DD22T,0,2,DT,0.2542463109913327,0.13065069711613328,0.3018957322132347,0.13065069711613328,0.1278634439778623,0.13984787592893289,0,0.1084752082824707,0.022228002548217773
Idle Max,DD22T,0,3,DT,0.2542463109913327,0.13065069711613328,0.3018957322132347,0.13065069711613328,0.1278634439778623,0.13984787592893289,0,0.11119723320007324,0.015111446380615234
Idle Max,DD22T,0,4,DT,0.2542463109913327,0.13065069711613328,0.3018957322132347,0.13065069711613328,0.1278634439778623,0.13984787592893289,0,0.11006665229797363,0.015630245208740234
