Feature,Dataset,T,CV,ML,Acc,b_Acc,Prec,Rec,F1,kap,ROC,tra-T,test-T
Pkt Len Std,DD11,0,0,DT,0.2837551566506857,0.2827707672786017,0.41475797350375515,0.2827707672786017,0.2882662566151882,0.2025935020214249,0,0.06307482719421387,0.01573801040649414
Pkt Len Std,DD11,0,1,DT,0.2837551566506857,0.2827707672786017,0.41475797350375515,0.2827707672786017,0.2882662566151882,0.2025935020214249,0,0.07883310317993164,0.015619754791259766
Pkt Len Std,DD11,0,2,DT,0.2837551566506857,0.2827707672786017,0.41475797350375515,0.2827707672786017,0.2882662566151882,0.2025935020214249,0,0.07884097099304199,0.015626907348632812
Pkt Len Std,DD11,0,3,DT,0.2837551566506857,0.2827707672786017,0.41475797350375515,0.2827707672786017,0.2882662566151882,0.2025935020214249,0,0.07871556282043457,0.01573038101196289
Pkt Len Std,DD11,0,4,DT,0.2837551566506857,0.2827707672786017,0.41475797350375515,0.2827707672786017,0.2882662566151882,0.2025935020214249,0,0.07172298431396484,0.007111787796020508
