Feature,Dataset,T,CV,ML,Acc,b_Acc,Prec,Rec,F1,kap,ROC,tra-T,test-T
FIN Flag Cnt,DD22T,0,0,DT,0.12016103541781038,0.061321196080389745,0.022803943605550457,0.061321196080389745,0.02331935258915672,0.040333760976157484,0,0.0,0.015743255615234375
FIN Flag Cnt,DD22T,0,1,DT,0.12016103541781038,0.061321196080389745,0.022803943605550457,0.061321196080389745,0.02331935258915672,0.040333760976157484,0,0.015619039535522461,0.01562666893005371
FIN Flag Cnt,DD22T,0,2,DT,0.12016103541781038,0.061321196080389745,0.022803943605550457,0.061321196080389745,0.02331935258915672,0.040333760976157484,0,0.015729427337646484,0.0
FIN Flag Cnt,DD22T,0,3,DT,0.12016103541781038,0.061321196080389745,0.022803943605550457,0.061321196080389745,0.02331935258915672,0.040333760976157484,0,0.01562190055847168,0.0
FIN Flag Cnt,DD22T,0,4,DT,0.12016103541781038,0.061321196080389745,0.022803943605550457,0.061321196080389745,0.02331935258915672,0.040333760976157484,0,0.0,0.015631437301635742
