Feature,Dataset,T,CV,ML,Acc,b_Acc,Prec,Rec,F1,kap,ROC,tra-T,test-T
Bwd Blk Rate Avg,DD21,0,0,DT,0.13936893745122086,0.047619047619047616,0.0066366160691057555,0.047619047619047616,0.011649634900442222,0.0,0,0.0,0.00910329818725586
Bwd Blk Rate Avg,DD21,0,1,DT,0.13936893745122086,0.047619047619047616,0.0066366160691057555,0.047619047619047616,0.011649634900442222,0.0,0,0.01563119888305664,0.0
Bwd Blk Rate Avg,DD21,0,2,DT,0.13936893745122086,0.047619047619047616,0.0066366160691057555,0.047619047619047616,0.011649634900442222,0.0,0,0.0,0.01010441780090332
Bwd Blk Rate Avg,DD21,0,3,DT,0.13936893745122086,0.047619047619047616,0.0066366160691057555,0.047619047619047616,0.011649634900442222,0.0,0,0.0,0.015741586685180664
Bwd Blk Rate Avg,DD21,0,4,DT,0.13936893745122086,0.047619047619047616,0.0066366160691057555,0.047619047619047616,0.011649634900442222,0.0,0,0.013611078262329102,0.0
