Feature,Dataset,T,CV,ML,Acc,b_Acc,Prec,Rec,F1,kap,ROC,tra-T,test-T
Fwd Byts/b Avg,DD21T,0,0,DT,0.07138460514714445,0.047619047619047616,0.0033992669117687835,0.047619047619047616,0.00634555862654369,0.0,0,0.01563239097595215,0.010607719421386719
Fwd Byts/b Avg,DD21T,0,1,DT,0.07138460514714445,0.047619047619047616,0.0033992669117687835,0.047619047619047616,0.00634555862654369,0.0,0,0.0,0.015747785568237305
Fwd Byts/b Avg,DD21T,0,2,DT,0.07138460514714445,0.047619047619047616,0.0033992669117687835,0.047619047619047616,0.00634555862654369,0.0,0,0.0,0.01573657989501953
Fwd Byts/b Avg,DD21T,0,3,DT,0.07138460514714445,0.047619047619047616,0.0033992669117687835,0.047619047619047616,0.00634555862654369,0.0,0,0.0,0.0
Fwd Byts/b Avg,DD21T,0,4,DT,0.07138460514714445,0.047619047619047616,0.0033992669117687835,0.047619047619047616,0.00634555862654369,0.0,0,0.0,0.01562643051147461
