Feature,Dataset,T,CV,ML,Acc,b_Acc,Prec,Rec,F1,kap,ROC,tra-T,test-T
Bwd Pkt Len Max,DD22,0,0,DT,0.3883284166910622,0.3805243442620138,0.3765907409191027,0.3805243442620138,0.33379912278753077,0.32896711651323673,0,0.06261634826660156,0.015630006790161133
Bwd Pkt Len Max,DD22,0,1,DT,0.3883284166910622,0.3805243442620138,0.3765907409191027,0.3805243442620138,0.33379912278753077,0.32896711651323673,0,0.04756927490234375,0.015624523162841797
Bwd Pkt Len Max,DD22,0,2,DT,0.3883284166910622,0.3805243442620138,0.3765907409191027,0.3805243442620138,0.33379912278753077,0.32896711651323673,0,0.04757833480834961,0.015633583068847656
Bwd Pkt Len Max,DD22,0,3,DT,0.3883284166910622,0.3805243442620138,0.3765907409191027,0.3805243442620138,0.33379912278753077,0.32896711651323673,0,0.046875953674316406,0.01563262939453125
Bwd Pkt Len Max,DD22,0,4,DT,0.3883284166910622,0.3805243442620138,0.3765907409191027,0.3805243442620138,0.33379912278753077,0.32896711651323673,0,0.041890859603881836,0.01574850082397461
