Feature,Dataset,T,CV,ML,Acc,b_Acc,Prec,Rec,F1,kap,ROC,tra-T,test-T
Tot Fwd Pkts,DD22T,0,0,DT,0.19919815008900202,0.1411411380009067,0.13162079480008876,0.1411411380009067,0.11121620996943747,0.11082660536525235,0,0.031255483627319336,0.0
Tot Fwd Pkts,DD22T,0,1,DT,0.19919815008900202,0.1411411380009067,0.13162079480008876,0.1411411380009067,0.11121620996943747,0.11082660536525235,0,0.018230438232421875,0.013613462448120117
Tot Fwd Pkts,DD22T,0,2,DT,0.19919815008900202,0.1411411380009067,0.13162079480008876,0.1411411380009067,0.11121620996943747,0.11082660536525235,0,0.0312504768371582,0.015631675720214844
Tot Fwd Pkts,DD22T,0,3,DT,0.19919815008900202,0.1411411380009067,0.13162079480008876,0.1411411380009067,0.11121620996943747,0.11082660536525235,0,0.015621185302734375,0.018242359161376953
Tot Fwd Pkts,DD22T,0,4,DT,0.19919815008900202,0.1411411380009067,0.13162079480008876,0.1411411380009067,0.11121620996943747,0.11082660536525235,0,0.015729665756225586,0.01562786102294922
