Feature,Dataset,T,CV,ML,Acc,b_Acc,Prec,Rec,F1,kap,ROC,tra-T,test-T
Tot Bwd Pkts,DD21T,0,0,DT,0.24584518640515046,0.14595858234325657,0.11149305881576019,0.14595858234325657,0.12126484820559279,0.13688807736467257,0,0.015619039535522461,0.015630483627319336
Tot Bwd Pkts,DD21T,0,1,DT,0.24584518640515046,0.14595858234325657,0.11149305881576019,0.14595858234325657,0.12126484820559279,0.13688807736467257,0,0.01562976837158203,0.0
Tot Bwd Pkts,DD21T,0,2,DT,0.24584518640515046,0.14595858234325657,0.11149305881576019,0.14595858234325657,0.12126484820559279,0.13688807736467257,0,0.016218185424804688,0.0
Tot Bwd Pkts,DD21T,0,3,DT,0.24584518640515046,0.14595858234325657,0.11149305881576019,0.14595858234325657,0.12126484820559279,0.13688807736467257,0,0.016221046447753906,0.018105268478393555
Tot Bwd Pkts,DD21T,0,4,DT,0.24584518640515046,0.14595858234325657,0.11149305881576019,0.14595858234325657,0.12126484820559279,0.13688807736467257,0,0.016219615936279297,0.015734434127807617
