Feature,Dataset,T,CV,ML,Acc,b_Acc,Prec,Rec,F1,kap,ROC,tra-T,test-T
Subflow Bwd Byts,DD22,0,0,DT,0.3827774900353548,0.3930986326028038,0.44537680597600027,0.3930986326028038,0.3788768636900655,0.3223593928681002,0,0.047576904296875,0.015616893768310547
Subflow Bwd Byts,DD22,0,1,DT,0.3827774900353548,0.3930986326028038,0.44537680597600027,0.3930986326028038,0.3788768636900655,0.3223593928681002,0,0.047190189361572266,0.01621389389038086
Subflow Bwd Byts,DD22,0,2,DT,0.3827774900353548,0.3930986326028038,0.44537680597600027,0.3930986326028038,0.3788768636900655,0.3223593928681002,0,0.06321120262145996,0.01562356948852539
Subflow Bwd Byts,DD22,0,3,DT,0.3827774900353548,0.3930986326028038,0.44537680597600027,0.3930986326028038,0.3788768636900655,0.3223593928681002,0,0.06308484077453613,0.01573348045349121
Subflow Bwd Byts,DD22,0,4,DT,0.3827774900353548,0.3930986326028038,0.44537680597600027,0.3930986326028038,0.3788768636900655,0.3223593928681002,0,0.04698896408081055,0.015616655349731445
