Feature,Dataset,T,CV,ML,Acc,b_Acc,Prec,Rec,F1,kap,ROC,tra-T,test-T
Bwd Byts/b Avg,DD21,0,0,DT,0.13936893745122086,0.047619047619047616,0.0066366160691057555,0.047619047619047616,0.011649634900442222,0.0,0,0.0,0.0
Bwd Byts/b Avg,DD21,0,1,DT,0.13936893745122086,0.047619047619047616,0.0066366160691057555,0.047619047619047616,0.011649634900442222,0.0,0,0.0,0.016209840774536133
Bwd Byts/b Avg,DD21,0,2,DT,0.13936893745122086,0.047619047619047616,0.0066366160691057555,0.047619047619047616,0.011649634900442222,0.0,0,0.015639066696166992,0.0
Bwd Byts/b Avg,DD21,0,3,DT,0.13936893745122086,0.047619047619047616,0.0066366160691057555,0.047619047619047616,0.011649634900442222,0.0,0,0.0,0.01621699333190918
Bwd Byts/b Avg,DD21,0,4,DT,0.13936893745122086,0.047619047619047616,0.0066366160691057555,0.047619047619047616,0.011649634900442222,0.0,0,0.0,0.015635251998901367
