Feature,Dataset,T,CV,ML,Acc,b_Acc,Prec,Rec,F1,kap,ROC,tra-T,test-T
Bwd Seg Size Avg,DD22T,0,0,DT,0.41553126715576183,0.42324136819266556,0.4851679864140563,0.42324136819266556,0.4106706206682432,0.3563121407904669,0,0.11007833480834961,0.015631914138793945
Bwd Seg Size Avg,DD22T,0,1,DT,0.41553126715576183,0.42324136819266556,0.4851679864140563,0.42324136819266556,0.4106706206682432,0.3563121407904669,0,0.09444022178649902,0.025969266891479492
Bwd Seg Size Avg,DD22T,0,2,DT,0.41553126715576183,0.42324136819266556,0.4851679864140563,0.42324136819266556,0.4106706206682432,0.3563121407904669,0,0.1004486083984375,0.007103681564331055
Bwd Seg Size Avg,DD22T,0,3,DT,0.41553126715576183,0.42324136819266556,0.4851679864140563,0.42324136819266556,0.4106706206682432,0.3563121407904669,0,0.09432816505432129,0.015735387802124023
Bwd Seg Size Avg,DD22T,0,4,DT,0.41553126715576183,0.42324136819266556,0.4851679864140563,0.42324136819266556,0.4106706206682432,0.3563121407904669,0,0.1100778579711914,0.01623058319091797
