Feature,Dataset,T,CV,ML,Acc,b_Acc,Prec,Rec,F1,kap,ROC,tra-T,test-T
Fwd Seg Size Avg,DD12T,0,0,DT,0.3373562010821033,0.34082098422966123,0.49503919272712227,0.34082098422966123,0.34307540500756245,0.26299060444529554,0,0.06600165367126465,0.015615224838256836
Fwd Seg Size Avg,DD12T,0,1,DT,0.3373562010821033,0.34082098422966123,0.49503919272712227,0.34082098422966123,0.34307540500756245,0.26299060444529554,0,0.07816910743713379,0.0
Fwd Seg Size Avg,DD12T,0,2,DT,0.3373562010821033,0.34082098422966123,0.49503919272712227,0.34082098422966123,0.34307540500756245,0.26299060444529554,0,0.07881832122802734,0.015633821487426758
Fwd Seg Size Avg,DD12T,0,3,DT,0.3373562010821033,0.34082098422966123,0.49503919272712227,0.34082098422966123,0.34307540500756245,0.26299060444529554,0,0.06319785118103027,0.031250715255737305
Fwd Seg Size Avg,DD12T,0,4,DT,0.3373562010821033,0.34082098422966123,0.49503919272712227,0.34082098422966123,0.34307540500756245,0.26299060444529554,0,0.07871270179748535,0.0157468318939209
