Feature,Dataset,T,CV,ML,Acc,b_Acc,Prec,Rec,F1,kap,ROC,tra-T,test-T
Fwd Pkt Len Max,DD12,0,0,DT,0.3014727407841106,0.3539495724871718,0.5033865304899994,0.3539495724871718,0.347060304867555,0.23531142690203422,0,0.04758000373840332,0.015628576278686523
Fwd Pkt Len Max,DD12,0,1,DT,0.3014727407841106,0.3539495724871718,0.5033865304899994,0.3539495724871718,0.347060304867555,0.23531142690203422,0,0.06250166893005371,0.016222715377807617
Fwd Pkt Len Max,DD12,0,2,DT,0.3014727407841106,0.3539495724871718,0.5033865304899994,0.3539495724871718,0.347060304867555,0.23531142690203422,0,0.04630446434020996,0.015734195709228516
Fwd Pkt Len Max,DD12,0,3,DT,0.3014727407841106,0.3539495724871718,0.5033865304899994,0.3539495724871718,0.347060304867555,0.23531142690203422,0,0.04686760902404785,0.015637874603271484
Fwd Pkt Len Max,DD12,0,4,DT,0.3014727407841106,0.3539495724871718,0.5033865304899994,0.3539495724871718,0.347060304867555,0.23531142690203422,0,0.03193521499633789,0.03125476837158203
