Feature,Dataset,T,CV,ML,Acc,b_Acc,Prec,Rec,F1,kap,ROC,tra-T,test-T
TotLen Bwd Pkts,DD12,0,0,DT,0.3921679014569775,0.40087515981672167,0.45712354728995613,0.40087515981672167,0.39566590734777474,0.3310240285688455,0,0.04961347579956055,0.015614032745361328
TotLen Bwd Pkts,DD12,0,1,DT,0.3921679014569775,0.40087515981672167,0.45712354728995613,0.40087515981672167,0.39566590734777474,0.3310240285688455,0,0.06320977210998535,0.0312504768371582
TotLen Bwd Pkts,DD12,0,2,DT,0.3921679014569775,0.40087515981672167,0.45712354728995613,0.40087515981672167,0.39566590734777474,0.3310240285688455,0,0.06308865547180176,0.016944408416748047
TotLen Bwd Pkts,DD12,0,3,DT,0.3921679014569775,0.40087515981672167,0.45712354728995613,0.40087515981672167,0.39566590734777474,0.3310240285688455,0,0.06261849403381348,0.024236440658569336
TotLen Bwd Pkts,DD12,0,4,DT,0.3921679014569775,0.40087515981672167,0.45712354728995613,0.40087515981672167,0.39566590734777474,0.3310240285688455,0,0.06322145462036133,0.015614986419677734
