Feature,Dataset,T,CV,ML,Acc,b_Acc,Prec,Rec,F1,kap,ROC,tra-T,test-T
Subflow Fwd Pkts,DD12T,0,0,DT,0.1831827493827809,0.1455211831944196,0.1153531166171778,0.1455211831944196,0.10623010890919844,0.09775010871864509,0,0.01563429832458496,0.01561284065246582
Subflow Fwd Pkts,DD12T,0,1,DT,0.1831827493827809,0.1455211831944196,0.1153531166171778,0.1455211831944196,0.10623010890919844,0.09775010871864509,0,0.031246423721313477,0.015622854232788086
Subflow Fwd Pkts,DD12T,0,2,DT,0.1831827493827809,0.1455211831944196,0.1153531166171778,0.1455211831944196,0.10623010890919844,0.09775010871864509,0,0.015619039535522461,0.015628337860107422
Subflow Fwd Pkts,DD12T,0,3,DT,0.1831827493827809,0.1455211831944196,0.1153531166171778,0.1455211831944196,0.10623010890919844,0.09775010871864509,0,0.031248807907104492,0.016358137130737305
Subflow Fwd Pkts,DD12T,0,4,DT,0.1831827493827809,0.1455211831944196,0.1153531166171778,0.1455211831944196,0.10623010890919844,0.09775010871864509,0,0.015630245208740234,0.015622854232788086
