Feature,Dataset,T,CV,ML,Acc,b_Acc,Prec,Rec,F1,kap,ROC,tra-T,test-T
PSH Flag Cnt,DD22,0,0,DT,0.1048933726664715,0.04436190476190476,0.007294536806134743,0.04436190476190476,0.011769186350109088,-0.00867866115157212,0,0.0,0.01563405990600586
PSH Flag Cnt,DD22,0,1,DT,0.1048933726664715,0.04436190476190476,0.007294536806134743,0.04436190476190476,0.011769186350109088,-0.00867866115157212,0,0.010608673095703125,0.005609035491943359
PSH Flag Cnt,DD22,0,2,DT,0.1048933726664715,0.04436190476190476,0.007294536806134743,0.04436190476190476,0.011769186350109088,-0.00867866115157212,0,0.0157320499420166,0.0
PSH Flag Cnt,DD22,0,3,DT,0.1048933726664715,0.04436190476190476,0.007294536806134743,0.04436190476190476,0.011769186350109088,-0.00867866115157212,0,0.0,0.015631675720214844
PSH Flag Cnt,DD22,0,4,DT,0.1048933726664715,0.04436190476190476,0.007294536806134743,0.04436190476190476,0.011769186350109088,-0.00867866115157212,0,0.0,0.015741825103759766
