Feature,Dataset,T,CV,ML,Acc,b_Acc,Prec,Rec,F1,kap,ROC,tra-T,test-T
Fwd Byts/b Avg,DD22T,0,0,DT,0.07138460514714445,0.047619047619047616,0.0033992669117687835,0.047619047619047616,0.00634555862654369,0.0,0,0.01562952995300293,0.0
Fwd Byts/b Avg,DD22T,0,1,DT,0.07138460514714445,0.047619047619047616,0.0033992669117687835,0.047619047619047616,0.00634555862654369,0.0,0,0.01562190055847168,0.0
Fwd Byts/b Avg,DD22T,0,2,DT,0.07138460514714445,0.047619047619047616,0.0033992669117687835,0.047619047619047616,0.00634555862654369,0.0,0,0.0156252384185791,0.0
Fwd Byts/b Avg,DD22T,0,3,DT,0.07138460514714445,0.047619047619047616,0.0033992669117687835,0.047619047619047616,0.00634555862654369,0.0,0,0.0006043910980224609,0.01561594009399414
Fwd Byts/b Avg,DD22T,0,4,DT,0.07138460514714445,0.047619047619047616,0.0033992669117687835,0.047619047619047616,0.00634555862654369,0.0,0,0.0,0.015623092651367188
