Feature,Dataset,T,CV,ML,Acc,b_Acc,Prec,Rec,F1,kap,ROC,tra-T,test-T
Pkt Len Mean,DD22,0,0,DT,0.28046253968968854,0.3096519041900327,0.30649283800427346,0.3096519041900327,0.2675390559882245,0.21103187676314972,0,0.06261062622070312,0.030221939086914062
Pkt Len Mean,DD22,0,1,DT,0.28046253968968854,0.3096519041900327,0.30649283800427346,0.3096519041900327,0.2675390559882245,0.21103187676314972,0,0.07606244087219238,0.015607357025146484
Pkt Len Mean,DD22,0,2,DT,0.28046253968968854,0.3096519041900327,0.30649283800427346,0.3096519041900327,0.2675390559882245,0.21103187676314972,0,0.07824134826660156,0.018232107162475586
Pkt Len Mean,DD22,0,3,DT,0.28046253968968854,0.3096519041900327,0.30649283800427346,0.3096519041900327,0.2675390559882245,0.21103187676314972,0,0.0787353515625,0.023154497146606445
Pkt Len Mean,DD22,0,4,DT,0.28046253968968854,0.3096519041900327,0.30649283800427346,0.3096519041900327,0.2675390559882245,0.21103187676314972,0,0.07021427154541016,0.015631914138793945
