Feature,Dataset,T,CV,ML,Acc,b_Acc,Prec,Rec,F1,kap,ROC,tra-T,test-T
FIN Flag Cnt,DD12T,0,0,DT,0.17297893575668435,0.06272380952380952,0.022597284053905153,0.06272380952380952,0.027767613243386988,0.04795307492290013,0,0.01622295379638672,0.0
FIN Flag Cnt,DD12T,0,1,DT,0.17297893575668435,0.06272380952380952,0.022597284053905153,0.06272380952380952,0.027767613243386988,0.04795307492290013,0,0.0,0.015614748001098633
FIN Flag Cnt,DD12T,0,2,DT,0.17297893575668435,0.06272380952380952,0.022597284053905153,0.06272380952380952,0.027767613243386988,0.04795307492290013,0,0.01673603057861328,0.0
FIN Flag Cnt,DD12T,0,3,DT,0.17297893575668435,0.06272380952380952,0.022597284053905153,0.06272380952380952,0.027767613243386988,0.04795307492290013,0,0.0,0.018223047256469727
FIN Flag Cnt,DD12T,0,4,DT,0.17297893575668435,0.06272380952380952,0.022597284053905153,0.06272380952380952,0.027767613243386988,0.04795307492290013,0,0.0156252384185791,0.012614965438842773
