Feature,Dataset,T,CV,ML,Acc,b_Acc,Prec,Rec,F1,kap,ROC,tra-T,test-T
Fwd IAT Tot,DD11,0,0,DT,0.195548556137808,0.18657338044571775,0.2912624098042722,0.18657338044571775,0.19423651554001942,0.14446877789115575,0,0.23567891120910645,0.016214847564697266
Fwd IAT Tot,DD11,0,1,DT,0.195548556137808,0.18657338044571775,0.2912624098042722,0.18657338044571775,0.19423651554001942,0.14446877789115575,0,0.2202625274658203,0.01562952995300293
Fwd IAT Tot,DD11,0,2,DT,0.195548556137808,0.18657338044571775,0.2912624098042722,0.18657338044571775,0.19423651554001942,0.14446877789115575,0,0.2287731170654297,0.007603883743286133
Fwd IAT Tot,DD11,0,3,DT,0.195548556137808,0.18657338044571775,0.2912624098042722,0.18657338044571775,0.19423651554001942,0.14446877789115575,0,0.20667076110839844,0.030844688415527344
Fwd IAT Tot,DD11,0,4,DT,0.195548556137808,0.18657338044571775,0.2912624098042722,0.18657338044571775,0.19423651554001942,0.14446877789115575,0,0.22014856338500977,0.0156404972076416
