Feature,Dataset,T,CV,ML,Acc,b_Acc,Prec,Rec,F1,kap,ROC,tra-T,test-T
Flow Pkts/s,DD11T,0,0,DT,0.21904711876871355,0.2170033979370954,0.19935258472449988,0.2170033979370954,0.1947480368988688,0.14804531607221294,0,0.4117865562438965,0.031250715255737305
Flow Pkts/s,DD11T,0,1,DT,0.21904711876871355,0.2170033979370954,0.19935258472449988,0.2170033979370954,0.1947480368988688,0.14804531607221294,0,0.39345669746398926,0.03125143051147461
Flow Pkts/s,DD11T,0,2,DT,0.21904711876871355,0.2170033979370954,0.19935258472449988,0.2170033979370954,0.1947480368988688,0.14804531607221294,0,0.39345216751098633,0.03186154365539551
Flow Pkts/s,DD11T,0,3,DT,0.21904711876871355,0.2170033979370954,0.19935258472449988,0.2170033979370954,0.1947480368988688,0.14804531607221294,0,0.3965187072753906,0.031861066818237305
Flow Pkts/s,DD11T,0,4,DT,0.21904711876871355,0.2170033979370954,0.19935258472449988,0.2170033979370954,0.1947480368988688,0.14804531607221294,0,0.39348578453063965,0.03394722938537598
