Feature,Dataset,T,CV,ML,Acc,b_Acc,Prec,Rec,F1,kap,ROC,tra-T,test-T
Dst Port,DD22,0,0,DT,0.39887855518274146,0.3498410159679134,0.43766546510417664,0.3498410159679134,0.32785486357270366,0.33937557425833353,0,0.09447455406188965,0.015625476837158203
Dst Port,DD22,0,1,DT,0.39887855518274146,0.3498410159679134,0.43766546510417664,0.3498410159679134,0.32785486357270366,0.33937557425833353,0,0.09431099891662598,0.015636205673217773
Dst Port,DD22,0,2,DT,0.39887855518274146,0.3498410159679134,0.43766546510417664,0.3498410159679134,0.32785486357270366,0.33937557425833353,0,0.09447693824768066,0.015636444091796875
Dst Port,DD22,0,3,DT,0.39887855518274146,0.3498410159679134,0.43766546510417664,0.3498410159679134,0.32785486357270366,0.33937557425833353,0,0.09445858001708984,0.015622615814208984
Dst Port,DD22,0,4,DT,0.39887855518274146,0.3498410159679134,0.43766546510417664,0.3498410159679134,0.32785486357270366,0.33937557425833353,0,0.09443807601928711,0.03127598762512207
