Feature,Dataset,T,CV,ML,Acc,b_Acc,Prec,Rec,F1,kap,ROC,tra-T,test-T
Fwd IAT Tot,DD22T,0,0,DT,0.23759378483139526,0.1814558182596594,0.20615152842108242,0.1814558182596594,0.18163045120390545,0.14184213005112345,0,0.27204060554504395,0.015630006790161133
Fwd IAT Tot,DD22T,0,1,DT,0.23759378483139526,0.1814558182596594,0.20615152842108242,0.1814558182596594,0.18163045120390545,0.14184213005112345,0,0.28563785552978516,0.01562809944152832
Fwd IAT Tot,DD22T,0,2,DT,0.23759378483139526,0.1814558182596594,0.20615152842108242,0.1814558182596594,0.18163045120390545,0.14184213005112345,0,0.2922348976135254,0.015615224838256836
Fwd IAT Tot,DD22T,0,3,DT,0.23759378483139526,0.1814558182596594,0.20615152842108242,0.1814558182596594,0.18163045120390545,0.14184213005112345,0,0.28334760665893555,0.015617609024047852
Fwd IAT Tot,DD22T,0,4,DT,0.23759378483139526,0.1814558182596594,0.20615152842108242,0.1814558182596594,0.18163045120390545,0.14184213005112345,0,0.27023911476135254,0.015620231628417969
