Feature,Dataset,T,CV,ML,Acc,b_Acc,Prec,Rec,F1,kap,ROC,tra-T,test-T
Tot Fwd Pkts,DD11T,0,0,DT,0.21765509271418815,0.15415806719775416,0.1329155903098577,0.15415806719775416,0.11522851532791874,0.12092687621124276,0,0.020276308059692383,0.011603593826293945
Tot Fwd Pkts,DD11T,0,1,DT,0.21765509271418815,0.15415806719775416,0.1329155903098577,0.15415806719775416,0.11522851532791874,0.12092687621124276,0,0.015619277954101562,0.015626907348632812
Tot Fwd Pkts,DD11T,0,2,DT,0.21765509271418815,0.15415806719775416,0.1329155903098577,0.15415806719775416,0.11522851532791874,0.12092687621124276,0,0.015639305114746094,0.015622377395629883
Tot Fwd Pkts,DD11T,0,3,DT,0.21765509271418815,0.15415806719775416,0.1329155903098577,0.15415806719775416,0.11522851532791874,0.12092687621124276,0,0.019829750061035156,0.012111186981201172
Tot Fwd Pkts,DD11T,0,4,DT,0.21765509271418815,0.15415806719775416,0.1329155903098577,0.15415806719775416,0.11522851532791874,0.12092687621124276,0,0.015617847442626953,0.015649080276489258
