Feature,Dataset,T,CV,ML,Acc,b_Acc,Prec,Rec,F1,kap,ROC,tra-T,test-T
Pkt Len Max,DD12T,0,0,DT,0.43201397278983034,0.39805389530198665,0.5150228620677044,0.39805389530198665,0.39994597114862557,0.3721007421866479,0,0.06308746337890625,0.0
Pkt Len Max,DD12T,0,1,DT,0.43201397278983034,0.39805389530198665,0.5150228620677044,0.39805389530198665,0.39994597114862557,0.3721007421866479,0,0.07885503768920898,0.0
Pkt Len Max,DD12T,0,2,DT,0.43201397278983034,0.39805389530198665,0.5150228620677044,0.39805389530198665,0.39994597114862557,0.3721007421866479,0,0.04758787155151367,0.01562786102294922
Pkt Len Max,DD12T,0,3,DT,0.43201397278983034,0.39805389530198665,0.5150228620677044,0.39805389530198665,0.39994597114862557,0.3721007421866479,0,0.06320738792419434,0.01562976837158203
Pkt Len Max,DD12T,0,4,DT,0.43201397278983034,0.39805389530198665,0.5150228620677044,0.39805389530198665,0.39994597114862557,0.3721007421866479,0,0.05659747123718262,0.015622854232788086
