Feature,Dataset,T,CV,ML,Acc,b_Acc,Prec,Rec,F1,kap,ROC,tra-T,test-T
Fwd Blk Rate Avg,DD22T,0,0,DT,0.07138460514714445,0.047619047619047616,0.0033992669117687835,0.047619047619047616,0.00634555862654369,0.0,0,0.0,0.0
Fwd Blk Rate Avg,DD22T,0,1,DT,0.07138460514714445,0.047619047619047616,0.0033992669117687835,0.047619047619047616,0.00634555862654369,0.0,0,0.016216278076171875,0.0
Fwd Blk Rate Avg,DD22T,0,2,DT,0.07138460514714445,0.047619047619047616,0.0033992669117687835,0.047619047619047616,0.00634555862654369,0.0,0,0.0,0.01562643051147461
Fwd Blk Rate Avg,DD22T,0,3,DT,0.07138460514714445,0.047619047619047616,0.0033992669117687835,0.047619047619047616,0.00634555862654369,0.0,0,0.015625476837158203,0.0
Fwd Blk Rate Avg,DD22T,0,4,DT,0.07138460514714445,0.047619047619047616,0.0033992669117687835,0.047619047619047616,0.00634555862654369,0.0,0,0.0,0.017426252365112305
