Feature,Dataset,T,CV,ML,Acc,b_Acc,Prec,Rec,F1,kap,ROC,tra-T,test-T
Idle Min,DD11T,0,0,DT,0.23748489783054053,0.17585338401831127,0.3027966703111798,0.17585338401831127,0.18209370154092513,0.13653945329694717,0,0.11007308959960938,0.01562976837158203
Idle Min,DD11T,0,1,DT,0.23748489783054053,0.17585338401831127,0.3027966703111798,0.17585338401831127,0.18209370154092513,0.13653945329694717,0,0.10998773574829102,0.025732040405273438
Idle Min,DD11T,0,2,DT,0.23748489783054053,0.17585338401831127,0.3027966703111798,0.17585338401831127,0.18209370154092513,0.13653945329694717,0,0.12566351890563965,0.0
Idle Min,DD11T,0,3,DT,0.23748489783054053,0.17585338401831127,0.3027966703111798,0.17585338401831127,0.18209370154092513,0.13653945329694717,0,0.12569761276245117,0.015622377395629883
Idle Min,DD11T,0,4,DT,0.23748489783054053,0.17585338401831127,0.3027966703111798,0.17585338401831127,0.18209370154092513,0.13653945329694717,0,0.11961960792541504,0.003106832504272461
