Feature,Dataset,T,CV,ML,Acc,b_Acc,Prec,Rec,F1,kap,ROC,tra-T,test-T
Bwd IAT Min,DD21T,0,0,DT,0.21678228610404085,0.1330883443334495,0.16298188794001686,0.1330883443334495,0.12812962769854852,0.12544129233946844,0,0.1993560791015625,0.018635034561157227
Bwd IAT Min,DD21T,0,1,DT,0.21678228610404085,0.1330883443334495,0.16298188794001686,0.1330883443334495,0.12812962769854852,0.12544129233946844,0,0.16318392753601074,0.01851034164428711
Bwd IAT Min,DD21T,0,2,DT,0.21678228610404085,0.1330883443334495,0.16298188794001686,0.1330883443334495,0.12812962769854852,0.12544129233946844,0,0.1819143295288086,0.012796163558959961
Bwd IAT Min,DD21T,0,3,DT,0.21678228610404085,0.1330883443334495,0.16298188794001686,0.1330883443334495,0.12812962769854852,0.12544129233946844,0,0.17606520652770996,0.014214515686035156
Bwd IAT Min,DD21T,0,4,DT,0.21678228610404085,0.1330883443334495,0.16298188794001686,0.1330883443334495,0.12812962769854852,0.12544129233946844,0,0.1831958293914795,0.01718449592590332
