Feature,Dataset,T,CV,ML,Acc,b_Acc,Prec,Rec,F1,kap,ROC,tra-T,test-T
Pkt Len Max,DD21,0,0,DT,0.4046995205708552,0.40731248456871455,0.40509863650008443,0.40731248456871455,0.36859091007759986,0.3415375054523503,0,0.03285956382751465,0.014612913131713867
Pkt Len Max,DD21,0,1,DT,0.4046995205708552,0.40731248456871455,0.40509863650008443,0.40731248456871455,0.36859091007759986,0.3415375054523503,0,0.04746890068054199,0.015741586685180664
Pkt Len Max,DD21,0,2,DT,0.4046995205708552,0.40731248456871455,0.40509863650008443,0.40731248456871455,0.36859091007759986,0.3415375054523503,0,0.043851613998413086,0.0036127567291259766
Pkt Len Max,DD21,0,3,DT,0.4046995205708552,0.40731248456871455,0.40509863650008443,0.40731248456871455,0.36859091007759986,0.3415375054523503,0,0.031244277954101562,0.02224564552307129
Pkt Len Max,DD21,0,4,DT,0.4046995205708552,0.40731248456871455,0.40509863650008443,0.40731248456871455,0.36859091007759986,0.3415375054523503,0,0.04699301719665527,0.015623092651367188
