Feature,Dataset,T,CV,ML,Acc,b_Acc,Prec,Rec,F1,kap,ROC,tra-T,test-T
Fwd Pkts/s,DD11T,0,0,DT,0.23705153122866,0.22287728523140804,0.22928042946027855,0.22287728523140804,0.2109076466617092,0.1599298926719276,0,0.33240699768066406,0.015627384185791016
Fwd Pkts/s,DD11T,0,1,DT,0.23705153122866,0.22287728523140804,0.22928042946027855,0.22287728523140804,0.2109076466617092,0.1599298926719276,0,0.3458423614501953,0.035370826721191406
Fwd Pkts/s,DD11T,0,2,DT,0.23705153122866,0.22287728523140804,0.22928042946027855,0.22287728523140804,0.2109076466617092,0.1599298926719276,0,0.3548293113708496,0.01694345474243164
Fwd Pkts/s,DD11T,0,3,DT,0.23705153122866,0.22287728523140804,0.22928042946027855,0.22287728523140804,0.2109076466617092,0.1599298926719276,0,0.34574317932128906,0.015619993209838867
Fwd Pkts/s,DD11T,0,4,DT,0.23705153122866,0.22287728523140804,0.22928042946027855,0.22287728523140804,0.2109076466617092,0.1599298926719276,0,0.33235597610473633,0.01561594009399414
