Feature,Dataset,T,CV,ML,Acc,b_Acc,Prec,Rec,F1,kap,ROC,tra-T,test-T
Fwd PSH Flags,DD12,0,0,DT,0.11259486117053617,0.047619047619047616,0.005361660055739818,0.047619047619047616,0.009638117598528067,0.0,0,0.015622138977050781,0.01563549041748047
Fwd PSH Flags,DD12,0,1,DT,0.11259486117053617,0.047619047619047616,0.005361660055739818,0.047619047619047616,0.009638117598528067,0.0,0,0.00960850715637207,0.006606101989746094
Fwd PSH Flags,DD12,0,2,DT,0.11259486117053617,0.047619047619047616,0.005361660055739818,0.047619047619047616,0.009638117598528067,0.0,0,0.0,0.015625476837158203
Fwd PSH Flags,DD12,0,3,DT,0.11259486117053617,0.047619047619047616,0.005361660055739818,0.047619047619047616,0.009638117598528067,0.0,0,0.015607833862304688,0.009609460830688477
Fwd PSH Flags,DD12,0,4,DT,0.11259486117053617,0.047619047619047616,0.005361660055739818,0.047619047619047616,0.009638117598528067,0.0,0,0.0,0.015774011611938477
