Feature,Dataset,T,CV,ML,Acc,b_Acc,Prec,Rec,F1,kap,ROC,tra-T,test-T
Active Max,DD21T,0,0,DT,0.22235530934437955,0.1103273325247142,0.1582078263415607,0.1103273325247142,0.09669341521346848,0.09728812574429202,0,0.10917115211486816,0.005700349807739258
Active Max,DD21T,0,1,DT,0.22235530934437955,0.1103273325247142,0.1582078263415607,0.1103273325247142,0.09669341521346848,0.09728812574429202,0,0.09783720970153809,0.01887059211730957
Active Max,DD21T,0,2,DT,0.22235530934437955,0.1103273325247142,0.1582078263415607,0.1103273325247142,0.09669341521346848,0.09728812574429202,0,0.11365199089050293,0.012018680572509766
Active Max,DD21T,0,3,DT,0.22235530934437955,0.1103273325247142,0.1582078263415607,0.1103273325247142,0.09669341521346848,0.09728812574429202,0,0.11958575248718262,0.0
Active Max,DD21T,0,4,DT,0.22235530934437955,0.1103273325247142,0.1582078263415607,0.1103273325247142,0.09669341521346848,0.09728812574429202,0,0.11365270614624023,0.0
