Feature,Dataset,T,CV,ML,Acc,b_Acc,Prec,Rec,F1,kap,ROC,tra-T,test-T
Bwd IAT Std,DD22T,0,0,DT,0.24898936966611768,0.18868251436238775,0.25697562178995537,0.18868251436238775,0.1977131187557147,0.14173374045705378,0,0.283353328704834,0.01563286781311035
Bwd IAT Std,DD22T,0,1,DT,0.24898936966611768,0.18868251436238775,0.25697562178995537,0.18868251436238775,0.1977131187557147,0.14173374045705378,0,0.2860755920410156,0.01563119888305664
Bwd IAT Std,DD22T,0,2,DT,0.24898936966611768,0.18868251436238775,0.25697562178995537,0.18868251436238775,0.1977131187557147,0.14173374045705378,0,0.2989845275878906,0.015622615814208984
Bwd IAT Std,DD22T,0,3,DT,0.24898936966611768,0.18868251436238775,0.25697562178995537,0.18868251436238775,0.1977131187557147,0.14173374045705378,0,0.27965807914733887,0.015623807907104492
Bwd IAT Std,DD22T,0,4,DT,0.24898936966611768,0.18868251436238775,0.25697562178995537,0.18868251436238775,0.1977131187557147,0.14173374045705378,0,0.2833554744720459,0.015611648559570312
