Feature,Dataset,T,CV,ML,Acc,b_Acc,Prec,Rec,F1,kap,ROC,tra-T,test-T
Bwd IAT Std,DD12T,0,0,DT,0.21760256342911172,0.19559842065809524,0.2611236730982217,0.19559842065809524,0.2022698960584989,0.12298073156588651,0,0.2705049514770508,0.0156402587890625
Bwd IAT Std,DD12T,0,1,DT,0.21760256342911172,0.19559842065809524,0.2611236730982217,0.19559842065809524,0.2022698960584989,0.12298073156588651,0,0.2827727794647217,0.016217708587646484
Bwd IAT Std,DD12T,0,2,DT,0.21760256342911172,0.19559842065809524,0.2611236730982217,0.19559842065809524,0.2022698960584989,0.12298073156588651,0,0.26874661445617676,0.01562976837158203
Bwd IAT Std,DD12T,0,3,DT,0.21760256342911172,0.19559842065809524,0.2611236730982217,0.19559842065809524,0.2022698960584989,0.12298073156588651,0,0.2754349708557129,0.015617132186889648
Bwd IAT Std,DD12T,0,4,DT,0.21760256342911172,0.19559842065809524,0.2611236730982217,0.19559842065809524,0.2022698960584989,0.12298073156588651,0,0.2827754020690918,0.016225337982177734
