Feature,Dataset,T,CV,ML,Acc,b_Acc,Prec,Rec,F1,kap,ROC,tra-T,test-T
Bwd Blk Rate Avg,DD22T,0,0,DT,0.07138460514714445,0.047619047619047616,0.0033992669117687835,0.047619047619047616,0.00634555862654369,0.0,0,0.015733003616333008,0.0
Bwd Blk Rate Avg,DD22T,0,1,DT,0.07138460514714445,0.047619047619047616,0.0033992669117687835,0.047619047619047616,0.00634555862654369,0.0,0,0.01563286781311035,0.0
Bwd Blk Rate Avg,DD22T,0,2,DT,0.07138460514714445,0.047619047619047616,0.0033992669117687835,0.047619047619047616,0.00634555862654369,0.0,0,0.015620946884155273,0.0
Bwd Blk Rate Avg,DD22T,0,3,DT,0.07138460514714445,0.047619047619047616,0.0033992669117687835,0.047619047619047616,0.00634555862654369,0.0,0,0.0,0.01563262939453125
Bwd Blk Rate Avg,DD22T,0,4,DT,0.07138460514714445,0.047619047619047616,0.0033992669117687835,0.047619047619047616,0.00634555862654369,0.0,0,0.015632152557373047,0.014605045318603516
