Feature,Dataset,T,CV,ML,Acc,b_Acc,Prec,Rec,F1,kap,ROC,tra-T,test-T
Fwd Pkt Len Min,DD21,0,0,DT,0.2767727728843795,0.17782970454849503,0.4559815560504661,0.17782970454849503,0.19872426128802706,0.17459648840038622,0,0.0,0.01562643051147461
Fwd Pkt Len Min,DD21,0,1,DT,0.2767727728843795,0.17782970454849503,0.4559815560504661,0.17782970454849503,0.19872426128802706,0.17459648840038622,0,0.01824188232421875,0.013612508773803711
Fwd Pkt Len Min,DD21,0,2,DT,0.2767727728843795,0.17782970454849503,0.4559815560504661,0.17782970454849503,0.19872426128802706,0.17459648840038622,0,0.01573348045349121,0.0
Fwd Pkt Len Min,DD21,0,3,DT,0.2767727728843795,0.17782970454849503,0.4559815560504661,0.17782970454849503,0.19872426128802706,0.17459648840038622,0,0.015616655349731445,0.01564621925354004
Fwd Pkt Len Min,DD21,0,4,DT,0.2767727728843795,0.17782970454849503,0.4559815560504661,0.17782970454849503,0.19872426128802706,0.17459648840038622,0,0.0,0.01563882827758789
