Feature,Dataset,T,CV,ML,Acc,b_Acc,Prec,Rec,F1,kap,ROC,tra-T,test-T
Active Std,DD21T,0,0,DT,0.19691903312205752,0.07464451787854712,0.08201374561074407,0.07464451787854712,0.054832971872218673,0.05413484154871606,0,0.07265830039978027,0.011075019836425781
Active Std,DD21T,0,1,DT,0.19691903312205752,0.07464451787854712,0.08201374561074407,0.07464451787854712,0.054832971872218673,0.05413484154871606,0,0.07678008079528809,0.014941215515136719
Active Std,DD21T,0,2,DT,0.19691903312205752,0.07464451787854712,0.08201374561074407,0.07464451787854712,0.054832971872218673,0.05413484154871606,0,0.07873010635375977,0.015512466430664062
Active Std,DD21T,0,3,DT,0.19691903312205752,0.07464451787854712,0.08201374561074407,0.07464451787854712,0.054832971872218673,0.05413484154871606,0,0.07212567329406738,0.02306962013244629
Active Std,DD21T,0,4,DT,0.19691903312205752,0.07464451787854712,0.08201374561074407,0.07464451787854712,0.054832971872218673,0.05413484154871606,0,0.08412694931030273,0.00023412704467773438
