Feature,Dataset,T,CV,ML,Acc,b_Acc,Prec,Rec,F1,kap,ROC,tra-T,test-T
Init Bwd Win Byts,DD2T,0,0,DT,0.27152801440880103,0.15172765588031137,0.12508722050310156,0.15172765588031137,0.09879450017944368,-0.0786421489933149,0,0.0020885467529296875,0.0
Init Bwd Win Byts,DD2T,0,1,DT,0.27152801440880103,0.15172765588031137,0.12508722050310156,0.15172765588031137,0.09879450017944368,-0.0786421489933149,0,0.0031735897064208984,0.0019626617431640625
Init Bwd Win Byts,DD2T,0,2,DT,0.27152801440880103,0.15172765588031137,0.12508722050310156,0.15172765588031137,0.09879450017944368,-0.0786421489933149,0,0.0021202564239501953,0.0027968883514404297
Init Bwd Win Byts,DD2T,0,3,DT,0.27152801440880103,0.15172765588031137,0.12508722050310156,0.15172765588031137,0.09879450017944368,-0.0786421489933149,0,0.0030541419982910156,0.0020542144775390625
Init Bwd Win Byts,DD2T,0,4,DT,0.27152801440880103,0.15172765588031137,0.12508722050310156,0.15172765588031137,0.09879450017944368,-0.0786421489933149,0,0.0024116039276123047,0.0010082721710205078
