Feature,Dataset,T,CV,ML,Acc,b_Acc,Prec,Rec,F1,kap,ROC,tra-T,test-T
Fwd IAT Max,DD2,0,0,DT,0.6512042818911686,0.3868030511171014,0.3811017874585983,0.3868030511171014,0.371716830063443,0.550449704256047,0,0.06019759178161621,0.0
Fwd IAT Max,DD2,0,1,DT,0.6512042818911686,0.3868030511171014,0.3811017874585983,0.3868030511171014,0.371716830063443,0.550449704256047,0,0.05980348587036133,0.005011320114135742
Fwd IAT Max,DD2,0,2,DT,0.6512042818911686,0.3868030511171014,0.3811017874585983,0.3868030511171014,0.371716830063443,0.550449704256047,0,0.059927940368652344,0.0
Fwd IAT Max,DD2,0,3,DT,0.6512042818911686,0.3868030511171014,0.3811017874585983,0.3868030511171014,0.371716830063443,0.550449704256047,0,0.07376861572265625,0.006184577941894531
Fwd IAT Max,DD2,0,4,DT,0.6512042818911686,0.3868030511171014,0.3811017874585983,0.3868030511171014,0.371716830063443,0.550449704256047,0,0.05626249313354492,0.0
