Feature,Dataset,T,CV,ML,Acc,b_Acc,Prec,Rec,F1,kap,ROC,tra-T,test-T
Subflow Fwd Byts,DD1T,0,0,DT,0.4310187597707139,0.4102704439388914,0.4129040484320263,0.4102704439388914,0.3419872552352301,0.29789675607309574,0,0.005003690719604492,0.0020008087158203125
Subflow Fwd Byts,DD1T,0,1,DT,0.4310187597707139,0.4102704439388914,0.4129040484320263,0.4102704439388914,0.3419872552352301,0.29789675607309574,0,0.0069806575775146484,0.0019996166229248047
Subflow Fwd Byts,DD1T,0,2,DT,0.4310187597707139,0.4102704439388914,0.4129040484320263,0.4102704439388914,0.3419872552352301,0.29789675607309574,0,0.004981517791748047,0.002014636993408203
Subflow Fwd Byts,DD1T,0,3,DT,0.4310187597707139,0.4102704439388914,0.4129040484320263,0.4102704439388914,0.3419872552352301,0.29789675607309574,0,0.0043447017669677734,0.0020313262939453125
Subflow Fwd Byts,DD1T,0,4,DT,0.4310187597707139,0.4102704439388914,0.4129040484320263,0.4102704439388914,0.3419872552352301,0.29789675607309574,0,0.004976749420166016,0.0020008087158203125
