Feature,Dataset,T,CV,ML,Acc,b_Acc,Prec,Rec,F1,kap,ROC,tra-T,test-T
Pkt Len Std,DD1T,0,0,DT,0.16362688900468994,0.1974977595369821,0.22667102859443436,0.1974977595369821,0.15796319257188574,-0.010106316629550971,0,0.0059261322021484375,0.0030126571655273438
Pkt Len Std,DD1T,0,1,DT,0.16362688900468994,0.1974977595369821,0.22667102859443436,0.1974977595369821,0.15796319257188574,-0.010106316629550971,0,0.0069484710693359375,0.0019829273223876953
Pkt Len Std,DD1T,0,2,DT,0.16362688900468994,0.1974977595369821,0.22667102859443436,0.1974977595369821,0.15796319257188574,-0.010106316629550971,0,0.007275581359863281,0.005833625793457031
Pkt Len Std,DD1T,0,3,DT,0.16362688900468994,0.1974977595369821,0.22667102859443436,0.1974977595369821,0.15796319257188574,-0.010106316629550971,0,0.006276845932006836,0.003838777542114258
Pkt Len Std,DD1T,0,4,DT,0.16362688900468994,0.1974977595369821,0.22667102859443436,0.1974977595369821,0.15796319257188574,-0.010106316629550971,0,0.007277727127075195,0.0019643306732177734
