Feature,Dataset,T,CV,ML,Acc,b_Acc,Prec,Rec,F1,kap,ROC,tra-T,test-T
Bwd Header Len,DD2,0,0,DT,0.41718703538507285,0.2627730223809189,0.25337558074548633,0.2627730223809189,0.18699950259768516,0.3138797277656732,0,0.009871244430541992,0.0
Bwd Header Len,DD2,0,1,DT,0.41718703538507285,0.2627730223809189,0.25337558074548633,0.2627730223809189,0.18699950259768516,0.3138797277656732,0,0.0071544647216796875,0.0010962486267089844
Bwd Header Len,DD2,0,2,DT,0.41718703538507285,0.2627730223809189,0.25337558074548633,0.2627730223809189,0.18699950259768516,0.3138797277656732,0,0.0046539306640625,0.0010142326354980469
Bwd Header Len,DD2,0,3,DT,0.41718703538507285,0.2627730223809189,0.25337558074548633,0.2627730223809189,0.18699950259768516,0.3138797277656732,0,0.0011067390441894531,0.004097700119018555
Bwd Header Len,DD2,0,4,DT,0.41718703538507285,0.2627730223809189,0.25337558074548633,0.2627730223809189,0.18699950259768516,0.3138797277656732,0,0.005669355392456055,0.0
