Feature,Dataset,T,CV,ML,Acc,b_Acc,Prec,Rec,F1,kap,ROC,tra-T,test-T
Fwd IAT Std,DD2,0,0,DT,0.32173654475170976,0.26400520457222293,0.2672127157570335,0.26400520457222293,0.2301059182666216,0.09904207926897146,0,0.031417131423950195,0.00733637809753418
Fwd IAT Std,DD2,0,1,DT,0.32173654475170976,0.26400520457222293,0.2672127157570335,0.26400520457222293,0.2301059182666216,0.09904207926897146,0,0.03024125099182129,0.0045909881591796875
Fwd IAT Std,DD2,0,2,DT,0.32173654475170976,0.26400520457222293,0.2672127157570335,0.26400520457222293,0.2301059182666216,0.09904207926897146,0,0.027950048446655273,0.005008220672607422
Fwd IAT Std,DD2,0,3,DT,0.32173654475170976,0.26400520457222293,0.2672127157570335,0.26400520457222293,0.2301059182666216,0.09904207926897146,0,0.029743671417236328,0.0
Fwd IAT Std,DD2,0,4,DT,0.32173654475170976,0.26400520457222293,0.2672127157570335,0.26400520457222293,0.2301059182666216,0.09904207926897146,0,0.040972232818603516,0.004548311233520508
