Feature,Dataset,T,CV,ML,Acc,b_Acc,Prec,Rec,F1,kap,ROC,tra-T,test-T
Pkt Len Min,DD1T,0,0,DT,0.5649426784783742,0.333796098113742,0.5207095852227593,0.333796098113742,0.3411640073493282,0.3923067892257074,0,0.0030057430267333984,0.0010979175567626953
Pkt Len Min,DD1T,0,1,DT,0.5649426784783742,0.333796098113742,0.5207095852227593,0.333796098113742,0.3411640073493282,0.3923067892257074,0,0.0030181407928466797,0.002073049545288086
Pkt Len Min,DD1T,0,2,DT,0.5649426784783742,0.333796098113742,0.5207095852227593,0.333796098113742,0.3411640073493282,0.3923067892257074,0,0.003022909164428711,0.0010704994201660156
Pkt Len Min,DD1T,0,3,DT,0.5649426784783742,0.333796098113742,0.5207095852227593,0.333796098113742,0.3411640073493282,0.3923067892257074,0,0.003267526626586914,0.001001119613647461
Pkt Len Min,DD1T,0,4,DT,0.5649426784783742,0.333796098113742,0.5207095852227593,0.333796098113742,0.3411640073493282,0.3923067892257074,0,0.0030982494354248047,0.002801179885864258
