Feature,Dataset,T,CV,ML,Acc,b_Acc,Prec,Rec,F1,kap,ROC,tra-T,test-T
Subflow Bwd Pkts,DD2T,0,0,DT,0.43499002093170425,0.19502547048696917,0.13500720318526854,0.19502547048696917,0.13968036338385156,0.13488432180955146,0,0.0030965805053710938,0.002045869827270508
Subflow Bwd Pkts,DD2T,0,1,DT,0.43499002093170425,0.19502547048696917,0.13500720318526854,0.19502547048696917,0.13968036338385156,0.13488432180955146,0,0.003981351852416992,0.0020203590393066406
Subflow Bwd Pkts,DD2T,0,2,DT,0.43499002093170425,0.19502547048696917,0.13500720318526854,0.19502547048696917,0.13968036338385156,0.13488432180955146,0,0.003016233444213867,0.0021719932556152344
Subflow Bwd Pkts,DD2T,0,3,DT,0.43499002093170425,0.19502547048696917,0.13500720318526854,0.19502547048696917,0.13968036338385156,0.13488432180955146,0,0.002997159957885742,0.0020122528076171875
Subflow Bwd Pkts,DD2T,0,4,DT,0.43499002093170425,0.19502547048696917,0.13500720318526854,0.19502547048696917,0.13968036338385156,0.13488432180955146,0,0.004014253616333008,0.0020172595977783203
