Feature,Dataset,T,CV,ML,Acc,b_Acc,Prec,Rec,F1,kap,ROC,tra-T,test-T
Fwd Seg Size Avg,DD1,0,0,DT,0.5467229254571027,0.47755609310148955,0.4815519293118638,0.47755609310148955,0.38626455685474315,0.39829628561713126,0,0.007997512817382812,0.0020940303802490234
Fwd Seg Size Avg,DD1,0,1,DT,0.5467229254571027,0.47755609310148955,0.4815519293118638,0.47755609310148955,0.38626455685474315,0.39829628561713126,0,0.008041620254516602,0.002758026123046875
Fwd Seg Size Avg,DD1,0,2,DT,0.5467229254571027,0.47755609310148955,0.4815519293118638,0.47755609310148955,0.38626455685474315,0.39829628561713126,0,0.011073827743530273,0.003991603851318359
Fwd Seg Size Avg,DD1,0,3,DT,0.5467229254571027,0.47755609310148955,0.4815519293118638,0.47755609310148955,0.38626455685474315,0.39829628561713126,0,0.01213216781616211,0.003330230712890625
Fwd Seg Size Avg,DD1,0,4,DT,0.5467229254571027,0.47755609310148955,0.4815519293118638,0.47755609310148955,0.38626455685474315,0.39829628561713126,0,0.006134748458862305,0.00099945068359375
