Feature,Dataset,T,CV,ML,Acc,b_Acc,Prec,Rec,F1,kap,ROC,tra-T,test-T
Active Mean,DD2T,0,0,DT,0.41469113566665045,0.2230430371094976,0.21231031169979397,0.2230430371094976,0.18209102726176096,0.12227332363017684,0,0.014001607894897461,0.0020647048950195312
Active Mean,DD2T,0,1,DT,0.41469113566665045,0.2230430371094976,0.21231031169979397,0.2230430371094976,0.18209102726176096,0.12227332363017684,0,0.015033245086669922,0.0030095577239990234
Active Mean,DD2T,0,2,DT,0.41469113566665045,0.2230430371094976,0.21231031169979397,0.2230430371094976,0.18209102726176096,0.12227332363017684,0,0.011992692947387695,0.0021054744720458984
Active Mean,DD2T,0,3,DT,0.41469113566665045,0.2230430371094976,0.21231031169979397,0.2230430371094976,0.18209102726176096,0.12227332363017684,0,0.011003494262695312,0.003107786178588867
Active Mean,DD2T,0,4,DT,0.41469113566665045,0.2230430371094976,0.21231031169979397,0.2230430371094976,0.18209102726176096,0.12227332363017684,0,0.02246689796447754,0.00767064094543457
