Feature,Dataset,T,CV,ML,Acc,b_Acc,Prec,Rec,F1,kap,ROC,tra-T,test-T
Bwd URG Flags,ADS1,1,0,DT,0.12908732764281025,0.047619047619047616,0.0061470156020385835,0.047619047619047616,0.01088846797151054,0.0,0,0.015738964080810547,0.0
Bwd URG Flags,ADS1,2,0,DT,0.12816808929743925,0.047619047619047616,0.0061032423474971075,0.047619047619047616,0.010819739372876377,0.0,0,0.0,0.0
Bwd URG Flags,ADS1,3,0,DT,0.1303348653972423,0.047619047619047616,0.006206422161773442,0.047619047619047616,0.010981563697218649,0.0,0,0.0,0.01564311981201172
Bwd URG Flags,ADS1,4,0,DT,0.12903013986473177,0.047619047619047616,0.006144292374511037,0.047619047619047616,0.010884195483474302,0.0,0,0.015735864639282227,0.0
Bwd URG Flags,ADS1,5,0,DT,0.1279795127716856,0.047619047619047616,0.006094262512937409,0.047619047619047616,0.010805626243977623,0.0,0,0.0,0.0
