Feature,Dataset,T,CV,ML,Acc,b_Acc,Prec,Rec,F1,kap,ROC,tra-T,test-T
Pkt Len Var,ADS2,1,0,DT,0.6305414621974549,0.6433758161116886,0.863264600046468,0.6433758161116886,0.7032585756694932,0.5797505155134025,0,0.054196834564208984,0.0052106380462646484
Pkt Len Var,ADS2,2,0,DT,0.6347529529196473,0.6515525475384875,0.8698349256756007,0.6515525475384875,0.7103460108390235,0.5851097469976405,0,0.05511617660522461,0.00472259521484375
Pkt Len Var,ADS2,3,0,DT,0.6203626684411911,0.6294003367125368,0.8270864295400906,0.6294003367125368,0.6789483478001319,0.5795927012386346,0,0.05299091339111328,0.005251884460449219
Pkt Len Var,ADS2,4,0,DT,0.6295957411412411,0.6263101007087414,0.8364841760955561,0.6263101007087414,0.6851462413138807,0.5791356032252664,0,0.05124378204345703,0.005957126617431641
Pkt Len Var,ADS2,5,0,DT,0.6201131259357844,0.6394432388799516,0.849259538813732,0.6394432388799516,0.69343150957293,0.5683639649663369,0,0.05127143859863281,0.005602836608886719
