Feature,Dataset,T,CV,ML,Acc,b_Acc,Prec,Rec,F1,kap,ROC,tra-T,test-T
Active Max,ADS1,1,0,DT,0.2934340118187787,0.2625263373856519,0.49177498198981273,0.2625263373856519,0.287770614946003,0.20046985181356103,0,0.08780550956726074,0.003912687301635742
Active Max,ADS1,2,0,DT,0.29008535784635586,0.2538521057589899,0.5045711503422335,0.2538521057589899,0.281379441645674,0.19742571095934047,0,0.19176888465881348,0.0010581016540527344
Active Max,ADS1,3,0,DT,0.29139855548260013,0.2552567389313599,0.5031621835273289,0.2552567389313599,0.28358540880741046,0.19890183342621504,0,0.07867884635925293,0.005563020706176758
Active Max,ADS1,4,0,DT,0.29240265283340994,0.2555905482496812,0.49872139324873477,0.2555905482496812,0.2814080807359315,0.19993535040070143,0,0.06789422035217285,0.015599727630615234
Active Max,ADS1,5,0,DT,0.29450390701950224,0.2546638984863338,0.5257681592165478,0.2546638984863338,0.2830735411690625,0.20055065233123692,0,0.07882308959960938,0.0045166015625
