Feature,Dataset,T,CV,ML,Acc,b_Acc,Prec,Rec,F1,kap,ROC,tra-T,test-T
Subflow Fwd Byts,ADS2,1,0,DT,0.6390252016967479,0.5712931075117054,0.9032951204611057,0.5712931075117054,0.6583773002190225,0.5870160010482137,0,0.030475139617919922,0.0046117305755615234
Subflow Fwd Byts,ADS2,2,0,DT,0.6386624521710198,0.56961514767723,0.8819505899791587,0.56961514767723,0.6490874551107,0.5890337456890444,0,0.03420448303222656,0.005715608596801758
Subflow Fwd Byts,ADS2,3,0,DT,0.6409915155548161,0.5732680231579755,0.9101626590581017,0.5732680231579755,0.6588351896579694,0.5911862327008692,0,0.035730838775634766,0.0046350955963134766
Subflow Fwd Byts,ADS2,4,0,DT,0.6487273332224256,0.5794889873587901,0.921719298065896,0.5794889873587901,0.6680876141878522,0.5992773133835596,0,0.03503727912902832,0.00467991828918457
Subflow Fwd Byts,ADS2,5,0,DT,0.6458991848278157,0.5690387890391477,0.8893373494919937,0.5690387890391477,0.6528056742689403,0.5966589662932591,0,0.03498363494873047,0.004922389984130859
