Feature,Dataset,T,CV,ML,Acc,b_Acc,Prec,Rec,F1,kap,ROC,tra-T,test-T
Bwd Pkts/b Avg,ADS2,1,0,DT,0.1623554853198037,0.047619047619047616,0.007731213586657319,0.047619047619047616,0.013302666325922141,0.0,0,0.0049364566802978516,0.0
Bwd Pkts/b Avg,ADS2,2,0,DT,0.16619530860089834,0.047619047619047616,0.007914062314328493,0.047619047619047616,0.013572447523945385,0.0,0,0.004962444305419922,0.0
Bwd Pkts/b Avg,ADS2,3,0,DT,0.1631176177008817,0.047619047619047616,0.007767505604803891,0.047619047619047616,0.01335635448486768,0.0,0,0.004633426666259766,0.0
Bwd Pkts/b Avg,ADS2,4,0,DT,0.16411578772250873,0.047619047619047616,0.007815037510595655,0.047619047619047616,0.013426563908879021,0.0,0,0.0,0.0049974918365478516
Bwd Pkts/b Avg,ADS2,5,0,DT,0.16619530860089834,0.047619047619047616,0.007914062314328493,0.047619047619047616,0.013572447523945385,0.0,0,0.00013518333435058594,0.004974842071533203
