Feature,Dataset,T,CV,ML,Acc,b_Acc,Prec,Rec,F1,kap,ROC,tra-T,test-T
Flow Pkts/s,ADS2,1,0,DT,0.589619895200865,0.5619862527264482,0.5594537002120415,0.5619862527264482,0.5601860127037783,0.5464677829259127,0,0.24479436874389648,0.005267143249511719
Flow Pkts/s,ADS2,2,0,DT,0.5845949093328897,0.5540043225850626,0.5516479995680159,0.5540043225850626,0.5517227268836132,0.5391488529296236,0,0.2850303649902344,0.005706310272216797
Flow Pkts/s,ADS2,3,0,DT,0.5905007486275162,0.5858172774254883,0.5629552512654007,0.5579212165957033,0.5597803579184596,0.5469940288390267,0,0.23000669479370117,0.009456157684326172
Flow Pkts/s,ADS2,4,0,DT,0.5920811844950923,0.5683194386846252,0.5785381143830959,0.5683194386846252,0.5724994351067221,0.5483459790979307,0,0.2450857162475586,0.010605573654174805
Flow Pkts/s,ADS2,5,0,DT,0.5898353019464315,0.5550425280042683,0.5610487175772877,0.5550425280042683,0.557501983270854,0.5456492169613808,0,0.24930548667907715,0.005221128463745117
