Feature,Dataset,T,CV,ML,Acc,b_Acc,Prec,Rec,F1,kap,ROC,tra-T,test-T
Bwd IAT Std,ADS2,1,0,DT,0.4381601929634866,0.36868567480772674,0.6123095669246721,0.36868567480772674,0.41863119275354355,0.3544189164812608,0,0.12930035591125488,0.0035049915313720703
Bwd IAT Std,ADS2,2,0,DT,0.4290467476293462,0.3598212083462636,0.5950843864001835,0.3598212083462636,0.4060659112917254,0.34373168463898784,0,0.12412524223327637,0.0056302547454833984
Bwd IAT Std,ADS2,3,0,DT,0.43470304441856594,0.3639453849860163,0.590811608949332,0.3639453849860163,0.4092120342052593,0.34660067173006315,0,0.12769412994384766,0.005214691162109375
Bwd IAT Std,ADS2,4,0,DT,0.43378805523207453,0.3647955621683805,0.6235837321497103,0.3647955621683805,0.4185165937088489,0.34586836020397704,0,0.12939214706420898,0.005112648010253906
Bwd IAT Std,ADS2,5,0,DT,0.4253867908833805,0.3589969207336773,0.585249013831572,0.3589969207336773,0.40448502944756715,0.3376983201259477,0,0.1250462532043457,0.005606889724731445
