Feature,Dataset,T,CV,ML,Acc,b_Acc,Prec,Rec,F1,kap,ROC,tra-T,test-T
Flow IAT Mean,ADS2,1,0,DT,0.5974382433668801,0.5639918696949315,0.5677384189707125,0.5639918696949315,0.5648721880342088,0.5542006511372716,0,0.26505041122436523,0.009731531143188477
Flow IAT Mean,ADS2,2,0,DT,0.5963234070870072,0.5642384792524814,0.5637181554521254,0.5642384792524814,0.5629754090959584,0.5533155715912648,0,0.28374505043029785,0.006351470947265625
Flow IAT Mean,ADS2,3,0,DT,0.6027283313924472,0.568941204536077,0.5701838681718657,0.568941204536077,0.5685168376458289,0.5602679083765721,0,0.25015687942504883,0.004993915557861328
Flow IAT Mean,ADS2,4,0,DT,0.5972383962734986,0.5698209690286014,0.5692496322788101,0.5698209690286014,0.5680883727026342,0.554613721128234,0,0.2547872066497803,0.005127906799316406
Flow IAT Mean,ADS2,5,0,DT,0.5987356513059391,0.567271175712988,0.5710446723783239,0.567271175712988,0.568083284638267,0.5560973519207251,0,0.3721175193786621,0.008388757705688477
