Feature,Dataset,T,CV,ML,Acc,b_Acc,Prec,Rec,F1,kap,ROC,tra-T,test-T
Fwd Pkt Len Max,ADS1,1,0,DT,0.553381483913329,0.5164797078252505,0.8313395979500723,0.5164797078252505,0.5728138510337575,0.5050847663623403,0,0.04687309265136719,0.0
Fwd Pkt Len Max,ADS1,2,0,DT,0.5552199606040709,0.5290870262033514,0.8445339773297621,0.5290870262033514,0.587224075021122,0.5084035632767661,0,0.045362234115600586,0.008225440979003906
Fwd Pkt Len Max,ADS1,3,0,DT,0.5574523965856861,0.520787572438673,0.8412254616803805,0.520787572438673,0.5826700079661465,0.5104250922232849,0,0.04093194007873535,0.0
Fwd Pkt Len Max,ADS1,4,0,DT,0.5542714557751658,0.5178776374987868,0.8499850390165439,0.5178776374987868,0.577840441716666,0.5071010651198352,0,0.031241893768310547,0.0
Fwd Pkt Len Max,ADS1,5,0,DT,0.5555847396414735,0.5188973615777014,0.8479811902421831,0.5188973615777014,0.5795792071845517,0.5090323722458205,0,0.0328671932220459,0.0
