Feature,Dataset,T,CV,ML,Acc,b_Acc,Prec,Rec,F1,kap,ROC,tra-T,test-T
Fwd IAT Mean,ADS1,1,0,DT,0.46211424819435326,0.41504659885007655,0.6448898048591667,0.41504659885007655,0.47130371243542074,0.39807180401138087,0,0.19470834732055664,0.0
Fwd IAT Mean,ADS1,2,0,DT,0.4692055154300722,0.4285367305537058,0.6526917060711704,0.4285367305537058,0.4857324918084965,0.40380803258348497,0,0.16945624351501465,0.012241601943969727
Fwd IAT Mean,ADS1,3,0,DT,0.46211424819435326,0.4244534377977739,0.6415450360669795,0.4244534377977739,0.47628148796844527,0.396161759250674,0,0.1637260913848877,0.008738994598388672
Fwd IAT Mean,ADS1,4,0,DT,0.4668067502790728,0.43113064637822435,0.6505044978827562,0.43113064637822435,0.48412173094426786,0.40069412958191153,0,0.1672654151916504,0.0
Fwd IAT Mean,ADS1,5,0,DT,0.4554468448355112,0.4165129575878598,0.6448760272268272,0.4165129575878598,0.4685406752535896,0.38944606406185867,0,0.17129182815551758,0.009953737258911133
