Feature,Dataset,T,CV,ML,Acc,b_Acc,Prec,Rec,F1,kap,ROC,tra-T,test-T
Active Std,ADS1,1,0,DT,0.19205515430072226,0.11703070174615467,0.18529601738157112,0.11703070174615467,0.10487840510512905,0.07966345346916359,0,0.0632474422454834,0.007666349411010742
Active Std,ADS1,2,0,DT,0.19028233749179252,0.11983124322734137,0.18740431458906465,0.11983124322734137,0.10622389639641135,0.07947600515956299,0,0.1693120002746582,0.008248090744018555
Active Std,ADS1,3,0,DT,0.18995403808273145,0.11778353939430863,0.18583438167345706,0.11778353939430863,0.10552162893457602,0.07893794419332634,0,0.1369035243988037,0.0
Active Std,ADS1,4,0,DT,0.19869984897235538,0.11989858439830055,0.19753832126658136,0.11989858439830055,0.10972693175144681,0.08318789885987499,0,0.05521202087402344,0.0
Active Std,ADS1,5,0,DT,0.19495698995337843,0.11469353270031604,0.18925896418696814,0.11469353270031604,0.10312302560660178,0.07920258652841783,0,0.06570935249328613,0.004975080490112305
