Feature,Dataset,T,CV,ML,Acc,b_Acc,Prec,Rec,F1,kap,ROC,tra-T,test-T
Init Bwd Win Byts,ADS1,1,0,DT,0.6133946158896914,0.5192994820847882,0.8039174297268746,0.5192994820847882,0.5507190457512573,0.5655215040770563,0,0.04529094696044922,0.01563119888305664
Init Bwd Win Byts,ADS1,2,0,DT,0.6112278397898884,0.5187991524987793,0.8136402755266496,0.5187991524987793,0.5497079005090248,0.5631525852614021,0,0.04914689064025879,0.009047508239746094
Init Bwd Win Byts,ADS1,3,0,DT,0.6155613919894944,0.5226599688925153,0.7472785672970804,0.5226599688925153,0.5520046684021855,0.5676351940747733,0,0.05600261688232422,0.003877878189086914
Init Bwd Win Byts,ADS1,4,0,DT,0.6150764987852124,0.5109420708632841,0.7636822057217064,0.5109420708632841,0.5445715625379567,0.566101288388901,0,0.05499887466430664,0.0
Init Bwd Win Byts,ADS1,5,0,DT,0.6154048197517894,0.5247562072861467,0.7761308068111907,0.5247562072861467,0.5603743524975057,0.5677989427472254,0,0.048375844955444336,0.0014214515686035156
