Feature,Dataset,T,CV,ML,Acc,b_Acc,Prec,Rec,F1,kap,ROC,tra-T,test-T
Pkt Len Max,ADS2,1,0,DT,0.6757048989436912,0.6260123718657196,0.8170909176411489,0.6260123718657196,0.6631686855575358,0.6352089476971718,0,0.040186405181884766,0.004620552062988281
Pkt Len Max,ADS2,2,0,DT,0.6800033272334054,0.6126359463137767,0.7834056738609535,0.6126359463137767,0.6449340181552955,0.6393468277542331,0,0.040132999420166016,0.0
Pkt Len Max,ADS2,3,0,DT,0.6793378805523207,0.6322580053605696,0.828556724158871,0.6322580053605696,0.67202252595441,0.6387510179729374,0,0.03944563865661621,0.005121707916259766
Pkt Len Max,ADS2,4,0,DT,0.6832473798036932,0.6310789719178088,0.8239317893803528,0.6310789719178088,0.6694196566787781,0.6436864581776529,0,0.04007840156555176,0.005285024642944336
Pkt Len Max,ADS2,5,0,DT,0.6788387955415073,0.6507327403654616,0.8383382811130514,0.6507327403654616,0.6832852196323169,0.6397489898647466,0,0.03528571128845215,0.004610776901245117
