Feature,Dataset,T,CV,ML,Acc,b_Acc,Prec,Rec,F1,kap,ROC,tra-T,test-T
Fwd Pkt Len Std,ADS1,1,0,DT,0.5255416940249508,0.45355506060215006,0.8739383645450775,0.45355506060215006,0.5238323595090231,0.46583436891082464,0,0.11879658699035645,0.0040721893310546875
Fwd Pkt Len Std,ADS1,2,0,DT,0.5296126066973079,0.4614885002535466,0.8599012359659135,0.4614885002535466,0.5313883364922714,0.4699592379886165,0,0.062456369400024414,0.0
Fwd Pkt Len Std,ADS1,3,0,DT,0.5295469468154957,0.4677838092605525,0.8550470890174505,0.4677838092605525,0.5415862341384006,0.47014513391935775,0,0.052471160888671875,0.0017170906066894531
Fwd Pkt Len Std,ADS1,4,0,DT,0.5255105391030271,0.45528885777777345,0.867161573990213,0.45528885777777345,0.5283736406626445,0.4646826006804299,0,0.04307866096496582,0.0026330947875976562
Fwd Pkt Len Std,ADS1,5,0,DT,0.5396940048591503,0.4601852959249495,0.8561441232240773,0.4601852959249495,0.5295824625881108,0.47999544678810613,0,0.03943324089050293,0.0067424774169921875
