Feature,Dataset,T,CV,ML,Acc,b_Acc,Prec,Rec,F1,kap,ROC,tra-T,test-T
Fwd Byts/b Avg,ADS2,1,0,DT,0.1655992680695334,0.047619047619047616,0.007885679431882543,0.047619047619047616,0.013530687000074754,0.0,0,0.004622936248779297,0.004902362823486328
Fwd Byts/b Avg,ADS2,2,0,DT,0.16137082016303445,0.047619047619047616,0.007684324769668307,0.047619047619047616,0.01323319759073949,0.0,0,0.004613637924194336,0.0
Fwd Byts/b Avg,ADS2,3,0,DT,0.164864415238729,0.047619047619047616,0.007850686439939476,0.047619047619047616,0.013479142013846384,0.0,0,0.0,0.005122184753417969
Fwd Byts/b Avg,ADS2,4,0,DT,0.1669439361171186,0.047619047619047616,0.007949711243672315,0.047619047619047616,0.01362483834506074,0.0,0,0.005614519119262695,0.0
Fwd Byts/b Avg,ADS2,5,0,DT,0.16744302112793213,0.047619047619047616,0.007973477196568197,0.047619047619047616,0.013659728230444297,0.0,0,0.005596637725830078,0.0
