Feature,Dataset,T,CV,ML,Acc,b_Acc,Prec,Rec,F1,kap,ROC,tra-T,test-T
ACK Flag Cnt,ADS1,1,0,DT,0.2036112934996717,0.0740961189288698,0.019317745581535144,0.0740961189288698,0.030616680181168435,0.08374347160167117,0,0.0,0.01763749122619629
ACK Flag Cnt,ADS1,2,0,DT,0.21063690085357847,0.07416054604773425,0.0200073793602069,0.07416054604773425,0.03147089947089947,0.0871739585071829,0,0.0,0.0
ACK Flag Cnt,ADS1,3,0,DT,0.2020354563361786,0.07416059795471179,0.0192172020126051,0.07416059795471179,0.030469672941824608,0.08305587078659926,0,0.01125955581665039,0.004615306854248047
ACK Flag Cnt,ADS1,4,0,DT,0.20303368573117078,0.07318608806267779,0.019276923696790387,0.07318608806267779,0.03048071414905586,0.08174004410891944,0,0.0,0.0
ACK Flag Cnt,ADS1,5,0,DT,0.19955348348545537,0.0738456147614511,0.018941292718951945,0.0738456147614511,0.03011271319095947,0.08134292379634778,0,0.00917363166809082,0.0
