Feature,Dataset,T,CV,ML,Acc,b_Acc,Prec,Rec,F1,kap,ROC,tra-T,test-T
Bwd Pkts/b Avg,ADS1,1,0,DT,0.12967826657912015,0.047619047619047616,0.006175155551386674,0.047619047619047616,0.010932591577752868,0.0,0,0.04729938507080078,0.0
Bwd Pkts/b Avg,ADS1,2,0,DT,0.12521339461588968,0.047619047619047616,0.005962542600756651,0.047619047619047616,0.010598065450139908,0.0,0,0.0,0.0
Bwd Pkts/b Avg,ADS1,3,0,DT,0.12797110965200262,0.047619047619047616,0.006093862364381077,0.047619047619047616,0.01080499724192605,0.0,0,0.015529394149780273,0.0
Bwd Pkts/b Avg,ADS1,4,0,DT,0.12857049051152405,0.047619047619047616,0.006122404310072574,0.047619047619047616,0.010849839441216645,0.0,0,0.03133893013000488,0.022082090377807617
Bwd Pkts/b Avg,ADS1,5,0,DT,0.12903013986473177,0.047619047619047616,0.006144292374511037,0.047619047619047616,0.010884195483474302,0.0,0,0.012939929962158203,0.0013213157653808594
