Feature,Dataset,T,CV,ML,Acc,b_Acc,Prec,Rec,F1,kap,ROC,tra-T,test-T
Fwd URG Flags,ADS1,1,0,DT,0.12869336835193695,0.047619047619047616,0.006128255635806522,0.047619047619047616,0.010859026565832848,0.0,0,0.012789011001586914,0.0030972957611083984
Fwd URG Flags,ADS1,2,0,DT,0.12836506894287592,0.047619047619047616,0.006112622330613139,0.047619047619047616,0.01083447635673414,0.0,0,0.014611005783081055,0.0
Fwd URG Flags,ADS1,3,0,DT,0.12862770847012475,0.047619047619047616,0.006125128974767845,0.047619047619047616,0.01085411766661403,0.0,0,0.0,0.0
Fwd URG Flags,ADS1,4,0,DT,0.12725720664521636,0.047619047619047616,0.006059866983105541,0.047619047619047616,0.010751524935715535,0.0,0,0.01473236083984375,0.0
Fwd URG Flags,ADS1,5,0,DT,0.12778252019173944,0.047619047619047616,0.0060848819138923545,0.047619047619047616,0.010790878214459001,0.0,0,0.009628057479858398,0.0020051002502441406
