Feature,Dataset,T,CV,ML,Acc,b_Acc,Prec,Rec,F1,kap,ROC,tra-T,test-T
Bwd Header Len,ADS2,1,0,DT,0.5551027197870748,0.3957764830058628,0.5747796319975194,0.3957764830058628,0.398155099554073,0.5029171134363835,0,0.02545022964477539,0.004621982574462891
Bwd Header Len,ADS2,2,0,DT,0.5551488936948927,0.4096934507202241,0.5458610422954235,0.4096934507202241,0.4186060022308684,0.5043117911706074,0,0.026142120361328125,0.0013360977172851562
Bwd Header Len,ADS2,3,0,DT,0.5499085010813508,0.4107525241612513,0.5447240886610744,0.4107525241612513,0.41794967766617724,0.49886846234306803,0,0.019980430603027344,0.0046710968017578125
Bwd Header Len,ADS2,4,0,DT,0.5461653635002496,0.39277815106712743,0.5662530695395405,0.39277815106712743,0.393940389969908,0.49505499480605586,0,0.024747610092163086,0.004933834075927734
Bwd Header Len,ADS2,5,0,DT,0.5489103310597239,0.40937682871745745,0.5788339098828194,0.40937682871745745,0.4163838714020445,0.4987569507503703,0,0.02945995330810547,0.005063533782958984
