Feature,Dataset,T,CV,ML,Acc,b_Acc,Prec,Rec,F1,kap,ROC,tra-T,test-T
Active Min,ADS1,1,0,DT,0.30860144451739985,0.279393210358034,0.5550434736315113,0.279393210358034,0.3156271788203703,0.21658188432945358,0,0.08333182334899902,0.0
Active Min,ADS1,2,0,DT,0.31884438608010507,0.28136009437076204,0.5546605314987444,0.28136009437076204,0.31570014526776574,0.22730151034962298,0,0.13857722282409668,0.0036330223083496094
Active Min,ADS1,3,0,DT,0.3113591595535128,0.2858854576062632,0.5712738186713464,0.2858854576062632,0.3221292792467341,0.2205000621326867,0,0.14951419830322266,0.005051851272583008
Active Min,ADS1,4,0,DT,0.31256156018123316,0.28834161963397037,0.584225699025897,0.28834161963397037,0.3222651121439744,0.2237916539195245,0,0.07949161529541016,0.0
Active Min,ADS1,5,0,DT,0.3039595508569177,0.2834436125225118,0.5766469381134419,0.2834436125225118,0.31785312744032185,0.2152011838863559,0,0.07260274887084961,0.005961418151855469
