Feature,Dataset,T,CV,ML,Acc,b_Acc,Prec,Rec,F1,kap,ROC,tra-T,test-T
Idle Mean,DIS2,1,0,DT,0.29330631087091147,0.276135619732871,0.5591020964133288,0.276135619732871,0.3126896190022756,0.2134732060090495,0,0.09429478645324707,0.002585887908935547
Idle Mean,DIS2,2,0,DT,0.29004109666159994,0.27415604558194734,0.5559847489144478,0.27415604558194734,0.3101769113200827,0.2076843281602596,0,0.0974571704864502,0.005974531173706055
Idle Mean,DIS2,3,0,DT,0.2920677813432416,0.2768612916890672,0.5541159043575703,0.2768612916890672,0.3099692957356702,0.2079027431740863,0,0.09017801284790039,0.00685882568359375
Idle Mean,DIS2,4,0,DT,0.29296853009063784,0.2797535304079625,0.5503535836663749,0.2797535304079625,0.312402567592967,0.21151988810956446,0,0.08768153190612793,0.006644010543823242
Idle Mean,DIS2,5,0,DT,0.28853732687760386,0.27685583406429926,0.570921810746231,0.27685583406429926,0.31391989980619356,0.2080598295850825,0,0.09627556800842285,0.006844282150268555
