Feature,Dataset,T,CV,ML,Acc,b_Acc,Prec,Rec,F1,kap,ROC,tra-T,test-T
Fwd PSH Flags,DIS1,1,0,DT,0.13838756881053585,0.047619047619047616,0.006589884229073135,0.047619047619047616,0.011577575879467292,0.0,0,0.005197048187255859,0.004703521728515625
Fwd PSH Flags,DIS1,4,0,DT,0.13721254355400697,0.047619047619047616,0.006533930645428903,0.047619047619047616,0.011491133618714965,0.0,0,0.004151105880737305,0.0
Fwd PSH Flags,DIS1,5,0,DT,0.13428571428571429,0.047619047619047616,0.006394557823129252,0.047619047619047616,0.011275038982847548,0.0,0,0.004789113998413086,0.0
