Feature,Dataset,T,CV,ML,Acc,b_Acc,Prec,Rec,F1,kap,ROC,tra-T,test-T
Flow IAT Mean,DIS1,1,0,DT,0.5024736952128771,0.4950612849047124,0.4927992817148302,0.4950612849047124,0.493094786787044,0.4522413525032384,0,0.3850100040435791,0.00805211067199707
Flow IAT Mean,DIS1,2,0,DT,0.4962720367918612,0.4870335505411716,0.48893015707923965,0.4870335505411716,0.48714336557945453,0.44502207974127816,0,0.3761594295501709,0.00956416130065918
Flow IAT Mean,DIS1,3,0,DT,0.5049477351916376,0.4964251764114847,0.4962924464907019,0.4964251764114847,0.49540631351252395,0.4551327043993154,0,0.365649938583374,0.0051534175872802734
Flow IAT Mean,DIS1,4,0,DT,0.50404181184669,0.4984531720481289,0.49822241099246856,0.4984531720481289,0.4972177684280127,0.4538745674359227,0,0.43479347229003906,0.010228633880615234
Flow IAT Mean,DIS1,5,0,DT,0.5052264808362369,0.5060638024030522,0.504564347014457,0.5060638024030522,0.5048032475522667,0.4556750477536492,0,0.38007211685180664,0.009643793106079102
