Feature,Dataset,T,CV,ML,Acc,b_Acc,Prec,Rec,F1,kap,ROC,tra-T,test-T
Bwd IAT Min,DIS2,1,0,DT,0.39897539829983675,0.3386088398800401,0.398000353257812,0.3386088398800401,0.35391222592566135,0.3392693080658571,0,0.2004563808441162,0.012938976287841797
Bwd IAT Min,DIS2,2,0,DT,0.3939086865957327,0.3243821140056061,0.38882184464676667,0.3243821140056061,0.34101872472292655,0.33230639381923255,0,0.30173683166503906,0.0062389373779296875
Bwd IAT Min,DIS2,3,0,DT,0.39587907448066206,0.3279167949804063,0.38286114448008346,0.3279167949804063,0.3432219859066959,0.3340025763300718,0,0.2299635410308838,0.005113363265991211
Bwd IAT Min,DIS2,4,0,DT,0.3980746495524405,0.32772081582578694,0.39072935401029213,0.32772081582578694,0.3449935591945757,0.3377220549244845,0,0.21324634552001953,0.00835275650024414
Bwd IAT Min,DIS2,5,0,DT,0.3955072626956424,0.3335285557853307,0.39388261358227,0.3335285557853307,0.34945046697809806,0.33512330370292076,0,0.2102341651916504,0.004743099212646484
