Feature,Dataset,T,CV,ML,Acc,b_Acc,Prec,Rec,F1,kap,ROC,tra-T,test-T
Pkt Len Min,DIS2,1,0,DT,0.3326577717727861,0.21760810642350073,0.5064626659036765,0.21760810642350073,0.24599905982316314,0.25164155776703845,0,0.016817331314086914,0.005106925964355469
Pkt Len Min,DIS2,2,0,DT,0.32573326577717726,0.2352646728132422,0.5006841367828303,0.2352646728132422,0.2562043613096804,0.24837751997306545,0,0.012918233871459961,0.008214950561523438
Pkt Len Min,DIS2,3,0,DT,0.33046219670100774,0.24408950897944703,0.5377039748060884,0.24408950897944703,0.26961748048942336,0.2505436471686604,0,0.016805648803710938,0.0051152706146240234
Pkt Len Min,DIS2,4,0,DT,0.33980746495524405,0.21895220239981897,0.5381765831028515,0.21895220239981897,0.2465647387832033,0.2599906074052152,0,0.018368005752563477,0.006949663162231445
Pkt Len Min,DIS2,5,0,DT,0.3264835041098975,0.2161072293356316,0.5192078299557775,0.2161072293356316,0.24362646833023488,0.2479294060514876,0,0.019817590713500977,0.005151033401489258
