Feature,Dataset,T,CV,ML,Acc,b_Acc,Prec,Rec,F1,kap,ROC,tra-T,test-T
Flow IAT Std,DIS1,1,0,DT,0.4578774998257961,0.44367151781831415,0.5685822736967152,0.44367151781831415,0.4764809905581761,0.39392865253090537,0,0.29520153999328613,0.0050144195556640625
Flow IAT Std,DIS1,2,0,DT,0.44986412096718,0.4193446316899899,0.5418176906513306,0.4193446316899899,0.45383488311940845,0.38450843374635424,0,0.28211116790771484,0.005960702896118164
Flow IAT Std,DIS1,3,0,DT,0.4589547038327526,0.4409605013738247,0.5528932581020646,0.4409605013738247,0.4697898099703721,0.3959984494748794,0,0.2932744026184082,0.007847309112548828
Flow IAT Std,DIS1,4,0,DT,0.45881533101045296,0.4217920499781686,0.5433990364519714,0.4217920499781686,0.45772363457049486,0.39557065448208373,0,0.2993583679199219,0.005036354064941406
Flow IAT Std,DIS1,5,0,DT,0.455609756097561,0.417275508563184,0.5320132743622148,0.417275508563184,0.44959718044331193,0.3908256425266783,0,0.29509639739990234,0.005261898040771484
