Feature,Dataset,T,CV,ML,Acc,b_Acc,Prec,Rec,F1,kap,ROC,tra-T,test-T
Subflow Bwd Pkts,DIS2,1,0,DT,0.27191352812024994,0.19530653732080572,0.26080065483853776,0.19530653732080572,0.16872389468575685,0.18633366898782822,0,0.019875049591064453,0.005049943923950195
Subflow Bwd Pkts,DIS2,2,0,DT,0.2701120306254574,0.20996840472611242,0.2478381711530038,0.20996840472611242,0.1803216132976032,0.18565674040469426,0,0.017523527145385742,0.002361774444580078
Subflow Bwd Pkts,DIS2,3,0,DT,0.2759668974835332,0.2120605168568909,0.25573327670731005,0.2120605168568909,0.18445715575387828,0.1916421481236501,0,0.020273923873901367,0.0032761096954345703
Subflow Bwd Pkts,DIS2,4,0,DT,0.2790069245059956,0.2047282050666807,0.24695160532386318,0.2047282050666807,0.1757629968209045,0.19330836057151346,0,0.011115074157714844,0.008577346801757812
Subflow Bwd Pkts,DIS2,5,0,DT,0.28121833126900125,0.21478342021947922,0.2584088287238577,0.21478342021947922,0.1872916297799281,0.19676233602554227,0,0.018374204635620117,0.00684809684753418
