Feature,Dataset,T,CV,ML,Acc,b_Acc,Prec,Rec,F1,kap,ROC,tra-T,test-T
Fwd Pkts/s,DIS1,1,0,DT,0.5179430004877709,0.4921688546193234,0.5667069174836601,0.4687322424945937,0.49620033320666784,0.46223547722916203,0,0.28615474700927734,0.012444496154785156
Fwd Pkts/s,DIS1,2,0,DT,0.5250505191275869,0.4776717975376586,0.5686847621222769,0.4776717975376586,0.5060734081070403,0.47066289157878327,0,0.33978867530822754,0.005651235580444336
Fwd Pkts/s,DIS1,3,0,DT,0.5209756097560976,0.48566730848698947,0.5659807217797056,0.46254029379713274,0.4925085673960227,0.46689248861877375,0,0.32471656799316406,0.010132551193237305
Fwd Pkts/s,DIS1,4,0,DT,0.5194425087108014,0.47268444998522685,0.5643562883172399,0.47268444998522685,0.5000441111924034,0.4648504018883841,0,0.26444244384765625,0.009782791137695312
Fwd Pkts/s,DIS1,5,0,DT,0.5253658536585366,0.47634453997242543,0.5711606841990233,0.47634453997242543,0.5046019055079474,0.471971408076047,0,0.3244936466217041,0.004822492599487305
