Feature,Dataset,T,CV,ML,Acc,b_Acc,Prec,Rec,F1,kap,ROC,tra-T,test-T
SYN Flag Cnt,DIS2,1,0,DT,0.16010808984968755,0.07008901406491767,0.01658210770309629,0.07008901406491767,0.025782344555060163,0.05668142740610904,0,0.010045528411865234,0.0036118030548095703
SYN Flag Cnt,DIS2,2,0,DT,0.16168440015763103,0.0705223611276398,0.016866642986695258,0.0705223611276398,0.02609698464889241,0.058410076875669015,0,0.006473064422607422,0.003283977508544922
SYN Flag Cnt,DIS2,3,0,DT,0.16078365141023476,0.07076177277203012,0.01688041444229203,0.07076177277203012,0.026128362953307487,0.05802410596738905,0,0.005112648010253906,0.0034410953521728516
SYN Flag Cnt,DIS2,4,0,DT,0.16044587062996116,0.06943585120840248,0.016656241555299472,0.06943585120840248,0.02576397362357681,0.05572430888696067,0,0.006376504898071289,0.0021038055419921875
SYN Flag Cnt,DIS2,5,0,DT,0.16495890102465938,0.07131274089168482,0.017097330457183497,0.07131274089168482,0.02657272386191765,0.060233451058084864,0,0.00462031364440918,0.005238533020019531
