Feature,Dataset,T,CV,ML,Acc,b_Acc,Prec,Rec,F1,kap,ROC,tra-T,test-T
Bwd IAT Tot,DIS1,1,0,DT,0.4214340464079158,0.4137900874680036,0.48277407758995095,0.4137900874680036,0.43475541652598604,0.35652671369360467,0,0.2539026737213135,0.004605531692504883
Bwd IAT Tot,DIS1,2,0,DT,0.42296704062434676,0.41383943720007077,0.4807075384874518,0.41383943720007077,0.4339927614255605,0.35848216541845757,0,0.22963333129882812,0.005042076110839844
Bwd IAT Tot,DIS1,3,0,DT,0.4245993031358885,0.4468150632803513,0.47602760539201966,0.4255381555050966,0.43947723651373183,0.36107352505269796,0,0.22604036331176758,0.008858680725097656
Bwd IAT Tot,DIS1,4,0,DT,0.4239721254355401,0.4122144082065602,0.478225589736216,0.4122144082065602,0.4327527358336854,0.3585011980480416,0,0.2359762191772461,0.007141828536987305
Bwd IAT Tot,DIS1,5,0,DT,0.42292682926829267,0.4281706341856621,0.48115297558342396,0.4281706341856621,0.4431889265625977,0.35853751172320636,0,0.2505910396575928,0.00902557373046875
