Feature,Dataset,T,CV,ML,Acc,b_Acc,Prec,Rec,F1,kap,ROC,tra-T,test-T
Flow Duration,DIS2,1,0,DT,0.43483645780555086,0.3878970765227795,0.39481677385920555,0.3878970765227795,0.3905577538364189,0.38202981292021565,0,0.4330925941467285,0.015238523483276367
Flow Duration,DIS2,2,0,DT,0.4382705624049992,0.4013872599344864,0.4069971004145357,0.4013872599344864,0.40284934612875095,0.38475706585552916,0,0.4637293815612793,0.007966279983520508
Flow Duration,DIS2,3,0,DT,0.43331644429431965,0.3975080184134705,0.4002580043892934,0.3975080184134705,0.39812182789380807,0.3795202619428246,0,0.505347728729248,0.014448165893554688
Flow Duration,DIS2,4,0,DT,0.4315712435962394,0.39168037432472663,0.39597693877386436,0.39168037432472663,0.3929775165406979,0.37755956631521925,0,0.5696799755096436,0.012333869934082031
Flow Duration,DIS2,5,0,DT,0.4274856435086139,0.3836330268855767,0.3938381433139838,0.3836330268855767,0.38732869183351165,0.3733131983642559,0,0.5148911476135254,0.016505002975463867
