Feature,Dataset,T,CV,ML,Acc,b_Acc,Prec,Rec,F1,kap,ROC,tra-T,test-T
Fwd IAT Min,DIS2,1,0,DT,0.3563587231886506,0.2982998606984014,0.4599940442007391,0.2982998606984014,0.328625865133055,0.2860188481897157,0,0.16285967826843262,0.00674748420715332
Fwd IAT Min,DIS2,2,0,DT,0.35618983279851374,0.29659199570105893,0.45545345407066,0.29659199570105893,0.32489495868650614,0.2863667644013017,0,0.15768671035766602,0.006894588470458984
Fwd IAT Min,DIS2,3,0,DT,0.35658391037549964,0.29822656691478655,0.45056178776055245,0.29822656691478655,0.3276622080298542,0.2865347475184109,0,0.16266655921936035,0.007180929183959961
Fwd IAT Min,DIS2,4,0,DT,0.3660980690198728,0.30163179639674226,0.470646014220023,0.30163179639674226,0.33427173505424657,0.29575031397361795,0,0.1492161750793457,0.0067596435546875
Fwd IAT Min,DIS2,5,0,DT,0.35851818488908904,0.3017641130730063,0.4661403023595971,0.3017641130730063,0.33489067821194374,0.28695954770835974,0,0.15825605392456055,0.006742000579833984
