Feature,Dataset,T,CV,ML,Acc,b_Acc,Prec,Rec,F1,kap,ROC,tra-T,test-T
Fwd Seg Size Min,DIS2,1,0,DT,0.11034172155604346,0.047619047619047616,0.005254367693144927,0.047619047619047616,0.009464415487839916,0.0,0,0.0,0.0055294036865234375
Fwd Seg Size Min,DIS2,2,0,DT,0.10893430163823678,0.047619047619047616,0.005187347697058894,0.047619047619047616,0.00935555458857317,0.0,0,0.0,0.008055686950683594
Fwd Seg Size Min,DIS2,3,0,DT,0.11034172155604346,0.047619047619047616,0.005254367693144927,0.047619047619047616,0.009464415487839916,0.0,0,0.009558677673339844,0.003710508346557617
Fwd Seg Size Min,DIS2,4,0,DT,0.11000394077576986,0.047619047619047616,0.005238282894084279,0.047619047619047616,0.009438314048548871,0.0,0,0.0055141448974609375,0.00503230094909668
Fwd Seg Size Min,DIS2,5,0,DT,0.11231843260894044,0.047619047619047616,0.005348496790901926,0.047619047619047616,0.009616844662651211,0.0,0,0.008068323135375977,0.0
