Feature,Dataset,T,CV,ML,Acc,b_Acc,Prec,Rec,F1,kap,ROC,tra-T,test-T
Flow IAT Max,DIS2,1,0,DT,0.4865732139841243,0.4629344014194029,0.47282130163731473,0.4629344014194029,0.4663331050438379,0.4379396151441882,0,0.4074993133544922,0.013574600219726562
Flow IAT Max,DIS2,2,0,DT,0.4997466644147948,0.4731353725717672,0.4813982826691646,0.4731353725717672,0.4747277967752843,0.4517988929945368,0,0.4897186756134033,0.011396169662475586
Flow IAT Max,DIS2,3,0,DT,0.495580701458087,0.4690709930325987,0.4864278518596927,0.4690709930325987,0.47651756990248456,0.4478320411134288,0,0.5197930335998535,0.016653060913085938
Flow IAT Max,DIS2,4,0,DT,0.49214659685863876,0.4613902364207641,0.4814511273060558,0.4613902364207641,0.4697639254823996,0.44369981328292385,0,0.41005539894104004,0.00868535041809082
Flow IAT Max,DIS2,5,0,DT,0.5,0.4688634474516199,0.4871911754654178,0.4688634474516199,0.4763222473844798,0.4521946410865405,0,0.40532708168029785,0.013360738754272461
