Feature,Dataset,T,CV,ML,Acc,b_Acc,Prec,Rec,F1,kap,ROC,tra-T,test-T
Fwd Header Len,DIS1,1,0,DT,0.45857431537871923,0.37589141354385913,0.48766198471929706,0.37589141354385913,0.3847992102442697,0.3908306675444907,0,0.0200502872467041,0.004147768020629883
Fwd Header Len,DIS1,2,0,DT,0.4625461640303812,0.4234774656434927,0.5472282010955423,0.4234774656434927,0.4337591920566895,0.39328054690951275,0,0.01975250244140625,0.0052416324615478516
Fwd Header Len,DIS1,3,0,DT,0.4625087108013937,0.3845260633805072,0.5508360949158626,0.3845260633805072,0.406125781015873,0.3944431173528895,0,0.024919986724853516,0.00493931770324707
Fwd Header Len,DIS1,4,0,DT,0.4645296167247387,0.38099363079191567,0.48907694892626496,0.38099363079191567,0.39026296731724924,0.39666458526324677,0,0.02009439468383789,0.004706859588623047
