Feature,Dataset,T,CV,ML,Acc,b_Acc,Prec,Rec,F1,kap,ROC,tra-T,test-T
FIN Flag Cnt,DIS2,1,0,DT,0.16117772898722063,0.06847571499677867,0.03560823064499535,0.06847571499677867,0.03521408856423402,0.05555471281708535,0,0.013311624526977539,0.005107879638671875
FIN Flag Cnt,DIS2,2,0,DT,0.16022068344311208,0.0690531641408916,0.03418473357373561,0.0690531641408916,0.03494894895238695,0.057018498839459975,0,0.006652355194091797,0.00510096549987793
FIN Flag Cnt,DIS2,3,0,DT,0.16044587062996116,0.06908259795855953,0.033662351039699404,0.06908259795855953,0.0348461980202181,0.05620103940098409,0,0.008209705352783203,0.0
FIN Flag Cnt,DIS2,4,0,DT,0.16297922648201318,0.06931900943314215,0.034944803149965495,0.06931900943314215,0.035515740789317914,0.058224610664107446,0,0.005114555358886719,0.0053141117095947266
FIN Flag Cnt,DIS2,5,0,DT,0.16484630109221934,0.07012102881369955,0.03435816325446444,0.07012102881369955,0.035794952630893745,0.05941204386140586,0,0.008660078048706055,0.0013110637664794922
