Feature,Dataset,T,CV,ML,Acc,b_Acc,Prec,Rec,F1,kap,ROC,tra-T,test-T
Fwd Byts/b Avg,DIS1,1,0,DT,0.13831788725524355,0.047619047619047616,0.006586566059773502,0.047619047619047616,0.011572454642973743,0.0,0,0.0,0.004639148712158203
Fwd Byts/b Avg,DIS1,3,0,DT,0.14132404181184668,0.047619047619047616,0.006729716276754604,0.047619047619047616,0.011792823125098127,0.0,0,0.005076885223388672,0.0
Fwd Byts/b Avg,DIS1,4,0,DT,0.1335191637630662,0.047619047619047616,0.006358055417288866,0.047619047619047616,0.011218258359534642,0.0,0,0.005051136016845703,0.0056574344635009766
Fwd Byts/b Avg,DIS1,5,0,DT,0.13951219512195123,0.047619047619047616,0.006643437862950059,0.047619047619047616,0.011660143509458579,0.0,0,0.005574941635131836,0.0
