Feature,Dataset,T,CV,ML,Acc,b_Acc,Prec,Rec,F1,kap,ROC,tra-T,test-T
Active Max,DIS2,1,0,DT,0.23503912627371504,0.21546311074100358,0.4635637453259076,0.21546311074100358,0.24049805648340042,0.14482150202331034,0,0.08927631378173828,0.006532430648803711
Active Max,DIS2,2,0,DT,0.23295614479536114,0.209688947895564,0.4477201343901394,0.209688947895564,0.23030680037420975,0.14654880440830864,0,0.08799982070922852,0.0016694068908691406
Active Max,DIS2,3,0,DT,0.23430726791645556,0.21811663463255812,0.4755517328125953,0.21811663463255812,0.24137159964712443,0.1467430915281983,0,0.09012651443481445,0.0025260448455810547
Active Max,DIS2,4,0,DT,0.23864212126330012,0.20535979877030253,0.43463646499203384,0.20535979877030253,0.2260652815937002,0.14798238856970525,0,0.0925898551940918,0.0
Active Max,DIS2,5,0,DT,0.23961265623240627,0.2139352744008171,0.4504742231582592,0.2139352744008171,0.236011740368017,0.15245010117646285,0,0.09969305992126465,0.0
