Feature,Dataset,T,CV,ML,Acc,b_Acc,Prec,Rec,F1,kap,ROC,tra-T,test-T
Pkt Size Avg,DIS1,1,0,DT,0.6595359208417532,0.6797750376044256,0.8252396050644787,0.6797750376044256,0.7236436956806557,0.6221384909293954,0,0.09025382995605469,0.004769802093505859
Pkt Size Avg,DIS1,2,0,DT,0.6485262351055675,0.6376945338556359,0.7748851500604351,0.6376945338556359,0.6818809823888259,0.609739296008319,0,0.09494566917419434,0.0006551742553710938
Pkt Size Avg,DIS1,3,0,DT,0.6457839721254356,0.6341294664084032,0.7579020078693224,0.6341294664084032,0.6702318424759398,0.6059362946356892,0,0.08971071243286133,0.004992961883544922
Pkt Size Avg,DIS1,4,0,DT,0.655609756097561,0.6684942008201319,0.7854962617729802,0.6684942008201319,0.6979915685226765,0.6186124227888963,0,0.09973335266113281,0.00506591796875
Pkt Size Avg,DIS1,5,0,DT,0.6498257839721254,0.658751776398755,0.793635282491971,0.658751776398755,0.7008076562137514,0.6112289443477876,0,0.10502910614013672,0.0
