Feature,Dataset,T,CV,ML,Acc,b_Acc,Prec,Rec,F1,kap,ROC,tra-T,test-T
Fwd Pkts/b Avg,DIS1,2,0,DT,0.13685457459410494,0.047619047619047616,0.006516884504481187,0.047619047619047616,0.011464763655998715,0.0,0,0.006091594696044922,0.0034945011138916016
Fwd Pkts/b Avg,DIS1,3,0,DT,0.13770034843205575,0.047619047619047616,0.006557159449145512,0.047619047619047616,0.01152704129550877,0.0,0,0.009966611862182617,0.0
Fwd Pkts/b Avg,DIS1,4,0,DT,0.14041811846689894,0.047619047619047616,0.0066865770698523305,0.047619047619047616,0.011726536016178546,0.0,0,0.005000114440917969,0.0
Fwd Pkts/b Avg,DIS1,5,0,DT,0.13721254355400697,0.047619047619047616,0.006533930645428903,0.047619047619047616,0.011491133618714965,0.0,0,0.00498199462890625,0.0046427249908447266
