Feature,Dataset,T,CV,ML,Acc,b_Acc,Prec,Rec,F1,kap,ROC,tra-T,test-T
Idle Min,DIS2,1,0,DT,0.28289140347914205,0.26673393446249094,0.5322292021204715,0.26673393446249094,0.2964574724631663,0.20177498865264343,0,0.09841084480285645,0.0024971961975097656
Idle Min,DIS2,2,0,DT,0.2899285030681754,0.2741590299998785,0.5332936213765129,0.2741590299998785,0.30523291636463756,0.20823871053427534,0,0.0883476734161377,0.009842157363891602
Idle Min,DIS2,3,0,DT,0.28711366323256204,0.26211142119842085,0.5422887564686362,0.26211142119842085,0.29577341943129154,0.20482886813713408,0,0.09972262382507324,0.006483554840087891
Idle Min,DIS2,4,0,DT,0.2903788774418736,0.27917480578755804,0.5529346059159548,0.27917480578755804,0.3130570067801826,0.2082311183079002,0,0.09632325172424316,0.00617218017578125
Idle Min,DIS2,5,0,DT,0.28735502758698345,0.2709267872090872,0.5646505505452833,0.2709267872090872,0.3039828880473832,0.20411462572794314,0,0.09862136840820312,0.0
