Feature,Dataset,T,CV,ML,Acc,b_Acc,Prec,Rec,F1,kap,ROC,tra-T,test-T
Init Bwd Win Byts,DIS1,1,0,DT,0.5771026409309455,0.5653972991717454,0.7403429540068571,0.5653972991717454,0.5961430192568802,0.5231371393660456,0,0.029982566833496094,0.0
Init Bwd Win Byts,DIS1,2,0,DT,0.5747334680510069,0.5580316923067803,0.7623182021130331,0.5580316923067803,0.6020647934731391,0.5203067610558298,0,0.034995079040527344,0.00503849983215332
Init Bwd Win Byts,DIS1,3,0,DT,0.5740766550522648,0.5503351386060616,0.7536825201246117,0.5503351386060616,0.5952747564301244,0.5184161305074979,0,0.046225547790527344,0.0050182342529296875
Init Bwd Win Byts,DIS1,4,0,DT,0.5696864111498258,0.585311572862067,0.7615286118353009,0.585311572862067,0.6114991597133443,0.5157303626663883,0,0.03644967079162598,0.0
Init Bwd Win Byts,DIS1,5,0,DT,0.5823693379790941,0.5697970423371981,0.7623083237850865,0.5697970423371981,0.6103329352261516,0.5288938500643259,0,0.035954952239990234,0.004996061325073242
