Feature,Dataset,T,CV,ML,Acc,b_Acc,Prec,Rec,F1,kap,ROC,tra-T,test-T
Bwd Pkts/b Avg,DIS2,1,0,DT,0.11084839272645386,0.047619047619047616,0.005278494891735898,0.047619047619047616,0.00950353788383385,0.0,0,0.008407354354858398,0.0
Bwd Pkts/b Avg,DIS2,2,0,DT,0.1118054382705624,0.047619047619047616,0.0053240684890744,0.047619047619047616,0.00957733845474997,0.0,0,0.0010101795196533203,0.005330085754394531
Bwd Pkts/b Avg,DIS2,3,0,DT,0.10589427461577436,0.047619047619047616,0.005042584505513065,0.047619047619047616,0.009119469412688716,0.0,0,0.0042951107025146484,0.004606723785400391
Bwd Pkts/b Avg,DIS2,4,0,DT,0.11174914147385014,0.047619047619047616,0.005321387689230959,0.047619047619047616,0.009573000761981924,0.0,0,0.005143880844116211,0.004959821701049805
Bwd Pkts/b Avg,DIS2,5,0,DT,0.10995383402769958,0.047619047619047616,0.005235896858461884,0.047619047619047616,0.009434440781131119,0.0,0,0.0015418529510498047,0.0
