Feature,Dataset,T,CV,ML,Acc,b_Acc,Prec,Rec,F1,kap,ROC,tra-T,test-T
Pkt Len Max,DIS1,1,0,DT,0.6095045641418716,0.5699125863663428,0.8195262703420629,0.5699125863663428,0.6135734815978522,0.5658206270742299,0,0.04041004180908203,0.004739999771118164
Pkt Len Max,DIS1,2,0,DT,0.6119434185771027,0.5947365286314494,0.807392021044516,0.5947365286314494,0.6302344258707072,0.5679303968946369,0,0.03926277160644531,0.005156040191650391
Pkt Len Max,DIS1,3,0,DT,0.6181881533101046,0.5813364407007043,0.7602156650903318,0.5813364407007043,0.6224559149130694,0.5759444211592659,0,0.030609607696533203,0.007413148880004883
Pkt Len Max,DIS1,4,0,DT,0.6209059233449478,0.6097852268550101,0.8373573076358808,0.6097852268550101,0.64492688536822,0.5784218225463373,0,0.03432750701904297,0.005486965179443359
