Feature,Dataset,T,CV,ML,Acc,b_Acc,Prec,Rec,F1,kap,ROC,tra-T,test-T
icmpv6.code,DD21T,0,0,DT,0.04012432512090886,0.04779431095220569,0.0065754424547887595,0.04779431095220569,0.004004816099484003,0.00014466172994032078,0,0.01101827621459961,0.011825323104858398
icmpv6.code,DD21T,0,1,DT,0.04012432512090886,0.04779431095220569,0.0065754424547887595,0.04779431095220569,0.004004816099484003,0.00014466172994032078,0,0.009648561477661133,0.014064788818359375
icmpv6.code,DD21T,0,2,DT,0.04012432512090886,0.04779431095220569,0.0065754424547887595,0.04779431095220569,0.004004816099484003,0.00014466172994032078,0,0.007633686065673828,0.011245012283325195
icmpv6.code,DD21T,0,3,DT,0.04012432512090886,0.04779431095220569,0.0065754424547887595,0.04779431095220569,0.004004816099484003,0.00014466172994032078,0,0.010728120803833008,0.011734247207641602
icmpv6.code,DD21T,0,4,DT,0.04012432512090886,0.04779431095220569,0.0065754424547887595,0.04779431095220569,0.004004816099484003,0.00014466172994032078,0,0.011696577072143555,0.007692098617553711
