Feature,Dataset,T,CV,ML,Acc,b_Acc,Prec,Rec,F1,kap,ROC,tra-T,test-T
tcp.hdr_len,DD12T,0,0,DT,0.13124064226341062,0.13184085399681292,0.16288016195781935,0.13184085399681292,0.04430217880646391,0.08899627615880579,0,0.014404058456420898,0.01058197021484375
tcp.hdr_len,DD12T,0,1,DT,0.13124064226341062,0.13184085399681292,0.16288016195781935,0.13184085399681292,0.04430217880646391,0.08899627615880579,0,0.01881551742553711,0.016678333282470703
tcp.hdr_len,DD12T,0,2,DT,0.13124064226341062,0.13184085399681292,0.16288016195781935,0.13184085399681292,0.04430217880646391,0.08899627615880579,0,0.015586137771606445,0.010705947875976562
tcp.hdr_len,DD12T,0,3,DT,0.13124064226341062,0.13184085399681292,0.16288016195781935,0.13184085399681292,0.04430217880646391,0.08899627615880579,0,0.015143871307373047,0.011229515075683594
tcp.hdr_len,DD12T,0,4,DT,0.13124064226341062,0.13184085399681292,0.16288016195781935,0.13184085399681292,0.04430217880646391,0.08899627615880579,0,0.019308090209960938,0.011995553970336914
