Feature,Dataset,T,CV,ML,Acc,b_Acc,Prec,Rec,F1,kap,ROC,tra-T,test-T
eth.dst.lg,DD12,0,0,DT,0.06049382716049383,0.04722772414632502,0.0040085858757969335,0.04722772414632502,0.006791236421313637,-0.00044129439182105656,0,0.015745878219604492,0.0
eth.dst.lg,DD12,0,1,DT,0.06049382716049383,0.04722772414632502,0.0040085858757969335,0.04722772414632502,0.006791236421313637,-0.00044129439182105656,0,0.008545160293579102,0.015733003616333008
eth.dst.lg,DD12,0,2,DT,0.06049382716049383,0.04722772414632502,0.0040085858757969335,0.04722772414632502,0.006791236421313637,-0.00044129439182105656,0,0.0,0.018223047256469727
eth.dst.lg,DD12,0,3,DT,0.06049382716049383,0.04722772414632502,0.0040085858757969335,0.04722772414632502,0.006791236421313637,-0.00044129439182105656,0,0.002111673355102539,0.016731739044189453
eth.dst.lg,DD12,0,4,DT,0.06049382716049383,0.04722772414632502,0.0040085858757969335,0.04722772414632502,0.006791236421313637,-0.00044129439182105656,0,0.016217708587646484,0.015736818313598633
