Feature,Dataset,T,CV,ML,Acc,b_Acc,Prec,Rec,F1,kap,ROC,tra-T,test-T
tcp.options.sack.dsack_re,DD22,0,0,DT,0.060621102201858214,0.04847366657497777,0.06808042924902431,0.04847366657497777,0.00720151997293061,0.0011852214545143847,0,0.01572394371032715,0.0
tcp.options.sack.dsack_re,DD22,0,1,DT,0.060621102201858214,0.04847366657497777,0.06808042924902431,0.04847366657497777,0.00720151997293061,0.0011852214545143847,0,0.0,0.01562047004699707
tcp.options.sack.dsack_re,DD22,0,2,DT,0.060621102201858214,0.04847366657497777,0.06808042924902431,0.04847366657497777,0.00720151997293061,0.0011852214545143847,0,0.01573348045349121,0.0
tcp.options.sack.dsack_re,DD22,0,3,DT,0.060621102201858214,0.04847366657497777,0.06808042924902431,0.04847366657497777,0.00720151997293061,0.0011852214545143847,0,0.015731096267700195,0.01563096046447754
tcp.options.sack.dsack_re,DD22,0,4,DT,0.060621102201858214,0.04847366657497777,0.06808042924902431,0.04847366657497777,0.00720151997293061,0.0011852214545143847,0,0.01559591293334961,0.0
