Feature,Dataset,T,CV,ML,Acc,b_Acc,Prec,Rec,F1,kap,ROC,tra-T,test-T
tcp.analysis.window_update,DD22T,0,0,DT,0.06508312902750425,0.04958123953098827,0.04641244447171328,0.04958123953098827,0.009445332271638695,0.0018046483075230269,0,0.0,0.015577554702758789
tcp.analysis.window_update,DD22T,0,1,DT,0.06508312902750425,0.04958123953098827,0.04641244447171328,0.04958123953098827,0.009445332271638695,0.0018046483075230269,0,0.0,0.015628814697265625
tcp.analysis.window_update,DD22T,0,2,DT,0.06508312902750425,0.04958123953098827,0.04641244447171328,0.04958123953098827,0.009445332271638695,0.0018046483075230269,0,0.01562786102294922,0.0
tcp.analysis.window_update,DD22T,0,3,DT,0.06508312902750425,0.04958123953098827,0.04641244447171328,0.04958123953098827,0.009445332271638695,0.0018046483075230269,0,0.015625476837158203,0.0
tcp.analysis.window_update,DD22T,0,4,DT,0.06508312902750425,0.04958123953098827,0.04641244447171328,0.04958123953098827,0.009445332271638695,0.0018046483075230269,0,0.0156710147857666,0.01562666893005371
