Feature,Dataset,T,CV,ML,Acc,b_Acc,Prec,Rec,F1,kap,ROC,tra-T,test-T
dns.count.answers,DD12,0,0,DT,0.060990199821814944,0.052173681310357975,0.06821518895623535,0.052173681310357975,0.010162079358802426,0.0034388296843453903,0,0.009652853012084961,0.009876251220703125
dns.count.answers,DD12,0,1,DT,0.060990199821814944,0.052173681310357975,0.06821518895623535,0.052173681310357975,0.010162079358802426,0.0034388296843453903,0,0.012291669845581055,0.011903524398803711
dns.count.answers,DD12,0,2,DT,0.060990199821814944,0.052173681310357975,0.06821518895623535,0.052173681310357975,0.010162079358802426,0.0034388296843453903,0,0.01562643051147461,0.002544403076171875
dns.count.answers,DD12,0,3,DT,0.060990199821814944,0.052173681310357975,0.06821518895623535,0.052173681310357975,0.010162079358802426,0.0034388296843453903,0,0.01575946807861328,0.0
dns.count.answers,DD12,0,4,DT,0.060990199821814944,0.052173681310357975,0.06821518895623535,0.052173681310357975,0.010162079358802426,0.0034388296843453903,0,0.009101629257202148,0.015207052230834961
