Feature,Dataset,T,CV,ML,Acc,b_Acc,Prec,Rec,F1,kap,ROC,tra-T,test-T
ipv6.opt,DD12T,0,0,DT,0.06272910320615416,0.047619047619047616,0.0029876400225732802,0.047619047619047616,0.005622520624585686,5.086361288486607e-06,0,0.0,0.017013072967529297
ipv6.opt,DD12T,0,1,DT,0.06272910320615416,0.047619047619047616,0.0029876400225732802,0.047619047619047616,0.005622520624585686,5.086361288486607e-06,0,0.01572275161743164,0.015622615814208984
ipv6.opt,DD12T,0,2,DT,0.06272910320615416,0.047619047619047616,0.0029876400225732802,0.047619047619047616,0.005622520624585686,5.086361288486607e-06,0,0.0,0.014115571975708008
ipv6.opt,DD12T,0,3,DT,0.06272910320615416,0.047619047619047616,0.0029876400225732802,0.047619047619047616,0.005622520624585686,5.086361288486607e-06,0,0.0,0.023222684860229492
ipv6.opt,DD12T,0,4,DT,0.06272910320615416,0.047619047619047616,0.0029876400225732802,0.047619047619047616,0.005622520624585686,5.086361288486607e-06,0,0.01460409164428711,0.001580953598022461
