Feature,Dataset,T,CV,ML,Acc,b_Acc,Prec,Rec,F1,kap,ROC,tra-T,test-T
dhcp.option.dhcp,DD21,0,0,DT,0.07834459890320113,0.0667631930714729,0.048449293760351404,0.0667631930714729,0.03261238407016005,0.020125853516991254,0,0.0,0.01561880111694336
dhcp.option.dhcp,DD21,0,1,DT,0.07834459890320113,0.0667631930714729,0.048449293760351404,0.0667631930714729,0.03261238407016005,0.020125853516991254,0,0.015620231628417969,0.0
dhcp.option.dhcp,DD21,0,2,DT,0.07834459890320113,0.0667631930714729,0.048449293760351404,0.0667631930714729,0.03261238407016005,0.020125853516991254,0,0.006616353988647461,0.009618043899536133
dhcp.option.dhcp,DD21,0,3,DT,0.07834459890320113,0.0667631930714729,0.048449293760351404,0.0667631930714729,0.03261238407016005,0.020125853516991254,0,0.0,0.01563286781311035
dhcp.option.dhcp,DD21,0,4,DT,0.07834459890320113,0.0667631930714729,0.048449293760351404,0.0667631930714729,0.03261238407016005,0.020125853516991254,0,0.0,0.01563429832458496
