Feature,Dataset,T,CV,ML,Acc,b_Acc,Prec,Rec,F1,kap,ROC,tra-T,test-T
dns.count.queries,DD22T,0,0,DT,0.07183526921479576,0.0549293255199424,0.10880183221611951,0.0549293255199424,0.01839091770516237,0.009011241123775715,0,0.015622615814208984,0.01563096046447754
dns.count.queries,DD22T,0,1,DT,0.07183526921479576,0.0549293255199424,0.10880183221611951,0.0549293255199424,0.01839091770516237,0.009011241123775715,0,0.022219419479370117,0.009607553482055664
dns.count.queries,DD22T,0,2,DT,0.07183526921479576,0.0549293255199424,0.10880183221611951,0.0549293255199424,0.01839091770516237,0.009011241123775715,0,0.01573777198791504,0.01563549041748047
dns.count.queries,DD22T,0,3,DT,0.07183526921479576,0.0549293255199424,0.10880183221611951,0.0549293255199424,0.01839091770516237,0.009011241123775715,0,0.0,0.015620708465576172
dns.count.queries,DD22T,0,4,DT,0.07183526921479576,0.0549293255199424,0.10880183221611951,0.0549293255199424,0.01839091770516237,0.009011241123775715,0,0.01561284065246582,0.015730619430541992
