Feature,Dataset,T,CV,ML,Acc,b_Acc,Prec,Rec,F1,kap,ROC,tra-T,test-T
arp.proto.type,DD12,0,0,DT,0.0595010818378516,0.047619047619047616,0.0028333848494215045,0.047619047619047616,0.005348526581033038,0.0,0,0.010113239288330078,0.010466814041137695
arp.proto.type,DD12,0,1,DT,0.0595010818378516,0.047619047619047616,0.0028333848494215045,0.047619047619047616,0.005348526581033038,0.0,0,0.010061264038085938,0.005209922790527344
arp.proto.type,DD12,0,2,DT,0.0595010818378516,0.047619047619047616,0.0028333848494215045,0.047619047619047616,0.005348526581033038,0.0,0,0.017804861068725586,0.025876998901367188
arp.proto.type,DD12,0,3,DT,0.0595010818378516,0.047619047619047616,0.0028333848494215045,0.047619047619047616,0.005348526581033038,0.0,0,0.010501384735107422,0.014802217483520508
arp.proto.type,DD12,0,4,DT,0.0595010818378516,0.047619047619047616,0.0028333848494215045,0.047619047619047616,0.005348526581033038,0.0,0,0.01097416877746582,0.013710498809814453
