Feature,Dataset,T,CV,ML,Acc,b_Acc,Prec,Rec,F1,kap,ROC,tra-T,test-T
tcp.analysis.retransmission,DD12T,0,0,DT,0.06516856833083794,0.05361783613732732,0.015998441211682028,0.05361783613732732,0.013786439608172753,0.004677249245533144,0,0.014929771423339844,0.005296468734741211
tcp.analysis.retransmission,DD12T,0,1,DT,0.06516856833083794,0.05361783613732732,0.015998441211682028,0.05361783613732732,0.013786439608172753,0.004677249245533144,0,0.010256052017211914,0.004883289337158203
tcp.analysis.retransmission,DD12T,0,2,DT,0.06516856833083794,0.05361783613732732,0.015998441211682028,0.05361783613732732,0.013786439608172753,0.004677249245533144,0,0.0091094970703125,0.010017156600952148
tcp.analysis.retransmission,DD12T,0,3,DT,0.06516856833083794,0.05361783613732732,0.015998441211682028,0.05361783613732732,0.013786439608172753,0.004677249245533144,0,0.006387472152709961,0.01002812385559082
tcp.analysis.retransmission,DD12T,0,4,DT,0.06516856833083794,0.05361783613732732,0.015998441211682028,0.05361783613732732,0.013786439608172753,0.004677249245533144,0,0.009279489517211914,0.010284423828125
