Feature,Dataset,T,CV,ML,Acc,b_Acc,Prec,Rec,F1,kap,ROC,tra-T,test-T
dns.flags.z,DD22,0,0,DT,0.05807560137457045,0.046635080342894444,0.0045500484173362655,0.046635080342894444,0.006370219546388946,-0.0013047687916283301,0,0.015636205673217773,0.0
dns.flags.z,DD22,0,1,DT,0.05807560137457045,0.046635080342894444,0.0045500484173362655,0.046635080342894444,0.006370219546388946,-0.0013047687916283301,0,0.005101680755615234,0.01110219955444336
dns.flags.z,DD22,0,2,DT,0.05807560137457045,0.046635080342894444,0.0045500484173362655,0.046635080342894444,0.006370219546388946,-0.0013047687916283301,0,0.017139196395874023,0.014606714248657227
dns.flags.z,DD22,0,3,DT,0.05807560137457045,0.046635080342894444,0.0045500484173362655,0.046635080342894444,0.006370219546388946,-0.0013047687916283301,0,0.0,0.015629053115844727
dns.flags.z,DD22,0,4,DT,0.05807560137457045,0.046635080342894444,0.0045500484173362655,0.046635080342894444,0.006370219546388946,-0.0013047687916283301,0,0.015629291534423828,0.0
