Feature,Dataset,T,CV,ML,Acc,b_Acc,Prec,Rec,F1,kap,ROC,tra-T,test-T
dns.flags.rcode,DD22T,0,0,DT,0.07352330426161864,0.05484248493918115,0.026971554431358964,0.05484248493918115,0.016883269007728345,0.010706132752295705,0,0.015622138977050781,0.015627622604370117
dns.flags.rcode,DD22T,0,1,DT,0.07352330426161864,0.05484248493918115,0.026971554431358964,0.05484248493918115,0.016883269007728345,0.010706132752295705,0,0.01874685287475586,0.0
dns.flags.rcode,DD22T,0,2,DT,0.07352330426161864,0.05484248493918115,0.026971554431358964,0.05484248493918115,0.016883269007728345,0.010706132752295705,0,0.0,0.01573944091796875
dns.flags.rcode,DD22T,0,3,DT,0.07352330426161864,0.05484248493918115,0.026971554431358964,0.05484248493918115,0.016883269007728345,0.010706132752295705,0,0.0,0.01563239097595215
dns.flags.rcode,DD22T,0,4,DT,0.07352330426161864,0.05484248493918115,0.026971554431358964,0.05484248493918115,0.016883269007728345,0.010706132752295705,0,0.01616072654724121,0.0
