Feature,Dataset,T,CV,ML,Acc,b_Acc,Prec,Rec,F1,kap,ROC,tra-T,test-T
dns.flags.recdesired,DD11T,0,0,DT,0.06744023955805668,0.05427805347869865,0.014326211513797357,0.05427805347869865,0.01394979395401643,0.0073757357114602184,0,0.015759706497192383,0.015555381774902344
dns.flags.recdesired,DD11T,0,1,DT,0.06744023955805668,0.05427805347869865,0.014326211513797357,0.05427805347869865,0.01394979395401643,0.0073757357114602184,0,0.015640974044799805,0.0
dns.flags.recdesired,DD11T,0,2,DT,0.06744023955805668,0.05427805347869865,0.014326211513797357,0.05427805347869865,0.01394979395401643,0.0073757357114602184,0,0.006543159484863281,0.015685081481933594
dns.flags.recdesired,DD11T,0,3,DT,0.06744023955805668,0.05427805347869865,0.014326211513797357,0.05427805347869865,0.01394979395401643,0.0073757357114602184,0,0.014065265655517578,0.0
dns.flags.recdesired,DD11T,0,4,DT,0.06744023955805668,0.05427805347869865,0.014326211513797357,0.05427805347869865,0.01394979395401643,0.0073757357114602184,0,0.015625476837158203,0.0
