Feature,Dataset,T,CV,ML,Acc,b_Acc,Prec,Rec,F1,kap,ROC,tra-T,test-T
dns.id,DD22,0,0,DT,0.05855924653175512,0.04780251996923,0.028644522306344542,0.04780251996923,0.00871940509505413,-0.0006005044771053569,0,0.0206606388092041,0.0
dns.id,DD22,0,1,DT,0.05855924653175512,0.04780251996923,0.028644522306344542,0.04780251996923,0.00871940509505413,-0.0006005044771053569,0,0.015619039535522461,0.01612567901611328
dns.id,DD22,0,2,DT,0.05855924653175512,0.04780251996923,0.028644522306344542,0.04780251996923,0.00871940509505413,-0.0006005044771053569,0,0.015626192092895508,0.015622615814208984
dns.id,DD22,0,3,DT,0.05855924653175512,0.04780251996923,0.028644522306344542,0.04780251996923,0.00871940509505413,-0.0006005044771053569,0,0.015621423721313477,0.015629053115844727
dns.id,DD22,0,4,DT,0.05855924653175512,0.04780251996923,0.028644522306344542,0.04780251996923,0.00871940509505413,-0.0006005044771053569,0,0.015609264373779297,0.01573777198791504
