Feature,Dataset,T,CV,ML,Acc,b_Acc,Prec,Rec,F1,kap,ROC,tra-T,test-T
ip.len,DD12T,0,0,DT,0.4721849346894522,0.4729226200019286,0.5955709118031858,0.4729226200019286,0.47602869746421644,0.4435009065487452,0,0.050208091735839844,0.020017147064208984
ip.len,DD12T,0,1,DT,0.4721849346894522,0.4729226200019286,0.5955709118031858,0.4729226200019286,0.47602869746421644,0.4435009065487452,0,0.05025529861450195,0.015029191970825195
ip.len,DD12T,0,2,DT,0.4721849346894522,0.4729226200019286,0.5955709118031858,0.4729226200019286,0.47602869746421644,0.4435009065487452,0,0.04521036148071289,0.017788410186767578
ip.len,DD12T,0,3,DT,0.4721849346894522,0.4729226200019286,0.5955709118031858,0.4729226200019286,0.47602869746421644,0.4435009065487452,0,0.04728341102600098,0.012366533279418945
ip.len,DD12T,0,4,DT,0.4721849346894522,0.4729226200019286,0.5955709118031858,0.4729226200019286,0.47602869746421644,0.4435009065487452,0,0.061501264572143555,0.013671159744262695
