Feature,Dataset,T,CV,ML,Acc,b_Acc,Prec,Rec,F1,kap,ROC,tra-T,test-T
stun.type.class,DD11T,0,0,DT,0.02926067427332335,0.048461772911849214,0.05447268519897192,0.048461772911849214,0.00424195810129991,0.0009283393595057587,0,0.01562643051147461,0.016211271286010742
stun.type.class,DD11T,0,1,DT,0.02926067427332335,0.048461772911849214,0.05447268519897192,0.048461772911849214,0.00424195810129991,0.0009283393595057587,0,0.015622854232788086,0.011102437973022461
stun.type.class,DD11T,0,2,DT,0.02926067427332335,0.048461772911849214,0.05447268519897192,0.048461772911849214,0.00424195810129991,0.0009283393595057587,0,0.015613079071044922,0.0
stun.type.class,DD11T,0,3,DT,0.02926067427332335,0.048461772911849214,0.05447268519897192,0.048461772911849214,0.00424195810129991,0.0009283393595057587,0,0.015732765197753906,0.0
stun.type.class,DD11T,0,4,DT,0.02926067427332335,0.048461772911849214,0.05447268519897192,0.048461772911849214,0.00424195810129991,0.0009283393595057587,0,0.015625476837158203,0.0
