Feature,Dataset,T,CV,ML,Acc,b_Acc,Prec,Rec,F1,kap,ROC,tra-T,test-T
srcport,DD11,0,0,DT,0.14239255197041192,0.1259974926058838,0.31130955916802056,0.1259974926058838,0.11634322147215592,0.08918500945000785,0,0.03125762939453125,0.015619039535522461
srcport,DD11,0,1,DT,0.14239255197041192,0.1259974926058838,0.31130955916802056,0.1259974926058838,0.11634322147215592,0.08918500945000785,0,0.015608787536621094,0.015627384185791016
srcport,DD11,0,2,DT,0.14239255197041192,0.1259974926058838,0.31130955916802056,0.1259974926058838,0.11634322147215592,0.08918500945000785,0,0.03198695182800293,0.015630483627319336
srcport,DD11,0,3,DT,0.14239255197041192,0.1259974926058838,0.31130955916802056,0.1259974926058838,0.11634322147215592,0.08918500945000785,0,0.03184843063354492,0.015742778778076172
srcport,DD11,0,4,DT,0.14239255197041192,0.1259974926058838,0.31130955916802056,0.1259974926058838,0.11634322147215592,0.08918500945000785,0,0.031156539916992188,0.0157315731048584
