Feature,Dataset,T,CV,ML,Acc,b_Acc,Prec,Rec,F1,kap,ROC,tra-T,test-T
dns.extraneous.length,DD21T,0,0,DT,0.039990354085446725,0.047619047619047616,0.0019043025754974631,0.047619047619047616,0.003662154303675404,0.0,0,0.0072629451751708984,0.012204647064208984
dns.extraneous.length,DD21T,0,1,DT,0.039990354085446725,0.047619047619047616,0.0019043025754974631,0.047619047619047616,0.003662154303675404,0.0,0,0.008437156677246094,0.012055635452270508
dns.extraneous.length,DD21T,0,2,DT,0.039990354085446725,0.047619047619047616,0.0019043025754974631,0.047619047619047616,0.003662154303675404,0.0,0,0.008922100067138672,0.010731697082519531
dns.extraneous.length,DD21T,0,3,DT,0.039990354085446725,0.047619047619047616,0.0019043025754974631,0.047619047619047616,0.003662154303675404,0.0,0,0.008543252944946289,0.012969017028808594
dns.extraneous.length,DD21T,0,4,DT,0.039990354085446725,0.047619047619047616,0.0019043025754974631,0.047619047619047616,0.003662154303675404,0.0,0,0.008991003036499023,0.008105039596557617
