Feature,Dataset,T,CV,ML,Acc,b_Acc,Prec,Rec,F1,kap,ROC,tra-T,test-T
icmpv6.checksum,DD22,0,0,DT,0.0628102329133257,0.054031291556755894,0.04052459620773182,0.054031291556755894,0.012775512725866776,0.004419963799730864,0,0.015625715255737305,0.015636444091796875
icmpv6.checksum,DD22,0,1,DT,0.0628102329133257,0.054031291556755894,0.04052459620773182,0.054031291556755894,0.012775512725866776,0.004419963799730864,0,0.016216039657592773,0.015741348266601562
icmpv6.checksum,DD22,0,2,DT,0.0628102329133257,0.054031291556755894,0.04052459620773182,0.054031291556755894,0.012775512725866776,0.004419963799730864,0,0.015622854232788086,0.015028238296508789
icmpv6.checksum,DD22,0,3,DT,0.0628102329133257,0.054031291556755894,0.04052459620773182,0.054031291556755894,0.012775512725866776,0.004419963799730864,0,0.0,0.015622854232788086
icmpv6.checksum,DD22,0,4,DT,0.0628102329133257,0.054031291556755894,0.04052459620773182,0.054031291556755894,0.012775512725866776,0.004419963799730864,0,0.015709638595581055,0.01562786102294922
