Feature,Dataset,T,CV,ML,Acc,b_Acc,Prec,Rec,F1,kap,ROC,tra-T,test-T
dhcp.option.rebinding_time_value,DD11T,0,0,DT,0.028266818111415147,0.047628628916355276,0.048964489312988836,0.047628628916355276,0.0026361022835745943,1.2805736353205255e-05,0,0.01648855209350586,0.015135049819946289
dhcp.option.rebinding_time_value,DD11T,0,1,DT,0.028266818111415147,0.047628628916355276,0.048964489312988836,0.047628628916355276,0.0026361022835745943,1.2805736353205255e-05,0,0.0,0.01564502716064453
dhcp.option.rebinding_time_value,DD11T,0,2,DT,0.028266818111415147,0.047628628916355276,0.048964489312988836,0.047628628916355276,0.0026361022835745943,1.2805736353205255e-05,0,0.010545492172241211,0.0
dhcp.option.rebinding_time_value,DD11T,0,3,DT,0.028266818111415147,0.047628628916355276,0.048964489312988836,0.047628628916355276,0.0026361022835745943,1.2805736353205255e-05,0,0.017444849014282227,0.0
dhcp.option.rebinding_time_value,DD11T,0,4,DT,0.028266818111415147,0.047628628916355276,0.048964489312988836,0.047628628916355276,0.0026361022835745943,1.2805736353205255e-05,0,0.016729354858398438,0.0
