Feature,Dataset,T,CV,ML,Acc,b_Acc,Prec,Rec,F1,kap,ROC,tra-T,test-T
stun.type.method-assignment,DD22T,0,0,DT,0.06430609702182388,0.04848825236356829,0.011853341754273213,0.04848825236356829,0.007288740293694491,0.0010086832624570663,0,0.0,0.015625953674316406
stun.type.method-assignment,DD22T,0,1,DT,0.06430609702182388,0.04848825236356829,0.011853341754273213,0.04848825236356829,0.007288740293694491,0.0010086832624570663,0,0.01562190055847168,0.0
stun.type.method-assignment,DD22T,0,2,DT,0.06430609702182388,0.04848825236356829,0.011853341754273213,0.04848825236356829,0.007288740293694491,0.0010086832624570663,0,0.015733003616333008,0.0
stun.type.method-assignment,DD22T,0,3,DT,0.06430609702182388,0.04848825236356829,0.011853341754273213,0.04848825236356829,0.007288740293694491,0.0010086832624570663,0,0.015625715255737305,0.0
stun.type.method-assignment,DD22T,0,4,DT,0.06430609702182388,0.04848825236356829,0.011853341754273213,0.04848825236356829,0.007288740293694491,0.0010086832624570663,0,0.0,0.015620946884155273
