Feature,Dataset,T,CV,ML,Acc,b_Acc,Prec,Rec,F1,kap,ROC,tra-T,test-T
dhcp.type,DD22,0,0,DT,0.0784396079928726,0.06638418079096045,0.048722818900683196,0.06638418079096045,0.03207775049186534,0.02037118910590696,0,0.017744064331054688,0.0
dhcp.type,DD22,0,1,DT,0.0784396079928726,0.06638418079096045,0.048722818900683196,0.06638418079096045,0.03207775049186534,0.02037118910590696,0,0.015626907348632812,0.0
dhcp.type,DD22,0,2,DT,0.0784396079928726,0.06638418079096045,0.048722818900683196,0.06638418079096045,0.03207775049186534,0.02037118910590696,0,0.0,0.015622377395629883
dhcp.type,DD22,0,3,DT,0.0784396079928726,0.06638418079096045,0.048722818900683196,0.06638418079096045,0.03207775049186534,0.02037118910590696,0,0.0,0.015737533569335938
dhcp.type,DD22,0,4,DT,0.0784396079928726,0.06638418079096045,0.048722818900683196,0.06638418079096045,0.03207775049186534,0.02037118910590696,0,0.015626192092895508,0.01562356948852539
