Feature,Dataset,T,CV,ML,Acc,b_Acc,Prec,Rec,F1,kap,ROC,tra-T,test-T
tls.handshake.session_ticket_lifetime_hint,DD12,0,0,DT,0.0595010818378516,0.047619047619047616,0.0028333848494215045,0.047619047619047616,0.005348526581033038,0.0,0,0.009378194808959961,0.010521173477172852
tls.handshake.session_ticket_lifetime_hint,DD12,0,1,DT,0.0595010818378516,0.047619047619047616,0.0028333848494215045,0.047619047619047616,0.005348526581033038,0.0,0,0.0051267147064208984,0.010052204132080078
tls.handshake.session_ticket_lifetime_hint,DD12,0,2,DT,0.0595010818378516,0.047619047619047616,0.0028333848494215045,0.047619047619047616,0.005348526581033038,0.0,0,0.009783267974853516,0.010205268859863281
tls.handshake.session_ticket_lifetime_hint,DD12,0,3,DT,0.0595010818378516,0.047619047619047616,0.0028333848494215045,0.047619047619047616,0.005348526581033038,0.0,0,0.00988459587097168,0.01473379135131836
tls.handshake.session_ticket_lifetime_hint,DD12,0,4,DT,0.0595010818378516,0.047619047619047616,0.0028333848494215045,0.047619047619047616,0.005348526581033038,0.0,0,0.010086536407470703,0.00981760025024414
