Feature,Dataset,T,CV,ML,Acc,b_Acc,Prec,Rec,F1,kap,ROC,tra-T,test-T
eth.addr.oui,DD22,0,0,DT,0.19599083619702176,0.15736388881288627,0.10744614211182368,0.15736388881288627,0.10352671185094924,0.14428936989549246,0,0.015625,0.018242835998535156
eth.addr.oui,DD22,0,1,DT,0.19599083619702176,0.15736388881288627,0.10744614211182368,0.15736388881288627,0.10352671185094924,0.14428936989549246,0,0.02184915542602539,0.01010584831237793
eth.addr.oui,DD22,0,2,DT,0.19599083619702176,0.15736388881288627,0.10744614211182368,0.15736388881288627,0.10352671185094924,0.14428936989549246,0,0.015617609024047852,0.016217470169067383
eth.addr.oui,DD22,0,3,DT,0.19599083619702176,0.15736388881288627,0.10744614211182368,0.15736388881288627,0.10352671185094924,0.14428936989549246,0,0.01572871208190918,0.015639066696166992
eth.addr.oui,DD22,0,4,DT,0.19599083619702176,0.15736388881288627,0.10744614211182368,0.15736388881288627,0.10352671185094924,0.14428936989549246,0,0.015611410140991211,0.0
