Feature,Dataset,T,CV,ML,Acc,b_Acc,Prec,Rec,F1,kap,ROC,tra-T,test-T
tls.handshake.extensions_server_name_len,DD11T,0,0,DT,0.02963498373689917,0.04834532621657967,0.12436447181336804,0.04834532621657967,0.006386159602902783,0.0013184547078554099,0,0.01563239097595215,0.015628814697265625
tls.handshake.extensions_server_name_len,DD11T,0,1,DT,0.02963498373689917,0.04834532621657967,0.12436447181336804,0.04834532621657967,0.006386159602902783,0.0013184547078554099,0,0.01563239097595215,0.004613161087036133
tls.handshake.extensions_server_name_len,DD11T,0,2,DT,0.02963498373689917,0.04834532621657967,0.12436447181336804,0.04834532621657967,0.006386159602902783,0.0013184547078554099,0,0.015611886978149414,0.01625514030456543
tls.handshake.extensions_server_name_len,DD11T,0,3,DT,0.02963498373689917,0.04834532621657967,0.12436447181336804,0.04834532621657967,0.006386159602902783,0.0013184547078554099,0,0.015735149383544922,0.0
tls.handshake.extensions_server_name_len,DD11T,0,4,DT,0.02963498373689917,0.04834532621657967,0.12436447181336804,0.04834532621657967,0.006386159602902783,0.0013184547078554099,0,0.015624284744262695,0.015633821487426758
