Feature,Dataset,T,CV,ML,Acc,b_Acc,Prec,Rec,F1,kap,ROC,tra-T,test-T
eth.dst.lg,DD12T,0,0,DT,0.062045020393412156,0.04871820887445888,0.0036435030418295678,0.04871820887445888,0.006637651451327598,0.0033360826330477433,0,0.01121664047241211,0.0072176456451416016
eth.dst.lg,DD12T,0,1,DT,0.062045020393412156,0.04871820887445888,0.0036435030418295678,0.04871820887445888,0.006637651451327598,0.0033360826330477433,0,0.011566400527954102,0.006933450698852539
eth.dst.lg,DD12T,0,2,DT,0.062045020393412156,0.04871820887445888,0.0036435030418295678,0.04871820887445888,0.006637651451327598,0.0033360826330477433,0,0.008509635925292969,0.006987094879150391
eth.dst.lg,DD12T,0,3,DT,0.062045020393412156,0.04871820887445888,0.0036435030418295678,0.04871820887445888,0.006637651451327598,0.0033360826330477433,0,0.010050773620605469,0.01026153564453125
eth.dst.lg,DD12T,0,4,DT,0.062045020393412156,0.04871820887445888,0.0036435030418295678,0.04871820887445888,0.006637651451327598,0.0033360826330477433,0,0.014942646026611328,0.011595726013183594
