Feature,Dataset,T,CV,ML,Acc,b_Acc,Prec,Rec,F1,kap,ROC,tra-T,test-T
http.content_length,DD22,0,0,DT,0.062466590301641846,0.05003470536198564,0.140607544601544,0.05003470536198564,0.01061167155704699,0.0031487216068526447,0,0.015627384185791016,0.0
http.content_length,DD22,0,1,DT,0.062466590301641846,0.05003470536198564,0.140607544601544,0.05003470536198564,0.01061167155704699,0.0031487216068526447,0,0.011638879776000977,0.0
http.content_length,DD22,0,2,DT,0.062466590301641846,0.05003470536198564,0.140607544601544,0.05003470536198564,0.01061167155704699,0.0031487216068526447,0,0.015624046325683594,0.0
http.content_length,DD22,0,3,DT,0.062466590301641846,0.05003470536198564,0.140607544601544,0.05003470536198564,0.01061167155704699,0.0031487216068526447,0,0.015625953674316406,0.0065534114837646484
http.content_length,DD22,0,4,DT,0.062466590301641846,0.05003470536198564,0.140607544601544,0.05003470536198564,0.01061167155704699,0.0031487216068526447,0,0.0,0.015636920928955078
