Feature,Dataset,T,CV,ML,Acc,b_Acc,Prec,Rec,F1,kap,ROC,tra-T,test-T
tcp.flags.syn,DD22T,0,0,DT,0.08935868065324278,0.08544388004872838,0.01913297584595049,0.08544388004872838,0.020644837901791127,0.042408368819242925,0,0.015738248825073242,0.015623331069946289
tcp.flags.syn,DD22T,0,1,DT,0.08935868065324278,0.08544388004872838,0.01913297584595049,0.08544388004872838,0.020644837901791127,0.042408368819242925,0,0.0,0.015627145767211914
tcp.flags.syn,DD22T,0,2,DT,0.08935868065324278,0.08544388004872838,0.01913297584595049,0.08544388004872838,0.020644837901791127,0.042408368819242925,0,0.015635967254638672,0.015618324279785156
tcp.flags.syn,DD22T,0,3,DT,0.08935868065324278,0.08544388004872838,0.01913297584595049,0.08544388004872838,0.020644837901791127,0.042408368819242925,0,0.01621413230895996,0.0
tcp.flags.syn,DD22T,0,4,DT,0.08935868065324278,0.08544388004872838,0.01913297584595049,0.08544388004872838,0.020644837901791127,0.042408368819242925,0,0.0,0.015625476837158203
