Feature,Dataset,T,CV,ML,Acc,b_Acc,Prec,Rec,F1,kap,ROC,tra-T,test-T
ip.opt.type.number,DD11,0,0,DT,0.06798877694171662,0.05549065536583368,0.030626001812808563,0.05549065536583368,0.019625095387370006,0.009661765815202839,0,0.01562190055847168,0.015757322311401367
ip.opt.type.number,DD11,0,1,DT,0.06798877694171662,0.05549065536583368,0.030626001812808563,0.05549065536583368,0.019625095387370006,0.009661765815202839,0,0.015623092651367188,0.0
ip.opt.type.number,DD11,0,2,DT,0.06798877694171662,0.05549065536583368,0.030626001812808563,0.05549065536583368,0.019625095387370006,0.009661765815202839,0,0.019759654998779297,0.011652708053588867
ip.opt.type.number,DD11,0,3,DT,0.06798877694171662,0.05549065536583368,0.030626001812808563,0.05549065536583368,0.019625095387370006,0.009661765815202839,0,0.01562666893005371,0.01568317413330078
ip.opt.type.number,DD11,0,4,DT,0.06798877694171662,0.05549065536583368,0.030626001812808563,0.05549065536583368,0.019625095387370006,0.009661765815202839,0,0.018736839294433594,0.013051509857177734
