Feature,Dataset,T,CV,ML,Acc,b_Acc,Prec,Rec,F1,kap,ROC,tra-T,test-T
http.request,DD22T,0,0,DT,0.06545824792679823,0.049091902225863716,0.015190951696704489,0.049091902225863716,0.00835090067500259,0.0021433402373989274,0,0.015622138977050781,0.015738487243652344
http.request,DD22T,0,1,DT,0.06545824792679823,0.049091902225863716,0.015190951696704489,0.049091902225863716,0.00835090067500259,0.0021433402373989274,0,0.007100582122802734,0.0
http.request,DD22T,0,2,DT,0.06545824792679823,0.049091902225863716,0.015190951696704489,0.049091902225863716,0.00835090067500259,0.0021433402373989274,0,0.015624046325683594,0.015626192092895508
http.request,DD22T,0,3,DT,0.06545824792679823,0.049091902225863716,0.015190951696704489,0.049091902225863716,0.00835090067500259,0.0021433402373989274,0,0.0,0.015735387802124023
http.request,DD22T,0,4,DT,0.06545824792679823,0.049091902225863716,0.015190951696704489,0.049091902225863716,0.00835090067500259,0.0021433402373989274,0,0.015636444091796875,0.01561594009399414
