Feature,Dataset,T,CV,ML,Acc,b_Acc,Prec,Rec,F1,kap,ROC,tra-T,test-T
dns.time,DD11,0,0,DT,0.06003060834077286,0.048470737971074346,0.06039426747937748,0.048470737971074346,0.006986952749642389,0.0011361323055957273,0,0.015642881393432617,0.01574254035949707
dns.time,DD11,0,1,DT,0.06003060834077286,0.048470737971074346,0.06039426747937748,0.048470737971074346,0.006986952749642389,0.0011361323055957273,0,0.0,0.01564478874206543
dns.time,DD11,0,2,DT,0.06003060834077286,0.048470737971074346,0.06039426747937748,0.048470737971074346,0.006986952749642389,0.0011361323055957273,0,0.011817455291748047,0.01196146011352539
dns.time,DD11,0,3,DT,0.06003060834077286,0.048470737971074346,0.06039426747937748,0.048470737971074346,0.006986952749642389,0.0011361323055957273,0,0.015612602233886719,0.010112762451171875
dns.time,DD11,0,4,DT,0.06003060834077286,0.048470737971074346,0.06039426747937748,0.048470737971074346,0.006986952749642389,0.0011361323055957273,0,0.015630483627319336,0.015628337860107422
