Feature,Dataset,T,CV,ML,Acc,b_Acc,Prec,Rec,F1,kap,ROC,tra-T,test-T
srcport_class,DD11,0,0,DT,0.15149853335033797,0.12633318732835916,0.1655877023961742,0.12633318732835916,0.1036066006350936,0.09698263403169827,0,0.01574230194091797,0.0
srcport_class,DD11,0,1,DT,0.15149853335033797,0.12633318732835916,0.1655877023961742,0.12633318732835916,0.1036066006350936,0.09698263403169827,0,0.005601406097412109,0.01573777198791504
srcport_class,DD11,0,2,DT,0.15149853335033797,0.12633318732835916,0.1655877023961742,0.12633318732835916,0.1036066006350936,0.09698263403169827,0,0.015596389770507812,0.015620946884155273
srcport_class,DD11,0,3,DT,0.15149853335033797,0.12633318732835916,0.1655877023961742,0.12633318732835916,0.1036066006350936,0.09698263403169827,0,0.01574397087097168,0.015618324279785156
srcport_class,DD11,0,4,DT,0.15149853335033797,0.12633318732835916,0.1655877023961742,0.12633318732835916,0.1036066006350936,0.09698263403169827,0,0.01562356948852539,0.01563119888305664
