Feature,Dataset,T,CV,ML,Acc,b_Acc,Prec,Rec,F1,kap,ROC,tra-T,test-T
dhcp.option.dhcp_max_message_size,DD12,0,0,DT,0.07739595265368461,0.06540817024574086,0.07344769179657412,0.06540817024574086,0.03131641041317526,0.019247801763923045,0,0.0,0.015625953674316406
dhcp.option.dhcp_max_message_size,DD12,0,1,DT,0.07739595265368461,0.06540817024574086,0.07344769179657412,0.06540817024574086,0.03131641041317526,0.019247801763923045,0,0.015622615814208984,0.016243457794189453
dhcp.option.dhcp_max_message_size,DD12,0,2,DT,0.07739595265368461,0.06540817024574086,0.07344769179657412,0.06540817024574086,0.03131641041317526,0.019247801763923045,0,0.01562356948852539,0.015620708465576172
dhcp.option.dhcp_max_message_size,DD12,0,3,DT,0.07739595265368461,0.06540817024574086,0.07344769179657412,0.06540817024574086,0.03131641041317526,0.019247801763923045,0,0.009816408157348633,0.012086629867553711
dhcp.option.dhcp_max_message_size,DD12,0,4,DT,0.07739595265368461,0.06540817024574086,0.07344769179657412,0.06540817024574086,0.03131641041317526,0.019247801763923045,0,0.015722274780273438,0.015647411346435547
