Feature,Dataset,T,CV,ML,Acc,b_Acc,Prec,Rec,F1,kap,ROC,tra-T,test-T
dns.soa.refresh_interval,DD22,0,0,DT,0.0595010818378516,0.047619047619047616,0.0028333848494215045,0.047619047619047616,0.005348526581033038,0.0,0,0.0,0.015627384185791016
dns.soa.refresh_interval,DD22,0,1,DT,0.0595010818378516,0.047619047619047616,0.0028333848494215045,0.047619047619047616,0.005348526581033038,0.0,0,0.010101079940795898,0.0
dns.soa.refresh_interval,DD22,0,2,DT,0.0595010818378516,0.047619047619047616,0.0028333848494215045,0.047619047619047616,0.005348526581033038,0.0,0,0.016222000122070312,0.01563858985900879
dns.soa.refresh_interval,DD22,0,3,DT,0.0595010818378516,0.047619047619047616,0.0028333848494215045,0.047619047619047616,0.005348526581033038,0.0,0,0.007117033004760742,0.015732288360595703
dns.soa.refresh_interval,DD22,0,4,DT,0.0595010818378516,0.047619047619047616,0.0028333848494215045,0.047619047619047616,0.005348526581033038,0.0,0,0.017244338989257812,0.014614105224609375
