Feature,Dataset,T,CV,ML,Acc,b_Acc,Prec,Rec,F1,kap,ROC,tra-T,test-T
ip.ttl,DD12,0,0,DT,0.2674684994272623,0.24943218782955504,0.180328434749945,0.24943218782955504,0.18084070017867587,0.22383256052032063,0,0.020079851150512695,0.014969587326049805
ip.ttl,DD12,0,1,DT,0.2674684994272623,0.24943218782955504,0.180328434749945,0.24943218782955504,0.18084070017867587,0.22383256052032063,0,0.014838933944702148,0.015366315841674805
ip.ttl,DD12,0,2,DT,0.2674684994272623,0.24943218782955504,0.180328434749945,0.24943218782955504,0.18084070017867587,0.22383256052032063,0,0.01522970199584961,0.009583473205566406
ip.ttl,DD12,0,3,DT,0.2674684994272623,0.24943218782955504,0.180328434749945,0.24943218782955504,0.18084070017867587,0.22383256052032063,0,0.014343500137329102,0.015139341354370117
ip.ttl,DD12,0,4,DT,0.2674684994272623,0.24943218782955504,0.180328434749945,0.24943218782955504,0.18084070017867587,0.22383256052032063,0,0.02001476287841797,0.010198354721069336
