Feature,Dataset,T,CV,ML,Acc,b_Acc,Prec,Rec,F1,kap,ROC,tra-T,test-T
http.response.code,DD12,0,0,DT,0.07254677357770141,0.05768269617532713,0.07684001077533428,0.05768269617532713,0.020570189168153813,0.012398876797509395,0,0.0,0.01561284065246582
http.response.code,DD12,0,1,DT,0.07254677357770141,0.05768269617532713,0.07684001077533428,0.05768269617532713,0.020570189168153813,0.012398876797509395,0,0.01612687110900879,0.01568126678466797
http.response.code,DD12,0,2,DT,0.07254677357770141,0.05768269617532713,0.07684001077533428,0.05768269617532713,0.020570189168153813,0.012398876797509395,0,0.015617847442626953,0.0
http.response.code,DD12,0,3,DT,0.07254677357770141,0.05768269617532713,0.07684001077533428,0.05768269617532713,0.020570189168153813,0.012398876797509395,0,0.0,0.015622615814208984
http.response.code,DD12,0,4,DT,0.07254677357770141,0.05768269617532713,0.07684001077533428,0.05768269617532713,0.020570189168153813,0.012398876797509395,0,0.005700588226318359,0.013038396835327148
