Feature,Dataset,T,CV,ML,Acc,b_Acc,Prec,Rec,F1,kap,ROC,tra-T,test-T
tls.handshake.cipher_suites_length,DD12T,0,0,DT,0.06496205276472714,0.05179823700830094,0.27449983730972377,0.05179823700830094,0.013658699427061891,0.0041106459484517854,0,0.015676498413085938,0.015625953674316406
tls.handshake.cipher_suites_length,DD12T,0,1,DT,0.06496205276472714,0.05179823700830094,0.27449983730972377,0.05179823700830094,0.013658699427061891,0.0041106459484517854,0,0.015543222427368164,0.0
tls.handshake.cipher_suites_length,DD12T,0,2,DT,0.06496205276472714,0.05179823700830094,0.27449983730972377,0.05179823700830094,0.013658699427061891,0.0041106459484517854,0,0.015624761581420898,0.015543222427368164
tls.handshake.cipher_suites_length,DD12T,0,3,DT,0.06496205276472714,0.05179823700830094,0.27449983730972377,0.05179823700830094,0.013658699427061891,0.0041106459484517854,0,0.01553201675415039,0.01564788818359375
tls.handshake.cipher_suites_length,DD12T,0,4,DT,0.06496205276472714,0.05179823700830094,0.27449983730972377,0.05179823700830094,0.013658699427061891,0.0041106459484517854,0,0.015549182891845703,0.0
