Feature,Dataset,T,CV,ML,Acc,b_Acc,Prec,Rec,F1,kap,ROC,tra-T,test-T
tcp.analysis.spurious_retransmission,DD22,0,0,DT,0.05948835433371516,0.047608861726508786,0.0028476385436467322,0.047608861726508786,0.005373849908165113,5.736314051862923e-05,0,0.01611328125,0.0
tcp.analysis.spurious_retransmission,DD22,0,1,DT,0.05948835433371516,0.047608861726508786,0.0028476385436467322,0.047608861726508786,0.005373849908165113,5.736314051862923e-05,0,0.0,0.015624046325683594
tcp.analysis.spurious_retransmission,DD22,0,2,DT,0.05948835433371516,0.047608861726508786,0.0028476385436467322,0.047608861726508786,0.005373849908165113,5.736314051862923e-05,0,0.015612363815307617,0.004105091094970703
tcp.analysis.spurious_retransmission,DD22,0,3,DT,0.05948835433371516,0.047608861726508786,0.0028476385436467322,0.047608861726508786,0.005373849908165113,5.736314051862923e-05,0,0.0,0.01621699333190918
tcp.analysis.spurious_retransmission,DD22,0,4,DT,0.05948835433371516,0.047608861726508786,0.0028476385436467322,0.047608861726508786,0.005373849908165113,5.736314051862923e-05,0,0.015627622604370117,0.01563739776611328
