Feature,Dataset,T,CV,ML,Acc,b_Acc,Prec,Rec,F1,kap,ROC,tra-T,test-T
tls.handshake.sig_hash_alg_len,DD12,0,0,DT,0.061588392516227566,0.04980910368106574,0.1541332849593736,0.04980910368106574,0.009709588316750815,0.002242800003085299,0,0.014966011047363281,0.014933586120605469
tls.handshake.sig_hash_alg_len,DD12,0,1,DT,0.061588392516227566,0.04980910368106574,0.1541332849593736,0.04980910368106574,0.009709588316750815,0.002242800003085299,0,0.019361257553100586,0.010216236114501953
tls.handshake.sig_hash_alg_len,DD12,0,2,DT,0.061588392516227566,0.04980910368106574,0.1541332849593736,0.04980910368106574,0.009709588316750815,0.002242800003085299,0,0.014942646026611328,0.010116100311279297
tls.handshake.sig_hash_alg_len,DD12,0,3,DT,0.061588392516227566,0.04980910368106574,0.1541332849593736,0.04980910368106574,0.009709588316750815,0.002242800003085299,0,0.019703388214111328,0.010021686553955078
tls.handshake.sig_hash_alg_len,DD12,0,4,DT,0.061588392516227566,0.04980910368106574,0.1541332849593736,0.04980910368106574,0.009709588316750815,0.002242800003085299,0,0.010672330856323242,0.010595083236694336
