Feature,Dataset,T,CV,ML,Acc,b_Acc,Prec,Rec,F1,kap,ROC,tra-T,test-T
tls.handshake.certificates,DD11,0,0,DT,0.05898482336436679,0.04765828869660761,0.008099236451619347,0.04765828869660761,0.005381593034500761,3.3936903035547417e-05,0,0.015630483627319336,0.014896869659423828
tls.handshake.certificates,DD11,0,1,DT,0.05898482336436679,0.04765828869660761,0.008099236451619347,0.04765828869660761,0.005381593034500761,3.3936903035547417e-05,0,0.01513528823852539,0.0
tls.handshake.certificates,DD11,0,2,DT,0.05898482336436679,0.04765828869660761,0.008099236451619347,0.04765828869660761,0.005381593034500761,3.3936903035547417e-05,0,0.015624046325683594,0.0
tls.handshake.certificates,DD11,0,3,DT,0.05898482336436679,0.04765828869660761,0.008099236451619347,0.04765828869660761,0.005381593034500761,3.3936903035547417e-05,0,0.015628576278686523,0.015699386596679688
tls.handshake.certificates,DD11,0,4,DT,0.05898482336436679,0.04765828869660761,0.008099236451619347,0.04765828869660761,0.005381593034500761,3.3936903035547417e-05,0,0.0157010555267334,0.01555180549621582
