Feature,Dataset,T,CV,ML,Acc,b_Acc,Prec,Rec,F1,kap,ROC,tra-T,test-T
ip.frag_offset,DD11,0,0,DT,0.05915061854355312,0.047769006734383265,0.004154275760435226,0.047769006734383265,0.007066843293969953,0.0001887535564517595,0,0.015597343444824219,0.0
ip.frag_offset,DD11,0,1,DT,0.05915061854355312,0.047769006734383265,0.004154275760435226,0.047769006734383265,0.007066843293969953,0.0001887535564517595,0,0.0,0.015631914138793945
ip.frag_offset,DD11,0,2,DT,0.05915061854355312,0.047769006734383265,0.004154275760435226,0.047769006734383265,0.007066843293969953,0.0001887535564517595,0,0.0,0.015729188919067383
ip.frag_offset,DD11,0,3,DT,0.05915061854355312,0.047769006734383265,0.004154275760435226,0.047769006734383265,0.007066843293969953,0.0001887535564517595,0,0.015737056732177734,0.01563286781311035
ip.frag_offset,DD11,0,4,DT,0.05915061854355312,0.047769006734383265,0.004154275760435226,0.047769006734383265,0.007066843293969953,0.0001887535564517595,0,0.01109933853149414,0.0
