Feature,Dataset,T,CV,ML,Acc,b_Acc,Prec,Rec,F1,kap,ROC,tra-T,test-T
tcp.analysis.ack_lost_segment,DD21,0,0,DT,0.05967351103175615,0.047619047619047616,0.0028415957634169596,0.047619047619047616,0.005363153337012693,0.0,0,0.012504100799560547,0.0061986446380615234
tcp.analysis.ack_lost_segment,DD21,0,1,DT,0.05967351103175615,0.047619047619047616,0.0028415957634169596,0.047619047619047616,0.005363153337012693,0.0,0,0.011594295501708984,0.012704849243164062
tcp.analysis.ack_lost_segment,DD21,0,2,DT,0.05967351103175615,0.047619047619047616,0.0028415957634169596,0.047619047619047616,0.005363153337012693,0.0,0,0.010294437408447266,0.008977413177490234
tcp.analysis.ack_lost_segment,DD21,0,3,DT,0.05967351103175615,0.047619047619047616,0.0028415957634169596,0.047619047619047616,0.005363153337012693,0.0,0,0.009675979614257812,0.00615692138671875
tcp.analysis.ack_lost_segment,DD21,0,4,DT,0.05967351103175615,0.047619047619047616,0.0028415957634169596,0.047619047619047616,0.005363153337012693,0.0,0,0.011039018630981445,0.010383129119873047
