Feature,Dataset,T,CV,ML,Acc,b_Acc,Prec,Rec,F1,kap,ROC,tra-T,test-T
stun.type.method-assignment,DD21,0,0,DT,0.05999234791480679,0.04787729891140424,0.022264264204310404,0.04787729891140424,0.005989479644635259,0.00033980632768715324,0,0.015021562576293945,0.07505345344543457
stun.type.method-assignment,DD21,0,1,DT,0.05999234791480679,0.04787729891140424,0.022264264204310404,0.04787729891140424,0.005989479644635259,0.00033980632768715324,0,0.011986255645751953,0.050743818283081055
stun.type.method-assignment,DD21,0,2,DT,0.05999234791480679,0.04787729891140424,0.022264264204310404,0.04787729891140424,0.005989479644635259,0.00033980632768715324,0,0.01200103759765625,0.012036323547363281
stun.type.method-assignment,DD21,0,3,DT,0.05999234791480679,0.04787729891140424,0.022264264204310404,0.04787729891140424,0.005989479644635259,0.00033980632768715324,0,0.008150339126586914,0.007524728775024414
stun.type.method-assignment,DD21,0,4,DT,0.05999234791480679,0.04787729891140424,0.022264264204310404,0.04787729891140424,0.005989479644635259,0.00033980632768715324,0,0.013042211532592773,0.009992122650146484
