Feature,Dataset,T,CV,ML,Acc,b_Acc,Prec,Rec,F1,kap,ROC,tra-T,test-T
ip.flags.df,DD22T,0,0,DT,0.11687633133716491,0.09695567590304431,0.016472852239635304,0.09695567590304431,0.027188118396198058,0.06092147554894245,0,0.01562952995300293,0.018229246139526367
ip.flags.df,DD22T,0,1,DT,0.11687633133716491,0.09695567590304431,0.016472852239635304,0.09695567590304431,0.027188118396198058,0.06092147554894245,0,0.016209125518798828,0.015749216079711914
ip.flags.df,DD22T,0,2,DT,0.11687633133716491,0.09695567590304431,0.016472852239635304,0.09695567590304431,0.027188118396198058,0.06092147554894245,0,0.015622854232788086,0.0
ip.flags.df,DD22T,0,3,DT,0.11687633133716491,0.09695567590304431,0.016472852239635304,0.09695567590304431,0.027188118396198058,0.06092147554894245,0,0.01560521125793457,0.015630483627319336
ip.flags.df,DD22T,0,4,DT,0.11687633133716491,0.09695567590304431,0.016472852239635304,0.09695567590304431,0.027188118396198058,0.06092147554894245,0,0.01663684844970703,0.013115882873535156
