Feature,Dataset,T,CV,ML,Acc,b_Acc,Prec,Rec,F1,kap,ROC,tra-T,test-T
ip.bogus_ip_length,DD11,0,0,DT,0.061254941971687286,0.04983662364556431,0.021545168176937184,0.04983662364556431,0.010976275122613075,0.0025268227642684105,0,0.00999593734741211,0.010000467300415039
ip.bogus_ip_length,DD11,0,1,DT,0.061254941971687286,0.04983662364556431,0.021545168176937184,0.04983662364556431,0.010976275122613075,0.0025268227642684105,0,0.009992361068725586,0.009997844696044922
ip.bogus_ip_length,DD11,0,2,DT,0.061254941971687286,0.04983662364556431,0.021545168176937184,0.04983662364556431,0.010976275122613075,0.0025268227642684105,0,0.011001825332641602,0.010096549987792969
ip.bogus_ip_length,DD11,0,3,DT,0.061254941971687286,0.04983662364556431,0.021545168176937184,0.04983662364556431,0.010976275122613075,0.0025268227642684105,0,0.009016275405883789,0.008982658386230469
ip.bogus_ip_length,DD11,0,4,DT,0.061254941971687286,0.04983662364556431,0.021545168176937184,0.04983662364556431,0.010976275122613075,0.0025268227642684105,0,0.010004520416259766,0.01001119613647461
