Feature,Dataset,T,CV,ML,Acc,b_Acc,Prec,Rec,F1,kap,ROC,tra-T,test-T
tcp.len,DD11T,0,0,DT,0.25493055914089524,0.27472093311363477,0.5154610692710627,0.27472093311363477,0.25945393828963764,0.2243255815146027,0,0.03124523162841797,0.011106729507446289
tcp.len,DD11T,0,1,DT,0.25493055914089524,0.27472093311363477,0.5154610692710627,0.27472093311363477,0.25945393828963764,0.2243255815146027,0,0.031261444091796875,0.015628814697265625
tcp.len,DD11T,0,2,DT,0.25493055914089524,0.27472093311363477,0.5154610692710627,0.27472093311363477,0.25945393828963764,0.2243255815146027,0,0.015755414962768555,0.015601634979248047
tcp.len,DD11T,0,3,DT,0.25493055914089524,0.27472093311363477,0.5154610692710627,0.27472093311363477,0.25945393828963764,0.2243255815146027,0,0.031354665756225586,0.0156252384185791
tcp.len,DD11T,0,4,DT,0.25493055914089524,0.27472093311363477,0.5154610692710627,0.27472093311363477,0.25945393828963764,0.2243255815146027,0,0.031245708465576172,0.0
