Feature,Dataset,T,CV,ML,Acc,b_Acc,Prec,Rec,F1,kap,ROC,tra-T,test-T
tcp.flags.cwr,DD12T,0,0,DT,0.07953430739842016,0.08110470933274125,0.05454574500285327,0.08110470933274125,0.014750005726143664,0.03117951708475497,0,0.010145187377929688,0.00977778434753418
tcp.flags.cwr,DD12T,0,1,DT,0.07953430739842016,0.08110470933274125,0.05454574500285327,0.08110470933274125,0.014750005726143664,0.03117951708475497,0,0.008449792861938477,0.009773015975952148
tcp.flags.cwr,DD12T,0,2,DT,0.07953430739842016,0.08110470933274125,0.05454574500285327,0.08110470933274125,0.014750005726143664,0.03117951708475497,0,0.009521007537841797,0.009393930435180664
tcp.flags.cwr,DD12T,0,3,DT,0.07953430739842016,0.08110470933274125,0.05454574500285327,0.08110470933274125,0.014750005726143664,0.03117951708475497,0,0.010498285293579102,0.010515213012695312
tcp.flags.cwr,DD12T,0,4,DT,0.07953430739842016,0.08110470933274125,0.05454574500285327,0.08110470933274125,0.014750005726143664,0.03117951708475497,0,0.010408163070678711,0.012961626052856445
