Feature,Dataset,T,CV,ML,Acc,b_Acc,Prec,Rec,F1,kap,ROC,tra-T,test-T
tcp.analysis.push_bytes_sent,DD21T,0,0,DT,0.2575325214688584,0.24781419375099145,0.5533232467680101,0.24781419375099145,0.27008957233533765,0.2101506363690927,0,0.04493117332458496,0.01423954963684082
tcp.analysis.push_bytes_sent,DD21T,0,1,DT,0.2575325214688584,0.24781419375099145,0.5533232467680101,0.24781419375099145,0.27008957233533765,0.2101506363690927,0,0.039886474609375,0.013337373733520508
tcp.analysis.push_bytes_sent,DD21T,0,2,DT,0.2575325214688584,0.24781419375099145,0.5533232467680101,0.24781419375099145,0.27008957233533765,0.2101506363690927,0,0.028898954391479492,0.010942220687866211
tcp.analysis.push_bytes_sent,DD21T,0,3,DT,0.2575325214688584,0.24781419375099145,0.5533232467680101,0.24781419375099145,0.27008957233533765,0.2101506363690927,0,0.031955718994140625,0.013646125793457031
tcp.analysis.push_bytes_sent,DD21T,0,4,DT,0.2575325214688584,0.24781419375099145,0.5533232467680101,0.24781419375099145,0.27008957233533765,0.2101506363690927,0,0.03623390197753906,0.011335611343383789
