Feature,Dataset,T,CV,ML,Acc,b_Acc,Prec,Rec,F1,kap,ROC,tra-T,test-T
tcp.flags.reset,DD12,0,0,DT,0.09744177166857579,0.07573054485866032,0.017001436461021893,0.07573054485866032,0.01768142694956934,0.038285521512046006,0,0.019309520721435547,0.014972925186157227
tcp.flags.reset,DD12,0,1,DT,0.09744177166857579,0.07573054485866032,0.017001436461021893,0.07573054485866032,0.01768142694956934,0.038285521512046006,0,0.011513471603393555,0.009140491485595703
tcp.flags.reset,DD12,0,2,DT,0.09744177166857579,0.07573054485866032,0.017001436461021893,0.07573054485866032,0.01768142694956934,0.038285521512046006,0,0.015065431594848633,0.012443304061889648
tcp.flags.reset,DD12,0,3,DT,0.09744177166857579,0.07573054485866032,0.017001436461021893,0.07573054485866032,0.01768142694956934,0.038285521512046006,0,0.014849185943603516,0.010626554489135742
tcp.flags.reset,DD12,0,4,DT,0.09744177166857579,0.07573054485866032,0.017001436461021893,0.07573054485866032,0.01768142694956934,0.038285521512046006,0,0.012295007705688477,0.017007112503051758
