Feature,Dataset,T,CV,ML,Acc,b_Acc,Prec,Rec,F1,kap,ROC,tra-T,test-T
tls.handshake.epms_len,DD11T,0,0,DT,0.028228096442769374,0.047575540037851596,0.0013447157650860876,0.047575540037851596,0.0026155046686220165,-3.880632083541613e-05,0,0.01562047004699707,0.0
tls.handshake.epms_len,DD11T,0,1,DT,0.028228096442769374,0.047575540037851596,0.0013447157650860876,0.047575540037851596,0.0026155046686220165,-3.880632083541613e-05,0,0.015629053115844727,0.0
tls.handshake.epms_len,DD11T,0,2,DT,0.028228096442769374,0.047575540037851596,0.0013447157650860876,0.047575540037851596,0.0026155046686220165,-3.880632083541613e-05,0,0.015629053115844727,0.015619516372680664
tls.handshake.epms_len,DD11T,0,3,DT,0.028228096442769374,0.047575540037851596,0.0013447157650860876,0.047575540037851596,0.0026155046686220165,-3.880632083541613e-05,0,0.0,0.013609886169433594
tls.handshake.epms_len,DD11T,0,4,DT,0.028228096442769374,0.047575540037851596,0.0013447157650860876,0.047575540037851596,0.0026155046686220165,-3.880632083541613e-05,0,0.0207369327545166,0.01102900505065918
