Feature,Dataset,T,CV,ML,Acc,b_Acc,Prec,Rec,F1,kap,ROC,tra-T,test-T
dstport,DD11,0,0,DT,0.1795434255834715,0.15823612769268602,0.39553907130544547,0.15823612769268602,0.15449686602625046,0.1275799147501795,0,0.015641450881958008,0.019217967987060547
dstport,DD11,0,1,DT,0.1795434255834715,0.15823612769268602,0.39553907130544547,0.15823612769268602,0.15449686602625046,0.1275799147501795,0,0.03384852409362793,0.013611078262329102
dstport,DD11,0,2,DT,0.1795434255834715,0.15823612769268602,0.39553907130544547,0.15823612769268602,0.15449686602625046,0.1275799147501795,0,0.01562809944152832,0.015628337860107422
dstport,DD11,0,3,DT,0.1795434255834715,0.15823612769268602,0.39553907130544547,0.15823612769268602,0.15449686602625046,0.1275799147501795,0,0.015639781951904297,0.015607357025146484
dstport,DD11,0,4,DT,0.1795434255834715,0.15823612769268602,0.39553907130544547,0.15823612769268602,0.15449686602625046,0.1275799147501795,0,0.015634536743164062,0.01562047004699707
