Feature,Dataset,T,CV,ML,Acc,b_Acc,Prec,Rec,F1,kap,ROC,tra-T,test-T
icmp.seq,DD11T,0,0,DT,0.036695234653311995,0.054953782103678295,0.1233841366077743,0.054953782103678295,0.0161731476578634,0.008433367335322961,0,0.01528620719909668,0.015052080154418945
icmp.seq,DD11T,0,1,DT,0.036695234653311995,0.054953782103678295,0.1233841366077743,0.054953782103678295,0.0161731476578634,0.008433367335322961,0,0.016842126846313477,0.014512777328491211
icmp.seq,DD11T,0,2,DT,0.036695234653311995,0.054953782103678295,0.1233841366077743,0.054953782103678295,0.0161731476578634,0.008433367335322961,0,0.017922401428222656,0.0
icmp.seq,DD11T,0,3,DT,0.036695234653311995,0.054953782103678295,0.1233841366077743,0.054953782103678295,0.0161731476578634,0.008433367335322961,0,0.015626192092895508,0.0
icmp.seq,DD11T,0,4,DT,0.036695234653311995,0.054953782103678295,0.1233841366077743,0.054953782103678295,0.0161731476578634,0.008433367335322961,0,0.006635189056396484,0.01575160026550293
