Feature,Dataset,T,CV,ML,Acc,b_Acc,Prec,Rec,F1,kap,ROC,tra-T,test-T
icmp.checksum.status,DD22T,0,0,DT,0.07024101389279638,0.05326443296104907,0.027520820173980002,0.05326443296104907,0.01492623435696611,0.0073513553434844114,0,0.015612125396728516,0.008099794387817383
icmp.checksum.status,DD22T,0,1,DT,0.07024101389279638,0.05326443296104907,0.027520820173980002,0.05326443296104907,0.01492623435696611,0.0073513553434844114,0,0.0,0.015724658966064453
icmp.checksum.status,DD22T,0,2,DT,0.07024101389279638,0.05326443296104907,0.027520820173980002,0.05326443296104907,0.01492623435696611,0.0073513553434844114,0,0.0,0.015634775161743164
icmp.checksum.status,DD22T,0,3,DT,0.07024101389279638,0.05326443296104907,0.027520820173980002,0.05326443296104907,0.01492623435696611,0.0073513553434844114,0,0.015621662139892578,0.01563286781311035
icmp.checksum.status,DD22T,0,4,DT,0.07024101389279638,0.05326443296104907,0.027520820173980002,0.05326443296104907,0.01492623435696611,0.0073513553434844114,0,0.01815176010131836,0.013614892959594727
