Feature,Dataset,T,CV,ML,Acc,b_Acc,Prec,Rec,F1,kap,ROC,tra-T,test-T
tls.sct.scts_length,DD12,0,0,DT,0.0595010818378516,0.047619047619047616,0.0028333848494215045,0.047619047619047616,0.005348526581033038,0.0,0,0.010115385055541992,0.009724140167236328
tls.sct.scts_length,DD12,0,1,DT,0.0595010818378516,0.047619047619047616,0.0028333848494215045,0.047619047619047616,0.005348526581033038,0.0,0,0.013774633407592773,0.009854555130004883
tls.sct.scts_length,DD12,0,2,DT,0.0595010818378516,0.047619047619047616,0.0028333848494215045,0.047619047619047616,0.005348526581033038,0.0,0,0.014253377914428711,0.015330791473388672
tls.sct.scts_length,DD12,0,3,DT,0.0595010818378516,0.047619047619047616,0.0028333848494215045,0.047619047619047616,0.005348526581033038,0.0,0,0.014748573303222656,0.010682106018066406
tls.sct.scts_length,DD12,0,4,DT,0.0595010818378516,0.047619047619047616,0.0028333848494215045,0.047619047619047616,0.005348526581033038,0.0,0,0.010076761245727539,0.014777898788452148
