Feature,Dataset,T,CV,ML,Acc,b_Acc,Prec,Rec,F1,kap,ROC,tra-T,test-T
tcp.len,DD11,0,0,DT,0.26684096416273434,0.2721647788494463,0.4991629527736069,0.2721647788494463,0.27218135321471193,0.22596770212077788,0,0.03136634826660156,0.015613794326782227
tcp.len,DD11,0,1,DT,0.26684096416273434,0.2721647788494463,0.4991629527736069,0.2721647788494463,0.27218135321471193,0.22596770212077788,0,0.043879032135009766,0.0
tcp.len,DD11,0,2,DT,0.26684096416273434,0.2721647788494463,0.4991629527736069,0.2721647788494463,0.27218135321471193,0.22596770212077788,0,0.03576779365539551,0.011616945266723633
tcp.len,DD11,0,3,DT,0.26684096416273434,0.2721647788494463,0.4991629527736069,0.2721647788494463,0.27218135321471193,0.22596770212077788,0,0.031357765197753906,0.015631914138793945
tcp.len,DD11,0,4,DT,0.26684096416273434,0.2721647788494463,0.4991629527736069,0.2721647788494463,0.27218135321471193,0.22596770212077788,0,0.031859636306762695,0.015715360641479492
