Feature,Dataset,T,CV,ML,Acc,b_Acc,Prec,Rec,F1,kap,ROC,tra-T,test-T
icmpv6.type,DD21,0,0,DT,0.059724524933044254,0.05038011424843341,0.04620696685326735,0.05038011424843341,0.007472348789528906,0.0028456536057435144,0,0.0,0.015629053115844727
icmpv6.type,DD21,0,1,DT,0.059724524933044254,0.05038011424843341,0.04620696685326735,0.05038011424843341,0.007472348789528906,0.0028456536057435144,0,0.0,0.01563429832458496
icmpv6.type,DD21,0,2,DT,0.059724524933044254,0.05038011424843341,0.04620696685326735,0.05038011424843341,0.007472348789528906,0.0028456536057435144,0,0.015684127807617188,0.01181483268737793
icmpv6.type,DD21,0,3,DT,0.059724524933044254,0.05038011424843341,0.04620696685326735,0.05038011424843341,0.007472348789528906,0.0028456536057435144,0,0.015627384185791016,0.015702009201049805
icmpv6.type,DD21,0,4,DT,0.059724524933044254,0.05038011424843341,0.04620696685326735,0.05038011424843341,0.007472348789528906,0.0028456536057435144,0,0.0,0.015726089477539062
