Feature,Dataset,T,CV,ML,Acc,b_Acc,Prec,Rec,F1,kap,ROC,tra-T,test-T
dns.flags.authoritative,DD11T,0,0,DT,0.03581754349734111,0.05323368784133371,0.04897472579876013,0.05323368784133371,0.0126812135099935,0.007506255100544812,0,0.007633686065673828,0.008057594299316406
dns.flags.authoritative,DD11T,0,1,DT,0.03581754349734111,0.05323368784133371,0.04897472579876013,0.05323368784133371,0.0126812135099935,0.007506255100544812,0,0.015620231628417969,0.008559942245483398
dns.flags.authoritative,DD11T,0,2,DT,0.03581754349734111,0.05323368784133371,0.04897472579876013,0.05323368784133371,0.0126812135099935,0.007506255100544812,0,0.0,0.01563429832458496
dns.flags.authoritative,DD11T,0,3,DT,0.03581754349734111,0.05323368784133371,0.04897472579876013,0.05323368784133371,0.0126812135099935,0.007506255100544812,0,0.014127969741821289,0.0016338825225830078
dns.flags.authoritative,DD11T,0,4,DT,0.03581754349734111,0.05323368784133371,0.04897472579876013,0.05323368784133371,0.0126812135099935,0.007506255100544812,0,0.015619754791259766,0.0
