Feature,Dataset,T,CV,ML,Acc,b_Acc,Prec,Rec,F1,kap,ROC,tra-T,test-T
dhcp.option.ip_address_lease_time,DD21,0,0,DT,0.05968626450707818,0.047628825657573086,0.050460679623148215,0.047628825657573086,0.005382769947135429,1.3529778779330925e-05,0,0.0,0.015624046325683594
dhcp.option.ip_address_lease_time,DD21,0,1,DT,0.05968626450707818,0.047628825657573086,0.050460679623148215,0.047628825657573086,0.005382769947135429,1.3529778779330925e-05,0,0.0031092166900634766,0.013107061386108398
dhcp.option.ip_address_lease_time,DD21,0,2,DT,0.05968626450707818,0.047628825657573086,0.050460679623148215,0.047628825657573086,0.005382769947135429,1.3529778779330925e-05,0,0.015624046325683594,0.015627622604370117
dhcp.option.ip_address_lease_time,DD21,0,3,DT,0.05968626450707818,0.047628825657573086,0.050460679623148215,0.047628825657573086,0.005382769947135429,1.3529778779330925e-05,0,0.0,0.015634536743164062
dhcp.option.ip_address_lease_time,DD21,0,4,DT,0.05968626450707818,0.047628825657573086,0.050460679623148215,0.047628825657573086,0.005382769947135429,1.3529778779330925e-05,0,0.015604972839355469,0.0
