Feature,Dataset,T,CV,ML,Acc,b_Acc,Prec,Rec,F1,kap,ROC,tra-T,test-T
udp.possible_traceroute,DD22T,0,0,DT,0.06343528529132002,0.047619047619047616,0.0030208088111921124,0.047619047619047616,0.005681218264366824,1.7247512607010407e-07,0,0.0,0.015713214874267578
udp.possible_traceroute,DD22T,0,1,DT,0.06343528529132002,0.047619047619047616,0.0030208088111921124,0.047619047619047616,0.005681218264366824,1.7247512607010407e-07,0,0.015621185302734375,0.0
udp.possible_traceroute,DD22T,0,2,DT,0.06343528529132002,0.047619047619047616,0.0030208088111921124,0.047619047619047616,0.005681218264366824,1.7247512607010407e-07,0,0.0,0.015623807907104492
udp.possible_traceroute,DD22T,0,3,DT,0.06343528529132002,0.047619047619047616,0.0030208088111921124,0.047619047619047616,0.005681218264366824,1.7247512607010407e-07,0,0.018141984939575195,0.013606548309326172
udp.possible_traceroute,DD22T,0,4,DT,0.06343528529132002,0.047619047619047616,0.0030208088111921124,0.047619047619047616,0.005681218264366824,1.7247512607010407e-07,0,0.0021047592163085938,0.01411294937133789
