Feature,Dataset,T,CV,ML,Acc,b_Acc,Prec,Rec,F1,kap,ROC,tra-T,test-T
tcp.reassembled.length,DD21,0,0,DT,0.06715980104578498,0.05395100269351345,0.18873194853215128,0.05395100269351345,0.018779141437821095,0.008005689717540121,0,0.011002302169799805,0.009999752044677734
tcp.reassembled.length,DD21,0,1,DT,0.06715980104578498,0.05395100269351345,0.18873194853215128,0.05395100269351345,0.018779141437821095,0.008005689717540121,0,0.007992982864379883,0.01003575325012207
tcp.reassembled.length,DD21,0,2,DT,0.06715980104578498,0.05395100269351345,0.18873194853215128,0.05395100269351345,0.018779141437821095,0.008005689717540121,0,0.012011289596557617,0.014124155044555664
tcp.reassembled.length,DD21,0,3,DT,0.06715980104578498,0.05395100269351345,0.18873194853215128,0.05395100269351345,0.018779141437821095,0.008005689717540121,0,0.01096034049987793,0.011950016021728516
tcp.reassembled.length,DD21,0,4,DT,0.06715980104578498,0.05395100269351345,0.18873194853215128,0.05395100269351345,0.018779141437821095,0.008005689717540121,0,0.007036685943603516,0.010953664779663086
