Feature,Dataset,T,CV,ML,Acc,b_Acc,Prec,Rec,F1,kap,ROC,tra-T,test-T
igmp.version,DD12T,0,0,DT,0.08460684599101657,0.07600343247404664,0.03646131687942509,0.07600343247404664,0.03360564416269164,0.02443226317056979,0,0.00977468490600586,0.010426521301269531
igmp.version,DD12T,0,1,DT,0.08460684599101657,0.07600343247404664,0.03646131687942509,0.07600343247404664,0.03360564416269164,0.02443226317056979,0,0.005553722381591797,0.0091705322265625
igmp.version,DD12T,0,2,DT,0.08460684599101657,0.07600343247404664,0.03646131687942509,0.07600343247404664,0.03360564416269164,0.02443226317056979,0,0.010162115097045898,0.005001544952392578
igmp.version,DD12T,0,3,DT,0.08460684599101657,0.07600343247404664,0.03646131687942509,0.07600343247404664,0.03360564416269164,0.02443226317056979,0,0.009592533111572266,0.0055577754974365234
igmp.version,DD12T,0,4,DT,0.08460684599101657,0.07600343247404664,0.03646131687942509,0.07600343247404664,0.03360564416269164,0.02443226317056979,0,0.010404109954833984,0.009314298629760742
