Feature,Dataset,T,CV,ML,Acc,b_Acc,Prec,Rec,F1,kap,ROC,tra-T,test-T
tls.handshake.version,DD21,0,0,DT,0.06128044892233134,0.04924875875911673,0.031064931019031617,0.04924875875911673,0.008618151945944782,0.0017708704239827178,0,0.015015840530395508,0.06532859802246094
tls.handshake.version,DD21,0,1,DT,0.06128044892233134,0.04924875875911673,0.031064931019031617,0.04924875875911673,0.008618151945944782,0.0017708704239827178,0,0.012541532516479492,0.07720637321472168
tls.handshake.version,DD21,0,2,DT,0.06128044892233134,0.04924875875911673,0.031064931019031617,0.04924875875911673,0.008618151945944782,0.0017708704239827178,0,0.0,0.06936883926391602
tls.handshake.version,DD21,0,3,DT,0.06128044892233134,0.04924875875911673,0.031064931019031617,0.04924875875911673,0.008618151945944782,0.0017708704239827178,0,0.013850212097167969,0.05972933769226074
tls.handshake.version,DD21,0,4,DT,0.06128044892233134,0.04924875875911673,0.031064931019031617,0.04924875875911673,0.008618151945944782,0.0017708704239827178,0,0.017420053482055664,0.06149172782897949
