Feature,Dataset,T,CV,ML,Acc,b_Acc,Prec,Rec,F1,kap,ROC,tra-T,test-T
dns.extraneous.data,DD22T,0,0,DT,0.06343528529132002,0.047619047619047616,0.003020727871015239,0.047619047619047616,0.0056810751209703065,0.0,0,0.01210331916809082,0.0
dns.extraneous.data,DD22T,0,1,DT,0.06343528529132002,0.047619047619047616,0.003020727871015239,0.047619047619047616,0.0056810751209703065,0.0,0,0.0,0.017520427703857422
dns.extraneous.data,DD22T,0,2,DT,0.06343528529132002,0.047619047619047616,0.003020727871015239,0.047619047619047616,0.0056810751209703065,0.0,0,0.015543460845947266,0.0
dns.extraneous.data,DD22T,0,3,DT,0.06343528529132002,0.047619047619047616,0.003020727871015239,0.047619047619047616,0.0056810751209703065,0.0,0,0.015627384185791016,0.0
dns.extraneous.data,DD22T,0,4,DT,0.06343528529132002,0.047619047619047616,0.003020727871015239,0.047619047619047616,0.0056810751209703065,0.0,0,0.014100790023803711,0.0
