Feature,Dataset,T,CV,ML,Acc,b_Acc,Prec,Rec,F1,kap,ROC,tra-T,test-T
dns.retransmit_request,DD11,0,0,DT,0.05983930621094248,0.04778851042196238,0.020038668206427922,0.04778851042196238,0.005701096157768658,0.00018270437535550244,0,0.015616178512573242,0.0
dns.retransmit_request,DD11,0,1,DT,0.05983930621094248,0.04778851042196238,0.020038668206427922,0.04778851042196238,0.005701096157768658,0.00018270437535550244,0,0.008723735809326172,0.009003639221191406
dns.retransmit_request,DD11,0,2,DT,0.05983930621094248,0.04778851042196238,0.020038668206427922,0.04778851042196238,0.005701096157768658,0.00018270437535550244,0,0.008008003234863281,0.008297920227050781
dns.retransmit_request,DD11,0,3,DT,0.05983930621094248,0.04778851042196238,0.020038668206427922,0.04778851042196238,0.005701096157768658,0.00018270437535550244,0,0.007999897003173828,0.012027502059936523
dns.retransmit_request,DD11,0,4,DT,0.05983930621094248,0.04778851042196238,0.020038668206427922,0.04778851042196238,0.005701096157768658,0.00018270437535550244,0,0.008115291595458984,0.010104179382324219
