Feature,Dataset,T,CV,ML,Acc,b_Acc,Prec,Rec,F1,kap,ROC,tra-T,test-T
ntp.flags,DD11T,0,0,DT,0.03651453353296505,0.054283666450443566,0.18213799985889337,0.054283666450443566,0.01541484379679613,0.008184889733162004,0,0.01621222496032715,0.015736103057861328
ntp.flags,DD11T,0,1,DT,0.03651453353296505,0.054283666450443566,0.18213799985889337,0.054283666450443566,0.01541484379679613,0.008184889733162004,0,0.015727758407592773,0.0
ntp.flags,DD11T,0,2,DT,0.03651453353296505,0.054283666450443566,0.18213799985889337,0.054283666450443566,0.01541484379679613,0.008184889733162004,0,0.01621866226196289,0.015737295150756836
ntp.flags,DD11T,0,3,DT,0.03651453353296505,0.054283666450443566,0.18213799985889337,0.054283666450443566,0.01541484379679613,0.008184889733162004,0,0.015619516372680664,0.015623092651367188
ntp.flags,DD11T,0,4,DT,0.03651453353296505,0.054283666450443566,0.18213799985889337,0.054283666450443566,0.01541484379679613,0.008184889733162004,0,0.0015742778778076172,0.01262354850769043
