Feature,Dataset,T,CV,ML,Acc,b_Acc,Prec,Rec,F1,kap,ROC,tra-T,test-T
tcp.analysis.window_update,DD12T,0,0,DT,0.06409726883163819,0.049924949422436866,0.044707632522958556,0.049924949422436866,0.010000071083814925,0.001517092234807671,0,0.015608549118041992,0.005394458770751953
tcp.analysis.window_update,DD12T,0,1,DT,0.06409726883163819,0.049924949422436866,0.044707632522958556,0.049924949422436866,0.010000071083814925,0.001517092234807671,0,0.005110502243041992,0.010522127151489258
tcp.analysis.window_update,DD12T,0,2,DT,0.06409726883163819,0.049924949422436866,0.044707632522958556,0.049924949422436866,0.010000071083814925,0.001517092234807671,0,0.006734132766723633,0.00854182243347168
tcp.analysis.window_update,DD12T,0,3,DT,0.06409726883163819,0.049924949422436866,0.044707632522958556,0.049924949422436866,0.010000071083814925,0.001517092234807671,0,0.005953788757324219,0.0121612548828125
tcp.analysis.window_update,DD12T,0,4,DT,0.06409726883163819,0.049924949422436866,0.044707632522958556,0.049924949422436866,0.010000071083814925,0.001517092234807671,0,0.017067909240722656,0.013165712356567383
