Feature,Dataset,T,CV,ML,Acc,b_Acc,Prec,Rec,F1,kap,ROC,tra-T,test-T
icmp.seq_le,DD12T,0,0,DT,0.07123496308534255,0.05500870261807706,0.09145312586765167,0.05500870261807706,0.019284363374865835,0.009151274304096346,0,0.00971221923828125,0.010209798812866211
icmp.seq_le,DD12T,0,1,DT,0.07123496308534255,0.05500870261807706,0.09145312586765167,0.05500870261807706,0.019284363374865835,0.009151274304096346,0,0.014405012130737305,0.010037660598754883
icmp.seq_le,DD12T,0,2,DT,0.07123496308534255,0.05500870261807706,0.09145312586765167,0.05500870261807706,0.019284363374865835,0.009151274304096346,0,0.014274358749389648,0.011665582656860352
icmp.seq_le,DD12T,0,3,DT,0.07123496308534255,0.05500870261807706,0.09145312586765167,0.05500870261807706,0.019284363374865835,0.009151274304096346,0,0.01585245132446289,0.009402036666870117
icmp.seq_le,DD12T,0,4,DT,0.07123496308534255,0.05500870261807706,0.09145312586765167,0.05500870261807706,0.019284363374865835,0.009151274304096346,0,0.014937639236450195,0.005673885345458984
