Feature,Dataset,T,CV,ML,Acc,b_Acc,Prec,Rec,F1,kap,ROC,tra-T,test-T
dstport,DD21,0,0,DT,0.18097181481953833,0.1602010286071029,0.42264514359349836,0.1602010286071029,0.15660601038469468,0.12914249211255657,0,0.03017425537109375,0.02779221534729004
dstport,DD21,0,1,DT,0.18097181481953833,0.1602010286071029,0.42264514359349836,0.1602010286071029,0.15660601038469468,0.12914249211255657,0,0.04899263381958008,0.015585899353027344
dstport,DD21,0,2,DT,0.18097181481953833,0.1602010286071029,0.42264514359349836,0.1602010286071029,0.15660601038469468,0.12914249211255657,0,0.04041099548339844,0.01514124870300293
dstport,DD21,0,3,DT,0.18097181481953833,0.1602010286071029,0.42264514359349836,0.1602010286071029,0.15660601038469468,0.12914249211255657,0,0.03250885009765625,0.009109735488891602
dstport,DD21,0,4,DT,0.18097181481953833,0.1602010286071029,0.42264514359349836,0.1602010286071029,0.15660601038469468,0.12914249211255657,0,0.03644990921020508,0.024860382080078125
