Feature,Dataset,T,CV,ML,Acc,b_Acc,Prec,Rec,F1,kap,ROC,tra-T,test-T
dns.retransmit_request,DD22T,0,0,DT,0.06343528529132002,0.047619047619047616,0.003020727871015239,0.047619047619047616,0.0056810751209703065,0.0,0,0.0,0.01562809944152832
dns.retransmit_request,DD22T,0,1,DT,0.06343528529132002,0.047619047619047616,0.003020727871015239,0.047619047619047616,0.0056810751209703065,0.0,0,0.015632152557373047,0.015621662139892578
dns.retransmit_request,DD22T,0,2,DT,0.06343528529132002,0.047619047619047616,0.003020727871015239,0.047619047619047616,0.0056810751209703065,0.0,0,0.0,0.015726327896118164
dns.retransmit_request,DD22T,0,3,DT,0.06343528529132002,0.047619047619047616,0.003020727871015239,0.047619047619047616,0.0056810751209703065,0.0,0,0.015620946884155273,0.015622377395629883
dns.retransmit_request,DD22T,0,4,DT,0.06343528529132002,0.047619047619047616,0.003020727871015239,0.047619047619047616,0.0056810751209703065,0.0,0,0.031231403350830078,0.0
