Feature,Dataset,T,CV,ML,Acc,b_Acc,Prec,Rec,F1,kap,ROC,tra-T,test-T
eth.len,DD11,0,0,DT,0.06381839051141436,0.05185561769191663,0.044457803960618554,0.05185561769191663,0.013077305376116325,0.004473638881199338,0,0.0,0.015625476837158203
eth.len,DD11,0,1,DT,0.06381839051141436,0.05185561769191663,0.044457803960618554,0.05185561769191663,0.013077305376116325,0.004473638881199338,0,0.0,0.014054059982299805
eth.len,DD11,0,2,DT,0.06381839051141436,0.05185561769191663,0.044457803960618554,0.05185561769191663,0.013077305376116325,0.004473638881199338,0,0.015129804611206055,0.0007429122924804688
eth.len,DD11,0,3,DT,0.06381839051141436,0.05185561769191663,0.044457803960618554,0.05185561769191663,0.013077305376116325,0.004473638881199338,0,0.0,0.01564645767211914
eth.len,DD11,0,4,DT,0.06381839051141436,0.05185561769191663,0.044457803960618554,0.05185561769191663,0.013077305376116325,0.004473638881199338,0,0.015625476837158203,0.01562047004699707
