Feature,Dataset,T,CV,ML,Acc,b_Acc,Prec,Rec,F1,kap,ROC,tra-T,test-T
http.content_length_header,DD22T,0,0,DT,0.06942379057647736,0.0531996291697043,0.16597345685970452,0.0531996291697043,0.01597029359259952,0.006477551592979913,0,0.015618085861206055,0.015627622604370117
http.content_length_header,DD22T,0,1,DT,0.06942379057647736,0.0531996291697043,0.16597345685970452,0.0531996291697043,0.01597029359259952,0.006477551592979913,0,0.015630722045898438,0.015623092651367188
http.content_length_header,DD22T,0,2,DT,0.06942379057647736,0.0531996291697043,0.16597345685970452,0.0531996291697043,0.01597029359259952,0.006477551592979913,0,0.01561737060546875,0.015630722045898438
http.content_length_header,DD22T,0,3,DT,0.06942379057647736,0.0531996291697043,0.16597345685970452,0.0531996291697043,0.01597029359259952,0.006477551592979913,0,0.01562786102294922,0.015619277954101562
http.content_length_header,DD22T,0,4,DT,0.06942379057647736,0.0531996291697043,0.16597345685970452,0.0531996291697043,0.01597029359259952,0.006477551592979913,0,0.01560831069946289,0.015619277954101562
