Feature,Dataset,T,CV,ML,Acc,b_Acc,Prec,Rec,F1,kap,ROC,tra-T,test-T
ntp.flags.mode,DD11,0,0,DT,0.06295115418951665,0.05087414381646236,0.07152893867487935,0.05087414381646236,0.011165957030847776,0.004247742760369988,0,0.010991573333740234,0.007012128829956055
ntp.flags.mode,DD11,0,1,DT,0.06295115418951665,0.05087414381646236,0.07152893867487935,0.05087414381646236,0.011165957030847776,0.004247742760369988,0,0.008011102676391602,0.009555339813232422
ntp.flags.mode,DD11,0,2,DT,0.06295115418951665,0.05087414381646236,0.07152893867487935,0.05087414381646236,0.011165957030847776,0.004247742760369988,0,0.009597539901733398,0.008958101272583008
ntp.flags.mode,DD11,0,3,DT,0.06295115418951665,0.05087414381646236,0.07152893867487935,0.05087414381646236,0.011165957030847776,0.004247742760369988,0,0.010999679565429688,0.009058952331542969
ntp.flags.mode,DD11,0,4,DT,0.06295115418951665,0.05087414381646236,0.07152893867487935,0.05087414381646236,0.011165957030847776,0.004247742760369988,0,0.010004281997680664,0.009130716323852539
