Feature,Dataset,T,CV,ML,Acc,b_Acc,Prec,Rec,F1,kap,ROC,tra-T,test-T
http.connection,DD21T,0,0,DT,0.06606111758637782,0.049236603320741035,0.07822114891425022,0.049236603320741035,0.00865368998745514,0.0023068191339564725,0,0.012003421783447266,0.008821964263916016
http.connection,DD21T,0,1,DT,0.06606111758637782,0.049236603320741035,0.07822114891425022,0.049236603320741035,0.00865368998745514,0.0023068191339564725,0,0.014703512191772461,0.007676839828491211
http.connection,DD21T,0,2,DT,0.06606111758637782,0.049236603320741035,0.07822114891425022,0.049236603320741035,0.00865368998745514,0.0023068191339564725,0,0.013932943344116211,0.010088920593261719
http.connection,DD21T,0,3,DT,0.06606111758637782,0.049236603320741035,0.07822114891425022,0.049236603320741035,0.00865368998745514,0.0023068191339564725,0,0.010098457336425781,0.010370492935180664
http.connection,DD21T,0,4,DT,0.06606111758637782,0.049236603320741035,0.07822114891425022,0.049236603320741035,0.00865368998745514,0.0023068191339564725,0,0.012791633605957031,0.008570671081542969
