Feature,Dataset,T,CV,ML,Acc,b_Acc,Prec,Rec,F1,kap,ROC,tra-T,test-T
ip.bogus_ip_length,DD12,0,0,DT,0.06111747486317933,0.04774038254857413,0.01511183316430908,0.04774038254857413,0.008045678309771678,0.00012628651568369342,0,0.015630245208740234,0.0177304744720459
ip.bogus_ip_length,DD12,0,1,DT,0.06111747486317933,0.04774038254857413,0.01511183316430908,0.04774038254857413,0.008045678309771678,0.00012628651568369342,0,0.008112668991088867,0.008106708526611328
ip.bogus_ip_length,DD12,0,2,DT,0.06111747486317933,0.04774038254857413,0.01511183316430908,0.04774038254857413,0.008045678309771678,0.00012628651568369342,0,0.006603240966796875,0.015639543533325195
ip.bogus_ip_length,DD12,0,3,DT,0.06111747486317933,0.04774038254857413,0.01511183316430908,0.04774038254857413,0.008045678309771678,0.00012628651568369342,0,0.0,0.01621389389038086
ip.bogus_ip_length,DD12,0,4,DT,0.06111747486317933,0.04774038254857413,0.01511183316430908,0.04774038254857413,0.008045678309771678,0.00012628651568369342,0,0.015642642974853516,0.0
