Feature,Dataset,T,CV,ML,Acc,b_Acc,Prec,Rec,F1,kap,ROC,tra-T,test-T
ip.version,DD22,0,0,DT,0.07612320224004072,0.06275901462458307,0.02676090488332366,0.06275901462458307,0.025483497117924397,0.016626947068626108,0,0.01618790626525879,0.015609979629516602
ip.version,DD22,0,1,DT,0.07612320224004072,0.06275901462458307,0.02676090488332366,0.06275901462458307,0.025483497117924397,0.016626947068626108,0,0.01562190055847168,0.0
ip.version,DD22,0,2,DT,0.07612320224004072,0.06275901462458307,0.02676090488332366,0.06275901462458307,0.025483497117924397,0.016626947068626108,0,0.015624284744262695,0.01562809944152832
ip.version,DD22,0,3,DT,0.07612320224004072,0.06275901462458307,0.02676090488332366,0.06275901462458307,0.025483497117924397,0.016626947068626108,0,0.019738435745239258,0.012023448944091797
ip.version,DD22,0,4,DT,0.07612320224004072,0.06275901462458307,0.02676090488332366,0.06275901462458307,0.025483497117924397,0.016626947068626108,0,0.0,0.01563262939453125
