Feature,Dataset,T,CV,ML,Acc,b_Acc,Prec,Rec,F1,kap,ROC,tra-T,test-T
tcp.flags,DD21T,0,0,DT,0.12823707514435378,0.12230695904116044,0.05376609064887568,0.12230695904116044,0.04822271480036359,0.08604073168369242,0,0.019054412841796875,0.013167858123779297
tcp.flags,DD21T,0,1,DT,0.12823707514435378,0.12230695904116044,0.05376609064887568,0.12230695904116044,0.04822271480036359,0.08604073168369242,0,0.014976263046264648,0.010075569152832031
tcp.flags,DD21T,0,2,DT,0.12823707514435378,0.12230695904116044,0.05376609064887568,0.12230695904116044,0.04822271480036359,0.08604073168369242,0,0.013080835342407227,0.010268211364746094
tcp.flags,DD21T,0,3,DT,0.12823707514435378,0.12230695904116044,0.05376609064887568,0.12230695904116044,0.04822271480036359,0.08604073168369242,0,0.020746469497680664,0.013664960861206055
tcp.flags,DD21T,0,4,DT,0.12823707514435378,0.12230695904116044,0.05376609064887568,0.12230695904116044,0.04822271480036359,0.08604073168369242,0,0.016353368759155273,0.013172388076782227
