Feature,Dataset,T,CV,ML,Acc,b_Acc,Prec,Rec,F1,kap,ROC,tra-T,test-T
ntp.flags.li,DD11T,0,0,DT,0.032539108885332235,0.05118808250056496,0.06164542078990103,0.05118808250056496,0.009144092793044315,0.004087948736818281,0,0.000926971435546875,0.015055179595947266
ntp.flags.li,DD11T,0,1,DT,0.032539108885332235,0.05118808250056496,0.06164542078990103,0.05118808250056496,0.009144092793044315,0.004087948736818281,0,0.016710758209228516,0.015010833740234375
ntp.flags.li,DD11T,0,2,DT,0.032539108885332235,0.05118808250056496,0.06164542078990103,0.05118808250056496,0.009144092793044315,0.004087948736818281,0,0.0,0.015626192092895508
ntp.flags.li,DD11T,0,3,DT,0.032539108885332235,0.05118808250056496,0.06164542078990103,0.05118808250056496,0.009144092793044315,0.004087948736818281,0,0.0,0.01562190055847168
ntp.flags.li,DD11T,0,4,DT,0.032539108885332235,0.05118808250056496,0.06164542078990103,0.05118808250056496,0.009144092793044315,0.004087948736818281,0,0.004545688629150391,0.011547565460205078
