Feature,Dataset,T,CV,ML,Acc,b_Acc,Prec,Rec,F1,kap,ROC,tra-T,test-T
stun.attributes,ADS2,1,0,DT,0.06504119498961752,0.04952213674742913,0.03469276292655189,0.04952213674742913,0.01012321291592054,0.0029012423500659468,0,0.006472110748291016,0.005713224411010742
stun.attributes,ADS2,2,0,DT,0.07039989282604327,0.050057919874536644,0.0382516587588271,0.050057919874536644,0.010884395805216936,0.0035328385991775235,0,0.015619754791259766,0.0
stun.attributes,ADS2,3,0,DT,0.06966307187353474,0.049308800651675075,0.03370618302820624,0.049308800651675075,0.0097857923101865,0.002454288405766447,0,0.01572704315185547,0.0
stun.attributes,ADS2,4,0,DT,0.0722802786709539,0.04992513510935251,0.03915988936760505,0.04992513510935251,0.011117769883515892,0.00340085607079732,0,0.0,0.0
stun.attributes,ADS2,5,0,DT,0.06960075026795284,0.04982653716061357,0.04037079040442872,0.04982653716061357,0.010531619614180086,0.0032359509699082523,0,0.015740633010864258,0.0
