Feature,Dataset,T,CV,ML,Acc,b_Acc,Prec,Rec,F1,kap,ROC,tra-T,test-T
ip.opt.type.number,ADS1,1,0,DT,0.11022199277232834,0.09542842468109371,0.05176275155548361,0.09542842468109371,0.05389234150291525,0.05092214387102856,0,0.0,0.015628814697265625
ip.opt.type.number,ADS1,2,0,DT,0.11313326879638592,0.09632985417818875,0.05441946787492098,0.09632985417818875,0.05527163499446807,0.05529293714195416,0,0.0,0.0
ip.opt.type.number,ADS1,3,0,DT,0.11235882542755728,0.09492675119551523,0.05355178313218856,0.09492675119551523,0.054768756596364564,0.051212195336784117,0,0.015624761581420898,0.0
ip.opt.type.number,ADS1,4,0,DT,0.11016456921587608,0.09590366883279279,0.05179572563842962,0.09590366883279279,0.0541363371431272,0.05104406532688199,0,0.0,0.0
ip.opt.type.number,ADS1,5,0,DT,0.10861568247821878,0.09456883358699122,0.05109854767882896,0.09456883358699122,0.053295155661090214,0.04892449540383603,0,0.015677213668823242,0.0
