Feature,Dataset,T,CV,ML,Acc,b_Acc,Prec,Rec,F1,kap,ROC,tra-T,test-T
tcp.completeness,ADS1,1,0,DT,0.20121321631388744,0.15742987799216987,0.1863639803936971,0.15742987799216987,0.07265411961730942,0.14930736887659724,0,0.015642881393432617,0.0
tcp.completeness,ADS1,2,0,DT,0.20606647305582446,0.1604351700694661,0.20756815003348458,0.1604351700694661,0.07467480335666467,0.154075983856929,0,0.015619993209838867,0.0
tcp.completeness,ADS1,3,0,DT,0.21019683768957728,0.15831182766599136,0.20441882453690963,0.15831182766599136,0.07511419254079674,0.15624990197181865,0,0.015621423721313477,0.0
tcp.completeness,ADS1,4,0,DT,0.20064536947402387,0.1584840486624857,0.17369256568168862,0.1584840486624857,0.07246795215717532,0.14915377137749208,0,0.015626192092895508,0.0
tcp.completeness,ADS1,5,0,DT,0.20813165537270087,0.1584597433331354,0.1840368719781036,0.1584597433331354,0.07341447148554957,0.15511157725730595,0,0.01562356948852539,0.0011060237884521484
