Feature,Dataset,T,CV,ML,Acc,b_Acc,Prec,Rec,F1,kap,ROC,tra-T,test-T
tcp.analysis.duplicate_ack,ADS2,1,0,DT,0.0692611695358028,0.05143950928857174,0.029567704008138462,0.05143950928857174,0.012531190558163532,0.0055713634058994765,0,0.0,0.0
tcp.analysis.duplicate_ack,ADS2,2,0,DT,0.07066782771786456,0.051024038217207905,0.03021446606036163,0.051024038217207905,0.012004067859423753,0.004834743499085081,0,0.01573657989501953,0.0
tcp.analysis.duplicate_ack,ADS2,3,0,DT,0.07153861611628375,0.05089627091712597,0.028774315839875948,0.05089627091712597,0.01184607420014561,0.004764313134528075,0,0.0,0.0
tcp.analysis.duplicate_ack,ADS2,4,0,DT,0.07355305466237942,0.051167454812295975,0.027781278046565154,0.051167454812295975,0.012442785884992405,0.0052192704666473855,0,0.0,0.0
tcp.analysis.duplicate_ack,ADS2,5,0,DT,0.0717443729903537,0.0516125770902841,0.03065286415587718,0.0516125770902841,0.012958893033458546,0.005701510691097922,0,0.0,0.0
