Feature,Dataset,T,CV,ML,Acc,b_Acc,Prec,Rec,F1,kap,ROC,tra-T,test-T
dns.flags.z,ADS1,1,0,DT,0.06859834796076407,0.05248698669751302,0.012018621345567512,0.05248698669751302,0.012062176041825563,0.006887656468507863,0,0.0,0.0
dns.flags.z,ADS1,2,0,DT,0.07318489835430785,0.05294420550232288,0.01250513541942879,0.05294420550232288,0.012903500741910849,0.007702662674562988,0,0.0,0.0
dns.flags.z,ADS1,3,0,DT,0.07060342045821233,0.05377260248035596,0.013732828811915634,0.05377260248035596,0.013583666675733762,0.008838971116343686,0,0.007049083709716797,0.0
dns.flags.z,ADS1,4,0,DT,0.07002258793159083,0.05306823760432008,0.012611369598248132,0.05306823760432008,0.012756857611979488,0.007653910309480483,0,0.015049934387207031,0.0010547637939453125
dns.flags.z,ADS1,5,0,DT,0.06802194256211681,0.05326032852165256,0.011399620040509388,0.05326032852165256,0.012451201073037946,0.007246607065900745,0,0.01576519012451172,0.0
