Feature,Dataset,T,CV,ML,Acc,b_Acc,Prec,Rec,F1,kap,ROC,tra-T,test-T
icmp.checksum,ADS1,1,0,DT,0.06821115126484253,0.05176485798618741,0.057952523963179105,0.05176485798618741,0.013482824132587837,0.005363796585948322,0,0.015629291534423828,0.0
icmp.checksum,ADS1,2,0,DT,0.06840916424653114,0.05121917387784905,0.055345872603691004,0.05121917387784905,0.012586156832830483,0.0044328955207944,0,0.01562976837158203,0.0
icmp.checksum,ADS1,3,0,DT,0.0696999031945789,0.05120122037025305,0.054618999056999504,0.05120122037025305,0.01264362982699779,0.00445068442458918,0,0.01561594009399414,0.0
icmp.checksum,ADS1,4,0,DT,0.0680864795095192,0.051328903408710685,0.06037931904416268,0.051328903408710685,0.012747692881821463,0.004689606165616866,0,0.0,0.0156402587890625
icmp.checksum,ADS1,5,0,DT,0.06466602129719265,0.05077168448333461,0.04827242208767036,0.05077168448333461,0.012071032631043617,0.0038977453106178173,0,0.0,0.0
