Feature,Dataset,T,CV,ML,Acc,b_Acc,Prec,Rec,F1,kap,ROC,tra-T,test-T
tcp.seq_raw,ADS1,1,0,DT,0.6233866804336603,0.6408743698231593,0.8139934959598168,0.6408743698231593,0.673970893243539,0.6015399110153967,0,0.1909623146057129,0.0
tcp.seq_raw,ADS1,2,0,DT,0.6254920942239433,0.6394575879768127,0.816052439693953,0.6394575879768127,0.6764688359451411,0.6034101899747875,0,0.20691871643066406,0.0
tcp.seq_raw,ADS1,3,0,DT,0.6172313649564376,0.6376637716574524,0.8168457964668774,0.6376637716574524,0.6724384812966685,0.595065870566732,0,0.22775578498840332,0.0
tcp.seq_raw,ADS1,4,0,DT,0.6182639561148757,0.6339078885243543,0.8196918107142596,0.6339078885243543,0.6697441510560379,0.5959160429834613,0,0.22666001319885254,0.00960850715637207
tcp.seq_raw,ADS1,5,0,DT,0.6253630203291385,0.6395507697522335,0.8182354076496829,0.6395507697522335,0.6770815707498693,0.6034457843486889,0,0.21710205078125,0.009017229080200195
