Feature,Dataset,T,CV,ML,Acc,b_Acc,Prec,Rec,F1,kap,ROC,tra-T,test-T
tls.handshake.extensions_supported_groups_length,ADS2,1,0,DT,0.07334717663607743,0.050824305695278196,0.10864642223099716,0.050824305695278196,0.012414004868514452,0.0035606551718995183,0,0.01569390296936035,0.0
tls.handshake.extensions_supported_groups_length,ADS2,2,0,DT,0.0686583160292049,0.0501040354687334,0.10009475742832191,0.0501040354687334,0.010690631059660404,0.0030671945640106113,0,0.0,0.0
tls.handshake.extensions_supported_groups_length,ADS2,3,0,DT,0.07100274633264117,0.050818400674920064,0.08763793810965026,0.050818400674920064,0.012126490304785686,0.003494487797224277,0,0.015567779541015625,0.0
tls.handshake.extensions_supported_groups_length,ADS2,4,0,DT,0.06946677384780278,0.051162934429358445,0.10371016452332164,0.051162934429358445,0.012618962235941151,0.003892486369423742,0,0.015645980834960938,0.0
tls.handshake.extensions_supported_groups_length,ADS2,5,0,DT,0.06645230439442658,0.05127811046588809,0.12055158398499266,0.05127811046588809,0.012672272195219592,0.0039879719388904444,0,0.01500844955444336,0.0
