Feature,Dataset,T,CV,ML,Acc,b_Acc,Prec,Rec,F1,kap,ROC,tra-T,test-T
tcp.analysis.lost_segment,ADS2,1,0,DT,0.06725165784714314,0.047619047619047616,0.0032024598974830067,0.047619047619047616,0.0060013210079111045,0.0,0,0.01561594009399414,0.0
tcp.analysis.lost_segment,ADS2,2,0,DT,0.06731864157009847,0.047619047619047616,0.0032056495985761176,0.047619047619047616,0.006006921407950653,0.0,0,0.015631437301635742,0.0
tcp.analysis.lost_segment,ADS2,3,0,DT,0.0634335856386898,0.047619047619047616,0.0030206469351757048,0.047619047619047616,0.00568093198478686,0.0,0,0.012105941772460938,0.0
tcp.analysis.lost_segment,ADS2,4,0,DT,0.06457663451232583,0.047619047619047616,0.0030750778339202777,0.047619047619047616,0.005777090599642827,0.0,0,0.01562643051147461,0.0
tcp.analysis.lost_segment,ADS2,5,0,DT,0.06993569131832797,0.047619047619047616,0.003330271015158475,0.047619047619047616,0.006225179778898787,0.0,0,0.0,0.015611410140991211
