Feature,Dataset,T,CV,ML,Acc,b_Acc,Prec,Rec,F1,kap,ROC,tra-T,test-T
dns.soa.minimum_ttl,ADS2,1,0,DT,0.06778752763078572,0.047619047619047616,0.003227977506227891,0.047619047619047616,0.0060461045342796805,0.0,0,0.015724658966064453,0.0
dns.soa.minimum_ttl,ADS2,2,0,DT,0.06839038113738362,0.047619047619047616,0.0032566848160658864,0.047619047619047616,0.006096432303328855,0.0,0,0.0,0.015643835067749023
dns.soa.minimum_ttl,ADS2,3,0,DT,0.0655770647732601,0.047619047619047616,0.003122717370155243,0.047619047619047616,0.00586108217488655,0.0,0,0.012621879577636719,0.0
dns.soa.minimum_ttl,ADS2,4,0,DT,0.06504555198285102,0.047619047619047616,0.00309740723727862,0.047619047619047616,0.005816478424818572,0.0,0,0.01562643051147461,0.0
dns.soa.minimum_ttl,ADS2,5,0,DT,0.06571543408360128,0.047619047619047616,0.0031293063849333943,0.047619047619047616,0.005872686619433744,0.0,0,0.01562786102294922,0.0
