Feature,Dataset,T,CV,ML,Acc,b_Acc,Prec,Rec,F1,kap,ROC,tra-T,test-T
icmp.type,ADS1,1,0,DT,0.06763035622096025,0.0521972172958337,0.07341248041939842,0.0521972172958337,0.013688874685656261,0.005543523598553368,0,0.015541315078735352,0.0
icmp.type,ADS1,2,0,DT,0.06802194256211681,0.052409057562088725,0.07632251811485866,0.052409057562088725,0.014104889012749568,0.005750353837423283,0,0.0,0.015679359436035156
icmp.type,ADS1,3,0,DT,0.06589222329783802,0.05230480876237334,0.030324692726003768,0.05230480876237334,0.013502314468157025,0.005575226031538816,0,0.0,0.015674352645874023
icmp.type,ADS1,4,0,DT,0.06427879961277831,0.05171609036783662,0.06130688795445242,0.05171609036783662,0.012888471798657824,0.004749604726405954,0,0.0021321773529052734,0.0
icmp.type,ADS1,5,0,DT,0.06750564698289771,0.05160614740607946,0.07408859431133756,0.05160614740607946,0.012885597395644835,0.004846464693167185,0,0.019606828689575195,0.0
