Feature,Dataset,T,CV,ML,Acc,b_Acc,Prec,Rec,F1,kap,ROC,tra-T,test-T
tcp.flags.ack,ADS2,1,0,DT,0.12713510616920087,0.09529508146154503,0.02739658196575642,0.09529508146154503,0.028050681640902186,0.06789155476726116,0,0.015636920928955078,0.0
tcp.flags.ack,ADS2,2,0,DT,0.1272020898921562,0.093937397573382,0.028160581404537536,0.093937397573382,0.027837110216957582,0.06707114760699151,0,0.0,0.0
tcp.flags.ack,ADS2,3,0,DT,0.12666622010851364,0.09401323822376455,0.0284738424315767,0.09401323822376455,0.02747088031516561,0.06697873742158011,0,0.0,0.0
tcp.flags.ack,ADS2,4,0,DT,0.12881832797427653,0.09429242539576202,0.030368934564634416,0.09429242539576202,0.02861988221634059,0.0683084159358367,0,0.011606454849243164,0.0
tcp.flags.ack,ADS2,5,0,DT,0.12687566988210075,0.09425651867512332,0.027560906559719194,0.09425651867512332,0.027969998238193867,0.06712712128599863,0,0.010606765747070312,0.0
