Feature,Dataset,T,CV,ML,Acc,b_Acc,Prec,Rec,F1,kap,ROC,tra-T,test-T
dhcp.flags.bc,ADS2,1,0,DT,0.07662937906088821,0.06327462491846053,0.04608161791260383,0.06327462491846053,0.028973548528839377,0.0107660695929086,0,0.0,0.0
dhcp.flags.bc,ADS2,2,0,DT,0.07488780226404984,0.06364959492039629,0.07017183507070454,0.06364959492039629,0.029406058227768508,0.010234464179987524,0,0.0,0.0
dhcp.flags.bc,ADS2,3,0,DT,0.07381606269676469,0.06332629012839087,0.0693668725145902,0.06332629012839087,0.028880990230836363,0.009213386593882378,0,0.0,0.0
dhcp.flags.bc,ADS2,4,0,DT,0.07723740621650589,0.06345325416230062,0.04824950867702677,0.06345325416230062,0.02955222595367261,0.010194987012856038,0,0.0,0.0
dhcp.flags.bc,ADS2,5,0,DT,0.07495980707395498,0.06337271750805586,0.04593971892448011,0.06337271750805586,0.02898603534611362,0.009879706442844083,0,0.003610372543334961,0.0
