Feature,Dataset,T,CV,ML,Acc,b_Acc,Prec,Rec,F1,kap,ROC,tra-T,test-T
dhcp.hops,ADS1,1,0,DT,0.07201858544140423,0.0636303550903915,0.047237719230568,0.0636303550903915,0.029241862731565666,0.010150836177135747,0,0.010605573654174805,0.0017704963684082031
dhcp.hops,ADS1,2,0,DT,0.07111971603743143,0.0637282059599281,0.04686700648190446,0.0637282059599281,0.029338282761007774,0.009867660292424696,0,0.005584239959716797,0.0
dhcp.hops,ADS1,3,0,DT,0.07189415940626008,0.06187996031746032,0.04554697784540779,0.06187996031746032,0.027163471703327297,0.008283500750384198,0,0.01255488395690918,0.0030519962310791016
dhcp.hops,ADS1,4,0,DT,0.07028073572120039,0.061698717948717945,0.048752356045886826,0.061698717948717945,0.02716638146105194,0.00877579524670491,0,0.0,0.0
dhcp.hops,ADS1,5,0,DT,0.07086156824782187,0.06290261462675255,0.04539603783436677,0.06290261462675255,0.028159429389303776,0.008694064616017516,0,0.005529165267944336,0.005611896514892578
