Feature,Dataset,T,CV,ML,Acc,b_Acc,Prec,Rec,F1,kap,ROC,tra-T,test-T
ip.dsfield,ADS1,1,0,DT,0.11222250903458957,0.09626408398039883,0.1976452018238581,0.09626408398039883,0.07007804521092047,0.05304584005270796,0,0.0178678035736084,0.0025467872619628906
ip.dsfield,ADS1,2,0,DT,0.11468215553404323,0.09724969152300232,0.1972355563922807,0.09724969152300232,0.07156215143645069,0.05477963876892267,0,0.006936311721801758,0.0021009445190429688
ip.dsfield,ADS1,3,0,DT,0.11532752500806712,0.09826229998877546,0.19661726280932404,0.09826229998877546,0.07189130577139487,0.05660294981393055,0,0.009758710861206055,0.0
ip.dsfield,ADS1,4,0,DT,0.1143594707970313,0.09735426544081548,0.19737031871594846,0.09735426544081548,0.0714372667100079,0.05623515427464254,0,0.012113094329833984,0.0027141571044921875
ip.dsfield,ADS1,5,0,DT,0.11939335269441756,0.09870310463731038,0.15057349466754535,0.09870310463731038,0.0737032708563281,0.05704135320680548,0,0.010425090789794922,0.0020411014556884766
