Feature,Dataset,T,CV,ML,Acc,b_Acc,Prec,Rec,F1,kap,ROC,tra-T,test-T
icmp.ident,ADS2,1,0,DT,0.07455288364927323,0.05875600864045109,0.09535546616146227,0.05875600864045109,0.02580536757231345,0.013201846148599539,0,0.015715360641479492,0.0
icmp.ident,ADS2,2,0,DT,0.07850492330363722,0.05825399249857199,0.09380289769991042,0.05825399249857199,0.02565236708706487,0.01240998340725985,0,0.0,0.0
icmp.ident,ADS2,3,0,DT,0.07910777681023512,0.058087377718972245,0.09429127686238621,0.058087377718972245,0.025420182014610177,0.012746041951032794,0,0.015630245208740234,0.0
icmp.ident,ADS2,4,0,DT,0.07703644158628081,0.05790977775405923,0.09363196149298002,0.05790977775405923,0.02439317072162763,0.01241490848060367,0,0.002195596694946289,0.0
icmp.ident,ADS2,5,0,DT,0.07864415862808145,0.058685054989360254,0.09318673359955272,0.058685054989360254,0.026423996542095325,0.013112215556666862,0,0.00260162353515625,0.0
