Feature,Dataset,T,CV,ML,Acc,b_Acc,Prec,Rec,F1,kap,ROC,tra-T,test-T
stun.att.error.class,ADS1,1,0,DT,0.06485544656685596,0.04785339332583427,0.0506930291321228,0.04785339332583427,0.006241552013914358,0.00034456671883653645,0,0.015624761581420898,0.0
stun.att.error.class,ADS1,2,0,DT,0.062213617295901906,0.047963044867069635,0.050561417748917745,0.047963044867069635,0.006225343912442986,0.000481124054522053,0,0.0,0.015619516372680664
stun.att.error.class,ADS1,3,0,DT,0.06247176508551146,0.04785270339735501,0.050579482922930304,0.04785270339735501,0.006039349686191258,0.0003428252029792356,0,0.0,0.0
stun.att.error.class,ADS1,4,0,DT,0.06285898676992578,0.047619047619047616,0.0029932850842821802,0.047619047619047616,0.005632515924579802,0.0,0,0.015622377395629883,0.0
stun.att.error.class,ADS1,5,0,DT,0.06402065182316877,0.047619047619047616,0.0030486024677699414,0.047619047619047616,0.00573034454274219,0.0,0,0.015744686126708984,0.0
