Feature,Dataset,T,CV,ML,Acc,b_Acc,Prec,Rec,F1,kap,ROC,tra-T,test-T
tcp.connection.fin,ADS1,1,0,DT,0.06711409395973154,0.051547011901016994,0.013293620396585538,0.051547011901016994,0.012129974807654794,0.0047885091277096725,0,0.015520572662353516,0.0
tcp.connection.fin,ADS1,2,0,DT,0.06731203614069055,0.05214633182232593,0.012973968868251338,0.05214633182232593,0.01199302414944873,0.0053395976985008975,0,0.01573324203491211,0.0
tcp.connection.fin,ADS1,3,0,DT,0.06847370119393353,0.05147951185687035,0.012358543510763022,0.05147951185687035,0.011826672135815343,0.00462147406621638,0,0.0,0.015735626220703125
tcp.connection.fin,ADS1,4,0,DT,0.06686027750887383,0.052081288529442986,0.012941163694178697,0.052081288529442986,0.012623932471849795,0.005158683687628507,0,0.0,0.0
tcp.connection.fin,ADS1,5,0,DT,0.06989351403678606,0.05226238388484425,0.014277548849495756,0.05226238388484425,0.013132650449621771,0.0056414281754336715,0,0.008611202239990234,0.0
