Feature,Dataset,T,CV,ML,Acc,b_Acc,Prec,Rec,F1,kap,ROC,tra-T,test-T
tcp.flags.syn,ADS2,1,0,DT,0.1257284479871391,0.09538807801864876,0.023869935130227424,0.09538807801864876,0.02825824979084754,0.06713827129174066,0,0.015655994415283203,0.0
tcp.flags.syn,ADS2,2,0,DT,0.12974747136445844,0.09470327636159409,0.024296118010278735,0.09470327636159409,0.028172966986350755,0.06880688791191769,0,0.0,0.015629053115844727
tcp.flags.syn,ADS2,3,0,DT,0.12345100140665818,0.09431271191300546,0.021081489559951004,0.09431271191300546,0.02634009127409078,0.06493616703667238,0,0.0,0.015700101852416992
tcp.flags.syn,ADS2,4,0,DT,0.12278938906752411,0.0943914132457872,0.023943362011885416,0.0943914132457872,0.02765768222226576,0.06483886368097969,0,0.011992216110229492,0.0
tcp.flags.syn,ADS2,5,0,DT,0.12680868167202572,0.09515381886279013,0.02374442875130745,0.09515381886279013,0.02821724529728431,0.06790018067418946,0,0.0,0.015619516372680664
