Feature,Dataset,T,CV,ML,Acc,b_Acc,Prec,Rec,F1,kap,ROC,tra-T,test-T
tcp.connection.rst,ADS2,1,0,DT,0.06872529975216023,0.04887197265154798,0.032822575714271496,0.04887197265154798,0.008562840471840295,0.001868985208775098,0,0.018834352493286133,0.0
tcp.connection.rst,ADS2,2,0,DT,0.06839038113738362,0.04855386573721274,0.025926402563957153,0.04855386573721274,0.00796516200262052,0.0013708078231607912,0,0.015623092651367188,0.003930568695068359
tcp.connection.rst,ADS2,3,0,DT,0.07073481144081988,0.049141909809564475,0.03375342044876288,0.049141909809564475,0.009116965681031763,0.0022425525368801047,0,0.0,0.015633583068847656
tcp.connection.rst,ADS2,4,0,DT,0.0642416934619507,0.0484289893441754,0.026256597740298357,0.0484289893441754,0.007584227217866573,0.0012060386903924858,0,0.0,0.01563429832458496
tcp.connection.rst,ADS2,5,0,DT,0.06806002143622722,0.04866383045127234,0.023698987282225924,0.04866383045127234,0.008280985031623144,0.0015161229898909,0,0.01563096046447754,0.0
