Feature,Dataset,T,CV,ML,Acc,b_Acc,Prec,Rec,F1,kap,ROC,tra-T,test-T
eth.src.lg,ADS2,1,0,DT,0.06537611360439413,0.047619047619047616,0.003113148266875911,0.047619047619047616,0.005844223888863939,0.0,0,0.0025060176849365234,0.0
eth.src.lg,ADS2,2,0,DT,0.06450532520597495,0.047619047619047616,0.0030716821526654736,0.047619047619047616,0.0057710977670705835,0.0,0,0.0,0.0
eth.src.lg,ADS2,3,0,DT,0.06537611360439413,0.047619047619047616,0.003113148266875911,0.047619047619047616,0.005844223888863939,0.0,0,0.0,0.0
eth.src.lg,ADS2,4,0,DT,0.06893086816720258,0.047619047619047616,0.0032824222936763134,0.047619047619047616,0.006141505295481607,0.0,0,0.0,0.0
eth.src.lg,ADS2,5,0,DT,0.06832797427652733,0.047619047619047616,0.0032537130607870157,0.047619047619047616,0.006091225052850336,0.0,0,0.0,0.0
