Feature,Dataset,T,CV,ML,Acc,b_Acc,Prec,Rec,F1,kap,ROC,tra-T,test-T
stun.att.crc32,ADS1,1,0,DT,0.06485544656685596,0.04785339332583427,0.0506930291321228,0.04785339332583427,0.006241552013914358,0.00034456671883653645,0,0.010106801986694336,0.0030307769775390625
stun.att.crc32,ADS1,2,0,DT,0.06227815424330429,0.04801218733107278,0.050561607738594895,0.04801218733107278,0.00632246195040874,0.0005498560916020745,0,0.00698399543762207,0.0
stun.att.crc32,ADS1,3,0,DT,0.06240722813810907,0.047805972241693535,0.050579291816139016,0.047805972241693535,0.005946368611393686,0.0002742600941757489,0,0.011890888214111328,0.006240367889404297
stun.att.crc32,ADS1,4,0,DT,0.06285898676992578,0.047619047619047616,0.0029932850842821802,0.047619047619047616,0.005632515924579802,0.0,0,0.011319875717163086,0.0
stun.att.crc32,ADS1,5,0,DT,0.06402065182316877,0.047619047619047616,0.0030486024677699414,0.047619047619047616,0.00573034454274219,0.0,0,0.0061931610107421875,0.004513978958129883
