Feature,Dataset,T,CV,ML,Acc,b_Acc,Prec,Rec,F1,kap,ROC,tra-T,test-T
eth.fcs,ADS2,1,0,DT,0.06691673923236653,0.047619047619047616,0.003186511392017454,0.047619047619047616,0.005973308459496305,0.0,0,0.01991868019104004,0.001287698745727539
eth.fcs,ADS2,2,0,DT,0.06463929265188559,0.047619047619047616,0.0030780615548516945,0.047619047619047616,0.0057823557257305844,0.0,0,0.015616655349731445,0.0
eth.fcs,ADS2,3,0,DT,0.0692611695358028,0.047619047619047616,0.003298150930276324,0.047619047619047616,0.006169027781506639,0.0,0,0.0,0.0
eth.fcs,ADS2,4,0,DT,0.06437566988210075,0.047619047619047616,0.0030655080896238454,0.047619047619047616,0.005760199479124521,0.0,0,0.0,0.015617132186889648
eth.fcs,ADS2,5,0,DT,0.06732315112540192,0.047619047619047616,0.0032058643393048534,0.047619047619047616,0.006007298419273565,0.0,0,0.0,0.0
