Feature,Dataset,T,CV,ML,Acc,b_Acc,Prec,Rec,F1,kap,ROC,tra-T,test-T
tcp.options.sack.dsack_re,DIS1,1,0,DT,0.06491518938910854,0.04945074449740231,0.27601755956186336,0.04945074449740231,0.009585961776011448,0.0019446253438457628,0,0.0,0.0
tcp.options.sack.dsack_re,DIS1,2,0,DT,0.06319347022063512,0.049620685952284284,0.18067974429401723,0.049620685952284284,0.009751683511509988,0.002333473632555094,0,0.0,0.015734195709228516
tcp.options.sack.dsack_re,DIS1,3,0,DT,0.06466011988266802,0.04959251760370963,0.18979584478753594,0.04959251760370963,0.009645443727660402,0.0022073163032668708,0,0.008610963821411133,0.0
tcp.options.sack.dsack_re,DIS1,4,0,DT,0.06223695957148323,0.049020759515891695,0.1870261697387488,0.049020759515891695,0.008325774360268804,0.0015154510758703665,0,0.01573014259338379,0.0
tcp.options.sack.dsack_re,DIS1,5,0,DT,0.06478765463588827,0.049460126156790976,0.15837421222528283,0.049460126156790976,0.009486970185111023,0.0020080841384273462,0,0.0,0.0
