Feature,Dataset,T,CV,ML,Acc,b_Acc,Prec,Rec,F1,kap,ROC,tra-T,test-T
eapol.keydes.key_iv,DIS2,1,0,DT,0.07292859870179458,0.060358562693138586,0.023426346045436027,0.060358562693138586,0.021407559161929185,0.013877159650163562,0,0.0157623291015625,0.0
eapol.keydes.key_iv,DIS2,2,0,DT,0.0749013618429426,0.05984186239586986,0.02253587684161969,0.05984186239586986,0.020962102999746206,0.0133935998552136,0,0.015760183334350586,0.0
eapol.keydes.key_iv,DIS2,3,0,DT,0.07280132366043018,0.05957001170455246,0.023402363869113957,0.05957001170455246,0.020663420561908456,0.01348026447605688,0,0.015643835067749023,0.0
eapol.keydes.key_iv,DIS2,4,0,DT,0.07534682448771796,0.05750272306572067,0.02057503078587893,0.05750272306572067,0.018755355771930358,0.011310998969963793,0,0.013406991958618164,0.0
eapol.keydes.key_iv,DIS2,5,0,DT,0.07566501209112893,0.05941520382517301,0.022302822375880712,0.05941520382517301,0.02062474777521114,0.012903900795336765,0,0.009050607681274414,0.007048845291137695
