Feature,Dataset,T,CV,ML,Acc,b_Acc,Prec,Rec,F1,kap,ROC,tra-T,test-T
stun.cookie,DIS1,1,0,DT,0.06274709858436424,0.04812147602300005,0.029749366234429427,0.04812147602300005,0.006566377221743448,0.0006204118238970491,0,0.009515523910522461,0.0
stun.cookie,DIS1,2,0,DT,0.05930366024741742,0.04792429792429792,0.021856069931642793,0.04792429792429792,0.005904951788917993,0.0004057817136350339,0,0.0035169124603271484,0.0
stun.cookie,DIS1,3,0,DT,0.06376737661012626,0.048337200309358085,0.028795311286689492,0.048337200309358085,0.007044740232602285,0.0008976611368045617,0,0.017864465713500977,0.0
stun.cookie,DIS1,4,0,DT,0.061918122688432595,0.047886871283946655,0.02458037995017128,0.047886871283946655,0.006058943649855473,0.00034343520105462044,0,0.015631914138793945,0.0
stun.cookie,DIS1,5,0,DT,0.0652977936487693,0.047934057856880354,0.03166460050074139,0.047934057856880354,0.006432160266171059,0.0004139902131117257,0,0.0,0.015644073486328125
