Feature,Dataset,T,CV,ML,Acc,b_Acc,Prec,Rec,F1,kap,ROC,tra-T,test-T
tcp.options.sack.count,DIS1,1,0,DT,0.062492029077923734,0.04892998745457762,0.03212274573701866,0.04892998745457762,0.008781281236876815,0.0012666106300757152,0,0.01622319221496582,0.0
tcp.options.sack.count,DIS1,2,0,DT,0.06242826170131361,0.04923843536235618,0.030591353570812198,0.04923843536235618,0.009201551642484916,0.0016772095252898245,0,0.015633821487426758,0.0
tcp.options.sack.count,DIS1,3,0,DT,0.06223695957148323,0.04872473924380703,0.028776163940834102,0.04872473924380703,0.008386025911700084,0.0011252200619715769,0,0.0,0.0
tcp.options.sack.count,DIS1,4,0,DT,0.061216681545721206,0.049308553907765465,0.028556622828262518,0.049308553907765465,0.008535162473657884,0.0018674388980584045,0,0.015625715255737305,0.0
tcp.options.sack.count,DIS1,5,0,DT,0.06153551842877184,0.04924946378747468,0.05993269895195025,0.04924946378747468,0.008476297909839205,0.001863461870633465,0,0.01573348045349121,0.0
