Feature,Dataset,T,CV,ML,Acc,b_Acc,Prec,Rec,F1,kap,ROC,tra-T,test-T
tls.handshake.session_id_length,DIS2,1,0,DT,0.06529209621993128,0.04865424430641822,0.017606748619406847,0.04865424430641822,0.007677142218290586,0.0014930931011374327,0,0.021111488342285156,0.0
tls.handshake.session_id_length,DIS2,2,0,DT,0.05981926944126257,0.04885343968095713,0.01609908910874732,0.04885343968095713,0.0075237441481131595,0.0017212283013539054,0,0.0,0.0
tls.handshake.session_id_length,DIS2,3,0,DT,0.0649102710958381,0.04842695561258435,0.015134908953665876,0.04842695561258435,0.00725170981485294,0.0011558873486174903,0,0.015537261962890625,0.0
tls.handshake.session_id_length,DIS2,4,0,DT,0.06172839506172839,0.047619047619047616,0.002939447383891828,0.047619047619047616,0.005537098560354374,0.0,0,0.015761137008666992,0.0
tls.handshake.session_id_length,DIS2,5,0,DT,0.06421025836833397,0.04849279161205766,0.014149598167358243,0.04849279161205766,0.007296333380561455,0.0012259010270110338,0,0.015618085861206055,0.0
