Feature,Dataset,T,CV,ML,Acc,b_Acc,Prec,Rec,F1,kap,ROC,tra-T,test-T
http.notification,DIS1,1,0,DT,0.09010330315010841,0.07390394528658194,0.02738779609588401,0.07390394528658194,0.030837644586312208,0.03468893761722691,0,0.01575779914855957,0.0
http.notification,DIS1,2,0,DT,0.09756408621349318,0.07326007326007325,0.026458068074283806,0.07326007326007325,0.03050490453681295,0.03553339844183734,0,0.0,0.014122486114501953
http.notification,DIS1,3,0,DT,0.09456701951281725,0.07330006238303181,0.026141065556094665,0.07330006238303181,0.030246858637196655,0.03393547753833048,0,0.015625476837158203,0.003580808639526367
http.notification,DIS1,4,0,DT,0.094949623772478,0.073992673992674,0.025516167911944564,0.073992673992674,0.030186086593251546,0.03463072849006388,0,0.007574558258056641,0.0
http.notification,DIS1,5,0,DT,0.094949623772478,0.0738538569863871,0.025934979917853863,0.0738538569863871,0.030368364391596053,0.03454932478545736,0,0.015513420104980469,0.0
