Feature,Dataset,T,CV,ML,Acc,b_Acc,Prec,Rec,F1,kap,ROC,tra-T,test-T
ip.opt.len,DIS2,1,0,DT,0.11442026218658521,0.09318511465762457,0.10989667922392561,0.09318511465762457,0.053660241748494375,0.05817184532190589,0,0.0,0.0
ip.opt.len,DIS2,2,0,DT,0.11251113656611939,0.09334573930449314,0.09284610415477657,0.09334573930449314,0.05316286462826982,0.05537213224509896,0,0.007142782211303711,0.0
ip.opt.len,DIS2,3,0,DT,0.11492936235204276,0.09409320661629497,0.079726295814939,0.09409320661629497,0.05433734484762502,0.05601648084457167,0,0.01563405990600586,0.0
ip.opt.len,DIS2,4,0,DT,0.11321114929362353,0.09455573605893434,0.10389899165377793,0.09455573605893434,0.05524248210764198,0.05720798598233667,0,0.0,0.0
ip.opt.len,DIS2,5,0,DT,0.11715667557591956,0.09516131265005583,0.10865970050065692,0.09516131265005583,0.05621748553225501,0.05920472457367831,0,0.0,0.0
