Feature,Dataset,T,CV,ML,Acc,b_Acc,Prec,Rec,F1,kap,ROC,tra-T,test-T
stun.network_version,DIS1,1,0,DT,0.062109424818262975,0.048161405792385294,0.027993433753572466,0.048161405792385294,0.00658345329793812,0.0006865147684032014,0,0.015625,0.0
stun.network_version,DIS1,2,0,DT,0.06631807167453131,0.048094182240523704,0.02991958624379153,0.048094182240523704,0.0068144324668039736,0.0006232703455776312,0,0.0,0.0
stun.network_version,DIS1,3,0,DT,0.0633847723504655,0.047831395657482616,0.020324303777816636,0.047831395657482616,0.0060786180202464565,0.0002766958873049452,0,0.015730857849121094,0.0
stun.network_version,DIS1,4,0,DT,0.06153551842877184,0.04813163155466708,0.03091424887861305,0.04813163155466708,0.00647921095406613,0.0006809374609980656,0,0.0,0.01572728157043457
stun.network_version,DIS1,5,0,DT,0.05968626450707818,0.04795877923107412,0.024804348756100623,0.04795877923107412,0.006005069777004911,0.0004117237308997046,0,0.015600442886352539,0.0
