Feature,Dataset,T,CV,ML,Acc,b_Acc,Prec,Rec,F1,kap,ROC,tra-T,test-T
icmp.data_time_relative,DIS1,1,0,DT,0.07594694554266038,0.05740537296273874,0.15095345354320946,0.05740537296273874,0.023868269086149325,0.012340702801324821,0,0.0,0.015556097030639648
icmp.data_time_relative,DIS1,2,0,DT,0.0733324831016452,0.05815172211432703,0.12458424675869674,0.05815172211432703,0.024558089086614505,0.013376371308912005,0,0.006376981735229492,0.006428241729736328
icmp.data_time_relative,DIS1,3,0,DT,0.07709475832164264,0.05903469828394403,0.12688208667143538,0.05903469828394403,0.02642707990846575,0.014991216468927648,0,0.015749692916870117,0.0
icmp.data_time_relative,DIS1,4,0,DT,0.07339625047825532,0.057942104110382496,0.12201428816015894,0.057942104110382496,0.02434656671907048,0.012928444016671592,0,0.01573920249938965,0.0
icmp.data_time_relative,DIS1,5,0,DT,0.07326871572503507,0.05822666755023679,0.130660534682718,0.05822666755023679,0.02473397004042855,0.013443212161443507,0,0.018242597579956055,0.0
