Feature,Dataset,T,CV,ML,Acc,b_Acc,Prec,Rec,F1,kap,ROC,tra-T,test-T
eth.type,DIS2,1,0,DT,0.11531118747613593,0.09584827249022163,0.05502258336289828,0.09584827249022163,0.05534771569374003,0.05695211838345471,0,0.015621423721313477,0.0
eth.type,DIS2,2,0,DT,0.11263841160748378,0.09580915134031905,0.05612645051626218,0.09580915134031905,0.05577678945432418,0.055023246540292337,0,0.015630245208740234,0.0
eth.type,DIS2,3,0,DT,0.11594756268295787,0.09661688390569417,0.05707886947077169,0.09661688390569417,0.056986738332009255,0.05970894143474781,0,0.0,0.015612125396728516
eth.type,DIS2,4,0,DT,0.11722031309660176,0.09720782184930672,0.05665472202946676,0.09720782184930672,0.05707892144860869,0.05933594068437131,0,0.0,0.015622615814208984
eth.type,DIS2,5,0,DT,0.11391116202112765,0.09613234044755524,0.05568061733714126,0.09613234044755524,0.05635687575751462,0.05638704246832693,0,0.0,0.0
