Feature,Dataset,T,CV,ML,Acc,b_Acc,Prec,Rec,F1,kap,ROC,tra-T,test-T
eth.src.lg,DIS1,1,0,DT,0.06153551842877184,0.047619047619047616,0.002930262782322469,0.047619047619047616,0.005520800258590851,0.0,0,0.0,0.01362466812133789
eth.src.lg,DIS1,2,0,DT,0.06395867873995664,0.047619047619047616,0.0030456513685693637,0.047619047619047616,0.005725130927408422,0.0,0,0.0,0.013633251190185547
eth.src.lg,DIS1,3,0,DT,0.062173192194873106,0.047619047619047616,0.0029606281997558623,0.047619047619047616,0.005574661875316254,0.0,0,0.0,0.008640289306640625
eth.src.lg,DIS1,4,0,DT,0.062492029077923734,0.047619047619047616,0.0029758109084725586,0.047619047619047616,0.005601568439162966,0.0,0,0.014630317687988281,0.0
eth.src.lg,DIS1,5,0,DT,0.06038770564978957,0.047619047619047616,0.0028756050309423605,0.047619047619047616,0.005423686102019135,0.0,0,0.006025552749633789,0.0
