Feature,Dataset,T,CV,ML,Acc,b_Acc,Prec,Rec,F1,kap,ROC,tra-T,test-T
stun.att.error.class,DIS2,1,0,DT,0.06675575919562174,0.047619047619047616,0.0031788456759819874,0.047619047619047616,0.005959837851504022,0.0,0,0.0,0.0
stun.att.error.class,DIS2,2,0,DT,0.06223749522718595,0.047619047619047616,0.0029636902489136164,0.047619047619047616,0.005580089692239225,0.0,0,0.015631675720214844,0.0
stun.att.error.class,DIS2,3,0,DT,0.06102838233422426,0.047619047619047616,0.0029061134444868693,0.047619047619047616,0.005477918391011416,0.0,0,0.01563405990600586,0.0
stun.att.error.class,DIS2,4,0,DT,0.06204658266513936,0.047619047619047616,0.0029545991745304457,0.047619047619047616,0.005563972847812503,0.0,0,0.0,0.015592575073242188
stun.att.error.class,DIS2,5,0,DT,0.06408298332696959,0.047619047619047616,0.0030515706346175993,0.047619047619047616,0.005735587698388966,0.0,0,0.0,0.0
