Feature,Dataset,T,CV,ML,Acc,b_Acc,Prec,Rec,F1,kap,ROC,tra-T,test-T
ip.opt.type,DIS2,1,0,DT,0.1145475372279496,0.09448354687779845,0.1327216606472653,0.09448354687779845,0.05632643079194842,0.056985633837832506,0,0.015509843826293945,0.0
ip.opt.type,DIS2,2,0,DT,0.11626575028636885,0.0942014650477141,0.22389709917784914,0.0942014650477141,0.05504526527543491,0.05851682593048135,0,0.015642642974853516,0.0
ip.opt.type,DIS2,3,0,DT,0.11613847524500445,0.09579638105016197,0.20941909167086328,0.09579638105016197,0.056367145832074694,0.05897138759532683,0,0.0,0.0
ip.opt.type,DIS2,4,0,DT,0.11639302532773323,0.09440188158346327,0.26684647142927087,0.09440188158346327,0.05378319349338394,0.05841363696727164,0,0.0,0.0
ip.opt.type,DIS2,5,0,DT,0.11620211276568665,0.09598748502933048,0.2390285585840078,0.09598748502933048,0.05778718734843379,0.056753915173457625,0,0.0,0.015514850616455078
