Feature,Dataset,T,CV,ML,Acc,b_Acc,Prec,Rec,F1,kap,ROC,tra-T,test-T
tls.handshake.extensions_ec_point_formats,DIS1,1,0,DT,0.06236449432470348,0.04865545205912224,0.017427037731915777,0.04865545205912224,0.008407737736124288,0.0009663916542829165,0,0.017323017120361328,0.0
tls.handshake.extensions_ec_point_formats,DIS1,2,0,DT,0.06344853972707563,0.04902922095147147,0.018104421336433647,0.04902922095147147,0.00885420091306196,0.0013891576315793186,0,0.015642166137695312,0.0
tls.handshake.extensions_ec_point_formats,DIS1,3,0,DT,0.06332100497385537,0.04812236008971528,0.016159763909011523,0.04812236008971528,0.007753555313888039,0.0003458408363771204,0,0.01575493812561035,0.0
tls.handshake.extensions_ec_point_formats,DIS1,4,0,DT,0.06102537941589083,0.048598128740872465,0.016372313069818217,0.048598128740872465,0.0079689949984549,0.0010125264297985437,0,0.0035164356231689453,0.0
tls.handshake.extensions_ec_point_formats,DIS1,5,0,DT,0.06485142201249841,0.04903147563564886,0.01870578070299736,0.04903147563564886,0.008896788618112722,0.00145554877440901,0,0.016611814498901367,0.0
