Feature,Dataset,T,CV,ML,Acc,b_Acc,Prec,Rec,F1,kap,ROC,tra-T,test-T
icmp.type,DIS1,1,0,DT,0.07409769162096672,0.05893972965169078,0.06685768523784534,0.05893972965169078,0.02183721060148772,0.014337658255842212,0,0.01563405990600586,0.0
icmp.type,DIS1,2,0,DT,0.07805126897079454,0.058421021632622055,0.06881808289190146,0.058421021632622055,0.021317547987788427,0.014550656319619937,0,0.015629291534423828,0.0
icmp.type,DIS1,3,0,DT,0.07371508736130596,0.059002486487998676,0.11775973846818683,0.059002486487998676,0.02212284124947227,0.015287623914084003,0,0.006717205047607422,0.0
icmp.type,DIS1,4,0,DT,0.07511796964672873,0.0590853100254949,0.07118610205534888,0.0590853100254949,0.021709949668152352,0.015150473147864774,0,0.012124300003051758,0.0
icmp.type,DIS1,5,0,DT,0.07588317816605025,0.06052580468598266,0.07232237395861864,0.06052580468598266,0.023987781599960654,0.016715251234637796,0,0.015622138977050781,0.0
