Feature,Dataset,T,CV,ML,Acc,b_Acc,Prec,Rec,F1,kap,ROC,tra-T,test-T
tcp.analysis.reused_ports,DIS2,1,0,DT,0.06465572101310933,0.04904202876454744,0.024511229848278398,0.04904202876454744,0.00832409790743124,0.0019150371107635733,0,0.01721930503845215,0.0
tcp.analysis.reused_ports,DIS2,2,0,DT,0.059246531755122823,0.048120340872783864,0.01864676380867222,0.048120340872783864,0.00706158142413887,0.0006723197796788538,0,0.0,0.0
tcp.analysis.reused_ports,DIS2,3,0,DT,0.06255568283059693,0.04894043948514658,0.023985595486580476,0.04894043948514658,0.007968699082079037,0.001825052739540145,0,0.015625953674316406,0.0
tcp.analysis.reused_ports,DIS2,4,0,DT,0.06363752068219422,0.04918353378312311,0.02752257923193514,0.04918353378312311,0.008488677287026953,0.002168478107760108,0,0.015517711639404297,0.0
tcp.analysis.reused_ports,DIS2,5,0,DT,0.0627465953926435,0.04888758782201404,0.021680432723377507,0.04888758782201404,0.007881474625064652,0.0017576871964813945,0,0.01573801040649414,0.0
