Feature,Dataset,T,CV,ML,Acc,b_Acc,Prec,Rec,F1,kap,ROC,tra-T,test-T
stun.type.method-assignment,DIS2,1,0,DT,0.0627465953926435,0.04840744244717755,0.028457934238338967,0.04840744244717755,0.007081311198427177,0.00102527989821799,0,0.0,0.0
stun.type.method-assignment,DIS2,2,0,DT,0.0605192821687667,0.048389760528488854,0.03458927699034753,0.048389760528488854,0.006870982010148221,0.0009539235396097689,0,0.0,0.0
stun.type.method-assignment,DIS2,3,0,DT,0.06293750795469008,0.047994000749906264,0.03328092654972869,0.047994000749906264,0.006346003523108707,0.0004795730357647354,0,0.013045549392700195,0.0
stun.type.method-assignment,DIS2,4,0,DT,0.06548300878197785,0.048261102193686456,0.03165723024267691,0.048261102193686456,0.007051898151857973,0.0008274821765591467,0,0.009061098098754883,0.007050275802612305
stun.type.method-assignment,DIS2,5,0,DT,0.06300114547537228,0.047873422873422875,0.022828453760819066,0.047873422873422875,0.006124023567679017,0.0003420059789996932,0,0.0,0.0
