Feature,Dataset,T,CV,ML,Acc,b_Acc,Prec,Rec,F1,kap,ROC,tra-T,test-T
tcp.analysis.keep_alive_ack,DIS2,1,0,DT,0.06993763522973145,0.05452733059495423,0.029449347847406097,0.05452733059495423,0.016551066213961567,0.009831199625358833,0,0.0,0.0
tcp.analysis.keep_alive_ack,DIS2,2,0,DT,0.06777395952653685,0.05353783386296843,0.026904305227765758,0.05353783386296843,0.015091260323024816,0.008162043078149939,0,0.0,0.0
tcp.analysis.keep_alive_ack,DIS2,3,0,DT,0.07280132366043018,0.05452723725148974,0.03172805428670215,0.05452723725148974,0.01697337300219063,0.009013827113508288,0,0.015642404556274414,0.0
tcp.analysis.keep_alive_ack,DIS2,4,0,DT,0.06771032200585465,0.053779211890094845,0.029789224255677073,0.053779211890094845,0.015462601967210313,0.008493060160778443,0,0.0007224082946777344,0.0
tcp.analysis.keep_alive_ack,DIS2,5,0,DT,0.06949217258495609,0.05400572246065809,0.02737157914868343,0.05400572246065809,0.015726019416362133,0.008512839086011637,0,0.01602935791015625,0.0
