Feature,Dataset,T,CV,ML,Acc,b_Acc,Prec,Rec,F1,kap,ROC,tra-T,test-T
tls.handshake.sig_hash_alg_len,DIS2,1,0,DT,0.06134656993763523,0.04952553655058617,0.12984078411848396,0.04952553655058617,0.009105791416369394,0.0015884023522558799,0,0.016100645065307617,0.0
tls.handshake.sig_hash_alg_len,DIS2,2,0,DT,0.06249204530991473,0.0503069435500081,0.16067218407700223,0.0503069435500081,0.010648505388679428,0.00306191404083489,0,0.016173839569091797,0.0
tls.handshake.sig_hash_alg_len,DIS2,3,0,DT,0.06650120911289296,0.050898393635442234,0.16769428549119345,0.050898393635442234,0.01206389105345393,0.0037717383096554924,0,0.015588998794555664,0.0
tls.handshake.sig_hash_alg_len,DIS2,4,0,DT,0.06370115820287642,0.049900335480859835,0.16922334696770788,0.049900335480859835,0.010013777119810429,0.0023951138572697594,0,0.0,0.0
tls.handshake.sig_hash_alg_len,DIS2,5,0,DT,0.0660557464681176,0.04982647066666066,0.18293893043430404,0.04982647066666066,0.010070546152942863,0.0024844216226312943,0,0.015704631805419922,0.0
