Feature,Dataset,T,CV,ML,Acc,b_Acc,Prec,Rec,F1,kap,ROC,tra-T,test-T
tcp.connection.fin_passive,DIS2,1,0,DT,0.0705740104365534,0.053206744795529844,0.023223786347857562,0.053206744795529844,0.014518362557931623,0.007715476562601187,0,0.0,0.015509366989135742
tcp.connection.fin_passive,DIS2,2,0,DT,0.0672012218403971,0.052210700098024046,0.021561636883115704,0.052210700098024046,0.01296167066584478,0.00607815360708408,0,0.0,0.0
tcp.connection.fin_passive,DIS2,3,0,DT,0.07114674812269314,0.05322415557830092,0.024481154580152674,0.05322415557830092,0.014685747673739197,0.00784584651362652,0,0.0006871223449707031,0.0
tcp.connection.fin_passive,DIS2,4,0,DT,0.06777395952653685,0.052583586626139815,0.02291767233627699,0.052583586626139815,0.013549544298305303,0.006672501464524916,0,0.015123367309570312,0.0
tcp.connection.fin_passive,DIS2,5,0,DT,0.06911034746086292,0.05308588692274493,0.024366229771084564,0.05308588692274493,0.014340217049504148,0.007710159721940446,0,0.0,0.0
