Feature,Dataset,T,CV,ML,Acc,b_Acc,Prec,Rec,F1,kap,ROC,tra-T,test-T
dns.retransmit_response_in,DIS2,1,0,DT,0.06433753340969836,0.047619047619047616,0.0030636920671284935,0.047619047619047616,0.005756993380311766,0.0,0,0.015644073486328125,0.0
dns.retransmit_response_in,DIS2,2,0,DT,0.061601120020364004,0.047722792820832034,0.018803931731180154,0.047722792820832034,0.005728102416639925,7.438640857526657e-05,0,0.015617609024047852,0.0
dns.retransmit_response_in,DIS2,3,0,DT,0.0628738704340079,0.04782211392019495,0.0506073610707012,0.04782211392019495,0.006028121181314706,0.0001402628983514509,0,0.00909423828125,0.0029985904693603516
dns.retransmit_response_in,DIS2,4,0,DT,0.06401934580628739,0.047619047619047616,0.003048928328969062,0.047619047619047616,0.0057309201943727605,4.7507251671463635e-06,0,0.0,0.0
dns.retransmit_response_in,DIS2,5,0,DT,0.06357388316151202,0.047717434081070445,0.050643537501553156,0.047717434081070445,0.005884094993620357,7.017582156831903e-05,0,0.015761852264404297,0.0
