Feature,Dataset,T,CV,ML,Acc,b_Acc,Prec,Rec,F1,kap,ROC,tra-T,test-T
dhcp.flags.reserved,DIS1,1,0,DT,0.0786889427368958,0.06734772789357821,0.0489588472252808,0.06734772789357821,0.03316735652044954,0.02005083026916421,0,0.015633344650268555,0.0
dhcp.flags.reserved,DIS1,2,0,DT,0.0825787527101135,0.06793078055964655,0.04921488728323039,0.06793078055964655,0.03385261164847206,0.022760901782610143,0,0.0,0.015615224838256836
dhcp.flags.reserved,DIS1,3,0,DT,0.08436423925519704,0.06566416040100251,0.048918401842598956,0.06566416040100251,0.03188023984736091,0.020014713934030093,0,0.0,0.0
dhcp.flags.reserved,DIS1,4,0,DT,0.07524550439994898,0.06602990033222592,0.046505851247230556,0.06602990033222592,0.0312415834964274,0.018289739660110715,0,0.01562976837158203,0.0
dhcp.flags.reserved,DIS1,5,0,DT,0.08430047187858691,0.06782106782106782,0.04786027679402568,0.06782106782106782,0.03373050099805318,0.02139997368307145,0,0.015626907348632812,0.0
