Feature,Dataset,T,CV,ML,Acc,b_Acc,Prec,Rec,F1,kap,ROC,tra-T,test-T
dns.flags,DIS1,1,0,DT,0.06931513837520724,0.05771764884650336,0.1047486656391757,0.05771764884650336,0.01939359861128101,0.011673528183652748,0,0.015614748001098633,0.0
dns.flags,DIS1,2,0,DT,0.07486290014028824,0.05706238587716788,0.11754479490908236,0.05706238587716788,0.018830435728774245,0.011218751087046952,0,0.015563249588012695,0.0
dns.flags,DIS1,3,0,DT,0.0721209029460528,0.05812468368529551,0.09144485045145452,0.05812468368529551,0.019553273410427237,0.012157262217096454,0,0.015619993209838867,0.0
dns.flags,DIS1,4,0,DT,0.07167453130978192,0.05748859308835417,0.08372017095937567,0.05748859308835417,0.018745472241093814,0.010956539396575038,0,0.0,0.0
dns.flags,DIS1,5,0,DT,0.06854992985588573,0.057215353575395526,0.11364555946236836,0.057215353575395526,0.018305132735785285,0.010544105601802078,0,0.01574254035949707,0.0
