Feature,Dataset,T,CV,ML,Acc,b_Acc,Prec,Rec,F1,kap,ROC,tra-T,test-T
icmp.type,DIS2,1,0,DT,0.0726740486190658,0.05873464263294771,0.11776598711140221,0.05873464263294771,0.021508336031630097,0.014217441950480025,0,0.01567363739013672,0.0
icmp.type,DIS2,2,0,DT,0.07642866233931526,0.05776538104757224,0.1041374639045543,0.05776538104757224,0.020832691958040078,0.013644747928929002,0,0.015125751495361328,0.0
icmp.type,DIS2,3,0,DT,0.07731958762886598,0.05819477357632369,0.11573835931840837,0.05819477357632369,0.020940955085543396,0.014508686328755904,0,0.008635759353637695,0.0
icmp.type,DIS2,4,0,DT,0.07655593738067965,0.05843473599902425,0.11931116145094998,0.05843473599902425,0.02165136633767407,0.014167440576373647,0,0.0,0.01567816734313965
icmp.type,DIS2,5,0,DT,0.07572864961181112,0.05928646771454441,0.11366333021051167,0.05928646771454441,0.022570856124262805,0.015287719161829805,0,0.01563572883605957,0.0
