Feature,Dataset,T,CV,ML,Acc,b_Acc,Prec,Rec,F1,kap,ROC,tra-T,test-T
tcp.hdr_len,DIS2,1,0,DT,0.1650757286496118,0.14472843457422807,0.17135225600272794,0.14472843457422807,0.06100941856219334,0.11517184912688383,0,0.015633106231689453,0.0
tcp.hdr_len,DIS2,2,0,DT,0.16596665393916252,0.1468693559266262,0.16707698088468925,0.1468693559266262,0.06269243465808966,0.1169438626560978,0,0.0,0.016100406646728516
tcp.hdr_len,DIS2,3,0,DT,0.16469390352551866,0.14652577506587813,0.18073158636496295,0.14652577506587813,0.06478918211163533,0.11537028001828076,0,0.020758628845214844,0.0
tcp.hdr_len,DIS2,4,0,DT,0.16367570319460353,0.1448540054886807,0.18307083039947414,0.1448540054886807,0.06147228875250333,0.11446346030056376,0,0.011550664901733398,0.004552125930786133
tcp.hdr_len,DIS2,5,0,DT,0.16590301641848035,0.14629267044083624,0.17240090263339305,0.14629267044083624,0.0617550988148296,0.1160948578679647,0,0.015624284744262695,0.0
