Feature,Dataset,T,CV,ML,Acc,b_Acc,Prec,Rec,F1,kap,ROC,tra-T,test-T
tcp.hdr_len,DIS1,1,0,DT,0.1626705777324321,0.14192503742330634,0.11370751623657198,0.14192503742330634,0.05246538077215282,0.11282242062562431,0,0.012122631072998047,0.0
tcp.hdr_len,DIS1,2,0,DT,0.1588445351358245,0.14061819439681114,0.19683228722616164,0.14061819439681114,0.05210421306286233,0.10977743986498523,0,0.018791675567626953,0.0
tcp.hdr_len,DIS1,3,0,DT,0.1595459762785359,0.13938380877459627,0.15570129171672795,0.13938380877459627,0.05095698923191229,0.11003159340057223,0,0.0,0.015553951263427734
tcp.hdr_len,DIS1,4,0,DT,0.16082132381073844,0.14038807896372155,0.18005812550727857,0.14038807896372155,0.052081980661406777,0.11145063759079099,0,0.0,0.0
tcp.hdr_len,DIS1,5,0,DT,0.1626705777324321,0.14228845818620967,0.11579446962031982,0.14228845818620967,0.05277554219732551,0.11306522529553076,0,0.0076084136962890625,0.004511117935180664
