Feature,Dataset,T,CV,ML,Acc,b_Acc,Prec,Rec,F1,kap,ROC,tra-T,test-T
stun.att.reserved,DIS1,1,0,DT,0.06274709858436424,0.047619047619047616,0.0029879570754459163,0.047619047619047616,0.005623082066139788,0.0,0,0.015618324279785156,0.0
stun.att.reserved,DIS1,2,0,DT,0.062492029077923734,0.047619047619047616,0.0029758109084725586,0.047619047619047616,0.005601568439162966,0.0,0,0.01562666893005371,0.0
stun.att.reserved,DIS1,3,0,DT,0.06357607448029588,0.047619047619047616,0.003027432118109328,0.047619047619047616,0.0056929300888770885,0.0,0,0.0,0.0
stun.att.reserved,DIS1,4,0,DT,0.06077030990945032,0.047619047619047616,0.0028938242814023963,0.047619047619047616,0.005456080839308973,0.0,0,0.0,0.0
stun.att.reserved,DIS1,5,0,DT,0.0609616120392807,0.047619047619047616,0.0029029339066324144,0.047619047619047616,0.0054722694463047875,0.0,0,0.015676259994506836,0.0
