Feature,Dataset,T,CV,ML,Acc,b_Acc,Prec,Rec,F1,kap,ROC,tra-T,test-T
tls.handshake.extensions_ec_point_formats_length,DIS1,1,0,DT,0.061918122688432595,0.05015795737812745,0.05930591027971215,0.05015795737812745,0.011274776807111676,0.00257932220044077,0,0.008995294570922852,0.007015705108642578
tls.handshake.extensions_ec_point_formats_length,DIS1,2,0,DT,0.06427751562300726,0.05097243475418288,0.07095139781018445,0.05097243475418288,0.012389732581197724,0.0036035045298158375,0,0.016468048095703125,0.0
tls.handshake.extensions_ec_point_formats_length,DIS1,3,0,DT,0.06357607448029588,0.050723696140932806,0.07075118552063797,0.050723696140932806,0.011393740615500822,0.0033196412401730324,0,0.01563549041748047,0.0
tls.handshake.extensions_ec_point_formats_length,DIS1,4,0,DT,0.06472388725927815,0.05019847635174133,0.058248871187493764,0.05019847635174133,0.010494854958460333,0.0027285580872098425,0,0.015624761581420898,0.0
tls.handshake.extensions_ec_point_formats_length,DIS1,5,0,DT,0.06408621349317689,0.050003743199648364,0.056474283758678,0.050003743199648364,0.01170873486736764,0.00252295504513822,0,0.0169374942779541,0.0
