Feature,Dataset,T,CV,ML,Acc,b_Acc,Prec,Rec,F1,kap,ROC,tra-T,test-T
tcp.options.wscale,DIS1,1,0,DT,0.08340772860604515,0.06596274216201689,0.34143020419654785,0.06596274216201689,0.038697790169945755,0.02269796334735852,0,0.0,0.0
tcp.options.wscale,DIS1,2,0,DT,0.07881647749011605,0.06495897547866118,0.3397840633942543,0.06495897547866118,0.03664475609104496,0.02163104478053368,0,0.0,0.0
tcp.options.wscale,DIS1,3,0,DT,0.08315265909960465,0.06728583870279038,0.4016581257584716,0.06728583870279038,0.04094579896288855,0.024794782470036747,0,0.015644550323486328,0.0
tcp.options.wscale,DIS1,4,0,DT,0.08155847468435148,0.06507328022151873,0.28099061320403385,0.06507328022151873,0.03676620070999591,0.021856707071958636,0,0.0,0.0
tcp.options.wscale,DIS1,5,0,DT,0.0789440122433363,0.06562862174715411,0.34048478724389625,0.06562862174715411,0.03761795946797978,0.02329201565566208,0,0.01564192771911621,0.0
