Feature,Dataset,T,CV,ML,Acc,b_Acc,Prec,Rec,F1,kap,ROC,tra-T,test-T
igmp.version,DIS2,1,0,DT,0.07006491027109583,0.05393888762309814,0.07547947379532764,0.05393888762309814,0.016011917717152317,0.007678588521321195,0,0.01564311981201172,0.0
igmp.version,DIS2,2,0,DT,0.07006491027109583,0.05406956144030036,0.07523273435808617,0.05406956144030036,0.01596847101749614,0.00781735355599511,0,0.017565250396728516,0.0
igmp.version,DIS2,3,0,DT,0.07082856051928217,0.05480862689751154,0.07626578375044632,0.05480862689751154,0.017089937795033257,0.008646830038338549,0,0.0,0.011126518249511719
igmp.version,DIS2,4,0,DT,0.07025582283314243,0.05501976029198229,0.07650173224563706,0.05501976029198229,0.01715687252698238,0.009381976036956341,0,0.010123014450073242,0.008148908615112305
igmp.version,DIS2,5,0,DT,0.0682194221713122,0.053878910365782,0.07305345307600614,0.053878910365782,0.015499980164313051,0.007640436342115753,0,0.0,0.0
