Feature,Dataset,T,CV,ML,Acc,b_Acc,Prec,Rec,F1,kap,ROC,tra-T,test-T
Flow IAT Std,SD2,0,0,DT,0.6944022503516174,0.3558056986575513,0.3935527767752467,0.3558056986575513,0.3582988837362848,0.45025955780516724,0,0.06548714637756348,0.0033049583435058594
Flow IAT Std,SD2,0,1,DT,0.6944022503516174,0.3558056986575513,0.3935527767752467,0.3558056986575513,0.3582988837362848,0.45025955780516724,0,0.031999826431274414,0.007372856140136719
Flow IAT Std,SD2,0,2,DT,0.6944022503516174,0.3558056986575513,0.3935527767752467,0.3558056986575513,0.3582988837362848,0.45025955780516724,0,0.03505420684814453,0.003003835678100586
Flow IAT Std,SD2,0,3,DT,0.6944022503516174,0.3558056986575513,0.3935527767752467,0.3558056986575513,0.3582988837362848,0.45025955780516724,0,0.03371548652648926,0.0030972957611083984
Flow IAT Std,SD2,0,4,DT,0.6944022503516174,0.3558056986575513,0.3935527767752467,0.3558056986575513,0.3582988837362848,0.45025955780516724,0,0.034709930419921875,0.002801656723022461
