Feature,Dataset,T,CV,ML,Acc,b_Acc,Prec,Rec,F1,kap,ROC,tra-T,test-T
Fwd Pkt Len Std,SD2T,0,0,DT,0.2848647041332144,0.2075425061584265,0.2607983644782158,0.2075425061584265,0.15622624909971036,0.018456587604151253,0,0.004156351089477539,0.003217458724975586
Fwd Pkt Len Std,SD2T,0,1,DT,0.2848647041332144,0.2075425061584265,0.2607983644782158,0.2075425061584265,0.15622624909971036,0.018456587604151253,0,0.004138946533203125,0.0009999275207519531
Fwd Pkt Len Std,SD2T,0,2,DT,0.2848647041332144,0.2075425061584265,0.2607983644782158,0.2075425061584265,0.15622624909971036,0.018456587604151253,0,0.007973432540893555,0.0017614364624023438
Fwd Pkt Len Std,SD2T,0,3,DT,0.2848647041332144,0.2075425061584265,0.2607983644782158,0.2075425061584265,0.15622624909971036,0.018456587604151253,0,0.0034780502319335938,0.0010013580322265625
Fwd Pkt Len Std,SD2T,0,4,DT,0.2848647041332144,0.2075425061584265,0.2607983644782158,0.2075425061584265,0.15622624909971036,0.018456587604151253,0,0.005998373031616211,0.0009777545928955078
