Feature,Dataset,T,CV,ML,Acc,b_Acc,Prec,Rec,F1,kap,ROC,tra-T,test-T
ACK Flag Cnt,SD2T,0,0,DT,0.4432550302309446,0.08333333333333333,0.03693791918591205,0.08333333333333333,0.05118696060252272,0.0,0,0.0025506019592285156,0.0
ACK Flag Cnt,SD2T,0,1,DT,0.4432550302309446,0.08333333333333333,0.03693791918591205,0.08333333333333333,0.05118696060252272,0.0,0,0.0021331310272216797,0.0
ACK Flag Cnt,SD2T,0,2,DT,0.4432550302309446,0.08333333333333333,0.03693791918591205,0.08333333333333333,0.05118696060252272,0.0,0,0.0019981861114501953,0.0010101795196533203
ACK Flag Cnt,SD2T,0,3,DT,0.4432550302309446,0.08333333333333333,0.03693791918591205,0.08333333333333333,0.05118696060252272,0.0,0,0.0030133724212646484,0.0009884834289550781
ACK Flag Cnt,SD2T,0,4,DT,0.4432550302309446,0.08333333333333333,0.03693791918591205,0.08333333333333333,0.05118696060252272,0.0,0,0.0021038055419921875,0.0010006427764892578
