Feature,Dataset,T,CV,ML,Acc,b_Acc,Prec,Rec,F1,kap,ROC,tra-T,test-T
Fwd PSH Flags,SD2,0,0,DT,0.6657665260196906,0.08333333333333333,0.055480543834974215,0.08333333333333333,0.06661262904297117,0.0,0,0.0014183521270751953,0.0011246204376220703
Fwd PSH Flags,SD2,0,1,DT,0.6657665260196906,0.08333333333333333,0.055480543834974215,0.08333333333333333,0.06661262904297117,0.0,0,0.0,0.0
Fwd PSH Flags,SD2,0,2,DT,0.6657665260196906,0.08333333333333333,0.055480543834974215,0.08333333333333333,0.06661262904297117,0.0,0,0.0010018348693847656,0.0010101795196533203
Fwd PSH Flags,SD2,0,3,DT,0.6657665260196906,0.08333333333333333,0.055480543834974215,0.08333333333333333,0.06661262904297117,0.0,0,0.0016887187957763672,0.0020182132720947266
Fwd PSH Flags,SD2,0,4,DT,0.6657665260196906,0.08333333333333333,0.055480543834974215,0.08333333333333333,0.06661262904297117,0.0,0,0.0,0.0
