Feature,Dataset,T,CV,ML,Acc,b_Acc,Prec,Rec,F1,kap,ROC,tra-T,test-T
Fwd IAT Min,SD1,0,0,DT,0.4043713186973665,0.304613744862036,0.38262006653613634,0.304613744862036,0.31107446317851545,0.17539161166131334,0,0.04766559600830078,0.0
Fwd IAT Min,SD1,0,1,DT,0.4043713186973665,0.304613744862036,0.38262006653613634,0.304613744862036,0.31107446317851545,0.17539161166131334,0,0.04237794876098633,0.0050067901611328125
Fwd IAT Min,SD1,0,2,DT,0.4043713186973665,0.304613744862036,0.38262006653613634,0.304613744862036,0.31107446317851545,0.17539161166131334,0,0.03679156303405762,0.006014585494995117
Fwd IAT Min,SD1,0,3,DT,0.4043713186973665,0.304613744862036,0.38262006653613634,0.304613744862036,0.31107446317851545,0.17539161166131334,0,0.03362011909484863,0.0
Fwd IAT Min,SD1,0,4,DT,0.4043713186973665,0.304613744862036,0.38262006653613634,0.304613744862036,0.31107446317851545,0.17539161166131334,0,0.031839609146118164,0.0
