Feature,Dataset,T,CV,ML,Acc,b_Acc,Prec,Rec,F1,kap,ROC,tra-T,test-T
tcp.seq,SD2,0,0,DT,0.7558271555466506,0.19492999799734367,0.2878543786416347,0.19492999799734367,0.20426238562120372,0.21102633787296832,0,0.03125452995300293,0.0
tcp.seq,SD2,0,1,DT,0.7558271555466506,0.19492999799734367,0.2878543786416347,0.19492999799734367,0.20426238562120372,0.21102633787296832,0,0.01873040199279785,0.013102531433105469
tcp.seq,SD2,0,2,DT,0.7558271555466506,0.19492999799734367,0.2878543786416347,0.19492999799734367,0.20426238562120372,0.21102633787296832,0,0.03124403953552246,0.0
tcp.seq,SD2,0,3,DT,0.7558271555466506,0.19492999799734367,0.2878543786416347,0.19492999799734367,0.20426238562120372,0.21102633787296832,0,0.018743515014648438,0.01310110092163086
tcp.seq,SD2,0,4,DT,0.7558271555466506,0.19492999799734367,0.2878543786416347,0.19492999799734367,0.20426238562120372,0.21102633787296832,0,0.031244754791259766,0.0
