Feature,Dataset,T,CV,ML,Acc,b_Acc,Prec,Rec,F1,kap,ROC,tra-T,test-T
tls.record.length,SD1,0,0,DT,0.42242486514256355,0.13419219785313283,0.46071045754024614,0.13419219785313283,0.12393034469507175,0.0822265057422853,0,0.0,0.0
tls.record.length,SD1,0,1,DT,0.42242486514256355,0.13419219785313283,0.46071045754024614,0.13419219785313283,0.12393034469507175,0.0822265057422853,0,0.0,0.0
tls.record.length,SD1,0,2,DT,0.42242486514256355,0.13419219785313283,0.46071045754024614,0.13419219785313283,0.12393034469507175,0.0822265057422853,0,0.0,0.0
tls.record.length,SD1,0,3,DT,0.42242486514256355,0.13419219785313283,0.46071045754024614,0.13419219785313283,0.12393034469507175,0.0822265057422853,0,0.015624284744262695,0.0
tls.record.length,SD1,0,4,DT,0.42242486514256355,0.13419219785313283,0.46071045754024614,0.13419219785313283,0.12393034469507175,0.0822265057422853,0,0.0,0.0
