Feature,Dataset,T,CV,ML,Acc,b_Acc,Prec,Rec,F1,kap,ROC,tra-T,test-T
stun.type.class,SD1,0,0,DT,0.3825670005993664,0.0841543513957307,0.07354557392024207,0.0841543513957307,0.047726510120669204,0.00024229062626468512,0,0.0,0.015625
stun.type.class,SD1,0,1,DT,0.3825670005993664,0.0841543513957307,0.07354557392024207,0.0841543513957307,0.047726510120669204,0.00024229062626468512,0,0.0,0.0
stun.type.class,SD1,0,2,DT,0.3825670005993664,0.0841543513957307,0.07354557392024207,0.0841543513957307,0.047726510120669204,0.00024229062626468512,0,0.0,0.0
stun.type.class,SD1,0,3,DT,0.3825670005993664,0.0841543513957307,0.07354557392024207,0.0841543513957307,0.047726510120669204,0.00024229062626468512,0,0.01574993133544922,0.0
stun.type.class,SD1,0,4,DT,0.3825670005993664,0.0841543513957307,0.07354557392024207,0.0841543513957307,0.047726510120669204,0.00024229062626468512,0,0.0,0.0
