Feature,Dataset,T,CV,ML,Acc,b_Acc,Prec,Rec,F1,kap,ROC,tra-T,test-T
tcp.options.timestamp.tsval,SD1T,0,0,DT,0.40578864445352164,0.12281167844233527,0.07847022907315208,0.12281167844233527,0.08513479644864515,0.035530233544336265,0,0.015616178512573242,0.0
tcp.options.timestamp.tsval,SD1T,0,1,DT,0.40578864445352164,0.12281167844233527,0.07847022907315208,0.12281167844233527,0.08513479644864515,0.035530233544336265,0,0.0,0.015636205673217773
tcp.options.timestamp.tsval,SD1T,0,2,DT,0.40578864445352164,0.12281167844233527,0.07847022907315208,0.12281167844233527,0.08513479644864515,0.035530233544336265,0,0.0,0.0
tcp.options.timestamp.tsval,SD1T,0,3,DT,0.40578864445352164,0.12281167844233527,0.07847022907315208,0.12281167844233527,0.08513479644864515,0.035530233544336265,0,0.01562666893005371,0.0
tcp.options.timestamp.tsval,SD1T,0,4,DT,0.40578864445352164,0.12281167844233527,0.07847022907315208,0.12281167844233527,0.08513479644864515,0.035530233544336265,0,0.00510096549987793,0.0
