Feature,Dataset,T,CV,ML,Acc,b_Acc,Prec,Rec,F1,kap,ROC,tra-T,test-T
udp.srcport,SD1T,0,0,DT,0.5359747913870573,0.33756370692565846,0.49622225248711366,0.33756370692565846,0.3328433677963791,0.3815981371610002,0,0.015644550323486328,0.0
udp.srcport,SD1T,0,1,DT,0.5359747913870573,0.33756370692565846,0.49622225248711366,0.33756370692565846,0.3328433677963791,0.3815981371610002,0,0.015507698059082031,0.0
udp.srcport,SD1T,0,2,DT,0.5359747913870573,0.33756370692565846,0.49622225248711366,0.33756370692565846,0.3328433677963791,0.3815981371610002,0,0.015523433685302734,0.0
udp.srcport,SD1T,0,3,DT,0.5359747913870573,0.33756370692565846,0.49622225248711366,0.33756370692565846,0.3328433677963791,0.3815981371610002,0,0.015635013580322266,0.0
udp.srcport,SD1T,0,4,DT,0.5359747913870573,0.33756370692565846,0.49622225248711366,0.33756370692565846,0.3328433677963791,0.3815981371610002,0,0.03242063522338867,0.0
