Feature,Dataset,T,CV,ML,Acc,b_Acc,Prec,Rec,F1,kap,ROC,tra-T,test-T
dns.retransmit_request,SD1,0,0,DT,0.38248137683020805,0.08333333333333333,0.03188573386440533,0.08333333333333333,0.046123346653037196,0.00021440523272675538,0,0.0,0.0
dns.retransmit_request,SD1,0,1,DT,0.38248137683020805,0.08333333333333333,0.03188573386440533,0.08333333333333333,0.046123346653037196,0.00021440523272675538,0,0.0160219669342041,0.0
dns.retransmit_request,SD1,0,2,DT,0.38248137683020805,0.08333333333333333,0.03188573386440533,0.08333333333333333,0.046123346653037196,0.00021440523272675538,0,0.0,0.0
dns.retransmit_request,SD1,0,3,DT,0.38248137683020805,0.08333333333333333,0.03188573386440533,0.08333333333333333,0.046123346653037196,0.00021440523272675538,0,0.0,0.0
dns.retransmit_request,SD1,0,4,DT,0.38248137683020805,0.08333333333333333,0.03188573386440533,0.08333333333333333,0.046123346653037196,0.00021440523272675538,0,0.0,0.0
