Feature,Dataset,T,CV,ML,Acc,b_Acc,Prec,Rec,F1,kap,ROC,tra-T,test-T
ip.bogus_ip_length,SD1,0,0,DT,0.411507834574878,0.08991228070175439,0.11555679673791448,0.08991228070175439,0.05929538158547987,0.047672968738057264,0,0.0,0.0
ip.bogus_ip_length,SD1,0,1,DT,0.411507834574878,0.08991228070175439,0.11555679673791448,0.08991228070175439,0.05929538158547987,0.047672968738057264,0,0.0,0.0
ip.bogus_ip_length,SD1,0,2,DT,0.411507834574878,0.08991228070175439,0.11555679673791448,0.08991228070175439,0.05929538158547987,0.047672968738057264,0,0.012141942977905273,0.0
ip.bogus_ip_length,SD1,0,3,DT,0.411507834574878,0.08991228070175439,0.11555679673791448,0.08991228070175439,0.05929538158547987,0.047672968738057264,0,0.0,0.0
ip.bogus_ip_length,SD1,0,4,DT,0.411507834574878,0.08991228070175439,0.11555679673791448,0.08991228070175439,0.05929538158547987,0.047672968738057264,0,0.0,0.015642881393432617
