Feature,Dataset,T,CV,ML,Acc,b_Acc,Prec,Rec,F1,kap,ROC,tra-T,test-T
tcp.options.wscale,SD1,0,0,DT,0.39275622912920627,0.10010599586727474,0.28717910686270093,0.10010599586727474,0.0765667145905921,0.021562969636888085,0,0.0,0.0
tcp.options.wscale,SD1,0,1,DT,0.39275622912920627,0.10010599586727474,0.28717910686270093,0.10010599586727474,0.0765667145905921,0.021562969636888085,0,0.0,0.0
tcp.options.wscale,SD1,0,2,DT,0.39275622912920627,0.10010599586727474,0.28717910686270093,0.10010599586727474,0.0765667145905921,0.021562969636888085,0,0.0,0.0
tcp.options.wscale,SD1,0,3,DT,0.39275622912920627,0.10010599586727474,0.28717910686270093,0.10010599586727474,0.0765667145905921,0.021562969636888085,0,0.0,0.0
tcp.options.wscale,SD1,0,4,DT,0.39275622912920627,0.10010599586727474,0.28717910686270093,0.10010599586727474,0.0765667145905921,0.021562969636888085,0,0.0,0.015620231628417969
