Feature,Dataset,T,CV,ML,Acc,b_Acc,Prec,Rec,F1,kap,ROC,tra-T,test-T
icmpv6.mldr.nb_mcast_records,SD2,0,0,DT,0.7542910572363588,0.08333333333333333,0.0628575881030299,0.08333333333333333,0.07166152713798048,0.0,0,0.0,0.0
icmpv6.mldr.nb_mcast_records,SD2,0,1,DT,0.7542910572363588,0.08333333333333333,0.0628575881030299,0.08333333333333333,0.07166152713798048,0.0,0,0.0,0.0
icmpv6.mldr.nb_mcast_records,SD2,0,2,DT,0.7542910572363588,0.08333333333333333,0.0628575881030299,0.08333333333333333,0.07166152713798048,0.0,0,0.0,0.015619039535522461
icmpv6.mldr.nb_mcast_records,SD2,0,3,DT,0.7542910572363588,0.08333333333333333,0.0628575881030299,0.08333333333333333,0.07166152713798048,0.0,0,0.0157320499420166,0.0
icmpv6.mldr.nb_mcast_records,SD2,0,4,DT,0.7542910572363588,0.08333333333333333,0.0628575881030299,0.08333333333333333,0.07166152713798048,0.0,0,0.0,0.0
