Feature,Dataset,T,CV,ML,Acc,b_Acc,Prec,Rec,F1,kap,ROC,tra-T,test-T
tcp.analysis.bytes_in_flight,SD2,0,0,DT,0.7621385159954585,0.17730069468843268,0.3199694720401108,0.17730069468843268,0.19468732155542542,0.125490839248517,0,0.0,0.0
tcp.analysis.bytes_in_flight,SD2,0,1,DT,0.7621385159954585,0.17730069468843268,0.3199694720401108,0.17730069468843268,0.19468732155542542,0.125490839248517,0,0.009519577026367188,0.0
tcp.analysis.bytes_in_flight,SD2,0,2,DT,0.7621385159954585,0.17730069468843268,0.3199694720401108,0.17730069468843268,0.19468732155542542,0.125490839248517,0,0.0,0.0
tcp.analysis.bytes_in_flight,SD2,0,3,DT,0.7621385159954585,0.17730069468843268,0.3199694720401108,0.17730069468843268,0.19468732155542542,0.125490839248517,0,0.014017581939697266,0.0020139217376708984
tcp.analysis.bytes_in_flight,SD2,0,4,DT,0.7621385159954585,0.17730069468843268,0.3199694720401108,0.17730069468843268,0.19468732155542542,0.125490839248517,0,0.01562809944152832,0.0
