Feature,Dataset,T,CV,ML,Acc,b_Acc,Prec,Rec,F1,kap,ROC,tra-T,test-T
tls.handshake.extensions_supported_groups_length,SD1,0,0,DT,0.38457915917458685,0.0869643512508285,0.161908595143701,0.0869643512508285,0.05323483060273793,0.004802467466569427,0,0.0,0.0
tls.handshake.extensions_supported_groups_length,SD1,0,1,DT,0.38457915917458685,0.0869643512508285,0.161908595143701,0.0869643512508285,0.05323483060273793,0.004802467466569427,0,0.0,0.015597105026245117
tls.handshake.extensions_supported_groups_length,SD1,0,2,DT,0.38457915917458685,0.0869643512508285,0.161908595143701,0.0869643512508285,0.05323483060273793,0.004802467466569427,0,0.0,0.015718460083007812
tls.handshake.extensions_supported_groups_length,SD1,0,3,DT,0.38457915917458685,0.0869643512508285,0.161908595143701,0.0869643512508285,0.05323483060273793,0.004802467466569427,0,0.0,0.0
tls.handshake.extensions_supported_groups_length,SD1,0,4,DT,0.38457915917458685,0.0869643512508285,0.161908595143701,0.0869643512508285,0.05323483060273793,0.004802467466569427,0,0.006109952926635742,0.0
