Feature,Dataset,T,CV,ML,Acc,b_Acc,Prec,Rec,F1,kap,ROC,tra-T,test-T
dhcp.option.padding,SD1,0,0,DT,0.3825670005993664,0.08519791718047855,0.04856028794241152,0.08519791718047855,0.049512833806049594,0.0006581488225853027,0,0.015615701675415039,0.0
dhcp.option.padding,SD1,0,1,DT,0.3825670005993664,0.08519791718047855,0.04856028794241152,0.08519791718047855,0.049512833806049594,0.0006581488225853027,0,0.007104396820068359,0.0
dhcp.option.padding,SD1,0,2,DT,0.3825670005993664,0.08519791718047855,0.04856028794241152,0.08519791718047855,0.049512833806049594,0.0006581488225853027,0,0.0,0.0
dhcp.option.padding,SD1,0,3,DT,0.3825670005993664,0.08519791718047855,0.04856028794241152,0.08519791718047855,0.049512833806049594,0.0006581488225853027,0,0.0,0.0
dhcp.option.padding,SD1,0,4,DT,0.3825670005993664,0.08519791718047855,0.04856028794241152,0.08519791718047855,0.049512833806049594,0.0006581488225853027,0,0.015626192092895508,0.0
