Feature,Dataset,T,CV,ML,Acc,b_Acc,Prec,Rec,F1,kap,ROC,tra-T,test-T
ip.ttl,SD2,0,0,DT,0.7763641220864222,0.1629097830353267,0.17301871508352665,0.1629097830353267,0.1387064732961241,0.2850039726010001,0,0.0,0.0
ip.ttl,SD2,0,1,DT,0.7763641220864222,0.1629097830353267,0.17301871508352665,0.1629097830353267,0.1387064732961241,0.2850039726010001,0,0.0,0.0
ip.ttl,SD2,0,2,DT,0.7763641220864222,0.1629097830353267,0.17301871508352665,0.1629097830353267,0.1387064732961241,0.2850039726010001,0,0.0,0.0
ip.ttl,SD2,0,3,DT,0.7763641220864222,0.1629097830353267,0.17301871508352665,0.1629097830353267,0.1387064732961241,0.2850039726010001,0,0.0,0.0
ip.ttl,SD2,0,4,DT,0.7763641220864222,0.1629097830353267,0.17301871508352665,0.1629097830353267,0.1387064732961241,0.2850039726010001,0,0.01363062858581543,0.002132892608642578
