Feature,Dataset,T,CV,ML,Acc,b_Acc,Prec,Rec,F1,kap,ROC,tra-T,test-T
tcp.connection.synack,SD1T,0,0,DT,0.3980276594503122,0.08333333333333333,0.03316897162085935,0.08333333333333333,0.047451094971756126,0.0,0,0.0036013126373291016,0.0
tcp.connection.synack,SD1T,0,1,DT,0.3980276594503122,0.08333333333333333,0.03316897162085935,0.08333333333333333,0.047451094971756126,0.0,0,0.0,0.0
tcp.connection.synack,SD1T,0,2,DT,0.3980276594503122,0.08333333333333333,0.03316897162085935,0.08333333333333333,0.047451094971756126,0.0,0,0.015737533569335938,0.0
tcp.connection.synack,SD1T,0,3,DT,0.3980276594503122,0.08333333333333333,0.03316897162085935,0.08333333333333333,0.047451094971756126,0.0,0,0.011111974716186523,0.0
tcp.connection.synack,SD1T,0,4,DT,0.3980276594503122,0.08333333333333333,0.03316897162085935,0.08333333333333333,0.047451094971756126,0.0,0,0.0,0.0
