Feature,Dataset,T,CV,ML,Acc,b_Acc,Prec,Rec,F1,kap,ROC,tra-T,test-T
stun.att.username,SD1T,0,0,DT,0.3980276594503122,0.08333333333333333,0.0331709072517896,0.08333333333333333,0.04745307564942745,3.74960572999683e-05,0,0.0,0.01562952995300293
stun.att.username,SD1T,0,1,DT,0.3980276594503122,0.08333333333333333,0.0331709072517896,0.08333333333333333,0.04745307564942745,3.74960572999683e-05,0,0.015617132186889648,0.0
stun.att.username,SD1T,0,2,DT,0.3980276594503122,0.08333333333333333,0.0331709072517896,0.08333333333333333,0.04745307564942745,3.74960572999683e-05,0,0.0,0.0
stun.att.username,SD1T,0,3,DT,0.3980276594503122,0.08333333333333333,0.0331709072517896,0.08333333333333333,0.04745307564942745,3.74960572999683e-05,0,0.0,0.0
stun.att.username,SD1T,0,4,DT,0.3980276594503122,0.08333333333333333,0.0331709072517896,0.08333333333333333,0.04745307564942745,3.74960572999683e-05,0,0.0,0.015712261199951172
