Feature,Dataset,T,CV,ML,Acc,b_Acc,Prec,Rec,F1,kap,ROC,tra-T,test-T
ip.opt.type.copy,SD1,0,0,DT,0.411507834574878,0.08991228070175439,0.11558433190849608,0.08991228070175439,0.05932371428242664,0.048103619042396684,0,0.015516281127929688,0.0
ip.opt.type.copy,SD1,0,1,DT,0.411507834574878,0.08991228070175439,0.11558433190849608,0.08991228070175439,0.05932371428242664,0.048103619042396684,0,0.0,0.0
ip.opt.type.copy,SD1,0,2,DT,0.411507834574878,0.08991228070175439,0.11558433190849608,0.08991228070175439,0.05932371428242664,0.048103619042396684,0,0.015627145767211914,0.0
ip.opt.type.copy,SD1,0,3,DT,0.411507834574878,0.08991228070175439,0.11558433190849608,0.08991228070175439,0.05932371428242664,0.048103619042396684,0,0.016036510467529297,0.0
ip.opt.type.copy,SD1,0,4,DT,0.411507834574878,0.08991228070175439,0.11558433190849608,0.08991228070175439,0.05932371428242664,0.048103619042396684,0,0.0,0.0
