Feature,Dataset,T,CV,ML,Acc,b_Acc,Prec,Rec,F1,kap,ROC,tra-T,test-T
tcp.options,SD1,0,0,DT,0.403716071581471,0.14210965489736996,0.2145025556633852,0.14210965489736996,0.0948133264307736,0.09510433284374487,0,0.0,0.0
tcp.options,SD1,0,1,DT,0.403716071581471,0.14210965489736996,0.2145025556633852,0.14210965489736996,0.0948133264307736,0.09510433284374487,0,0.0,0.0
tcp.options,SD1,0,2,DT,0.403716071581471,0.14210965489736996,0.2145025556633852,0.14210965489736996,0.0948133264307736,0.09510433284374487,0,0.0,0.015733003616333008
tcp.options,SD1,0,3,DT,0.403716071581471,0.14210965489736996,0.2145025556633852,0.14210965489736996,0.0948133264307736,0.09510433284374487,0,0.0,0.0
tcp.options,SD1,0,4,DT,0.403716071581471,0.14210965489736996,0.2145025556633852,0.14210965489736996,0.0948133264307736,0.09510433284374487,0,0.017737388610839844,0.0
