Dataset,T,CV,ML,Acc,b_Acc,Prec,Rec,F1,kap,ROC,tra-T,test-T,Al-Time
UK@USVPN,0,1,RF,0.788091636049276,0.4672687588965564,0.4944435034561289,0.4672687588965564,0.4352023975812492,0.7324084539016238,0,1148.7885320186615,8.067813158035278,0
UK@USVPN,1,2,RF,0.7896563648152151,0.46973825307363826,0.4978674297496363,0.46973825307363826,0.43810848838665706,0.7343145580163775,0,1160.5571703910828,7.206485986709595,0
UK@USVPN,2,3,RF,0.7878106764642316,0.46876641798157304,0.497659615033037,0.46876641798157304,0.4377278551170676,0.7321312752426168,0,1159.6068212985992,7.004804372787476,0
UK@USVPN,3,4,RF,0.787633455802896,0.46537567660714985,0.48375711165103014,0.46537567660714985,0.4320475047168648,0.731684642402116,0,1238.5471336841583,7.014794588088989,0
UK@USVPN,4,5,RF,0.7888264534255457,0.46595077343452324,0.4912785788596877,0.46595077343452324,0.4326775845128249,0.7333178077288973,0,1232.9796969890594,7.165472030639648,0
