Dataset,T,CV,ML,Acc,b_Acc,Prec,Rec,F1,kap,ROC,tra-T,test-T,Al-Time
US@UK,0,1,RF,0.8315960244686678,0.5628280141958747,0.5697183710497417,0.5628280141958747,0.5395171519844311,0.7779177435814413,0,1302.6203684806824,7.267767429351807,0
US@UK,1,2,RF,0.8304043685687167,0.5712116453722724,0.5675145693618553,0.5712116453722724,0.5421090061426816,0.7766580815541386,0,1303.4808509349823,7.245502710342407,0
US@UK,2,3,RF,0.8320141493458436,0.5690170673510716,0.5638642376523396,0.5690170673510716,0.5410898423819366,0.7781217639912323,0,1326.6065587997437,7.193071365356445,0
US@UK,3,4,RF,0.8302287561203029,0.5684784148479689,0.562186478032342,0.5684784148479689,0.539258535644391,0.7766932576320045,0,1307.5280332565308,7.237980604171753,0
US@UK,4,5,RF,0.8308517621872948,0.5698814699440196,0.5740480189068435,0.5698814699440196,0.5444437830402691,0.7773180913463356,0,1303.9545967578888,7.125208377838135,0
