Feature,Dataset,T,CV,ML,Acc,b_Acc,Prec,Rec,F1,kap,ROC,tra-T,test-T
tcp.window_size_scalefactor,AD-S1-2,0,0,DT,0.3095802687458971,0.25968666406521584,0.31907118607817153,0.25968666406521584,0.20618792687375065,0.26462169369994304,0,0.014028549194335938,0.015652179718017578
tcp.window_size_scalefactor,AD-S1-2,0,1,DT,0.3095802687458971,0.25968666406521584,0.31907118607817153,0.25968666406521584,0.20618792687375065,0.26462169369994304,0,0.03170347213745117,0.01564168930053711
tcp.window_size_scalefactor,AD-S1-2,0,2,DT,0.3095802687458971,0.25968666406521584,0.31907118607817153,0.25968666406521584,0.20618792687375065,0.26462169369994304,0,0.01534414291381836,0.014623403549194336
tcp.window_size_scalefactor,AD-S1-2,0,3,DT,0.3095802687458971,0.25968666406521584,0.31907118607817153,0.25968666406521584,0.20618792687375065,0.26462169369994304,0,0.031407833099365234,0.015995264053344727
tcp.window_size_scalefactor,AD-S1-2,0,4,DT,0.3095802687458971,0.25968666406521584,0.31907118607817153,0.25968666406521584,0.20618792687375065,0.26462169369994304,0,0.015900611877441406,0.016773223876953125
