Feature,Dataset,T,CV,ML,Acc,b_Acc,Prec,Rec,F1,kap,ROC,tra-T,test-T
tcp.analysis.acks_frame,AD-S1-2,0,0,DT,0.058290797529574105,0.05327910222986303,0.04165346976798948,0.05327910222986303,0.02260395139551404,0.005716843687065376,0,0.18231678009033203,0.01564502716064453
tcp.analysis.acks_frame,AD-S1-2,0,1,DT,0.058290797529574105,0.05327910222986303,0.04165346976798948,0.05327910222986303,0.02260395139551404,0.005716843687065376,0,0.18847060203552246,0.01561117172241211
tcp.analysis.acks_frame,AD-S1-2,0,2,DT,0.058290797529574105,0.05327910222986303,0.04165346976798948,0.05327910222986303,0.02260395139551404,0.005716843687065376,0,0.1665210723876953,0.031255483627319336
tcp.analysis.acks_frame,AD-S1-2,0,3,DT,0.058290797529574105,0.05327910222986303,0.04165346976798948,0.05327910222986303,0.02260395139551404,0.005716843687065376,0,0.17253565788269043,0.016037940979003906
tcp.analysis.acks_frame,AD-S1-2,0,4,DT,0.058290797529574105,0.05327910222986303,0.04165346976798948,0.05327910222986303,0.02260395139551404,0.005716843687065376,0,0.15717029571533203,0.015630483627319336
