Feature,Dataset,T,CV,ML,Acc,b_Acc,Prec,Rec,F1,kap,ROC,tra-T,test-T
tls.handshake.extensions_supported_groups_length,AD-S2-1,0,0,DT,0.06715628065465434,0.05057934179841272,0.11162386200042325,0.05057934179841272,0.011452160539295007,0.003278608430823393,0,0.00961160659790039,0.010116100311279297
tls.handshake.extensions_supported_groups_length,AD-S2-1,0,1,DT,0.06715628065465434,0.05057934179841272,0.11162386200042325,0.05057934179841272,0.011452160539295007,0.003278608430823393,0,0.009794950485229492,0.009829521179199219
tls.handshake.extensions_supported_groups_length,AD-S2-1,0,2,DT,0.06715628065465434,0.05057934179841272,0.11162386200042325,0.05057934179841272,0.011452160539295007,0.003278608430823393,0,0.009727716445922852,0.010495901107788086
tls.handshake.extensions_supported_groups_length,AD-S2-1,0,3,DT,0.06715628065465434,0.05057934179841272,0.11162386200042325,0.05057934179841272,0.011452160539295007,0.003278608430823393,0,0.010001182556152344,0.009845256805419922
tls.handshake.extensions_supported_groups_length,AD-S2-1,0,4,DT,0.06715628065465434,0.05057934179841272,0.11162386200042325,0.05057934179841272,0.011452160539295007,0.003278608430823393,0,0.015040874481201172,0.004874467849731445
