Feature,Dataset,T,CV,ML,Acc,b_Acc,Prec,Rec,F1,kap,ROC,tra-T,test-T
ip.ttl,AD-S1-2,0,0,DT,0.31106734723952684,0.2823531045488619,0.24226885009890017,0.2823531045488619,0.21379174201062873,0.26810218577805556,0,0.014529943466186523,0.009766101837158203
ip.ttl,AD-S1-2,0,1,DT,0.31106734723952684,0.2823531045488619,0.24226885009890017,0.2823531045488619,0.21379174201062873,0.26810218577805556,0,0.015569686889648438,0.009512662887573242
ip.ttl,AD-S1-2,0,2,DT,0.31106734723952684,0.2823531045488619,0.24226885009890017,0.2823531045488619,0.21379174201062873,0.26810218577805556,0,0.010723114013671875,0.014337301254272461
ip.ttl,AD-S1-2,0,3,DT,0.31106734723952684,0.2823531045488619,0.24226885009890017,0.2823531045488619,0.21379174201062873,0.26810218577805556,0,0.014826297760009766,0.01017451286315918
ip.ttl,AD-S1-2,0,4,DT,0.31106734723952684,0.2823531045488619,0.24226885009890017,0.2823531045488619,0.21379174201062873,0.26810218577805556,0,0.014751434326171875,0.009883642196655273
