Feature,Dataset,T,CV,ML,Acc,b_Acc,Prec,Rec,F1,kap,ROC,tra-T,test-T
tcp.pdu.size,AD-S2-1,0,0,DT,0.0678661779131602,0.05048148872291222,0.0973595784846782,0.05048148872291222,0.011246728390739879,0.003979858759345034,0,0.010114908218383789,0.01009058952331543
tcp.pdu.size,AD-S2-1,0,1,DT,0.0678661779131602,0.05048148872291222,0.0973595784846782,0.05048148872291222,0.011246728390739879,0.003979858759345034,0,0.009375333786010742,0.010642051696777344
tcp.pdu.size,AD-S2-1,0,2,DT,0.0678661779131602,0.05048148872291222,0.0973595784846782,0.05048148872291222,0.011246728390739879,0.003979858759345034,0,0.0051877498626708984,0.015266895294189453
tcp.pdu.size,AD-S2-1,0,3,DT,0.0678661779131602,0.05048148872291222,0.0973595784846782,0.05048148872291222,0.011246728390739879,0.003979858759345034,0,0.010324716567993164,0.014602422714233398
tcp.pdu.size,AD-S2-1,0,4,DT,0.0678661779131602,0.05048148872291222,0.0973595784846782,0.05048148872291222,0.011246728390739879,0.003979858759345034,0,0.014717817306518555,0.010285139083862305
