Feature,Dataset,T,CV,ML,Acc,b_Acc,Prec,Rec,F1,kap,ROC,tra-T,test-T
tcp.hdr_len,AD-S2-1,0,0,DT,0.16784552635654912,0.1415489396434718,0.1697660902005455,0.1415489396434718,0.055997009079704826,0.11697158733240831,0,0.015139341354370117,0.015257835388183594
tcp.hdr_len,AD-S2-1,0,1,DT,0.16784552635654912,0.1415489396434718,0.1697660902005455,0.1415489396434718,0.055997009079704826,0.11697158733240831,0,0.014529228210449219,0.010229110717773438
tcp.hdr_len,AD-S2-1,0,2,DT,0.16784552635654912,0.1415489396434718,0.1697660902005455,0.1415489396434718,0.055997009079704826,0.11697158733240831,0,0.015100240707397461,0.013755083084106445
tcp.hdr_len,AD-S2-1,0,3,DT,0.16784552635654912,0.1415489396434718,0.1697660902005455,0.1415489396434718,0.055997009079704826,0.11697158733240831,0,0.014889955520629883,0.009917974472045898
tcp.hdr_len,AD-S2-1,0,4,DT,0.16784552635654912,0.1415489396434718,0.1697660902005455,0.1415489396434718,0.055997009079704826,0.11697158733240831,0,0.01567816734313965,0.009129047393798828
