Feature,Dataset,T,CV,ML,Acc,b_Acc,Prec,Rec,F1,kap,ROC,tra-T,test-T
arp.isprobe,AD-S1-2,0,0,DT,0.06650322200340286,0.047619047619047616,0.0031668200954001365,0.047619047619047616,0.00593869766178734,0.0,0,0.0,0.015639543533325195
arp.isprobe,AD-S1-2,0,1,DT,0.06650322200340286,0.047619047619047616,0.0031668200954001365,0.047619047619047616,0.00593869766178734,0.0,0,0.0,0.015628337860107422
arp.isprobe,AD-S1-2,0,2,DT,0.06650322200340286,0.047619047619047616,0.0031668200954001365,0.047619047619047616,0.00593869766178734,0.0,0,0.015735864639282227,0.0
arp.isprobe,AD-S1-2,0,3,DT,0.06650322200340286,0.047619047619047616,0.0031668200954001365,0.047619047619047616,0.00593869766178734,0.0,0,0.015627384185791016,0.01566910743713379
arp.isprobe,AD-S1-2,0,4,DT,0.06650322200340286,0.047619047619047616,0.0031668200954001365,0.047619047619047616,0.00593869766178734,0.0,0,0.01563262939453125,0.0
