Feature,Dataset,T,CV,ML,Acc,b_Acc,Prec,Rec,F1,kap,ROC,tra-T,test-T
udp.stream,AD-S2-1,0,0,DT,0.0915122102328463,0.07100266575308119,0.07969285890953352,0.07100266575308119,0.0383401777344812,0.03329936439818282,0,0.049272775650024414,0.015629291534423828
udp.stream,AD-S2-1,0,1,DT,0.0915122102328463,0.07100266575308119,0.07969285890953352,0.07100266575308119,0.0383401777344812,0.03329936439818282,0,0.04432201385498047,0.012126684188842773
udp.stream,AD-S2-1,0,2,DT,0.0915122102328463,0.07100266575308119,0.07969285890953352,0.07100266575308119,0.0383401777344812,0.03329936439818282,0,0.04738640785217285,0.015622854232788086
udp.stream,AD-S2-1,0,3,DT,0.0915122102328463,0.07100266575308119,0.07969285890953352,0.07100266575308119,0.0383401777344812,0.03329936439818282,0,0.04686403274536133,0.016094207763671875
udp.stream,AD-S2-1,0,4,DT,0.0915122102328463,0.07100266575308119,0.07969285890953352,0.07100266575308119,0.0383401777344812,0.03329936439818282,0,0.04713726043701172,0.015675783157348633
