Feature,Dataset,T,CV,ML,Acc,b_Acc,Prec,Rec,F1,kap,ROC,tra-T,test-T
arp.proto.type,AD-S1-2,0,0,DT,0.06650322200340286,0.047619047619047616,0.0031668200954001365,0.047619047619047616,0.00593869766178734,0.0,0,0.010581493377685547,0.011115550994873047
arp.proto.type,AD-S1-2,0,1,DT,0.06650322200340286,0.047619047619047616,0.0031668200954001365,0.047619047619047616,0.00593869766178734,0.0,0,0.015656471252441406,0.015619754791259766
arp.proto.type,AD-S1-2,0,2,DT,0.06650322200340286,0.047619047619047616,0.0031668200954001365,0.047619047619047616,0.00593869766178734,0.0,0,0.015625715255737305,0.0
arp.proto.type,AD-S1-2,0,3,DT,0.06650322200340286,0.047619047619047616,0.0031668200954001365,0.047619047619047616,0.00593869766178734,0.0,0,0.015020132064819336,0.01564788818359375
arp.proto.type,AD-S1-2,0,4,DT,0.06650322200340286,0.047619047619047616,0.0031668200954001365,0.047619047619047616,0.00593869766178734,0.0,0,0.015545129776000977,0.006113767623901367
