Feature,Dataset,T,CV,ML,Acc,b_Acc,Prec,Rec,F1,kap,ROC,tra-T,test-T
eth.addr.oui,AD-S1-2,0,0,DT,0.23016223892394463,0.19123739158123226,0.20726730498641052,0.19123739158123226,0.13203252844569335,0.18037478912188243,0,0.015391349792480469,0.014821290969848633
eth.addr.oui,AD-S1-2,0,1,DT,0.23016223892394463,0.19123739158123226,0.20726730498641052,0.19123739158123226,0.13203252844569335,0.18037478912188243,0,0.02008366584777832,0.010587453842163086
eth.addr.oui,AD-S1-2,0,2,DT,0.23016223892394463,0.19123739158123226,0.20726730498641052,0.19123739158123226,0.13203252844569335,0.18037478912188243,0,0.016279220581054688,0.013955354690551758
eth.addr.oui,AD-S1-2,0,3,DT,0.23016223892394463,0.19123739158123226,0.20726730498641052,0.19123739158123226,0.13203252844569335,0.18037478912188243,0,0.015100955963134766,0.010291576385498047
eth.addr.oui,AD-S1-2,0,4,DT,0.23016223892394463,0.19123739158123226,0.20726730498641052,0.19123739158123226,0.13203252844569335,0.18037478912188243,0,0.014064311981201172,0.010331392288208008
