Feature,Dataset,T,CV,ML,Acc,b_Acc,Prec,Rec,F1,kap,ROC,tra-T,test-T
tcp.flags.res,AD-S2-1,0,0,DT,0.11540347978728897,0.08966117986303015,0.012347166593425047,0.08966117986303015,0.021392984139277905,0.05767282885596747,0,0.014531850814819336,0.009918451309204102
tcp.flags.res,AD-S2-1,0,1,DT,0.11540347978728897,0.08966117986303015,0.012347166593425047,0.08966117986303015,0.021392984139277905,0.05767282885596747,0,0.01484227180480957,0.009728193283081055
tcp.flags.res,AD-S2-1,0,2,DT,0.11540347978728897,0.08966117986303015,0.012347166593425047,0.08966117986303015,0.021392984139277905,0.05767282885596747,0,0.010223150253295898,0.00965118408203125
tcp.flags.res,AD-S2-1,0,3,DT,0.11540347978728897,0.08966117986303015,0.012347166593425047,0.08966117986303015,0.021392984139277905,0.05767282885596747,0,0.010198831558227539,0.009798288345336914
tcp.flags.res,AD-S2-1,0,4,DT,0.11540347978728897,0.08966117986303015,0.012347166593425047,0.08966117986303015,0.021392984139277905,0.05767282885596747,0,0.015143632888793945,0.009929180145263672
