Feature,Dataset,T,CV,ML,Acc,b_Acc,Prec,Rec,F1,kap,ROC,tra-T,test-T
icmpv6.mldr.nb_mcast_records,AD-S2-1,0,0,DT,0.06416180494604781,0.04762865986119922,0.014959629039554691,0.04762865986119922,0.005760619097104956,1.3803354906749554e-05,0,0.010222434997558594,0.009982585906982422
icmpv6.mldr.nb_mcast_records,AD-S2-1,0,1,DT,0.06416180494604781,0.04762865986119922,0.014959629039554691,0.04762865986119922,0.005760619097104956,1.3803354906749554e-05,0,0.015162467956542969,0.004755258560180664
icmpv6.mldr.nb_mcast_records,AD-S2-1,0,2,DT,0.06416180494604781,0.04762865986119922,0.014959629039554691,0.04762865986119922,0.005760619097104956,1.3803354906749554e-05,0,0.010542869567871094,0.009628057479858398
icmpv6.mldr.nb_mcast_records,AD-S2-1,0,3,DT,0.06416180494604781,0.04762865986119922,0.014959629039554691,0.04762865986119922,0.005760619097104956,1.3803354906749554e-05,0,0.012336254119873047,0.005831241607666016
icmpv6.mldr.nb_mcast_records,AD-S2-1,0,4,DT,0.06416180494604781,0.04762865986119922,0.014959629039554691,0.04762865986119922,0.005760619097104956,1.3803354906749554e-05,0,0.015350103378295898,0.004608154296875
