Feature,Dataset,T,CV,ML,Acc,b_Acc,Prec,Rec,F1,kap,ROC,tra-T,test-T
stun.cookie,AD-S2-1,0,0,DT,0.06684650730548815,0.04962915118795902,0.03886832298397623,0.04962915118795902,0.010157471103030271,0.002883448761056062,0,0.00700831413269043,0.0
stun.cookie,AD-S2-1,0,1,DT,0.06684650730548815,0.04962915118795902,0.03886832298397623,0.04962915118795902,0.010157471103030271,0.002883448761056062,0,0.009897947311401367,0.009835958480834961
stun.cookie,AD-S2-1,0,2,DT,0.06684650730548815,0.04962915118795902,0.03886832298397623,0.04962915118795902,0.010157471103030271,0.002883448761056062,0,0.007202625274658203,0.017897844314575195
stun.cookie,AD-S2-1,0,3,DT,0.06684650730548815,0.04962915118795902,0.03886832298397623,0.04962915118795902,0.010157471103030271,0.002883448761056062,0,0.007070779800415039,0.011262893676757812
stun.cookie,AD-S2-1,0,4,DT,0.06684650730548815,0.04962915118795902,0.03886832298397623,0.04962915118795902,0.010157471103030271,0.002883448761056062,0,0.009655475616455078,0.010748624801635742
