Feature,Dataset,T,CV,ML,Acc,b_Acc,Prec,Rec,F1,kap,ROC,tra-T,test-T
tcp.flags.str,AD-S1-2,0,0,DT,0.17006283241563175,0.13205480772938943,0.14330290844109622,0.13205480772938943,0.06504681248907966,0.11595589662915184,0,0.015466451644897461,0.01017308235168457
tcp.flags.str,AD-S1-2,0,1,DT,0.17006283241563175,0.13205480772938943,0.14330290844109622,0.13205480772938943,0.06504681248907966,0.11595589662915184,0,0.015171289443969727,0.011941671371459961
tcp.flags.str,AD-S1-2,0,2,DT,0.17006283241563175,0.13205480772938943,0.14330290844109622,0.13205480772938943,0.06504681248907966,0.11595589662915184,0,0.020342588424682617,0.009358644485473633
tcp.flags.str,AD-S1-2,0,3,DT,0.17006283241563175,0.13205480772938943,0.14330290844109622,0.13205480772938943,0.06504681248907966,0.11595589662915184,0,0.016240358352661133,0.013697147369384766
tcp.flags.str,AD-S1-2,0,4,DT,0.17006283241563175,0.13205480772938943,0.14330290844109622,0.13205480772938943,0.06504681248907966,0.11595589662915184,0,0.0196533203125,0.01221466064453125
