Feature,Dataset,T,CV,ML,Acc,b_Acc,Prec,Rec,F1,kap,ROC,tra-T,test-T
stun.att.crc32,AD-S2-1,0,0,DT,0.06414889772316588,0.047619047619047616,0.003054709415388852,0.047619047619047616,0.0057411315689461385,0.0,0,0.010116100311279297,0.010000228881835938
stun.att.crc32,AD-S2-1,0,1,DT,0.06414889772316588,0.047619047619047616,0.003054709415388852,0.047619047619047616,0.0057411315689461385,0.0,0,0.005966663360595703,0.013081789016723633
stun.att.crc32,AD-S2-1,0,2,DT,0.06414889772316588,0.047619047619047616,0.003054709415388852,0.047619047619047616,0.0057411315689461385,0.0,0,0.009994745254516602,0.010328054428100586
stun.att.crc32,AD-S2-1,0,3,DT,0.06414889772316588,0.047619047619047616,0.003054709415388852,0.047619047619047616,0.0057411315689461385,0.0,0,0.010006427764892578,0.010003328323364258
stun.att.crc32,AD-S2-1,0,4,DT,0.06414889772316588,0.047619047619047616,0.003054709415388852,0.047619047619047616,0.0057411315689461385,0.0,0,0.01000070571899414,0.004904747009277344
