Feature,Dataset,T,CV,ML,Acc,b_Acc,Prec,Rec,F1,kap,ROC,tra-T,test-T
Payload_Entropy,AD-S2-1,0,0,DT,0.46453095152047086,0.4368552850614673,0.5901077920083786,0.4368552850614673,0.46457019018379875,0.4327805960041883,0,0.13262557983398438,0.01794719696044922
Payload_Entropy,AD-S2-1,0,1,DT,0.46453095152047086,0.4368552850614673,0.5901077920083786,0.4368552850614673,0.46457019018379875,0.4327805960041883,0,0.13785338401794434,0.023705720901489258
Payload_Entropy,AD-S2-1,0,2,DT,0.46453095152047086,0.4368552850614673,0.5901077920083786,0.4368552850614673,0.46457019018379875,0.4327805960041883,0,0.12643933296203613,0.01821303367614746
Payload_Entropy,AD-S2-1,0,3,DT,0.46453095152047086,0.4368552850614673,0.5901077920083786,0.4368552850614673,0.46457019018379875,0.4327805960041883,0,0.14058327674865723,0.020337581634521484
Payload_Entropy,AD-S2-1,0,4,DT,0.46453095152047086,0.4368552850614673,0.5901077920083786,0.4368552850614673,0.46457019018379875,0.4327805960041883,0,0.13774538040161133,0.016232967376708984
