Feature,Dataset,T,CV,ML,Acc,b_Acc,Prec,Rec,F1,kap,ROC,tra-T,test-T
ipv6.opt.type,AD-S1-2,0,0,DT,0.0667443698672347,0.0497096399535424,0.04212879270838826,0.0497096399535424,0.009908593287998955,0.00027758516091258567,0,0.008695602416992188,0.007886409759521484
ipv6.opt.type,AD-S1-2,0,1,DT,0.0667443698672347,0.0497096399535424,0.04212879270838826,0.0497096399535424,0.009908593287998955,0.00027758516091258567,0,0.009027481079101562,0.007164716720581055
ipv6.opt.type,AD-S1-2,0,2,DT,0.0667443698672347,0.0497096399535424,0.04212879270838826,0.0497096399535424,0.009908593287998955,0.00027758516091258567,0,0.007735490798950195,0.005042076110839844
ipv6.opt.type,AD-S1-2,0,3,DT,0.0667443698672347,0.0497096399535424,0.04212879270838826,0.0497096399535424,0.009908593287998955,0.00027758516091258567,0,0.01118016242980957,0.012221813201904297
ipv6.opt.type,AD-S1-2,0,4,DT,0.0667443698672347,0.0497096399535424,0.04212879270838826,0.0497096399535424,0.009908593287998955,0.00027758516091258567,0,0.012243509292602539,0.005926370620727539
