Feature,Dataset,T,CV,ML,Acc,b_Acc,Prec,Rec,F1,kap,ROC,tra-T,test-T
http.request,AD-S1-2,0,0,DT,0.07103144300202296,0.051792041680556074,0.0303800393957853,0.051792041680556074,0.013218632675312056,0.004976191132252894,0,0.010062456130981445,0.0166776180267334
http.request,AD-S1-2,0,1,DT,0.07103144300202296,0.051792041680556074,0.0303800393957853,0.051792041680556074,0.013218632675312056,0.004976191132252894,0,0.011902809143066406,0.013379812240600586
http.request,AD-S1-2,0,2,DT,0.07103144300202296,0.051792041680556074,0.0303800393957853,0.051792041680556074,0.013218632675312056,0.004976191132252894,0,0.01222372055053711,0.01093292236328125
http.request,AD-S1-2,0,3,DT,0.07103144300202296,0.051792041680556074,0.0303800393957853,0.051792041680556074,0.013218632675312056,0.004976191132252894,0,0.008309125900268555,0.01845264434814453
http.request,AD-S1-2,0,4,DT,0.07103144300202296,0.051792041680556074,0.0303800393957853,0.051792041680556074,0.013218632675312056,0.004976191132252894,0,0.016602754592895508,0.013309955596923828
