Feature,Dataset,T,CV,ML,Acc,b_Acc,Prec,Rec,F1,kap,ROC,tra-T,test-T
dns.id,AD-S2-1,0,0,DT,0.07253859259641696,0.057174572080197064,0.08853355210433937,0.057174572080197064,0.022326137059435234,0.01203990059618909,0,0.026280879974365234,0.009994983673095703
dns.id,AD-S2-1,0,1,DT,0.07253859259641696,0.057174572080197064,0.08853355210433937,0.057174572080197064,0.022326137059435234,0.01203990059618909,0,0.02000880241394043,0.009997844696044922
dns.id,AD-S2-1,0,2,DT,0.07253859259641696,0.057174572080197064,0.08853355210433937,0.057174572080197064,0.022326137059435234,0.01203990059618909,0,0.02500629425048828,0.009991168975830078
dns.id,AD-S2-1,0,3,DT,0.07253859259641696,0.057174572080197064,0.08853355210433937,0.057174572080197064,0.022326137059435234,0.01203990059618909,0,0.029656171798706055,0.010082721710205078
dns.id,AD-S2-1,0,4,DT,0.07253859259641696,0.057174572080197064,0.08853355210433937,0.057174572080197064,0.022326137059435234,0.01203990059618909,0,0.019994258880615234,0.010011434555053711
