Feature,Dataset,T,CV,ML,Acc,b_Acc,Prec,Rec,F1,kap,ROC,tra-T,test-T
tcp.options,AD-S1-2,0,0,DT,0.13808394625082057,0.1071704145413383,0.3794405281840335,0.1071704145413383,0.05145971440778134,0.07941587450311804,0,0.01562952995300293,0.015617847442626953
tcp.options,AD-S1-2,0,1,DT,0.13808394625082057,0.1071704145413383,0.3794405281840335,0.1071704145413383,0.05145971440778134,0.07941587450311804,0,0.03137016296386719,0.015613079071044922
tcp.options,AD-S1-2,0,2,DT,0.13808394625082057,0.1071704145413383,0.3794405281840335,0.1071704145413383,0.05145971440778134,0.07941587450311804,0,0.031359195709228516,0.015632152557373047
tcp.options,AD-S1-2,0,3,DT,0.13808394625082057,0.1071704145413383,0.3794405281840335,0.1071704145413383,0.05145971440778134,0.07941587450311804,0,0.0312647819519043,0.015617609024047852
tcp.options,AD-S1-2,0,4,DT,0.13808394625082057,0.1071704145413383,0.3794405281840335,0.1071704145413383,0.05145971440778134,0.07941587450311804,0,0.015642404556274414,0.021740198135375977
