Feature,Dataset,T,CV,ML,Acc,b_Acc,Prec,Rec,F1,kap,ROC,tra-T,test-T
stun.length,AD-S2-1,0,0,DT,0.06785327069027829,0.05047187648076061,0.09773055821421542,0.05047187648076061,0.011230818921494481,0.003966058394133221,0,0.004763126373291016,0.010566473007202148
stun.length,AD-S2-1,0,1,DT,0.06785327069027829,0.05047187648076061,0.09773055821421542,0.05047187648076061,0.011230818921494481,0.003966058394133221,0,0.009299755096435547,0.010620355606079102
stun.length,AD-S2-1,0,2,DT,0.06785327069027829,0.05047187648076061,0.09773055821421542,0.05047187648076061,0.011230818921494481,0.003966058394133221,0,0.0096588134765625,0.01160287857055664
stun.length,AD-S2-1,0,3,DT,0.06785327069027829,0.05047187648076061,0.09773055821421542,0.05047187648076061,0.011230818921494481,0.003966058394133221,0,0.009706974029541016,0.014943122863769531
stun.length,AD-S2-1,0,4,DT,0.06785327069027829,0.05047187648076061,0.09773055821421542,0.05047187648076061,0.011230818921494481,0.003966058394133221,0,0.010126352310180664,0.014831066131591797
