Feature,Dataset,T,CV,ML,Acc,b_Acc,Prec,Rec,F1,kap,ROC,tra-T,test-T
http.time,AD-S2-1,0,0,DT,0.0687051474004853,0.05151312693987049,0.11344261292676257,0.05151312693987049,0.013278619223861789,0.004914188486809912,0,0.0203554630279541,0.009832620620727539
http.time,AD-S2-1,0,1,DT,0.0687051474004853,0.05151312693987049,0.11344261292676257,0.05151312693987049,0.013278619223861789,0.004914188486809912,0,0.015273094177246094,0.009737730026245117
http.time,AD-S2-1,0,2,DT,0.0687051474004853,0.05151312693987049,0.11344261292676257,0.05151312693987049,0.013278619223861789,0.004914188486809912,0,0.019824743270874023,0.004953622817993164
http.time,AD-S2-1,0,3,DT,0.0687051474004853,0.05151312693987049,0.11344261292676257,0.05151312693987049,0.013278619223861789,0.004914188486809912,0,0.020439624786376953,0.009954214096069336
http.time,AD-S2-1,0,4,DT,0.0687051474004853,0.05151312693987049,0.11344261292676257,0.05151312693987049,0.013278619223861789,0.004914188486809912,0,0.014934301376342773,0.005289793014526367
