Feature,Dataset,T,CV,ML,Acc,b_Acc,Prec,Rec,F1,kap,ROC,tra-T,test-T
tcp.options.mss,AD-S2-1,0,0,DT,0.0714156642056895,0.05549247649754293,0.2018570863466976,0.05549247649754293,0.020103015235387583,0.007822078558549106,0,0.013161420822143555,0.0064542293548583984
tcp.options.mss,AD-S2-1,0,1,DT,0.0714156642056895,0.05549247649754293,0.2018570863466976,0.05549247649754293,0.020103015235387583,0.007822078558549106,0,0.005993843078613281,0.012990474700927734
tcp.options.mss,AD-S2-1,0,2,DT,0.0714156642056895,0.05549247649754293,0.2018570863466976,0.05549247649754293,0.020103015235387583,0.007822078558549106,0,0.0,0.020667314529418945
tcp.options.mss,AD-S2-1,0,3,DT,0.0714156642056895,0.05549247649754293,0.2018570863466976,0.05549247649754293,0.020103015235387583,0.007822078558549106,0,0.012217521667480469,0.006134986877441406
tcp.options.mss,AD-S2-1,0,4,DT,0.0714156642056895,0.05549247649754293,0.2018570863466976,0.05549247649754293,0.020103015235387583,0.007822078558549106,0,0.008697509765625,0.009777307510375977
