Feature,Dataset,T,CV,ML,Acc,b_Acc,Prec,Rec,F1,kap,ROC,tra-T,test-T
http.response.code.desc,AD-S1-2,0,0,DT,0.08087831410848974,0.059145627982401076,0.03265675599529525,0.059145627982401076,0.02310211014276,0.01659545474173396,0,0.0,0.015625
http.response.code.desc,AD-S1-2,0,1,DT,0.08087831410848974,0.059145627982401076,0.03265675599529525,0.059145627982401076,0.02310211014276,0.01659545474173396,0,0.002146005630493164,0.013283729553222656
http.response.code.desc,AD-S1-2,0,2,DT,0.08087831410848974,0.059145627982401076,0.03265675599529525,0.059145627982401076,0.02310211014276,0.01659545474173396,0,0.015628814697265625,0.0
http.response.code.desc,AD-S1-2,0,3,DT,0.08087831410848974,0.059145627982401076,0.03265675599529525,0.059145627982401076,0.02310211014276,0.01659545474173396,0,0.010476112365722656,0.00934147834777832
http.response.code.desc,AD-S1-2,0,4,DT,0.08087831410848974,0.059145627982401076,0.03265675599529525,0.059145627982401076,0.02310211014276,0.01659545474173396,0,0.010273456573486328,0.009762048721313477
