Feature,Dataset,T,CV,ML,Acc,b_Acc,Prec,Rec,F1,kap,ROC,tra-T,test-T
stun.att.padding,AD-S1-2,0,0,DT,0.06807068311830983,0.048765905491230735,0.031877743726527276,0.048765905491230735,0.008735222189735431,0.0016830949325258304,0,0.01500082015991211,0.010695695877075195
stun.att.padding,AD-S1-2,0,1,DT,0.06807068311830983,0.048765905491230735,0.031877743726527276,0.048765905491230735,0.008735222189735431,0.0016830949325258304,0,0.009997844696044922,0.010099172592163086
stun.att.padding,AD-S1-2,0,2,DT,0.06807068311830983,0.048765905491230735,0.031877743726527276,0.048765905491230735,0.008735222189735431,0.0016830949325258304,0,0.00997161865234375,0.011096715927124023
stun.att.padding,AD-S1-2,0,3,DT,0.06807068311830983,0.048765905491230735,0.031877743726527276,0.048765905491230735,0.008735222189735431,0.0016830949325258304,0,0.009999990463256836,0.010119438171386719
stun.att.padding,AD-S1-2,0,4,DT,0.06807068311830983,0.048765905491230735,0.031877743726527276,0.048765905491230735,0.008735222189735431,0.0016830949325258304,0,0.004997968673706055,0.009991884231567383
