Feature,Dataset,T,CV,ML,Acc,b_Acc,Prec,Rec,F1,kap,ROC,tra-T,test-T
dhcp.hops,AD-S1-2,0,0,DT,0.07547928137936578,0.06339620422320208,0.04608720383769286,0.06339620422320208,0.0290722349790767,0.01003242422670092,0,0.0,0.0157315731048584
dhcp.hops,AD-S1-2,0,1,DT,0.07547928137936578,0.06339620422320208,0.04608720383769286,0.06339620422320208,0.0290722349790767,0.01003242422670092,0,0.02072906494140625,0.011103153228759766
dhcp.hops,AD-S1-2,0,2,DT,0.07547928137936578,0.06339620422320208,0.04608720383769286,0.06339620422320208,0.0290722349790767,0.01003242422670092,0,0.0036058425903320312,0.0
dhcp.hops,AD-S1-2,0,3,DT,0.07547928137936578,0.06339620422320208,0.04608720383769286,0.06339620422320208,0.0290722349790767,0.01003242422670092,0,0.0,0.01562190055847168
dhcp.hops,AD-S1-2,0,4,DT,0.07547928137936578,0.06339620422320208,0.04608720383769286,0.06339620422320208,0.0290722349790767,0.01003242422670092,0,0.0,0.015626907348632812
