Feature,Dataset,T,CV,ML,Acc,b_Acc,Prec,Rec,F1,kap,ROC,tra-T,test-T
ipv6.flow,AD-S2-1,0,0,DT,0.10883370334038928,0.08180284929466108,0.0930209660193747,0.08180284929466108,0.0550085147068637,0.0480293521173889,0,0.015202999114990234,0.009935617446899414
ipv6.flow,AD-S2-1,0,1,DT,0.10883370334038928,0.08180284929466108,0.0930209660193747,0.08180284929466108,0.0550085147068637,0.0480293521173889,0,0.0056209564208984375,0.009383201599121094
ipv6.flow,AD-S2-1,0,2,DT,0.10883370334038928,0.08180284929466108,0.0930209660193747,0.08180284929466108,0.0550085147068637,0.0480293521173889,0,0.009933710098266602,0.009799718856811523
ipv6.flow,AD-S2-1,0,3,DT,0.10883370334038928,0.08180284929466108,0.0930209660193747,0.08180284929466108,0.0550085147068637,0.0480293521173889,0,0.010241270065307617,0.05081963539123535
ipv6.flow,AD-S2-1,0,4,DT,0.10883370334038928,0.08180284929466108,0.0930209660193747,0.08180284929466108,0.0550085147068637,0.0480293521173889,0,0.009817361831665039,0.00962066650390625
