Feature,Dataset,T,CV,ML,Acc,b_Acc,Prec,Rec,F1,kap,ROC,tra-T,test-T
tls.handshake.server_curve_type,DI-S1-2,0,0,DT,0.06114292987145221,0.04778202189966896,0.05052150961970958,0.04778202189966896,0.005796267791432573,0.00021716687444328642,0,0.015518903732299805,0.016217708587646484
tls.handshake.server_curve_type,DI-S1-2,0,1,DT,0.06114292987145221,0.04778202189966896,0.05052150961970958,0.04778202189966896,0.005796267791432573,0.00021716687444328642,0,0.0,0.023138761520385742
tls.handshake.server_curve_type,DI-S1-2,0,2,DT,0.06114292987145221,0.04778202189966896,0.05052150961970958,0.04778202189966896,0.005796267791432573,0.00021716687444328642,0,0.007105350494384766,0.009064912796020508
tls.handshake.server_curve_type,DI-S1-2,0,3,DT,0.06114292987145221,0.04778202189966896,0.05052150961970958,0.04778202189966896,0.005796267791432573,0.00021716687444328642,0,0.0,0.015624761581420898
tls.handshake.server_curve_type,DI-S1-2,0,4,DT,0.06114292987145221,0.04778202189966896,0.05052150961970958,0.04778202189966896,0.005796267791432573,0.00021716687444328642,0,0.015638113021850586,0.0
