Feature,Dataset,T,CV,ML,Acc,b_Acc,Prec,Rec,F1,kap,ROC,tra-T,test-T
icmp.seq,DI-S1-2,0,0,DT,0.0807687412498409,0.06392133117178964,0.11712951876735092,0.06392133117178964,0.03235999779705955,0.02120900800230585,0,0.018225908279418945,0.01806473731994629
icmp.seq,DI-S1-2,0,1,DT,0.0807687412498409,0.06392133117178964,0.11712951876735092,0.06392133117178964,0.03235999779705955,0.02120900800230585,0,0.021032094955444336,0.008002519607543945
icmp.seq,DI-S1-2,0,2,DT,0.0807687412498409,0.06392133117178964,0.11712951876735092,0.06392133117178964,0.03235999779705955,0.02120900800230585,0,0.024037599563598633,0.016025781631469727
icmp.seq,DI-S1-2,0,3,DT,0.0807687412498409,0.06392133117178964,0.11712951876735092,0.06392133117178964,0.03235999779705955,0.02120900800230585,0,0.012919902801513672,0.016015052795410156
icmp.seq,DI-S1-2,0,4,DT,0.0807687412498409,0.06392133117178964,0.11712951876735092,0.06392133117178964,0.03235999779705955,0.02120900800230585,0,0.019830703735351562,0.012020587921142578
