Feature,Dataset,T,CV,ML,Acc,b_Acc,Prec,Rec,F1,kap,ROC,tra-T,test-T
ip.flags,DI-S1-2,0,0,DT,0.15337915234822452,0.12916450703745802,0.03618993610699202,0.12916450703745802,0.05217842752779549,0.0997026051052341,0,0.013116598129272461,0.012874603271484375
ip.flags,DI-S1-2,0,1,DT,0.15337915234822452,0.12916450703745802,0.03618993610699202,0.12916450703745802,0.05217842752779549,0.0997026051052341,0,0.01206350326538086,0.012151002883911133
ip.flags,DI-S1-2,0,2,DT,0.15337915234822452,0.12916450703745802,0.03618993610699202,0.12916450703745802,0.05217842752779549,0.0997026051052341,0,0.01191091537475586,0.012009382247924805
ip.flags,DI-S1-2,0,3,DT,0.15337915234822452,0.12916450703745802,0.03618993610699202,0.12916450703745802,0.05217842752779549,0.0997026051052341,0,0.012003183364868164,0.00799870491027832
ip.flags,DI-S1-2,0,4,DT,0.15337915234822452,0.12916450703745802,0.03618993610699202,0.12916450703745802,0.05217842752779549,0.0997026051052341,0,0.008000612258911133,0.011600732803344727
