Feature,Dataset,T,CV,ML,Acc,b_Acc,Prec,Rec,F1,kap,ROC,tra-T,test-T
tcp.pdu.size,DI-S1-2,0,0,DT,0.061753850070001275,0.04829008487101355,0.12035024802829764,0.04829008487101355,0.006797348519762709,0.0008722097005408047,0,0.016298294067382812,0.01701498031616211
tcp.pdu.size,DI-S1-2,0,1,DT,0.061753850070001275,0.04829008487101355,0.12035024802829764,0.04829008487101355,0.006797348519762709,0.0008722097005408047,0,0.016091346740722656,0.014345645904541016
tcp.pdu.size,DI-S1-2,0,2,DT,0.061753850070001275,0.04829008487101355,0.12035024802829764,0.04829008487101355,0.006797348519762709,0.0008722097005408047,0,0.01472020149230957,0.010652542114257812
tcp.pdu.size,DI-S1-2,0,3,DT,0.061753850070001275,0.04829008487101355,0.12035024802829764,0.04829008487101355,0.006797348519762709,0.0008722097005408047,0,0.012847661972045898,0.013574361801147461
tcp.pdu.size,DI-S1-2,0,4,DT,0.061753850070001275,0.04829008487101355,0.12035024802829764,0.04829008487101355,0.006797348519762709,0.0008722097005408047,0,0.013739585876464844,0.013170003890991211
