Feature,Dataset,T,CV,ML,Acc,b_Acc,Prec,Rec,F1,kap,ROC,tra-T,test-T
dns.extraneous.data,DI-S1-2,0,0,DT,0.060939289805269185,0.047619047619047616,0.0029018709431080565,0.047619047619047616,0.0054703807672928815,0.0,0,0.0,0.0157010555267334
dns.extraneous.data,DI-S1-2,0,1,DT,0.060939289805269185,0.047619047619047616,0.0029018709431080565,0.047619047619047616,0.0054703807672928815,0.0,0,0.0,0.015559911727905273
dns.extraneous.data,DI-S1-2,0,2,DT,0.060939289805269185,0.047619047619047616,0.0029018709431080565,0.047619047619047616,0.0054703807672928815,0.0,0,0.0,0.015639543533325195
dns.extraneous.data,DI-S1-2,0,3,DT,0.060939289805269185,0.047619047619047616,0.0029018709431080565,0.047619047619047616,0.0054703807672928815,0.0,0,0.015625,0.0
dns.extraneous.data,DI-S1-2,0,4,DT,0.060939289805269185,0.047619047619047616,0.0029018709431080565,0.047619047619047616,0.0054703807672928815,0.0,0,0.0,0.015630245208740234
