Feature,Dataset,T,CV,ML,Acc,b_Acc,Prec,Rec,F1,kap,ROC,tra-T,test-T
icmpv6.type,DI-S1-2,0,0,DT,0.08579610538373425,0.06957249508563491,0.10747676549400148,0.06957249508563491,0.032789353479192526,0.026730082843531844,0,0.013552665710449219,0.013499736785888672
icmpv6.type,DI-S1-2,0,1,DT,0.08579610538373425,0.06957249508563491,0.10747676549400148,0.06957249508563491,0.032789353479192526,0.026730082843531844,0,0.015947818756103516,0.011768817901611328
icmpv6.type,DI-S1-2,0,2,DT,0.08579610538373425,0.06957249508563491,0.10747676549400148,0.06957249508563491,0.032789353479192526,0.026730082843531844,0,0.013624429702758789,0.012292146682739258
icmpv6.type,DI-S1-2,0,3,DT,0.08579610538373425,0.06957249508563491,0.10747676549400148,0.06957249508563491,0.032789353479192526,0.026730082843531844,0,0.015057563781738281,0.017980337142944336
icmpv6.type,DI-S1-2,0,4,DT,0.08579610538373425,0.06957249508563491,0.10747676549400148,0.06957249508563491,0.032789353479192526,0.026730082843531844,0,0.0925147533416748,0.01326298713684082
