Feature,Dataset,T,CV,ML,Acc,b_Acc,Prec,Rec,F1,kap,ROC,tra-T,test-T
stun.id,DI-S1-2,0,0,DT,0.061422934962453865,0.048005265801099525,0.04805060367492787,0.048005265801099525,0.006240372788986022,0.0005160797236858361,0,0.028911828994750977,0.020093441009521484
stun.id,DI-S1-2,0,1,DT,0.061422934962453865,0.048005265801099525,0.04805060367492787,0.048005265801099525,0.006240372788986022,0.0005160797236858361,0,0.027901887893676758,0.020708799362182617
stun.id,DI-S1-2,0,2,DT,0.061422934962453865,0.048005265801099525,0.04805060367492787,0.048005265801099525,0.006240372788986022,0.0005160797236858361,0,0.02691054344177246,0.02515435218811035
stun.id,DI-S1-2,0,3,DT,0.061422934962453865,0.048005265801099525,0.04805060367492787,0.048005265801099525,0.006240372788986022,0.0005160797236858361,0,0.02545309066772461,0.024688720703125
stun.id,DI-S1-2,0,4,DT,0.061422934962453865,0.048005265801099525,0.04805060367492787,0.048005265801099525,0.006240372788986022,0.0005160797236858361,0,0.030835390090942383,0.024403810501098633
