Feature,Dataset,T,CV,ML,Acc,b_Acc,Prec,Rec,F1,kap,ROC,tra-T,test-T
tcp.connection.synack,DI-S1-2,0,0,DT,0.0657248313605702,0.051610300830095754,0.023538193874694767,0.051610300830095754,0.012215129087406735,0.0051411320975331964,0,0.013262748718261719,0.009793758392333984
tcp.connection.synack,DI-S1-2,0,1,DT,0.0657248313605702,0.051610300830095754,0.023538193874694767,0.051610300830095754,0.012215129087406735,0.0051411320975331964,0,0.013094663619995117,0.013375520706176758
tcp.connection.synack,DI-S1-2,0,2,DT,0.0657248313605702,0.051610300830095754,0.023538193874694767,0.051610300830095754,0.012215129087406735,0.0051411320975331964,0,0.016200542449951172,0.012653589248657227
tcp.connection.synack,DI-S1-2,0,3,DT,0.0657248313605702,0.051610300830095754,0.023538193874694767,0.051610300830095754,0.012215129087406735,0.0051411320975331964,0,0.014104604721069336,0.010157346725463867
tcp.connection.synack,DI-S1-2,0,4,DT,0.0657248313605702,0.051610300830095754,0.023538193874694767,0.051610300830095754,0.012215129087406735,0.0051411320975331964,0,0.01858377456665039,0.012447357177734375
