Feature,Dataset,T,CV,ML,Acc,b_Acc,Prec,Rec,F1,kap,ROC,tra-T,test-T
tcp.analysis.window_update,DI-S1-2,0,0,DT,0.06544482626956853,0.049976130803198474,0.04758995112358339,0.049976130803198474,0.010090783182213773,0.003222365205104216,0,0.012654304504394531,0.014605998992919922
tcp.analysis.window_update,DI-S1-2,0,1,DT,0.06544482626956853,0.049976130803198474,0.04758995112358339,0.049976130803198474,0.010090783182213773,0.003222365205104216,0,0.010427713394165039,0.009984254837036133
tcp.analysis.window_update,DI-S1-2,0,2,DT,0.06544482626956853,0.049976130803198474,0.04758995112358339,0.049976130803198474,0.010090783182213773,0.003222365205104216,0,0.006177186965942383,0.018685579299926758
tcp.analysis.window_update,DI-S1-2,0,3,DT,0.06544482626956853,0.049976130803198474,0.04758995112358339,0.049976130803198474,0.010090783182213773,0.003222365205104216,0,0.014174461364746094,0.012795209884643555
tcp.analysis.window_update,DI-S1-2,0,4,DT,0.06544482626956853,0.049976130803198474,0.04758995112358339,0.049976130803198474,0.010090783182213773,0.003222365205104216,0,0.016088485717773438,0.012298107147216797
