Feature,Dataset,T,CV,ML,Acc,b_Acc,Prec,Rec,F1,kap,ROC,tra-T,test-T
tls.handshake.extension.heartbeat.mode,DI-S2-1,0,0,DT,0.04995536283637291,0.049240251001347414,0.03822865317368328,0.049240251001347414,0.0075692517454289,0.0016911455492788496,0,0.011978626251220703,0.007999420166015625
tls.handshake.extension.heartbeat.mode,DI-S2-1,0,1,DT,0.04995536283637291,0.049240251001347414,0.03822865317368328,0.049240251001347414,0.0075692517454289,0.0016911455492788496,0,0.008005380630493164,0.012006044387817383
tls.handshake.extension.heartbeat.mode,DI-S2-1,0,2,DT,0.04995536283637291,0.049240251001347414,0.03822865317368328,0.049240251001347414,0.0075692517454289,0.0016911455492788496,0,0.012006521224975586,0.00799703598022461
tls.handshake.extension.heartbeat.mode,DI-S2-1,0,3,DT,0.04995536283637291,0.049240251001347414,0.03822865317368328,0.049240251001347414,0.0075692517454289,0.0016911455492788496,0,0.01171422004699707,0.007950067520141602
tls.handshake.extension.heartbeat.mode,DI-S2-1,0,4,DT,0.04995536283637291,0.049240251001347414,0.03822865317368328,0.049240251001347414,0.0075692517454289,0.0016911455492788496,0,0.0,0.01573801040649414
