Feature,Dataset,T,CV,ML,Acc,b_Acc,Prec,Rec,F1,kap,ROC,tra-T,test-T
tls.handshake.extensions_ec_point_formats,DI-S2-1,0,0,DT,0.06265782425711006,0.049164060242931254,0.017530301833868188,0.049164060242931254,0.008304051741160176,0.001740018196907167,0,0.016130447387695312,0.0
tls.handshake.extensions_ec_point_formats,DI-S2-1,0,1,DT,0.06265782425711006,0.049164060242931254,0.017530301833868188,0.049164060242931254,0.008304051741160176,0.001740018196907167,0,0.01563739776611328,0.015623807907104492
tls.handshake.extensions_ec_point_formats,DI-S2-1,0,2,DT,0.06265782425711006,0.049164060242931254,0.017530301833868188,0.049164060242931254,0.008304051741160176,0.001740018196907167,0,0.0,0.01574397087097168
tls.handshake.extensions_ec_point_formats,DI-S2-1,0,3,DT,0.06265782425711006,0.049164060242931254,0.017530301833868188,0.049164060242931254,0.008304051741160176,0.001740018196907167,0,0.0,0.015637874603271484
tls.handshake.extensions_ec_point_formats,DI-S2-1,0,4,DT,0.06265782425711006,0.049164060242931254,0.017530301833868188,0.049164060242931254,0.008304051741160176,0.001740018196907167,0,0.0,0.01572704315185547
