Feature,Dataset,T,CV,ML,Acc,b_Acc,Prec,Rec,F1,kap,ROC,tra-T,test-T
arp.opcode,DI-S1-2,0,0,DT,0.060939289805269185,0.047619047619047616,0.0029018709431080565,0.047619047619047616,0.0054703807672928815,0.0,0,0.010335683822631836,0.005048513412475586
arp.opcode,DI-S1-2,0,1,DT,0.060939289805269185,0.047619047619047616,0.0029018709431080565,0.047619047619047616,0.0054703807672928815,0.0,0,0.010225534439086914,0.009822368621826172
arp.opcode,DI-S1-2,0,2,DT,0.060939289805269185,0.047619047619047616,0.0029018709431080565,0.047619047619047616,0.0054703807672928815,0.0,0,0.010648727416992188,0.00989675521850586
arp.opcode,DI-S1-2,0,3,DT,0.060939289805269185,0.047619047619047616,0.0029018709431080565,0.047619047619047616,0.0054703807672928815,0.0,0,0.004807472229003906,0.015022516250610352
arp.opcode,DI-S1-2,0,4,DT,0.060939289805269185,0.047619047619047616,0.0029018709431080565,0.047619047619047616,0.0054703807672928815,0.0,0,0.011654376983642578,0.010501861572265625
