Feature,Dataset,T,CV,ML,Acc,b_Acc,Prec,Rec,F1,kap,ROC,tra-T,test-T
tls.handshake.extensions_length,DI-S1-2,0,0,DT,0.06437571592210767,0.05115408093631497,0.34239337495492633,0.05115408093631497,0.012523795791505385,0.003690883824066682,0,0.0,0.015708208084106445
tls.handshake.extensions_length,DI-S1-2,0,1,DT,0.06437571592210767,0.05115408093631497,0.34239337495492633,0.05115408093631497,0.012523795791505385,0.003690883824066682,0,0.0,0.015562772750854492
tls.handshake.extensions_length,DI-S1-2,0,2,DT,0.06437571592210767,0.05115408093631497,0.34239337495492633,0.05115408093631497,0.012523795791505385,0.003690883824066682,0,0.015638351440429688,0.0
tls.handshake.extensions_length,DI-S1-2,0,3,DT,0.06437571592210767,0.05115408093631497,0.34239337495492633,0.05115408093631497,0.012523795791505385,0.003690883824066682,0,0.0,0.015686988830566406
tls.handshake.extensions_length,DI-S1-2,0,4,DT,0.06437571592210767,0.05115408093631497,0.34239337495492633,0.05115408093631497,0.012523795791505385,0.003690883824066682,0,0.01163029670715332,0.01572704315185547
