Feature,Dataset,T,CV,ML,Acc,b_Acc,Prec,Rec,F1,kap,ROC,tra-T,test-T
dns.time,DI-S2-1,0,0,DT,0.049662032903966334,0.048666100213338455,0.06939913275807533,0.048666100213338455,0.006448895673953063,0.0013630211329453967,0,0.015630722045898438,0.0
dns.time,DI-S2-1,0,1,DT,0.049662032903966334,0.048666100213338455,0.06939913275807533,0.048666100213338455,0.006448895673953063,0.0013630211329453967,0,0.0,0.015738964080810547
dns.time,DI-S2-1,0,2,DT,0.049662032903966334,0.048666100213338455,0.06939913275807533,0.048666100213338455,0.006448895673953063,0.0013630211329453967,0,0.015735864639282227,0.015528678894042969
dns.time,DI-S2-1,0,3,DT,0.049662032903966334,0.048666100213338455,0.06939913275807533,0.048666100213338455,0.006448895673953063,0.0013630211329453967,0,0.0,0.015636682510375977
dns.time,DI-S2-1,0,4,DT,0.049662032903966334,0.048666100213338455,0.06939913275807533,0.048666100213338455,0.006448895673953063,0.0013630211329453967,0,0.015634536743164062,0.0
