Feature,Dataset,T,CV,ML,Acc,b_Acc,Prec,Rec,F1,kap,ROC,tra-T,test-T
http.content_length_header,DI-S2-1,0,0,DT,0.056421374824639714,0.054299493054308444,0.26588855427623886,0.054299493054308444,0.016932782793629024,0.008400970315758927,0,0.0,0.015628814697265625
http.content_length_header,DI-S2-1,0,1,DT,0.056421374824639714,0.054299493054308444,0.26588855427623886,0.054299493054308444,0.016932782793629024,0.008400970315758927,0,0.0,0.015746355056762695
http.content_length_header,DI-S2-1,0,2,DT,0.056421374824639714,0.054299493054308444,0.26588855427623886,0.054299493054308444,0.016932782793629024,0.008400970315758927,0,0.015650272369384766,0.0
http.content_length_header,DI-S2-1,0,3,DT,0.056421374824639714,0.054299493054308444,0.26588855427623886,0.054299493054308444,0.016932782793629024,0.008400970315758927,0,0.016224145889282227,0.015735626220703125
http.content_length_header,DI-S2-1,0,4,DT,0.056421374824639714,0.054299493054308444,0.26588855427623886,0.054299493054308444,0.016932782793629024,0.008400970315758927,0,0.015611648559570312,0.0
