Feature,Dataset,T,CV,ML,Acc,b_Acc,Prec,Rec,F1,kap,ROC,tra-T,test-T
stun.type,DI-S2-1,0,0,DT,0.048922331335288866,0.048097727740845114,0.07645419952135882,0.048097727740845114,0.005340578247640724,0.0005943097378905415,0,0.015626192092895508,0.015629291534423828
stun.type,DI-S2-1,0,1,DT,0.048922331335288866,0.048097727740845114,0.07645419952135882,0.048097727740845114,0.005340578247640724,0.0005943097378905415,0,0.012110471725463867,0.015660762786865234
stun.type,DI-S2-1,0,2,DT,0.048922331335288866,0.048097727740845114,0.07645419952135882,0.048097727740845114,0.005340578247640724,0.0005943097378905415,0,0.0019915103912353516,0.014005661010742188
stun.type,DI-S2-1,0,3,DT,0.048922331335288866,0.048097727740845114,0.07645419952135882,0.048097727740845114,0.005340578247640724,0.0005943097378905415,0,0.0,0.015627384185791016
stun.type,DI-S2-1,0,4,DT,0.048922331335288866,0.048097727740845114,0.07645419952135882,0.048097727740845114,0.005340578247640724,0.0005943097378905415,0,0.0,0.01561880111694336
