Feature,Dataset,T,CV,ML,Acc,b_Acc,Prec,Rec,F1,kap,ROC,tra-T,test-T
arp.duplicate-address-detected,DI-S2-1,0,0,DT,0.04834842494579773,0.047619047619047616,0.002302305949799892,0.047619047619047616,0.0043922533673266635,0.0,0,0.015621423721313477,0.015630722045898438
arp.duplicate-address-detected,DI-S2-1,0,1,DT,0.04834842494579773,0.047619047619047616,0.002302305949799892,0.047619047619047616,0.0043922533673266635,0.0,0,0.01763319969177246,0.0
arp.duplicate-address-detected,DI-S2-1,0,2,DT,0.04834842494579773,0.047619047619047616,0.002302305949799892,0.047619047619047616,0.0043922533673266635,0.0,0,0.015622377395629883,0.0
arp.duplicate-address-detected,DI-S2-1,0,3,DT,0.04834842494579773,0.047619047619047616,0.002302305949799892,0.047619047619047616,0.0043922533673266635,0.0,0,0.015736818313598633,0.0
arp.duplicate-address-detected,DI-S2-1,0,4,DT,0.04834842494579773,0.047619047619047616,0.002302305949799892,0.047619047619047616,0.0043922533673266635,0.0,0,0.0,0.015625953674316406
