Feature,Dataset,T,CV,ML,Acc,b_Acc,Prec,Rec,F1,kap,ROC,tra-T,test-T
tls.handshake.sig_hash_algs,DI-S1-2,0,0,DT,0.06090110729285987,0.04813922270062621,0.009318950047165372,0.04813922270062621,0.006975805333055751,8.332702974633843e-05,0,0.01553964614868164,0.015637636184692383
tls.handshake.sig_hash_algs,DI-S1-2,0,1,DT,0.06090110729285987,0.04813922270062621,0.009318950047165372,0.04813922270062621,0.006975805333055751,8.332702974633843e-05,0,0.01571488380432129,0.0156857967376709
tls.handshake.sig_hash_algs,DI-S1-2,0,2,DT,0.06090110729285987,0.04813922270062621,0.009318950047165372,0.04813922270062621,0.006975805333055751,8.332702974633843e-05,0,0.007996797561645508,0.011915206909179688
tls.handshake.sig_hash_algs,DI-S1-2,0,3,DT,0.06090110729285987,0.04813922270062621,0.009318950047165372,0.04813922270062621,0.006975805333055751,8.332702974633843e-05,0,0.008094549179077148,0.012135505676269531
tls.handshake.sig_hash_algs,DI-S1-2,0,4,DT,0.06090110729285987,0.04813922270062621,0.009318950047165372,0.04813922270062621,0.006975805333055751,8.332702974633843e-05,0,0.011898994445800781,0.012099266052246094
