Feature,Dataset,T,CV,ML,Acc,b_Acc,Prec,Rec,F1,kap,ROC,tra-T,test-T
ip.proto,DI-S1-2,0,0,DT,0.15145729922362225,0.12307953398975617,0.05328795413041135,0.12307953398975617,0.060977333686464665,0.09647544933299723,0,0.008105039596557617,0.015738248825073242
ip.proto,DI-S1-2,0,1,DT,0.15145729922362225,0.12307953398975617,0.05328795413041135,0.12307953398975617,0.060977333686464665,0.09647544933299723,0,0.01573777198791504,0.015619993209838867
ip.proto,DI-S1-2,0,2,DT,0.15145729922362225,0.12307953398975617,0.05328795413041135,0.12307953398975617,0.060977333686464665,0.09647544933299723,0,0.0,0.015634536743164062
ip.proto,DI-S1-2,0,3,DT,0.15145729922362225,0.12307953398975617,0.05328795413041135,0.12307953398975617,0.060977333686464665,0.09647544933299723,0,0.0162353515625,0.0
ip.proto,DI-S1-2,0,4,DT,0.15145729922362225,0.12307953398975617,0.05328795413041135,0.12307953398975617,0.060977333686464665,0.09647544933299723,0,0.015737295150756836,0.0
