Feature,Dataset,T,CV,ML,Acc,b_Acc,Prec,Rec,F1,kap,ROC,tra-T,test-T
tls.handshake.cipher_suites_length,DI-S2-1,0,0,DT,0.06597372784083663,0.05245949092074562,0.3647950182399163,0.05245949092074562,0.014948659291313523,0.00526719986526325,0,0.01561427116394043,0.016217470169067383
tls.handshake.cipher_suites_length,DI-S2-1,0,1,DT,0.06597372784083663,0.05245949092074562,0.3647950182399163,0.05245949092074562,0.014948659291313523,0.00526719986526325,0,0.01562976837158203,0.015627145767211914
tls.handshake.cipher_suites_length,DI-S2-1,0,2,DT,0.06597372784083663,0.05245949092074562,0.3647950182399163,0.05245949092074562,0.014948659291313523,0.00526719986526325,0,0.015631675720214844,0.0
tls.handshake.cipher_suites_length,DI-S2-1,0,3,DT,0.06597372784083663,0.05245949092074562,0.3647950182399163,0.05245949092074562,0.014948659291313523,0.00526719986526325,0,0.015627145767211914,0.0
tls.handshake.cipher_suites_length,DI-S2-1,0,4,DT,0.06597372784083663,0.05245949092074562,0.3647950182399163,0.05245949092074562,0.014948659291313523,0.00526719986526325,0,0.016222000122070312,0.015734195709228516
