Feature,Dataset,T,CV,ML,Acc,b_Acc,Prec,Rec,F1,kap,ROC,tra-T,test-T
eapol.keydes.key_iv,DI-S1-2,0,0,DT,0.07289041618938526,0.05946875107461956,0.022389855303885722,0.05946875107461956,0.02035915833182472,0.013124993235928306,0,0.011651992797851562,0.012732982635498047
eapol.keydes.key_iv,DI-S1-2,0,1,DT,0.07289041618938526,0.05946875107461956,0.022389855303885722,0.05946875107461956,0.02035915833182472,0.013124993235928306,0,0.01543736457824707,0.020084619522094727
eapol.keydes.key_iv,DI-S1-2,0,2,DT,0.07289041618938526,0.05946875107461956,0.022389855303885722,0.05946875107461956,0.02035915833182472,0.013124993235928306,0,0.005051136016845703,0.02032184600830078
eapol.keydes.key_iv,DI-S1-2,0,3,DT,0.07289041618938526,0.05946875107461956,0.022389855303885722,0.05946875107461956,0.02035915833182472,0.013124993235928306,0,0.02493882179260254,0.0160367488861084
eapol.keydes.key_iv,DI-S1-2,0,4,DT,0.07289041618938526,0.05946875107461956,0.022389855303885722,0.05946875107461956,0.02035915833182472,0.013124993235928306,0,0.0157163143157959,0.01563262939453125
