Feature,Dataset,T,CV,ML,Acc,b_Acc,Prec,Rec,F1,kap,ROC,tra-T,test-T
http.prev_request_in,DI-S2-1,0,0,DT,0.04931768907027165,0.048375961625001684,0.03034409000342993,0.048375961625001684,0.006054629985111658,0.0009771908787669092,0,0.015736818313598633,0.015624284744262695
http.prev_request_in,DI-S2-1,0,1,DT,0.04931768907027165,0.048375961625001684,0.03034409000342993,0.048375961625001684,0.006054629985111658,0.0009771908787669092,0,0.015625,0.01562809944152832
http.prev_request_in,DI-S2-1,0,2,DT,0.04931768907027165,0.048375961625001684,0.03034409000342993,0.048375961625001684,0.006054629985111658,0.0009771908787669092,0,0.015734195709228516,0.015627384185791016
http.prev_request_in,DI-S2-1,0,3,DT,0.04931768907027165,0.048375961625001684,0.03034409000342993,0.048375961625001684,0.006054629985111658,0.0009771908787669092,0,0.015527486801147461,0.0
http.prev_request_in,DI-S2-1,0,4,DT,0.04931768907027165,0.048375961625001684,0.03034409000342993,0.048375961625001684,0.006054629985111658,0.0009771908787669092,0,0.015627384185791016,0.015627622604370117
