Feature,Dataset,T,CV,ML,Acc,b_Acc,Prec,Rec,F1,kap,ROC,tra-T,test-T
http.request,DI-S1-2,0,0,DT,0.06988672521318569,0.053437388299773625,0.027345298185046146,0.053437388299773625,0.015064967342374745,0.007976359716565518,0,0.01845717430114746,0.014434099197387695
http.request,DI-S1-2,0,1,DT,0.06988672521318569,0.053437388299773625,0.027345298185046146,0.053437388299773625,0.015064967342374745,0.007976359716565518,0,0.018375635147094727,0.012060165405273438
http.request,DI-S1-2,0,2,DT,0.06988672521318569,0.053437388299773625,0.027345298185046146,0.053437388299773625,0.015064967342374745,0.007976359716565518,0,0.011437177658081055,0.014014005661010742
http.request,DI-S1-2,0,3,DT,0.06988672521318569,0.053437388299773625,0.027345298185046146,0.053437388299773625,0.015064967342374745,0.007976359716565518,0,0.01309657096862793,0.013175487518310547
http.request,DI-S1-2,0,4,DT,0.06988672521318569,0.053437388299773625,0.027345298185046146,0.053437388299773625,0.015064967342374745,0.007976359716565518,0,0.019107818603515625,0.015666961669921875
