Feature,Dataset,T,CV,ML,Acc,b_Acc,Prec,Rec,F1,kap,ROC,tra-T,test-T
dhcp.hops,DI-S1-2,0,0,DT,0.07987781596029019,0.06638418079096045,0.048381899881705104,0.06638418079096045,0.03213285792475916,0.020434287167870213,0,0.010058403015136719,0.009998559951782227
dhcp.hops,DI-S1-2,0,1,DT,0.07987781596029019,0.06638418079096045,0.048381899881705104,0.06638418079096045,0.03213285792475916,0.020434287167870213,0,0.009817838668823242,0.010495662689208984
dhcp.hops,DI-S1-2,0,2,DT,0.07987781596029019,0.06638418079096045,0.048381899881705104,0.06638418079096045,0.03213285792475916,0.020434287167870213,0,0.009207725524902344,0.010112285614013672
dhcp.hops,DI-S1-2,0,3,DT,0.07987781596029019,0.06638418079096045,0.048381899881705104,0.06638418079096045,0.03213285792475916,0.020434287167870213,0,0.010347843170166016,0.009700536727905273
dhcp.hops,DI-S1-2,0,4,DT,0.07987781596029019,0.06638418079096045,0.048381899881705104,0.06638418079096045,0.03213285792475916,0.020434287167870213,0,0.009850025177001953,0.010232686996459961
