Feature,Dataset,T,CV,ML,Acc,b_Acc,Prec,Rec,F1,kap,ROC,tra-T,test-T
tls.handshake.server_named_curve,DD1,0,0,DT,0.06501703065517932,0.08333333333333333,0.00541808588793161,0.08333333333333333,0.010174646474147932,0.0,0,0.0,0.0
tls.handshake.server_named_curve,DD1,0,1,DT,0.06501703065517932,0.08333333333333333,0.00541808588793161,0.08333333333333333,0.010174646474147932,0.0,0,0.01562952995300293,0.0
tls.handshake.server_named_curve,DD1,0,2,DT,0.06501703065517932,0.08333333333333333,0.00541808588793161,0.08333333333333333,0.010174646474147932,0.0,0,0.010629653930664062,0.0
tls.handshake.server_named_curve,DD1,0,3,DT,0.06501703065517932,0.08333333333333333,0.00541808588793161,0.08333333333333333,0.010174646474147932,0.0,0,0.0,0.0
tls.handshake.server_named_curve,DD1,0,4,DT,0.06501703065517932,0.08333333333333333,0.00541808588793161,0.08333333333333333,0.010174646474147932,0.0,0,0.0,0.0
