Feature,Dataset,T,CV,ML,Acc,b_Acc,Prec,Rec,F1,kap,ROC,tra-T,test-T
tcp.window_size_scalefactor,DD2T,0,0,DT,0.4081256956931244,0.14846980976013235,0.1163635944062399,0.14846980976013235,0.12042876189958855,0.0972241618821782,0,0.015616655349731445,0.0
tcp.window_size_scalefactor,DD2T,0,1,DT,0.4081256956931244,0.14846980976013235,0.1163635944062399,0.14846980976013235,0.12042876189958855,0.0972241618821782,0,0.0,0.011105775833129883
tcp.window_size_scalefactor,DD2T,0,2,DT,0.4081256956931244,0.14846980976013235,0.1163635944062399,0.14846980976013235,0.12042876189958855,0.0972241618821782,0,0.0,0.015631914138793945
tcp.window_size_scalefactor,DD2T,0,3,DT,0.4081256956931244,0.14846980976013235,0.1163635944062399,0.14846980976013235,0.12042876189958855,0.0972241618821782,0,0.0,0.015719890594482422
tcp.window_size_scalefactor,DD2T,0,4,DT,0.4081256956931244,0.14846980976013235,0.1163635944062399,0.14846980976013235,0.12042876189958855,0.0972241618821782,0,0.015727996826171875,0.0
