Feature,Dataset,T,CV,ML,Acc,b_Acc,Prec,Rec,F1,kap,ROC,tra-T,test-T
stun.type.method-assignment,DD2,0,0,DT,0.046350468616870207,0.08421052631578947,0.08719135802469136,0.08421052631578947,0.009110742379547688,6.199493370306897e-05,0,0.0,0.015617132186889648
stun.type.method-assignment,DD2,0,1,DT,0.046350468616870207,0.08421052631578947,0.08719135802469136,0.08421052631578947,0.009110742379547688,6.199493370306897e-05,0,0.0,0.0
stun.type.method-assignment,DD2,0,2,DT,0.046350468616870207,0.08421052631578947,0.08719135802469136,0.08421052631578947,0.009110742379547688,6.199493370306897e-05,0,0.0,0.0
stun.type.method-assignment,DD2,0,3,DT,0.046350468616870207,0.08421052631578947,0.08719135802469136,0.08421052631578947,0.009110742379547688,6.199493370306897e-05,0,0.0,0.0
stun.type.method-assignment,DD2,0,4,DT,0.046350468616870207,0.08421052631578947,0.08719135802469136,0.08421052631578947,0.009110742379547688,6.199493370306897e-05,0,0.0,0.01562952995300293
