Feature,Dataset,T,CV,ML,Acc,b_Acc,Prec,Rec,F1,kap,ROC,tra-T,test-T
tls.handshake.extensions_ec_point_formats,DD1,0,0,DT,0.06601883390102184,0.08594839609483962,0.06792533270915535,0.08594839609483962,0.015207503797880752,0.0011186912101395219,0,0.0,0.0
tls.handshake.extensions_ec_point_formats,DD1,0,1,DT,0.06601883390102184,0.08594839609483962,0.06792533270915535,0.08594839609483962,0.015207503797880752,0.0011186912101395219,0,0.015633344650268555,0.0
tls.handshake.extensions_ec_point_formats,DD1,0,2,DT,0.06601883390102184,0.08594839609483962,0.06792533270915535,0.08594839609483962,0.015207503797880752,0.0011186912101395219,0,0.0,0.0
tls.handshake.extensions_ec_point_formats,DD1,0,3,DT,0.06601883390102184,0.08594839609483962,0.06792533270915535,0.08594839609483962,0.015207503797880752,0.0011186912101395219,0,0.0,0.0
tls.handshake.extensions_ec_point_formats,DD1,0,4,DT,0.06601883390102184,0.08594839609483962,0.06792533270915535,0.08594839609483962,0.015207503797880752,0.0011186912101395219,0,0.0,0.0
