Feature,Dataset,T,CV,ML,Acc,b_Acc,Prec,Rec,F1,kap,ROC,tra-T,test-T
udp.checksum,DD1,0,0,DT,0.1918453215788419,0.06476522214761057,0.06009581348939119,0.06476522214761057,0.03404088321750776,-0.03880230112058092,0,0.0,0.0
udp.checksum,DD1,0,1,DT,0.1918453215788419,0.06476522214761057,0.06009581348939119,0.06476522214761057,0.03404088321750776,-0.03880230112058092,0,0.015755891799926758,0.0
udp.checksum,DD1,0,2,DT,0.1918453215788419,0.06476522214761057,0.06009581348939119,0.06476522214761057,0.03404088321750776,-0.03880230112058092,0,0.0,0.01555490493774414
udp.checksum,DD1,0,3,DT,0.1918453215788419,0.06476522214761057,0.06009581348939119,0.06476522214761057,0.03404088321750776,-0.03880230112058092,0,0.01609635353088379,0.0
udp.checksum,DD1,0,4,DT,0.1918453215788419,0.06476522214761057,0.06009581348939119,0.06476522214761057,0.03404088321750776,-0.03880230112058092,0,0.015567541122436523,0.0
