Feature,Dataset,T,CV,ML,Acc,b_Acc,Prec,Rec,F1,kap,ROC,tra-T,test-T
stun.att.reserved,DD2,0,0,DT,0.046350468616870207,0.08421052631578947,0.08719135802469136,0.08421052631578947,0.009110742379547688,6.199493370306897e-05,0,0.0,0.014104843139648438
stun.att.reserved,DD2,0,1,DT,0.046350468616870207,0.08421052631578947,0.08719135802469136,0.08421052631578947,0.009110742379547688,6.199493370306897e-05,0,0.015611410140991211,0.0
stun.att.reserved,DD2,0,2,DT,0.046350468616870207,0.08421052631578947,0.08719135802469136,0.08421052631578947,0.009110742379547688,6.199493370306897e-05,0,0.0,0.0
stun.att.reserved,DD2,0,3,DT,0.046350468616870207,0.08421052631578947,0.08719135802469136,0.08421052631578947,0.009110742379547688,6.199493370306897e-05,0,0.015737295150756836,0.0
stun.att.reserved,DD2,0,4,DT,0.046350468616870207,0.08421052631578947,0.08719135802469136,0.08421052631578947,0.009110742379547688,6.199493370306897e-05,0,0.0,0.0
