Feature,Dataset,T,CV,ML,Acc,b_Acc,Prec,Rec,F1,kap,ROC,tra-T,test-T
dns.retransmit_response,DD2,0,0,DT,0.04737290542459528,0.08347973493604562,0.0444646612385426,0.08347973493604562,0.007681628349235852,-0.00018802637348946938,0,0.015608549118041992,0.0
dns.retransmit_response,DD2,0,1,DT,0.04737290542459528,0.08347973493604562,0.0444646612385426,0.08347973493604562,0.007681628349235852,-0.00018802637348946938,0,0.0,0.0
dns.retransmit_response,DD2,0,2,DT,0.04737290542459528,0.08347973493604562,0.0444646612385426,0.08347973493604562,0.007681628349235852,-0.00018802637348946938,0,0.0,0.0
dns.retransmit_response,DD2,0,3,DT,0.04737290542459528,0.08347973493604562,0.0444646612385426,0.08347973493604562,0.007681628349235852,-0.00018802637348946938,0,0.008117914199829102,0.0
dns.retransmit_response,DD2,0,4,DT,0.04737290542459528,0.08347973493604562,0.0444646612385426,0.08347973493604562,0.007681628349235852,-0.00018802637348946938,0,0.0,0.0
