Feature,Dataset,T,CV,ML,Acc,b_Acc,Prec,Rec,F1,kap,ROC,tra-T,test-T
dhcp.id,DD2,0,0,DT,0.046350468616870207,0.0909090909090909,0.024693550831722935,0.0909090909090909,0.018489748371871246,8.869521260301827e-05,0,0.0,0.0
dhcp.id,DD2,0,1,DT,0.046350468616870207,0.0909090909090909,0.024693550831722935,0.0909090909090909,0.018489748371871246,8.869521260301827e-05,0,0.0,0.01562047004699707
dhcp.id,DD2,0,2,DT,0.046350468616870207,0.0909090909090909,0.024693550831722935,0.0909090909090909,0.018489748371871246,8.869521260301827e-05,0,0.015612125396728516,0.0
dhcp.id,DD2,0,3,DT,0.046350468616870207,0.0909090909090909,0.024693550831722935,0.0909090909090909,0.018489748371871246,8.869521260301827e-05,0,0.0,0.0
dhcp.id,DD2,0,4,DT,0.046350468616870207,0.0909090909090909,0.024693550831722935,0.0909090909090909,0.018489748371871246,8.869521260301827e-05,0,0.0,0.010103940963745117
