Feature,Dataset,T,CV,ML,Acc,b_Acc,Prec,Rec,F1,kap,ROC,tra-T,test-T
tcp.analysis.duplicate_ack_num,DD1,0,0,DT,0.06525078474587591,0.08386003516017565,0.0380694791494949,0.08386003516017565,0.011160240465393378,0.00029788018484522283,0,0.0,0.0
tcp.analysis.duplicate_ack_num,DD1,0,1,DT,0.06525078474587591,0.08386003516017565,0.0380694791494949,0.08386003516017565,0.011160240465393378,0.00029788018484522283,0,0.0,0.015629291534423828
tcp.analysis.duplicate_ack_num,DD1,0,2,DT,0.06525078474587591,0.08386003516017565,0.0380694791494949,0.08386003516017565,0.011160240465393378,0.00029788018484522283,0,0.0,0.0
tcp.analysis.duplicate_ack_num,DD1,0,3,DT,0.06525078474587591,0.08386003516017565,0.0380694791494949,0.08386003516017565,0.011160240465393378,0.00029788018484522283,0,0.0,0.0
tcp.analysis.duplicate_ack_num,DD1,0,4,DT,0.06525078474587591,0.08386003516017565,0.0380694791494949,0.08386003516017565,0.011160240465393378,0.00029788018484522283,0,0.015731096267700195,0.0
