Feature,Dataset,T,CV,ML,Acc,b_Acc,Prec,Rec,F1,kap,ROC,tra-T,test-T
icmp.seq_le,DD1,0,0,DT,0.06738796500367328,0.08952231520223153,0.08876447747204928,0.08952231520223153,0.021719901247750664,0.002621718091377012,0,0.0,0.0
icmp.seq_le,DD1,0,1,DT,0.06738796500367328,0.08952231520223153,0.08876447747204928,0.08952231520223153,0.021719901247750664,0.002621718091377012,0,0.0,0.015759944915771484
icmp.seq_le,DD1,0,2,DT,0.06738796500367328,0.08952231520223153,0.08876447747204928,0.08952231520223153,0.021719901247750664,0.002621718091377012,0,0.0,0.0
icmp.seq_le,DD1,0,3,DT,0.06738796500367328,0.08952231520223153,0.08876447747204928,0.08952231520223153,0.021719901247750664,0.002621718091377012,0,0.015632152557373047,0.0
icmp.seq_le,DD1,0,4,DT,0.06738796500367328,0.08952231520223153,0.08876447747204928,0.08952231520223153,0.021719901247750664,0.002621718091377012,0,0.0,0.0
