Feature,Dataset,T,CV,ML,Acc,b_Acc,Prec,Rec,F1,kap,ROC,tra-T,test-T
tcp.window_size_value,DD2,0,0,DT,0.6067594433399602,0.2766738526536083,0.372960507918318,0.2766738526536083,0.23492756750939844,0.4304370020181497,0,0.0,0.0
tcp.window_size_value,DD2,0,1,DT,0.6067594433399602,0.2766738526536083,0.372960507918318,0.2766738526536083,0.23492756750939844,0.4304370020181497,0,0.01572895050048828,0.0
tcp.window_size_value,DD2,0,2,DT,0.6067594433399602,0.2766738526536083,0.372960507918318,0.2766738526536083,0.23492756750939844,0.4304370020181497,0,0.0,0.0
tcp.window_size_value,DD2,0,3,DT,0.6067594433399602,0.2766738526536083,0.372960507918318,0.2766738526536083,0.23492756750939844,0.4304370020181497,0,0.015618324279785156,0.0
tcp.window_size_value,DD2,0,4,DT,0.6067594433399602,0.2766738526536083,0.372960507918318,0.2766738526536083,0.23492756750939844,0.4304370020181497,0,0.0,0.0
