Feature,Dataset,T,CV,ML,Acc,b_Acc,Prec,Rec,F1,kap,ROC,tra-T,test-T
dhcp.option.dhcp,DD1T,0,0,DT,0.23808134445935694,0.08329250367466928,0.019864454311755084,0.08329250367466928,0.03207849797150675,0.00022804281727084597,0,0.0,0.0
dhcp.option.dhcp,DD1T,0,1,DT,0.23808134445935694,0.08329250367466928,0.019864454311755084,0.08329250367466928,0.03207849797150675,0.00022804281727084597,0,0.006606340408325195,0.0
dhcp.option.dhcp,DD1T,0,2,DT,0.23808134445935694,0.08329250367466928,0.019864454311755084,0.08329250367466928,0.03207849797150675,0.00022804281727084597,0,0.0,0.0
dhcp.option.dhcp,DD1T,0,3,DT,0.23808134445935694,0.08329250367466928,0.019864454311755084,0.08329250367466928,0.03207849797150675,0.00022804281727084597,0,0.0,0.0
dhcp.option.dhcp,DD1T,0,4,DT,0.23808134445935694,0.08329250367466928,0.019864454311755084,0.08329250367466928,0.03207849797150675,0.00022804281727084597,0,0.0,0.0
