Feature,Dataset,T,CV,ML,Acc,b_Acc,Prec,Rec,F1,kap,ROC,tra-T,test-T
Payload_Entropy,DD1T,0,0,DT,0.23446344167590594,0.23087726523140287,0.2189324408617144,0.23087726523140287,0.1585477943156925,0.026405019149485787,0,0.031247615814208984,0.0
Payload_Entropy,DD1T,0,1,DT,0.23446344167590594,0.23087726523140287,0.2189324408617144,0.23087726523140287,0.1585477943156925,0.026405019149485787,0,0.0176393985748291,0.0
Payload_Entropy,DD1T,0,2,DT,0.23446344167590594,0.23087726523140287,0.2189324408617144,0.23087726523140287,0.1585477943156925,0.026405019149485787,0,0.027787446975708008,0.003638744354248047
Payload_Entropy,DD1T,0,3,DT,0.23446344167590594,0.23087726523140287,0.2189324408617144,0.23087726523140287,0.1585477943156925,0.026405019149485787,0,0.03184795379638672,0.0
Payload_Entropy,DD1T,0,4,DT,0.23446344167590594,0.23087726523140287,0.2189324408617144,0.23087726523140287,0.1585477943156925,0.026405019149485787,0,0.015724897384643555,0.0
