Feature,Dataset,T,CV,ML,Acc,b_Acc,Prec,Rec,F1,kap,ROC,tra-T,test-T
ntp.flags.li,DD1T,0,0,DT,0.23813969773005778,0.08331291850400131,0.0198554024599097,0.08331291850400131,0.03206820682068207,7.987627913830231e-05,0,0.0,0.0
ntp.flags.li,DD1T,0,1,DT,0.23813969773005778,0.08331291850400131,0.0198554024599097,0.08331291850400131,0.03206820682068207,7.987627913830231e-05,0,0.0,0.0
ntp.flags.li,DD1T,0,2,DT,0.23813969773005778,0.08331291850400131,0.0198554024599097,0.08331291850400131,0.03206820682068207,7.987627913830231e-05,0,0.015625715255737305,0.0
ntp.flags.li,DD1T,0,3,DT,0.23813969773005778,0.08331291850400131,0.0198554024599097,0.08331291850400131,0.03206820682068207,7.987627913830231e-05,0,0.0,0.0
ntp.flags.li,DD1T,0,4,DT,0.23813969773005778,0.08331291850400131,0.0198554024599097,0.08331291850400131,0.03206820682068207,7.987627913830231e-05,0,0.015633821487426758,0.0
