Feature,Dataset,T,CV,ML,Acc,b_Acc,Prec,Rec,F1,kap,ROC,tra-T,test-T
stun.value,DD1T,0,0,DT,0.23819805100075858,0.08333333333333333,0.01984983758339655,0.08333333333333333,0.03206245974519691,0.0,0,0.0,0.0
stun.value,DD1T,0,1,DT,0.23819805100075858,0.08333333333333333,0.01984983758339655,0.08333333333333333,0.03206245974519691,0.0,0,0.0,0.0
stun.value,DD1T,0,2,DT,0.23819805100075858,0.08333333333333333,0.01984983758339655,0.08333333333333333,0.03206245974519691,0.0,0,0.0,0.0
stun.value,DD1T,0,3,DT,0.23819805100075858,0.08333333333333333,0.01984983758339655,0.08333333333333333,0.03206245974519691,0.0,0,0.0,0.0
stun.value,DD1T,0,4,DT,0.23819805100075858,0.08333333333333333,0.01984983758339655,0.08333333333333333,0.03206245974519691,0.0,0,0.0,0.0
