Feature,Dataset,T,CV,ML,Acc,b_Acc,Prec,Rec,F1,kap,ROC,tra-T,test-T
udp.length,DD2,0,0,DT,0.6863959102527691,0.3555680657269546,0.44283262088346315,0.3555680657269546,0.3206278887123571,0.3486883422227087,0,0.01573657989501953,0.0
udp.length,DD2,0,1,DT,0.6863959102527691,0.3555680657269546,0.44283262088346315,0.3555680657269546,0.3206278887123571,0.3486883422227087,0,0.015626192092895508,0.0
udp.length,DD2,0,2,DT,0.6863959102527691,0.3555680657269546,0.44283262088346315,0.3555680657269546,0.3206278887123571,0.3486883422227087,0,0.0,0.015737533569335938
udp.length,DD2,0,3,DT,0.6863959102527691,0.3555680657269546,0.44283262088346315,0.3555680657269546,0.3206278887123571,0.3486883422227087,0,0.01563119888305664,0.0
udp.length,DD2,0,4,DT,0.6863959102527691,0.3555680657269546,0.44283262088346315,0.3555680657269546,0.3206278887123571,0.3486883422227087,0,0.01562643051147461,0.0
