Feature,Dataset,T,CV,ML,Acc,b_Acc,Prec,Rec,F1,kap,ROC,tra-T,test-T
tcp.analysis.rto,AD-S1-2,0,0,DT,0.07860080650563349,0.0597318205533751,0.1958082747443768,0.0597318205533751,0.02772443780842625,0.01314841297089342,0,0.015674591064453125,0.015631675720214844
tcp.analysis.rto,AD-S1-2,0,1,DT,0.07860080650563349,0.0597318205533751,0.1958082747443768,0.0597318205533751,0.02772443780842625,0.01314841297089342,0,0.015546560287475586,0.0
tcp.analysis.rto,AD-S1-2,0,2,DT,0.07860080650563349,0.0597318205533751,0.1958082747443768,0.0597318205533751,0.02772443780842625,0.01314841297089342,0,0.015623807907104492,0.0
tcp.analysis.rto,AD-S1-2,0,3,DT,0.07860080650563349,0.0597318205533751,0.1958082747443768,0.0597318205533751,0.02772443780842625,0.01314841297089342,0,0.015622854232788086,0.01610565185546875
tcp.analysis.rto,AD-S1-2,0,4,DT,0.07860080650563349,0.0597318205533751,0.1958082747443768,0.0597318205533751,0.02772443780842625,0.01314841297089342,0,0.0,0.01562786102294922
