Feature,Dataset,T,CV,ML,Acc,b_Acc,Prec,Rec,F1,kap,ROC,tra-T,test-T
eth.padding_bad,AD-S2-1,0,0,DT,0.06414889772316588,0.047619047619047616,0.003054709415388852,0.047619047619047616,0.0057411315689461385,0.0,0,0.0050008296966552734,0.009998321533203125
eth.padding_bad,AD-S2-1,0,1,DT,0.06414889772316588,0.047619047619047616,0.003054709415388852,0.047619047619047616,0.0057411315689461385,0.0,0,0.010584592819213867,0.010001659393310547
eth.padding_bad,AD-S2-1,0,2,DT,0.06414889772316588,0.047619047619047616,0.003054709415388852,0.047619047619047616,0.0057411315689461385,0.0,0,0.010004520416259766,0.009912967681884766
eth.padding_bad,AD-S2-1,0,3,DT,0.06414889772316588,0.047619047619047616,0.003054709415388852,0.047619047619047616,0.0057411315689461385,0.0,0,0.010004043579101562,0.009998798370361328
eth.padding_bad,AD-S2-1,0,4,DT,0.06414889772316588,0.047619047619047616,0.003054709415388852,0.047619047619047616,0.0057411315689461385,0.0,0,0.009992837905883789,0.010001182556152344
