Feature,Dataset,T,CV,ML,Acc,b_Acc,Prec,Rec,F1,kap,ROC,tra-T,test-T
icmp.resp_to,AD-S1-2,0,0,DT,0.06596733786155433,0.04802194850542957,0.05073530866750797,0.04802194850542957,0.006648749653725343,0.0006013945918709185,0,0.012124061584472656,0.012228012084960938
icmp.resp_to,AD-S1-2,0,1,DT,0.06596733786155433,0.04802194850542957,0.05073530866750797,0.04802194850542957,0.006648749653725343,0.0006013945918709185,0,0.016068458557128906,0.01215815544128418
icmp.resp_to,AD-S1-2,0,2,DT,0.06596733786155433,0.04802194850542957,0.05073530866750797,0.04802194850542957,0.006648749653725343,0.0006013945918709185,0,0.011426925659179688,0.01351618766784668
icmp.resp_to,AD-S1-2,0,3,DT,0.06596733786155433,0.04802194850542957,0.05073530866750797,0.04802194850542957,0.006648749653725343,0.0006013945918709185,0,0.012327194213867188,0.011897087097167969
icmp.resp_to,AD-S1-2,0,4,DT,0.06596733786155433,0.04802194850542957,0.05073530866750797,0.04802194850542957,0.006648749653725343,0.0006013945918709185,0,0.013190269470214844,0.010412931442260742
