Feature,Dataset,T,CV,ML,Acc,b_Acc,Prec,Rec,F1,kap,ROC,tra-T,test-T
tls.handshake.server_point_len,AD-S1-2,0,0,DT,0.06577977841190735,0.04788764820996892,0.050734723963967415,0.04788764820996892,0.0063828663610730856,0.0004009296395227624,0,0.01046299934387207,0.012690305709838867
tls.handshake.server_point_len,AD-S1-2,0,1,DT,0.06577977841190735,0.04788764820996892,0.050734723963967415,0.04788764820996892,0.0063828663610730856,0.0004009296395227624,0,0.013663768768310547,0.009922504425048828
tls.handshake.server_point_len,AD-S1-2,0,2,DT,0.06577977841190735,0.04788764820996892,0.050734723963967415,0.04788764820996892,0.0063828663610730856,0.0004009296395227624,0,0.015159845352172852,0.013223648071289062
tls.handshake.server_point_len,AD-S1-2,0,3,DT,0.06577977841190735,0.04788764820996892,0.050734723963967415,0.04788764820996892,0.0063828663610730856,0.0004009296395227624,0,0.011409997940063477,0.011872053146362305
tls.handshake.server_point_len,AD-S1-2,0,4,DT,0.06577977841190735,0.04788764820996892,0.050734723963967415,0.04788764820996892,0.0063828663610730856,0.0004009296395227624,0,0.012211322784423828,0.0189971923828125
