Feature,Dataset,T,CV,ML,Acc,b_Acc,Prec,Rec,F1,kap,ROC,tra-T,test-T
tcp.analysis.spurious_retransmission,AD-S1-2,0,0,DT,0.06671757566014228,0.04787429209539762,0.02321855842609002,0.04787429209539762,0.006445605779266954,0.00024407989599550817,0,0.015617132186889648,0.0046193599700927734
tcp.analysis.spurious_retransmission,AD-S1-2,0,1,DT,0.06671757566014228,0.04787429209539762,0.02321855842609002,0.04787429209539762,0.006445605779266954,0.00024407989599550817,0,0.009166479110717773,0.015745878219604492
tcp.analysis.spurious_retransmission,AD-S1-2,0,2,DT,0.06671757566014228,0.04787429209539762,0.02321855842609002,0.04787429209539762,0.006445605779266954,0.00024407989599550817,0,0.015628337860107422,0.015621423721313477
tcp.analysis.spurious_retransmission,AD-S1-2,0,3,DT,0.06671757566014228,0.04787429209539762,0.02321855842609002,0.04787429209539762,0.006445605779266954,0.00024407989599550817,0,0.015626192092895508,0.024094581604003906
tcp.analysis.spurious_retransmission,AD-S1-2,0,4,DT,0.06671757566014228,0.04787429209539762,0.02321855842609002,0.04787429209539762,0.006445605779266954,0.00024407989599550817,0,0.01622796058654785,0.015732765197753906
