Feature,Dataset,T,CV,ML,Acc,b_Acc,Prec,Rec,F1,kap,ROC,tra-T,test-T
tcp.analysis.reused_ports,AD-S2-1,0,0,DT,0.0666658061851412,0.04949343483861045,0.05043855016126533,0.04949343483861045,0.00936091519855205,0.0026899893549239273,0,0.010529279708862305,0.00929570198059082
tcp.analysis.reused_ports,AD-S2-1,0,1,DT,0.0666658061851412,0.04949343483861045,0.05043855016126533,0.04949343483861045,0.00936091519855205,0.0026899893549239273,0,0.009721517562866211,0.010221004486083984
tcp.analysis.reused_ports,AD-S2-1,0,2,DT,0.0666658061851412,0.04949343483861045,0.05043855016126533,0.04949343483861045,0.00936091519855205,0.0026899893549239273,0,0.009994983673095703,0.010011911392211914
tcp.analysis.reused_ports,AD-S2-1,0,3,DT,0.0666658061851412,0.04949343483861045,0.05043855016126533,0.04949343483861045,0.00936091519855205,0.0026899893549239273,0,0.009995698928833008,0.009999752044677734
tcp.analysis.reused_ports,AD-S2-1,0,4,DT,0.0666658061851412,0.04949343483861045,0.05043855016126533,0.04949343483861045,0.00936091519855205,0.0026899893549239273,0,0.010004758834838867,0.00999903678894043
