Feature,Dataset,T,CV,ML,Acc,b_Acc,Prec,Rec,F1,kap,ROC,tra-T,test-T
icmpv6.opt,AD-S1-2,0,0,DT,0.06673097276368849,0.04779279723345848,0.01837768650437114,0.04779279723345848,0.0063925737866042205,0.0002471452927136353,0,0.012178421020507812,0.011908769607543945
icmpv6.opt,AD-S1-2,0,1,DT,0.06673097276368849,0.04779279723345848,0.01837768650437114,0.04779279723345848,0.0063925737866042205,0.0002471452927136353,0,0.017952919006347656,0.011754035949707031
icmpv6.opt,AD-S1-2,0,2,DT,0.06673097276368849,0.04779279723345848,0.01837768650437114,0.04779279723345848,0.0063925737866042205,0.0002471452927136353,0,0.018077850341796875,0.012389659881591797
icmpv6.opt,AD-S1-2,0,3,DT,0.06673097276368849,0.04779279723345848,0.01837768650437114,0.04779279723345848,0.0063925737866042205,0.0002471452927136353,0,0.013161659240722656,0.011472940444946289
icmpv6.opt,AD-S1-2,0,4,DT,0.06673097276368849,0.04779279723345848,0.01837768650437114,0.04779279723345848,0.0063925737866042205,0.0002471452927136353,0,0.01450204849243164,0.010092735290527344
