Feature,Dataset,T,CV,ML,Acc,b_Acc,Prec,Rec,F1,kap,ROC,tra-T,test-T
ntp.rootdispersion,AD-S1-2,0,0,DT,0.07355009846871106,0.05461957865303155,0.15431813819786283,0.05461957865303155,0.02019759057843035,0.008829413453445456,0,0.016222000122070312,0.015749454498291016
ntp.rootdispersion,AD-S1-2,0,1,DT,0.07355009846871106,0.05461957865303155,0.15431813819786283,0.05461957865303155,0.02019759057843035,0.008829413453445456,0,0.018269062042236328,0.01227569580078125
ntp.rootdispersion,AD-S1-2,0,2,DT,0.07355009846871106,0.05461957865303155,0.15431813819786283,0.05461957865303155,0.02019759057843035,0.008829413453445456,0,0.015622138977050781,0.015620231628417969
ntp.rootdispersion,AD-S1-2,0,3,DT,0.07355009846871106,0.05461957865303155,0.15431813819786283,0.05461957865303155,0.02019759057843035,0.008829413453445456,0,0.01563096046447754,0.015623092651367188
ntp.rootdispersion,AD-S1-2,0,4,DT,0.07355009846871106,0.05461957865303155,0.15431813819786283,0.05461957865303155,0.02019759057843035,0.008829413453445456,0,0.0,0.01562643051147461
