Feature,Dataset,T,CV,ML,Acc,b_Acc,Prec,Rec,F1,kap,ROC,tra-T,test-T
tcp.nxtseq,AD-S2-1,0,0,DT,0.374657958593629,0.38936070729424815,0.5041175040190525,0.38936070729424815,0.36615287868600266,0.33916680668280796,0,0.2200007438659668,0.01562952995300293
tcp.nxtseq,AD-S2-1,0,1,DT,0.374657958593629,0.38936070729424815,0.5041175040190525,0.38936070729424815,0.36615287868600266,0.33916680668280796,0,0.23591208457946777,0.02069568634033203
tcp.nxtseq,AD-S2-1,0,2,DT,0.374657958593629,0.38936070729424815,0.5041175040190525,0.38936070729424815,0.36615287868600266,0.33916680668280796,0,0.2520010471343994,0.01562976837158203
tcp.nxtseq,AD-S2-1,0,3,DT,0.374657958593629,0.38936070729424815,0.5041175040190525,0.38936070729424815,0.36615287868600266,0.33916680668280796,0,0.20053410530090332,0.01784038543701172
tcp.nxtseq,AD-S2-1,0,4,DT,0.374657958593629,0.38936070729424815,0.5041175040190525,0.38936070729424815,0.36615287868600266,0.33916680668280796,0,0.22022318840026855,0.023539304733276367
