Feature,Dataset,T,CV,ML,Acc,b_Acc,Prec,Rec,F1,kap,ROC,tra-T,test-T
tcp.options,AD-S2-1,0,0,DT,0.13200216841344417,0.10609289141555642,0.3586940810559216,0.10609289141555642,0.0460761393998534,0.07575038976973902,0,0.013900279998779297,0.009797096252441406
tcp.options,AD-S2-1,0,1,DT,0.13200216841344417,0.10609289141555642,0.3586940810559216,0.10609289141555642,0.0460761393998534,0.07575038976973902,0,0.013277530670166016,0.008058547973632812
tcp.options,AD-S2-1,0,2,DT,0.13200216841344417,0.10609289141555642,0.3586940810559216,0.10609289141555642,0.0460761393998534,0.07575038976973902,0,0.013531923294067383,0.009002208709716797
tcp.options,AD-S2-1,0,3,DT,0.13200216841344417,0.10609289141555642,0.3586940810559216,0.10609289141555642,0.0460761393998534,0.07575038976973902,0,0.013021707534790039,0.009669303894042969
tcp.options,AD-S2-1,0,4,DT,0.13200216841344417,0.10609289141555642,0.3586940810559216,0.10609289141555642,0.0460761393998534,0.07575038976973902,0,0.0067408084869384766,0.0
