Feature,Dataset,T,CV,ML,Acc,b_Acc,Prec,Rec,F1,kap,ROC,tra-T,test-T
eth.len,AD-S1-2,0,0,DT,0.06922283402328416,0.05239506869941653,0.04751860374712023,0.05239506869941653,0.01457825820931826,0.0030362146591351724,0,0.015621185302734375,0.0
eth.len,AD-S1-2,0,1,DT,0.06922283402328416,0.05239506869941653,0.04751860374712023,0.05239506869941653,0.01457825820931826,0.0030362146591351724,0,0.01561594009399414,0.015618085861206055
eth.len,AD-S1-2,0,2,DT,0.06922283402328416,0.05239506869941653,0.04751860374712023,0.05239506869941653,0.01457825820931826,0.0030362146591351724,0,0.015553712844848633,0.015628576278686523
eth.len,AD-S1-2,0,3,DT,0.06922283402328416,0.05239506869941653,0.04751860374712023,0.05239506869941653,0.01457825820931826,0.0030362146591351724,0,0.015616178512573242,0.015642404556274414
eth.len,AD-S1-2,0,4,DT,0.06922283402328416,0.05239506869941653,0.04751860374712023,0.05239506869941653,0.01457825820931826,0.0030362146591351724,0,0.01554417610168457,0.01562356948852539
