Feature,Dataset,T,CV,ML,Acc,b_Acc,Prec,Rec,F1,kap,ROC,tra-T,test-T
ntp.rootdispersion,AD-S2-1,0,0,DT,0.07160927254891837,0.0537227273817514,0.13179925834482065,0.0537227273817514,0.017339153037069503,0.00822838315621155,0,0.014868736267089844,0.009895801544189453
ntp.rootdispersion,AD-S2-1,0,1,DT,0.07160927254891837,0.0537227273817514,0.13179925834482065,0.0537227273817514,0.017339153037069503,0.00822838315621155,0,0.009276628494262695,0.010052919387817383
ntp.rootdispersion,AD-S2-1,0,2,DT,0.07160927254891837,0.0537227273817514,0.13179925834482065,0.0537227273817514,0.017339153037069503,0.00822838315621155,0,0.01503133773803711,0.00972294807434082
ntp.rootdispersion,AD-S2-1,0,3,DT,0.07160927254891837,0.0537227273817514,0.13179925834482065,0.0537227273817514,0.017339153037069503,0.00822838315621155,0,0.009981632232666016,0.009929180145263672
ntp.rootdispersion,AD-S2-1,0,4,DT,0.07160927254891837,0.0537227273817514,0.13179925834482065,0.0537227273817514,0.017339153037069503,0.00822838315621155,0,0.010052680969238281,0.010528087615966797
