Feature,Dataset,T,CV,ML,Acc,b_Acc,Prec,Rec,F1,kap,ROC,tra-T,test-T
dhcp.flags.reserved,AD-S2-1,0,0,DT,0.07243533481336156,0.06281256841659977,0.046823436887519415,0.06281256841659977,0.02835290710516343,0.0092193942219716,0,0.009530782699584961,0.010005950927734375
dhcp.flags.reserved,AD-S2-1,0,1,DT,0.07243533481336156,0.06281256841659977,0.046823436887519415,0.06281256841659977,0.02835290710516343,0.0092193942219716,0,0.010011911392211914,0.010004281997680664
dhcp.flags.reserved,AD-S2-1,0,2,DT,0.07243533481336156,0.06281256841659977,0.046823436887519415,0.06281256841659977,0.02835290710516343,0.0092193942219716,0,0.0072803497314453125,0.009885549545288086
dhcp.flags.reserved,AD-S2-1,0,3,DT,0.07243533481336156,0.06281256841659977,0.046823436887519415,0.06281256841659977,0.02835290710516343,0.0092193942219716,0,0.010020256042480469,0.010259151458740234
dhcp.flags.reserved,AD-S2-1,0,4,DT,0.07243533481336156,0.06281256841659977,0.046823436887519415,0.06281256841659977,0.02835290710516343,0.0092193942219716,0,0.010001420974731445,0.005005836486816406
