Feature,Dataset,T,CV,ML,Acc,b_Acc,Prec,Rec,F1,kap,ROC,tra-T,test-T
http.content_length_header,AD-S2-1,0,0,DT,0.06945376632763695,0.05232700175911471,0.12616310118458854,0.05232700175911471,0.01444964890234181,0.005748348926415625,0,0.010000228881835938,0.014991044998168945
http.content_length_header,AD-S2-1,0,1,DT,0.06945376632763695,0.05232700175911471,0.12616310118458854,0.05232700175911471,0.01444964890234181,0.005748348926415625,0,0.010024547576904297,0.015001773834228516
http.content_length_header,AD-S2-1,0,2,DT,0.06945376632763695,0.05232700175911471,0.12616310118458854,0.05232700175911471,0.01444964890234181,0.005748348926415625,0,0.010848045349121094,0.009747743606567383
http.content_length_header,AD-S2-1,0,3,DT,0.06945376632763695,0.05232700175911471,0.12616310118458854,0.05232700175911471,0.01444964890234181,0.005748348926415625,0,0.01000213623046875,0.014993906021118164
http.content_length_header,AD-S2-1,0,4,DT,0.06945376632763695,0.05232700175911471,0.12616310118458854,0.05232700175911471,0.01444964890234181,0.005748348926415625,0,0.015005111694335938,0.010003805160522461
