Feature,Dataset,T,CV,ML,Acc,b_Acc,Prec,Rec,F1,kap,ROC,tra-T,test-T
tcp.window_size_value,AD-S1-2,0,0,DT,0.5930629797837708,0.5993942686734383,0.8798573992338864,0.5993942686734383,0.6520729897511119,0.5688937823423446,0,0.08188438415527344,0.02126145362854004
tcp.window_size_value,AD-S1-2,0,1,DT,0.5930629797837708,0.5993942686734383,0.8798573992338864,0.5993942686734383,0.6520729897511119,0.5688937823423446,0,0.09500861167907715,0.016118764877319336
tcp.window_size_value,AD-S1-2,0,2,DT,0.5930629797837708,0.5993942686734383,0.8798573992338864,0.5993942686734383,0.6520729897511119,0.5688937823423446,0,0.08325386047363281,0.010612964630126953
tcp.window_size_value,AD-S1-2,0,3,DT,0.5930629797837708,0.5993942686734383,0.8798573992338864,0.5993942686734383,0.6520729897511119,0.5688937823423446,0,0.09235501289367676,0.0178525447845459
tcp.window_size_value,AD-S1-2,0,4,DT,0.5930629797837708,0.5993942686734383,0.8798573992338864,0.5993942686734383,0.6520729897511119,0.5688937823423446,0,0.11113262176513672,0.031133413314819336
