Feature,Dataset,T,CV,ML,Acc,b_Acc,Prec,Rec,F1,kap,ROC,tra-T,test-T
ntp.precision,AD-S1-2,0,0,DT,0.07289364039494661,0.05365219335728805,0.10494518105791541,0.05365219335728805,0.01829518605053183,0.008104871079567255,0,0.018233060836791992,0.013605356216430664
ntp.precision,AD-S1-2,0,1,DT,0.07289364039494661,0.05365219335728805,0.10494518105791541,0.05365219335728805,0.01829518605053183,0.008104871079567255,0,0.016018152236938477,0.015665292739868164
ntp.precision,AD-S1-2,0,2,DT,0.07289364039494661,0.05365219335728805,0.10494518105791541,0.05365219335728805,0.01829518605053183,0.008104871079567255,0,0.014113903045654297,0.008213043212890625
ntp.precision,AD-S1-2,0,3,DT,0.07289364039494661,0.05365219335728805,0.10494518105791541,0.05365219335728805,0.01829518605053183,0.008104871079567255,0,0.01574110984802246,0.0
ntp.precision,AD-S1-2,0,4,DT,0.07289364039494661,0.05365219335728805,0.10494518105791541,0.05365219335728805,0.01829518605053183,0.008104871079567255,0,0.015644550323486328,0.015611648559570312
