Feature,Dataset,T,CV,ML,Acc,b_Acc,Prec,Rec,F1,kap,ROC,tra-T,test-T
ip.opt.type,AD-S2-1,0,0,DT,0.13031132221591202,0.11533382098507491,0.17975157742422465,0.11533382098507491,0.08937920588322837,0.07224166705360502,0,0.010030269622802734,0.00997018814086914
ip.opt.type,AD-S2-1,0,1,DT,0.13031132221591202,0.11533382098507491,0.17975157742422465,0.11533382098507491,0.08937920588322837,0.07224166705360502,0,0.014312744140625,0.009864330291748047
ip.opt.type,AD-S2-1,0,2,DT,0.13031132221591202,0.11533382098507491,0.17975157742422465,0.11533382098507491,0.08937920588322837,0.07224166705360502,0,0.010020971298217773,0.010017871856689453
ip.opt.type,AD-S2-1,0,3,DT,0.13031132221591202,0.11533382098507491,0.17975157742422465,0.11533382098507491,0.08937920588322837,0.07224166705360502,0,0.010017156600952148,0.009999990463256836
ip.opt.type,AD-S2-1,0,4,DT,0.13031132221591202,0.11533382098507491,0.17975157742422465,0.11533382098507491,0.08937920588322837,0.07224166705360502,0,0.009404182434082031,0.010125875473022461
