Feature,Dataset,T,CV,ML,Acc,b_Acc,Prec,Rec,F1,kap,ROC,tra-T,test-T
icmp.ident_le,AD-S1-2,0,0,DT,0.07806492236378496,0.05902469201519164,0.1385035791013399,0.05902469201519164,0.026359432420069953,0.013712242097538074,0,0.016596317291259766,0.008110523223876953
icmp.ident_le,AD-S1-2,0,1,DT,0.07806492236378496,0.05902469201519164,0.1385035791013399,0.05902469201519164,0.026359432420069953,0.013712242097538074,0,0.016265153884887695,0.008495807647705078
icmp.ident_le,AD-S1-2,0,2,DT,0.07806492236378496,0.05902469201519164,0.1385035791013399,0.05902469201519164,0.026359432420069953,0.013712242097538074,0,0.016379833221435547,0.0073740482330322266
icmp.ident_le,AD-S1-2,0,3,DT,0.07806492236378496,0.05902469201519164,0.1385035791013399,0.05902469201519164,0.026359432420069953,0.013712242097538074,0,0.01663374900817871,0.011206626892089844
icmp.ident_le,AD-S1-2,0,4,DT,0.07806492236378496,0.05902469201519164,0.1385035791013399,0.05902469201519164,0.026359432420069953,0.013712242097538074,0,0.009382009506225586,0.015740633010864258
