Feature,Dataset,T,CV,ML,Acc,b_Acc,Prec,Rec,F1,kap,ROC,tra-T,test-T
icmp.seq_le,AD-S1-2,0,0,DT,0.07767640636094476,0.05874477135976445,0.11809158973464683,0.05874477135976445,0.02581234793996929,0.013301974867981792,0,0.015042543411254883,0.013162851333618164
icmp.seq_le,AD-S1-2,0,1,DT,0.07767640636094476,0.05874477135976445,0.11809158973464683,0.05874477135976445,0.02581234793996929,0.013301974867981792,0,0.013602495193481445,0.012680292129516602
icmp.seq_le,AD-S1-2,0,2,DT,0.07767640636094476,0.05874477135976445,0.11809158973464683,0.05874477135976445,0.02581234793996929,0.013301974867981792,0,0.014724969863891602,0.010252952575683594
icmp.seq_le,AD-S1-2,0,3,DT,0.07767640636094476,0.05874477135976445,0.11809158973464683,0.05874477135976445,0.02581234793996929,0.013301974867981792,0,0.012680292129516602,0.014290332794189453
icmp.seq_le,AD-S1-2,0,4,DT,0.07767640636094476,0.05874477135976445,0.11809158973464683,0.05874477135976445,0.02581234793996929,0.013301974867981792,0,0.012966632843017578,0.015080451965332031
