Feature,Dataset,T,CV,ML,Acc,b_Acc,Prec,Rec,F1,kap,ROC,tra-T,test-T
tcp.flags.ack,AD-S1-2,0,0,DT,0.1273394692067575,0.0943525126192933,0.02835230239199508,0.0943525126192933,0.02798999913001355,0.06747715488872708,0,0.015652894973754883,0.016884565353393555
tcp.flags.ack,AD-S1-2,0,1,DT,0.1273394692067575,0.0943525126192933,0.02835230239199508,0.0943525126192933,0.02798999913001355,0.06747715488872708,0,0.013821601867675781,0.008894920349121094
tcp.flags.ack,AD-S1-2,0,2,DT,0.1273394692067575,0.0943525126192933,0.02835230239199508,0.0943525126192933,0.02798999913001355,0.06747715488872708,0,0.01563119888305664,0.015634536743164062
tcp.flags.ack,AD-S1-2,0,3,DT,0.1273394692067575,0.0943525126192933,0.02835230239199508,0.0943525126192933,0.02798999913001355,0.06747715488872708,0,0.00819706916809082,0.015643596649169922
tcp.flags.ack,AD-S1-2,0,4,DT,0.1273394692067575,0.0943525126192933,0.02835230239199508,0.0943525126192933,0.02798999913001355,0.06747715488872708,0,0.015621423721313477,0.016045331954956055
