Feature,Dataset,T,CV,ML,Acc,b_Acc,Prec,Rec,F1,kap,ROC,tra-T,test-T
icmpv6.reserved,AD-S2-1,0,0,DT,0.0644199494036863,0.05246886626922568,0.02253414242821296,0.05246886626922568,0.013578515922501852,0.00034492665678076406,0,0.00938868522644043,0.010531902313232422
icmpv6.reserved,AD-S2-1,0,1,DT,0.0644199494036863,0.05246886626922568,0.02253414242821296,0.05246886626922568,0.013578515922501852,0.00034492665678076406,0,0.009967565536499023,0.0099639892578125
icmpv6.reserved,AD-S2-1,0,2,DT,0.0644199494036863,0.05246886626922568,0.02253414242821296,0.05246886626922568,0.013578515922501852,0.00034492665678076406,0,0.010020732879638672,0.005040884017944336
icmpv6.reserved,AD-S2-1,0,3,DT,0.0644199494036863,0.05246886626922568,0.02253414242821296,0.05246886626922568,0.013578515922501852,0.00034492665678076406,0,0.010462760925292969,0.009442806243896484
icmpv6.reserved,AD-S2-1,0,4,DT,0.0644199494036863,0.05246886626922568,0.02253414242821296,0.05246886626922568,0.013578515922501852,0.00034492665678076406,0,0.009809255599975586,0.009895563125610352
