Feature,Dataset,T,CV,ML,Acc,b_Acc,Prec,Rec,F1,kap,ROC,tra-T,test-T
arp.seconds-since-duplicate-address-frame,AD-S2-1,0,0,DT,0.06414889772316588,0.047619047619047616,0.003054709415388852,0.047619047619047616,0.0057411315689461385,0.0,0,0.00972127914428711,0.005567073822021484
arp.seconds-since-duplicate-address-frame,AD-S2-1,0,1,DT,0.06414889772316588,0.047619047619047616,0.003054709415388852,0.047619047619047616,0.0057411315689461385,0.0,0,0.010416746139526367,0.004548311233520508
arp.seconds-since-duplicate-address-frame,AD-S2-1,0,2,DT,0.06414889772316588,0.047619047619047616,0.003054709415388852,0.047619047619047616,0.0057411315689461385,0.0,0,0.010235786437988281,0.009948492050170898
arp.seconds-since-duplicate-address-frame,AD-S2-1,0,3,DT,0.06414889772316588,0.047619047619047616,0.003054709415388852,0.047619047619047616,0.0057411315689461385,0.0,0,0.005166292190551758,0.010675668716430664
arp.seconds-since-duplicate-address-frame,AD-S2-1,0,4,DT,0.06414889772316588,0.047619047619047616,0.003054709415388852,0.047619047619047616,0.0057411315689461385,0.0,0,0.009927749633789062,0.009860992431640625
