Feature,Dataset,T,CV,ML,Acc,b_Acc,Prec,Rec,F1,kap,ROC,tra-T,test-T
tcp.checksum,DI-S1-2,0,0,DT,0.07731958762886598,0.06868228553263991,0.05427870104416854,0.06868228553263991,0.05100575050326671,0.025689685227936354,0,0.4657096862792969,0.036008596420288086
tcp.checksum,DI-S1-2,0,1,DT,0.07731958762886598,0.06868228553263991,0.05427870104416854,0.06868228553263991,0.05100575050326671,0.025689685227936354,0,0.5093891620635986,0.04388570785522461
tcp.checksum,DI-S1-2,0,2,DT,0.07731958762886598,0.06868228553263991,0.05427870104416854,0.06868228553263991,0.05100575050326671,0.025689685227936354,0,0.48330163955688477,0.03229188919067383
tcp.checksum,DI-S1-2,0,3,DT,0.07731958762886598,0.06868228553263991,0.05427870104416854,0.06868228553263991,0.05100575050326671,0.025689685227936354,0,0.49677491188049316,0.036179304122924805
tcp.checksum,DI-S1-2,0,4,DT,0.07731958762886598,0.06868228553263991,0.05427870104416854,0.06868228553263991,0.05100575050326671,0.025689685227936354,0,0.49373316764831543,0.04029250144958496
