Feature,Dataset,T,CV,ML,Acc,b_Acc,Prec,Rec,F1,kap,ROC,tra-T,test-T
eth.fcs,DI-S1-2,0,0,DT,0.060939289805269185,0.047619047619047616,0.0029018709431080565,0.047619047619047616,0.0054703807672928815,0.0,0,0.015705585479736328,0.01554560661315918
eth.fcs,DI-S1-2,0,1,DT,0.060939289805269185,0.047619047619047616,0.0029018709431080565,0.047619047619047616,0.0054703807672928815,0.0,0,0.0,0.015627145767211914
eth.fcs,DI-S1-2,0,2,DT,0.060939289805269185,0.047619047619047616,0.0029018709431080565,0.047619047619047616,0.0054703807672928815,0.0,0,0.00830531120300293,0.012239694595336914
eth.fcs,DI-S1-2,0,3,DT,0.060939289805269185,0.047619047619047616,0.0029018709431080565,0.047619047619047616,0.0054703807672928815,0.0,0,0.008032560348510742,0.007993221282958984
eth.fcs,DI-S1-2,0,4,DT,0.060939289805269185,0.047619047619047616,0.0029018709431080565,0.047619047619047616,0.0054703807672928815,0.0,0,0.00802302360534668,0.012059450149536133
