Feature,Dataset,T,CV,ML,Acc,b_Acc,Prec,Rec,F1,kap,ROC,tra-T,test-T
icmpv6.opt,DI-S2-1,0,0,DT,0.04834842494579773,0.047619047619047616,0.002302305949799892,0.047619047619047616,0.0043922533673266635,0.0,0,0.007111310958862305,0.01573491096496582
icmpv6.opt,DI-S2-1,0,1,DT,0.04834842494579773,0.047619047619047616,0.002302305949799892,0.047619047619047616,0.0043922533673266635,0.0,0,0.015638113021850586,0.014603137969970703
icmpv6.opt,DI-S2-1,0,2,DT,0.04834842494579773,0.047619047619047616,0.002302305949799892,0.047619047619047616,0.0043922533673266635,0.0,0,0.0,0.015535354614257812
icmpv6.opt,DI-S2-1,0,3,DT,0.04834842494579773,0.047619047619047616,0.002302305949799892,0.047619047619047616,0.0043922533673266635,0.0,0,0.007112979888916016,0.0157320499420166
icmpv6.opt,DI-S2-1,0,4,DT,0.04834842494579773,0.047619047619047616,0.002302305949799892,0.047619047619047616,0.0043922533673266635,0.0,0,0.015740156173706055,0.0
