Feature,Dataset,T,CV,ML,Acc,b_Acc,Prec,Rec,F1,kap,ROC,tra-T,test-T
dns.soa.serial_number,DI-S2-1,0,0,DT,0.04837393189644178,0.04763940198862191,0.04992141229514967,0.04763940198862191,0.00443305158207329,2.6499288760750694e-05,0,0.006058931350708008,0.01625347137451172
dns.soa.serial_number,DI-S2-1,0,1,DT,0.04837393189644178,0.04763940198862191,0.04992141229514967,0.04763940198862191,0.00443305158207329,2.6499288760750694e-05,0,0.011026620864868164,0.009006023406982422
dns.soa.serial_number,DI-S2-1,0,2,DT,0.04837393189644178,0.04763940198862191,0.04992141229514967,0.04763940198862191,0.00443305158207329,2.6499288760750694e-05,0,0.009114503860473633,0.008995532989501953
dns.soa.serial_number,DI-S2-1,0,3,DT,0.04837393189644178,0.04763940198862191,0.04992141229514967,0.04763940198862191,0.00443305158207329,2.6499288760750694e-05,0,0.01090240478515625,0.009101152420043945
dns.soa.serial_number,DI-S2-1,0,4,DT,0.04837393189644178,0.04763940198862191,0.04992141229514967,0.04763940198862191,0.00443305158207329,2.6499288760750694e-05,0,0.008098125457763672,0.009898185729980469
