Feature,Dataset,T,CV,ML,Acc,b_Acc,Prec,Rec,F1,kap,ROC,tra-T,test-T
dhcp.option.rebinding_time_value,DI-S2-1,0,0,DT,0.048731029205458486,0.047924363162661944,0.04992223477806535,0.047924363162661944,0.005000597836546057,0.0003974910205981619,0,0.015627384185791016,0.01562786102294922
dhcp.option.rebinding_time_value,DI-S2-1,0,1,DT,0.048731029205458486,0.047924363162661944,0.04992223477806535,0.047924363162661944,0.005000597836546057,0.0003974910205981619,0,0.0,0.015599489212036133
dhcp.option.rebinding_time_value,DI-S2-1,0,2,DT,0.048731029205458486,0.047924363162661944,0.04992223477806535,0.047924363162661944,0.005000597836546057,0.0003974910205981619,0,0.011602401733398438,0.0
dhcp.option.rebinding_time_value,DI-S2-1,0,3,DT,0.048731029205458486,0.047924363162661944,0.04992223477806535,0.047924363162661944,0.005000597836546057,0.0003974910205981619,0,0.0,0.015625953674316406
dhcp.option.rebinding_time_value,DI-S2-1,0,4,DT,0.048731029205458486,0.047924363162661944,0.04992223477806535,0.047924363162661944,0.005000597836546057,0.0003974910205981619,0,0.012007713317871094,0.007904291152954102
