Feature,Dataset,T,CV,ML,Acc,b_Acc,Prec,Rec,F1,kap,ROC,tra-T,test-T
dns.flags.checkdisable,DI-S2-1,0,0,DT,0.06494069633975258,0.05076931101027487,0.008818928027591013,0.05076931101027487,0.00973768606043302,0.004198133130582593,0,0.008005857467651367,0.011904001235961914
dns.flags.checkdisable,DI-S2-1,0,1,DT,0.06494069633975258,0.05076931101027487,0.008818928027591013,0.05076931101027487,0.00973768606043302,0.004198133130582593,0,0.007987260818481445,0.00800466537475586
dns.flags.checkdisable,DI-S2-1,0,2,DT,0.06494069633975258,0.05076931101027487,0.008818928027591013,0.05076931101027487,0.00973768606043302,0.004198133130582593,0,0.012102842330932617,0.007692575454711914
dns.flags.checkdisable,DI-S2-1,0,3,DT,0.06494069633975258,0.05076931101027487,0.008818928027591013,0.05076931101027487,0.00973768606043302,0.004198133130582593,0,0.012113332748413086,0.008706808090209961
dns.flags.checkdisable,DI-S2-1,0,4,DT,0.06494069633975258,0.05076931101027487,0.008818928027591013,0.05076931101027487,0.00973768606043302,0.004198133130582593,0,0.012089967727661133,0.008008241653442383
