Feature,Dataset,T,CV,ML,Acc,b_Acc,Prec,Rec,F1,kap,ROC,tra-T,test-T
eth.addr.oui,DI-S2-1,0,0,DT,0.23766101262594058,0.19806950357118058,0.18359789335582755,0.19806950357118058,0.15878305559389094,0.18960452165552355,0,0.016126155853271484,0.0
eth.addr.oui,DI-S2-1,0,1,DT,0.23766101262594058,0.19806950357118058,0.18359789335582755,0.19806950357118058,0.15878305559389094,0.18960452165552355,0,0.015662431716918945,0.0157012939453125
eth.addr.oui,DI-S2-1,0,2,DT,0.23766101262594058,0.19806950357118058,0.18359789335582755,0.19806950357118058,0.15878305559389094,0.18960452165552355,0,0.01562643051147461,0.015626907348632812
eth.addr.oui,DI-S2-1,0,3,DT,0.23766101262594058,0.19806950357118058,0.18359789335582755,0.19806950357118058,0.15878305559389094,0.18960452165552355,0,0.020000934600830078,0.012005805969238281
eth.addr.oui,DI-S2-1,0,4,DT,0.23766101262594058,0.19806950357118058,0.18359789335582755,0.19806950357118058,0.15878305559389094,0.18960452165552355,0,0.015994787216186523,0.012008905410766602
