Feature,Dataset,T,CV,ML,Acc,b_Acc,Prec,Rec,F1,kap,ROC,tra-T,test-T
tcp.options.wscale.shift,DI-S2-1,0,0,DT,0.08149470730774136,0.06452588903012059,0.3240200859057377,0.06452588903012059,0.035696827900804085,0.02187616588662844,0,0.0,0.015733003616333008
tcp.options.wscale.shift,DI-S2-1,0,1,DT,0.08149470730774136,0.06452588903012059,0.3240200859057377,0.06452588903012059,0.035696827900804085,0.02187616588662844,0,0.01573038101196289,0.0
tcp.options.wscale.shift,DI-S2-1,0,2,DT,0.08149470730774136,0.06452588903012059,0.3240200859057377,0.06452588903012059,0.035696827900804085,0.02187616588662844,0,0.01563882827758789,0.0
tcp.options.wscale.shift,DI-S2-1,0,3,DT,0.08149470730774136,0.06452588903012059,0.3240200859057377,0.06452588903012059,0.035696827900804085,0.02187616588662844,0,0.015660762786865234,0.0
tcp.options.wscale.shift,DI-S2-1,0,4,DT,0.08149470730774136,0.06452588903012059,0.3240200859057377,0.06452588903012059,0.035696827900804085,0.02187616588662844,0,0.031249046325683594,0.0
