Feature,Dataset,T,CV,ML,Acc,b_Acc,Prec,Rec,F1,kap,ROC,tra-T,test-T
eth.src.oui,DI-S1-2,0,0,DT,0.8948453608247423,0.9047619047619048,0.8603084956104284,0.9047619047619048,0.8757543119278773,0.8889202670496621,0,0.035234928131103516,0.022874116897583008
eth.src.oui,DI-S1-2,0,1,DT,0.8948453608247423,0.9047619047619048,0.8603084956104284,0.9047619047619048,0.8757543119278773,0.8889202670496621,0,0.031052350997924805,0.0225830078125
eth.src.oui,DI-S1-2,0,2,DT,0.8948453608247423,0.9047619047619048,0.8603084956104284,0.9047619047619048,0.8757543119278773,0.8889202670496621,0,0.02991771697998047,0.021640777587890625
eth.src.oui,DI-S1-2,0,3,DT,0.8948453608247423,0.9047619047619048,0.8603084956104284,0.9047619047619048,0.8757543119278773,0.8889202670496621,0,0.03371310234069824,0.02270054817199707
eth.src.oui,DI-S1-2,0,4,DT,0.8948453608247423,0.9047619047619048,0.8603084956104284,0.9047619047619048,0.8757543119278773,0.8889202670496621,0,0.031622886657714844,0.01986527442932129
