Feature,Dataset,T,CV,ML,Acc,b_Acc,Prec,Rec,F1,kap,ROC,tra-T,test-T
tcp.connection.fin_active,DI-S2-1,0,0,DT,0.05236576967223568,0.05085869573067989,0.01553831689101232,0.05085869573067989,0.010695292746642835,0.0040660085323436235,0,0.0,0.015634536743164062
tcp.connection.fin_active,DI-S2-1,0,1,DT,0.05236576967223568,0.05085869573067989,0.01553831689101232,0.05085869573067989,0.010695292746642835,0.0040660085323436235,0,0.015737533569335938,0.0
tcp.connection.fin_active,DI-S2-1,0,2,DT,0.05236576967223568,0.05085869573067989,0.01553831689101232,0.05085869573067989,0.010695292746642835,0.0040660085323436235,0,0.015618324279785156,0.015578269958496094
tcp.connection.fin_active,DI-S2-1,0,3,DT,0.05236576967223568,0.05085869573067989,0.01553831689101232,0.05085869573067989,0.010695292746642835,0.0040660085323436235,0,0.0,0.015639543533325195
tcp.connection.fin_active,DI-S2-1,0,4,DT,0.05236576967223568,0.05085869573067989,0.01553831689101232,0.05085869573067989,0.010695292746642835,0.0040660085323436235,0,0.01622605323791504,0.0
