Feature,Dataset,T,CV,ML,Acc,b_Acc,Prec,Rec,F1,kap,ROC,tra-T,test-T
ntp.ppoll,DI-S2-1,0,0,DT,0.05536283637291162,0.054881605610860466,0.20386213616256976,0.054881605610860466,0.01810003522328147,0.007360810577634158,0,0.015622138977050781,0.015616655349731445
ntp.ppoll,DI-S2-1,0,1,DT,0.05536283637291162,0.054881605610860466,0.20386213616256976,0.054881605610860466,0.01810003522328147,0.007360810577634158,0,0.01562666893005371,0.0156252384185791
ntp.ppoll,DI-S2-1,0,2,DT,0.05536283637291162,0.054881605610860466,0.20386213616256976,0.054881605610860466,0.01810003522328147,0.007360810577634158,0,0.015616655349731445,0.012111663818359375
ntp.ppoll,DI-S2-1,0,3,DT,0.05536283637291162,0.054881605610860466,0.20386213616256976,0.054881605610860466,0.01810003522328147,0.007360810577634158,0,0.015624523162841797,0.01565384864807129
ntp.ppoll,DI-S2-1,0,4,DT,0.05536283637291162,0.054881605610860466,0.20386213616256976,0.054881605610860466,0.01810003522328147,0.007360810577634158,0,0.015533208847045898,0.01572418212890625
