Feature,Dataset,T,CV,ML,Acc,b_Acc,Prec,Rec,F1,kap,ROC,tra-T,test-T
igmp.max_resp,DI-S2-1,0,0,DT,0.06226246652212728,0.06071483882664838,0.08569054494248883,0.06071483882664838,0.02676291002021311,0.01456077408197487,0,0.015610694885253906,0.00809931755065918
igmp.max_resp,DI-S2-1,0,1,DT,0.06226246652212728,0.06071483882664838,0.08569054494248883,0.06071483882664838,0.02676291002021311,0.01456077408197487,0,0.0,0.01573324203491211
igmp.max_resp,DI-S2-1,0,2,DT,0.06226246652212728,0.06071483882664838,0.08569054494248883,0.06071483882664838,0.02676291002021311,0.01456077408197487,0,0.0,0.015630483627319336
igmp.max_resp,DI-S2-1,0,3,DT,0.06226246652212728,0.06071483882664838,0.08569054494248883,0.06071483882664838,0.02676291002021311,0.01456077408197487,0,0.0,0.015625476837158203
igmp.max_resp,DI-S2-1,0,4,DT,0.06226246652212728,0.06071483882664838,0.08569054494248883,0.06071483882664838,0.02676291002021311,0.01456077408197487,0,0.01573014259338379,0.0
