Feature,Dataset,T,CV,ML,Acc,b_Acc,Prec,Rec,F1,kap,ROC,tra-T,test-T
tcp.nxtseq,DI-S1-2,0,0,DT,0.3989181621484027,0.4107196425571299,0.5415738575934269,0.4107196425571299,0.42350684077471845,0.36545932725663366,0,0.2917776107788086,0.0251004695892334
tcp.nxtseq,DI-S1-2,0,1,DT,0.3989181621484027,0.4107196425571299,0.5415738575934269,0.4107196425571299,0.42350684077471845,0.36545932725663366,0,0.2802259922027588,0.02001643180847168
tcp.nxtseq,DI-S1-2,0,2,DT,0.3989181621484027,0.4107196425571299,0.5415738575934269,0.4107196425571299,0.42350684077471845,0.36545932725663366,0,0.29999303817749023,0.02490544319152832
tcp.nxtseq,DI-S1-2,0,3,DT,0.3989181621484027,0.4107196425571299,0.5415738575934269,0.4107196425571299,0.42350684077471845,0.36545932725663366,0,0.3225557804107666,0.01993083953857422
tcp.nxtseq,DI-S1-2,0,4,DT,0.3989181621484027,0.4107196425571299,0.5415738575934269,0.4107196425571299,0.42350684077471845,0.36545932725663366,0,0.2895355224609375,0.025065183639526367
