Feature,Dataset,T,CV,ML,Acc,b_Acc,Prec,Rec,F1,kap,ROC,tra-T,test-T
ip.opt.ra,DI-S2-1,0,0,DT,0.0903073587552608,0.08406166895727214,0.03470925490438067,0.08406166895727214,0.03899749004754543,0.04368790290782909,0,0.016115427017211914,0.015775203704833984
ip.opt.ra,DI-S2-1,0,1,DT,0.0903073587552608,0.08406166895727214,0.03470925490438067,0.08406166895727214,0.03899749004754543,0.04368790290782909,0,0.015526771545410156,0.0
ip.opt.ra,DI-S2-1,0,2,DT,0.0903073587552608,0.08406166895727214,0.03470925490438067,0.08406166895727214,0.03899749004754543,0.04368790290782909,0,0.01613640785217285,0.0
ip.opt.ra,DI-S2-1,0,3,DT,0.0903073587552608,0.08406166895727214,0.03470925490438067,0.08406166895727214,0.03899749004754543,0.04368790290782909,0,0.0,0.01553034782409668
ip.opt.ra,DI-S2-1,0,4,DT,0.0903073587552608,0.08406166895727214,0.03470925490438067,0.08406166895727214,0.03899749004754543,0.04368790290782909,0,0.0,0.015630006790161133
