Feature,Dataset,T,CV,ML,Acc,b_Acc,Prec,Rec,F1,kap,ROC,tra-T,test-T
eapol.len,DI-S1-2,0,0,DT,0.07315769377625048,0.0600220333190892,0.10005174756511356,0.0600220333190892,0.021526596056959512,0.013420381745269272,0,0.019278287887573242,0.017718791961669922
eapol.len,DI-S1-2,0,1,DT,0.07315769377625048,0.0600220333190892,0.10005174756511356,0.0600220333190892,0.021526596056959512,0.013420381745269272,0,0.017302274703979492,0.009922504425048828
eapol.len,DI-S1-2,0,2,DT,0.07315769377625048,0.0600220333190892,0.10005174756511356,0.0600220333190892,0.021526596056959512,0.013420381745269272,0,0.016017913818359375,0.013311147689819336
eapol.len,DI-S1-2,0,3,DT,0.07315769377625048,0.0600220333190892,0.10005174756511356,0.0600220333190892,0.021526596056959512,0.013420381745269272,0,0.021902084350585938,0.011075496673583984
eapol.len,DI-S1-2,0,4,DT,0.07315769377625048,0.0600220333190892,0.10005174756511356,0.0600220333190892,0.021526596056959512,0.013420381745269272,0,0.010030984878540039,0.014859437942504883
