Feature,Dataset,T,CV,ML,Acc,b_Acc,Prec,Rec,F1,kap,ROC,tra-T,test-T
eth.ig,DI-S2-1,0,0,DT,0.10355821961484504,0.08453905427130107,0.015652319145924905,0.08453905427130107,0.024799977585285505,0.04629844783728032,0,0.011716842651367188,0.008005142211914062
eth.ig,DI-S2-1,0,1,DT,0.10355821961484504,0.08453905427130107,0.015652319145924905,0.08453905427130107,0.024799977585285505,0.04629844783728032,0,0.011947870254516602,0.012001276016235352
eth.ig,DI-S2-1,0,2,DT,0.10355821961484504,0.08453905427130107,0.015652319145924905,0.08453905427130107,0.024799977585285505,0.04629844783728032,0,0.011998414993286133,0.012031793594360352
eth.ig,DI-S2-1,0,3,DT,0.10355821961484504,0.08453905427130107,0.015652319145924905,0.08453905427130107,0.024799977585285505,0.04629844783728032,0,0.01198577880859375,0.007997512817382812
eth.ig,DI-S2-1,0,4,DT,0.10355821961484504,0.08453905427130107,0.015652319145924905,0.08453905427130107,0.024799977585285505,0.04629844783728032,0,0.01219797134399414,0.008108854293823242
