Feature,Dataset,T,CV,ML,Acc,b_Acc,Prec,Rec,F1,kap,ROC,tra-T,test-T
ip.flags.rb,DI-S1-2,0,0,DT,0.09881634211531119,0.08124614553007811,0.02293354939460686,0.08124614553007811,0.030933274247969194,0.041016641380017704,0,0.015621423721313477,0.0
ip.flags.rb,DI-S1-2,0,1,DT,0.09881634211531119,0.08124614553007811,0.02293354939460686,0.08124614553007811,0.030933274247969194,0.041016641380017704,0,0.0156252384185791,0.015636682510375977
ip.flags.rb,DI-S1-2,0,2,DT,0.09881634211531119,0.08124614553007811,0.02293354939460686,0.08124614553007811,0.030933274247969194,0.041016641380017704,0,0.009616374969482422,0.015750885009765625
ip.flags.rb,DI-S1-2,0,3,DT,0.09881634211531119,0.08124614553007811,0.02293354939460686,0.08124614553007811,0.030933274247969194,0.041016641380017704,0,0.01621222496032715,0.0
ip.flags.rb,DI-S1-2,0,4,DT,0.09881634211531119,0.08124614553007811,0.02293354939460686,0.08124614553007811,0.030933274247969194,0.041016641380017704,0,0.008004903793334961,0.00800323486328125
