Feature,Dataset,T,CV,ML,Acc,b_Acc,Prec,Rec,F1,kap,ROC,tra-T,test-T
dns.flags,DI-S2-1,0,0,DT,0.06664966203290397,0.05217509079226264,0.09189347316957248,0.05217509079226264,0.012606354278219984,0.006023157548169067,0,0.01573657989501953,0.0
dns.flags,DI-S2-1,0,1,DT,0.06664966203290397,0.05217509079226264,0.09189347316957248,0.05217509079226264,0.012606354278219984,0.006023157548169067,0,0.016202449798583984,0.015108346939086914
dns.flags,DI-S2-1,0,2,DT,0.06664966203290397,0.05217509079226264,0.09189347316957248,0.05217509079226264,0.012606354278219984,0.006023157548169067,0,0.015622377395629883,0.004107475280761719
dns.flags,DI-S2-1,0,3,DT,0.06664966203290397,0.05217509079226264,0.09189347316957248,0.05217509079226264,0.012606354278219984,0.006023157548169067,0,0.0,0.015623092651367188
dns.flags,DI-S2-1,0,4,DT,0.06664966203290397,0.05217509079226264,0.09189347316957248,0.05217509079226264,0.012606354278219984,0.006023157548169067,0,0.0,0.015619277954101562
