Feature,Dataset,T,CV,ML,Acc,b_Acc,Prec,Rec,F1,kap,ROC,tra-T,test-T
http.notification,DI-S2-1,0,0,DT,0.08066573141180972,0.07365846640771112,0.025569552435468296,0.07365846640771112,0.029173716814699352,0.033231652247962096,0,0.015619277954101562,0.002108335494995117
http.notification,DI-S2-1,0,1,DT,0.08066573141180972,0.07365846640771112,0.025569552435468296,0.07365846640771112,0.029173716814699352,0.033231652247962096,0,0.015728235244750977,0.0
http.notification,DI-S2-1,0,2,DT,0.08066573141180972,0.07365846640771112,0.025569552435468296,0.07365846640771112,0.029173716814699352,0.033231652247962096,0,0.015613555908203125,0.015625
http.notification,DI-S2-1,0,3,DT,0.08066573141180972,0.07365846640771112,0.025569552435468296,0.07365846640771112,0.029173716814699352,0.033231652247962096,0,0.024180889129638672,0.007606029510498047
http.notification,DI-S2-1,0,4,DT,0.08066573141180972,0.07365846640771112,0.025569552435468296,0.07365846640771112,0.029173716814699352,0.033231652247962096,0,0.015636205673217773,0.0
