Feature,Dataset,T,CV,ML,Acc,b_Acc,Prec,Rec,F1,kap,ROC,tra-T,test-T
stun.cookie,DI-S2-1,0,0,DT,0.04884581048335671,0.04803666463212225,0.02674062988297716,0.04803666463212225,0.005217517623236945,0.0005141383513940223,0,0.0,0.015619277954101562
stun.cookie,DI-S2-1,0,1,DT,0.04884581048335671,0.04803666463212225,0.02674062988297716,0.04803666463212225,0.005217517623236945,0.0005141383513940223,0,0.01573038101196289,0.0
stun.cookie,DI-S2-1,0,2,DT,0.04884581048335671,0.04803666463212225,0.02674062988297716,0.04803666463212225,0.005217517623236945,0.0005141383513940223,0,0.0,0.015630483627319336
stun.cookie,DI-S2-1,0,3,DT,0.04884581048335671,0.04803666463212225,0.02674062988297716,0.04803666463212225,0.005217517623236945,0.0005141383513940223,0,0.015524864196777344,0.01563572883605957
stun.cookie,DI-S2-1,0,4,DT,0.04884581048335671,0.04803666463212225,0.02674062988297716,0.04803666463212225,0.005217517623236945,0.0005141383513940223,0,0.01563429832458496,0.01563096046447754
