Feature,Dataset,T,CV,ML,Acc,b_Acc,Prec,Rec,F1,kap,ROC,tra-T,test-T
ip.checksum.status,DI-S1-2,0,0,DT,0.09881634211531119,0.08124614553007811,0.02293354939460686,0.08124614553007811,0.030933274247969194,0.041016641380017704,0,0.01051187515258789,0.005605220794677734
ip.checksum.status,DI-S1-2,0,1,DT,0.09881634211531119,0.08124614553007811,0.02293354939460686,0.08124614553007811,0.030933274247969194,0.041016641380017704,0,0.012510299682617188,0.0036134719848632812
ip.checksum.status,DI-S1-2,0,2,DT,0.09881634211531119,0.08124614553007811,0.02293354939460686,0.08124614553007811,0.030933274247969194,0.041016641380017704,0,0.012109756469726562,0.007982730865478516
ip.checksum.status,DI-S1-2,0,3,DT,0.09881634211531119,0.08124614553007811,0.02293354939460686,0.08124614553007811,0.030933274247969194,0.041016641380017704,0,0.011996984481811523,0.008000612258911133
ip.checksum.status,DI-S1-2,0,4,DT,0.09881634211531119,0.08124614553007811,0.02293354939460686,0.08124614553007811,0.030933274247969194,0.041016641380017704,0,0.011986732482910156,0.01192164421081543
