Feature,Dataset,T,CV,ML,Acc,b_Acc,Prec,Rec,F1,kap,ROC,tra-T,test-T
tcp.analysis,DI-S2-1,0,0,DT,0.10003826042596607,0.0874483362287878,0.00966026234266731,0.0874483362287878,0.017368258647800998,0.04687053424050114,0,0.00810551643371582,0.008060455322265625
tcp.analysis,DI-S2-1,0,1,DT,0.10003826042596607,0.0874483362287878,0.00966026234266731,0.0874483362287878,0.017368258647800998,0.04687053424050114,0,0.015616178512573242,0.0
tcp.analysis,DI-S2-1,0,2,DT,0.10003826042596607,0.0874483362287878,0.00966026234266731,0.0874483362287878,0.017368258647800998,0.04687053424050114,0,0.0066072940826416016,0.0
tcp.analysis,DI-S2-1,0,3,DT,0.10003826042596607,0.0874483362287878,0.00966026234266731,0.0874483362287878,0.017368258647800998,0.04687053424050114,0,0.015738964080810547,0.015619754791259766
tcp.analysis,DI-S2-1,0,4,DT,0.10003826042596607,0.0874483362287878,0.00966026234266731,0.0874483362287878,0.017368258647800998,0.04687053424050114,0,0.0,0.015624761581420898
