Feature,Dataset,T,CV,ML,Acc,b_Acc,Prec,Rec,F1,kap,ROC,tra-T,test-T
tcp.nxtseq,DI-S2-1,0,0,DT,0.38428771840326487,0.399302237601444,0.5039596712118208,0.399302237601444,0.40533191578073124,0.35180962334304544,0,0.3143882751464844,0.015677213668823242
tcp.nxtseq,DI-S2-1,0,1,DT,0.38428771840326487,0.399302237601444,0.5039596712118208,0.399302237601444,0.40533191578073124,0.35180962334304544,0,0.29858875274658203,0.015530109405517578
tcp.nxtseq,DI-S2-1,0,2,DT,0.38428771840326487,0.399302237601444,0.5039596712118208,0.399302237601444,0.40533191578073124,0.35180962334304544,0,0.3007831573486328,0.025342702865600586
tcp.nxtseq,DI-S2-1,0,3,DT,0.38428771840326487,0.399302237601444,0.5039596712118208,0.399302237601444,0.40533191578073124,0.35180962334304544,0,0.2989954948425293,0.03136801719665527
tcp.nxtseq,DI-S2-1,0,4,DT,0.38428771840326487,0.399302237601444,0.5039596712118208,0.399302237601444,0.40533191578073124,0.35180962334304544,0,0.2987980842590332,0.01562356948852539
