Feature,Dataset,T,CV,ML,Acc,b_Acc,Prec,Rec,F1,kap,ROC,tra-T,test-T
ip.id,DI-S1-2,0,0,DT,0.11738577065037546,0.1349511741226641,0.0904996135279582,0.1349511741226641,0.10194226238885763,0.06665772112419666,0,0.3949408531188965,0.03151655197143555
ip.id,DI-S1-2,0,1,DT,0.11738577065037546,0.1349511741226641,0.0904996135279582,0.1349511741226641,0.10194226238885763,0.06665772112419666,0,0.4064021110534668,0.02545785903930664
ip.id,DI-S1-2,0,2,DT,0.11738577065037546,0.1349511741226641,0.0904996135279582,0.1349511741226641,0.10194226238885763,0.06665772112419666,0,0.3876652717590332,0.027013778686523438
ip.id,DI-S1-2,0,3,DT,0.11738577065037546,0.1349511741226641,0.0904996135279582,0.1349511741226641,0.10194226238885763,0.06665772112419666,0,0.4196138381958008,0.026898622512817383
ip.id,DI-S1-2,0,4,DT,0.11738577065037546,0.1349511741226641,0.0904996135279582,0.1349511741226641,0.10194226238885763,0.06665772112419666,0,0.3880155086517334,0.027007102966308594
