Feature,Dataset,T,CV,ML,Acc,b_Acc,Prec,Rec,F1,kap,ROC,tra-T,test-T
igmp.checksum,DI-S1-2,0,0,DT,0.07374315896652667,0.060932007754518104,0.2273577010683462,0.060932007754518104,0.028945091574578214,0.01382526898175096,0,0.012184619903564453,0.008125543594360352
igmp.checksum,DI-S1-2,0,1,DT,0.07374315896652667,0.060932007754518104,0.2273577010683462,0.060932007754518104,0.028945091574578214,0.01382526898175096,0,0.015633344650268555,0.0
igmp.checksum,DI-S1-2,0,2,DT,0.07374315896652667,0.060932007754518104,0.2273577010683462,0.060932007754518104,0.028945091574578214,0.01382526898175096,0,0.0175015926361084,0.014129400253295898
igmp.checksum,DI-S1-2,0,3,DT,0.07374315896652667,0.060932007754518104,0.2273577010683462,0.060932007754518104,0.028945091574578214,0.01382526898175096,0,0.025000572204589844,0.008105039596557617
igmp.checksum,DI-S1-2,0,4,DT,0.07374315896652667,0.060932007754518104,0.2273577010683462,0.060932007754518104,0.028945091574578214,0.01382526898175096,0,0.011588335037231445,0.004961490631103516
