Feature,Dataset,T,CV,ML,Acc,b_Acc,Prec,Rec,F1,kap,ROC,tra-T,test-T
tcp.analysis.push_bytes_sent,DI-S2-1,0,0,DT,0.30202780257620204,0.306962170445172,0.7713078023547724,0.306962170445172,0.3496404800381533,0.2659182653633284,0,0.03177309036254883,0.0157167911529541
tcp.analysis.push_bytes_sent,DI-S2-1,0,1,DT,0.30202780257620204,0.306962170445172,0.7713078023547724,0.306962170445172,0.3496404800381533,0.2659182653633284,0,0.046878814697265625,0.015529632568359375
tcp.analysis.push_bytes_sent,DI-S2-1,0,2,DT,0.30202780257620204,0.306962170445172,0.7713078023547724,0.306962170445172,0.3496404800381533,0.2659182653633284,0,0.03800034523010254,0.0130615234375
tcp.analysis.push_bytes_sent,DI-S2-1,0,3,DT,0.30202780257620204,0.306962170445172,0.7713078023547724,0.306962170445172,0.3496404800381533,0.2659182653633284,0,0.042017459869384766,0.013106584548950195
tcp.analysis.push_bytes_sent,DI-S2-1,0,4,DT,0.30202780257620204,0.306962170445172,0.7713078023547724,0.306962170445172,0.3496404800381533,0.2659182653633284,0,0.03594398498535156,0.012000083923339844
