Feature,Dataset,T,CV,ML,Acc,b_Acc,Prec,Rec,F1,kap,ROC,tra-T,test-T
tcp.len,DI-S2-1,0,0,DT,0.3324320877439102,0.34150577197641296,0.741796860898198,0.34150577197641296,0.36751686064580874,0.2984685962597521,0,0.031249046325683594,0.0207366943359375
tcp.len,DI-S2-1,0,1,DT,0.3324320877439102,0.34150577197641296,0.741796860898198,0.34150577197641296,0.36751686064580874,0.2984685962597521,0,0.03195357322692871,0.015626907348632812
tcp.len,DI-S2-1,0,2,DT,0.3324320877439102,0.34150577197641296,0.741796860898198,0.34150577197641296,0.36751686064580874,0.2984685962597521,0,0.015613794326782227,0.015627384185791016
tcp.len,DI-S2-1,0,3,DT,0.3324320877439102,0.34150577197641296,0.741796860898198,0.34150577197641296,0.36751686064580874,0.2984685962597521,0,0.03135538101196289,0.01562356948852539
tcp.len,DI-S2-1,0,4,DT,0.3324320877439102,0.34150577197641296,0.741796860898198,0.34150577197641296,0.36751686064580874,0.2984685962597521,0,0.04697823524475098,0.015535593032836914
