Feature,Dataset,T,CV,ML,Acc,b_Acc,Prec,Rec,F1,kap,ROC,tra-T,test-T
eth.lg,DI-S2-1,0,0,DT,0.09403137354929218,0.07625699872498475,0.019768022950842824,0.07625699872498475,0.027001537121046477,0.03569995720645813,0,0.01205301284790039,0.01590728759765625
eth.lg,DI-S2-1,0,1,DT,0.09403137354929218,0.07625699872498475,0.019768022950842824,0.07625699872498475,0.027001537121046477,0.03569995720645813,0,0.015575647354125977,0.015578031539916992
eth.lg,DI-S2-1,0,2,DT,0.09403137354929218,0.07625699872498475,0.019768022950842824,0.07625699872498475,0.027001537121046477,0.03569995720645813,0,0.01571798324584961,0.016210079193115234
eth.lg,DI-S2-1,0,3,DT,0.09403137354929218,0.07625699872498475,0.019768022950842824,0.07625699872498475,0.027001537121046477,0.03569995720645813,0,0.015732765197753906,0.015579938888549805
eth.lg,DI-S2-1,0,4,DT,0.09403137354929218,0.07625699872498475,0.019768022950842824,0.07625699872498475,0.027001537121046477,0.03569995720645813,0,0.013106346130371094,0.0
