Feature,Dataset,T,CV,ML,Acc,b_Acc,Prec,Rec,F1,kap,ROC,tra-T,test-T
icmp.checksum,DI-S1-2,0,0,DT,0.06772304950999108,0.0531570236260588,0.05132857602018585,0.0531570236260588,0.015847165383345036,0.007292070619456248,0,0.03131389617919922,0.0
icmp.checksum,DI-S1-2,0,1,DT,0.06772304950999108,0.0531570236260588,0.05132857602018585,0.0531570236260588,0.015847165383345036,0.007292070619456248,0,0.016088008880615234,0.015740633010864258
icmp.checksum,DI-S1-2,0,2,DT,0.06772304950999108,0.0531570236260588,0.05132857602018585,0.0531570236260588,0.015847165383345036,0.007292070619456248,0,0.03125143051147461,0.015604257583618164
icmp.checksum,DI-S1-2,0,3,DT,0.06772304950999108,0.0531570236260588,0.05132857602018585,0.0531570236260588,0.015847165383345036,0.007292070619456248,0,0.03125262260437012,0.015622138977050781
icmp.checksum,DI-S1-2,0,4,DT,0.06772304950999108,0.0531570236260588,0.05132857602018585,0.0531570236260588,0.015847165383345036,0.007292070619456248,0,0.028139591217041016,0.015623092651367188
