Feature,Dataset,T,CV,ML,Acc,b_Acc,Prec,Rec,F1,kap,ROC,tra-T,test-T
ip.dsfield.dscp,ADS2,1,0,DT,0.11501105231428763,0.08827277196772394,0.10976429453504573,0.08827277196772394,0.057015402549425796,0.052879172541876684,0,0.0,0.0
ip.dsfield.dscp,ADS2,2,0,DT,0.1173554826177239,0.08944068913092111,0.10924073079121517,0.08944068913092111,0.057990727052765416,0.05484798486614695,0,0.015639543533325195,0.0
ip.dsfield.dscp,ADS2,3,0,DT,0.11112599638287896,0.08757974818525122,0.10722591196942664,0.08757974818525122,0.05580572615461351,0.05053307537162455,0,0.015631914138793945,0.0
ip.dsfield.dscp,ADS2,4,0,DT,0.11287513397642016,0.08747329292046438,0.10814633103751227,0.08747329292046438,0.056193505915494935,0.050305317864004495,0,0.0,0.0
ip.dsfield.dscp,ADS2,5,0,DT,0.11354501607717042,0.08933668672698285,0.1102314785565052,0.08933668672698285,0.058264795484553294,0.05371745170061348,0,0.0036041736602783203,0.0
