Feature,Dataset,T,CV,ML,Acc,b_Acc,Prec,Rec,F1,kap,ROC,tra-T,test-T
tls.handshake.extensions_server_name_len,ADS2,1,0,DT,0.06906021836693683,0.052648282140502975,0.19399597137940572,0.052648282140502975,0.015556727459345124,0.0051930003063246355,0,0.0,0.0
tls.handshake.extensions_server_name_len,ADS2,2,0,DT,0.07207448589992632,0.053326838197462756,0.21755938570737168,0.053326838197462756,0.017059514564396704,0.005590771119450499,0,0.015634775161743164,0.0
tls.handshake.extensions_server_name_len,ADS2,3,0,DT,0.07187353473106035,0.05228033427289597,0.21078284484184376,0.05228033427289597,0.015133685688835285,0.004716161047697787,0,0.0,0.0
tls.handshake.extensions_server_name_len,ADS2,4,0,DT,0.0710075026795284,0.051965938492167955,0.21253055584936179,0.051965938492167955,0.014474588368629257,0.004418149707116514,0,0.007513523101806641,0.0
tls.handshake.extensions_server_name_len,ADS2,5,0,DT,0.07013665594855305,0.051248990336156715,0.19848922184342785,0.051248990336156715,0.013067971976019407,0.0038206856189003657,0,0.0,0.016114234924316406
