Feature,Dataset,T,CV,ML,Acc,b_Acc,Prec,Rec,F1,kap,ROC,tra-T,test-T
ip.hdr_len,ADS1,1,0,DT,0.10964119772844605,0.09431614090463754,0.04863013247016451,0.09431614090463754,0.05214301371196531,0.04948635824543601,0,0.011370182037353516,0.0
ip.hdr_len,ADS1,2,0,DT,0.1117134559535334,0.0954386910524583,0.0488066891008891,0.0954386910524583,0.05288693290619295,0.05151451731959045,0,0.010607481002807617,0.0056073665618896484
ip.hdr_len,ADS1,3,0,DT,0.11197160374314295,0.09807980355997221,0.04922968404893548,0.09807980355997221,0.05418035606518344,0.05374293158802279,0,0.0,0.016175031661987305
ip.hdr_len,ADS1,4,0,DT,0.10771216521458535,0.09326065986208334,0.04704418315229925,0.09326065986208334,0.050848773937082224,0.04906444110603336,0,0.0,0.01563429832458496
ip.hdr_len,ADS1,5,0,DT,0.112810584059374,0.09565528136150572,0.048785651090539416,0.09565528136150572,0.052967499043849266,0.053022359540034536,0,0.0,0.0
