Feature,Dataset,T,CV,ML,Acc,b_Acc,Prec,Rec,F1,kap,ROC,tra-T,test-T
dhcp.option.ip_address_lease_time,ADS1,1,0,DT,0.06459731543624161,0.047619047619047616,0.003076062639821029,0.047619047619047616,0.005778828473863935,0.0,0,0.0,0.01562666893005371
dhcp.option.ip_address_lease_time,ADS1,2,0,DT,0.06363343013875444,0.047619047619047616,0.003030163339940688,0.047619047619047616,0.005697758746724222,0.0,0,0.016564607620239258,0.0
dhcp.option.ip_address_lease_time,ADS1,3,0,DT,0.06131010003226847,0.047619047619047616,0.002919528572965165,0.047619047619047616,0.005501744632179415,0.0,0,0.0,0.0
dhcp.option.ip_address_lease_time,ADS1,4,0,DT,0.06021297192642788,0.047619047619047616,0.002867284377448947,0.047619047619047616,0.005408883787262166,0.0,0,0.0046231746673583984,0.0
dhcp.option.ip_address_lease_time,ADS1,5,0,DT,0.06124556308486609,0.047619047619047616,0.0029164553849936234,0.047619047619047616,0.0054962875444510085,0.0,0,0.0,0.0
