Feature,Dataset,T,CV,ML,Acc,b_Acc,Prec,Rec,F1,kap,ROC,tra-T,test-T
ntp.ppoll,ADS2,1,0,DT,0.07100274633264117,0.05193592069729653,0.17441844305289683,0.05193592069729653,0.013721339610328839,0.005843466432925992,0,0.015625476837158203,0.0
ntp.ppoll,ADS2,2,0,DT,0.06417040659119834,0.052110416505279554,0.09144145154565075,0.052110416505279554,0.013575724789356916,0.006044321814691611,0,0.0,0.0
ntp.ppoll,ADS2,3,0,DT,0.06852434858329426,0.05214469393879798,0.19751056257059388,0.05214469393879798,0.014052057139028648,0.006069733306761194,0,0.01564788818359375,0.0
ntp.ppoll,ADS2,4,0,DT,0.06993569131832797,0.05225804723520116,0.11638918251036781,0.05225804723520116,0.014354623569345703,0.006420532595945105,0,0.015116214752197266,0.0
ntp.ppoll,ADS2,5,0,DT,0.06752411575562701,0.05179562845015964,0.12301934547923853,0.05179562845015964,0.01330272647328677,0.005680615534164657,0,0.015519857406616211,0.0
