Feature,Dataset,T,CV,ML,Acc,b_Acc,Prec,Rec,F1,kap,ROC,tra-T,test-T
tls.handshake.challenge_length,ADS1,1,0,DT,0.06259679917398038,0.047619047619047616,0.0029807999606657324,0.047619047619047616,0.005610406436350806,0.0,0,0.015724897384643555,0.0
tls.handshake.challenge_length,ADS1,2,0,DT,0.0632462084543401,0.047619047619047616,0.003011724212111434,0.047619047619047616,0.005665149215983814,0.0,0,0.0,0.0
tls.handshake.challenge_length,ADS1,3,0,DT,0.06427879961277831,0.047619047619047616,0.0030608952196561102,0.047619047619047616,0.005752055233590616,0.0,0,0.018741369247436523,0.0
tls.handshake.challenge_length,ADS1,4,0,DT,0.06421426266537593,0.047619047619047616,0.003057822031684568,0.047619047619047616,0.0057466285483265475,0.0,0,0.0,0.0
tls.handshake.challenge_length,ADS1,5,0,DT,0.06092287834785415,0.047619047619047616,0.002901089445135912,0.047619047619047616,0.005468992147013925,0.0,0,0.015621662139892578,0.0
