Feature,Dataset,T,CV,ML,Acc,b_Acc,Prec,Rec,F1,kap,ROC,tra-T,test-T
tls.handshake.extensions_server_name_list_len,ADS1,1,0,DT,0.0662751677852349,0.05155685380542746,0.2441964009144746,0.05155685380542746,0.013286536578659188,0.004001613646961721,0,0.015617847442626953,0.0
tls.handshake.extensions_server_name_list_len,ADS1,2,0,DT,0.06550500161342368,0.050976531431949385,0.20482962361179954,0.050976531431949385,0.012148998878442523,0.003243179386267281,0,0.0,0.0
tls.handshake.extensions_server_name_list_len,ADS1,3,0,DT,0.06828009035172636,0.050975101865727165,0.21100050681234875,0.050975101865727165,0.012361607336966781,0.003345531519275302,0,0.021590471267700195,0.001998424530029297
tls.handshake.extensions_server_name_list_len,ADS1,4,0,DT,0.06705388835108099,0.050160356110357525,0.2029324347557601,0.050160356110357525,0.010777824958022044,0.00268354490797007,0,0.0,0.0
tls.handshake.extensions_server_name_list_len,ADS1,5,0,DT,0.06576314940303324,0.050224628262572395,0.17450181625806543,0.050224628262572395,0.010798730049663566,0.0026696969571530227,0,0.015633583068847656,0.0
