Feature,Dataset,T,CV,ML,Acc,b_Acc,Prec,Rec,F1,kap,ROC,tra-T,test-T
tcp.options.wscale,ADS2,1,0,DT,0.08259093040391186,0.061818268136106885,0.2500104136321127,0.061818268136106885,0.03149992917616901,0.019761862168605093,0,0.02221822738647461,0.0
tcp.options.wscale,ADS2,2,0,DT,0.08285886529573314,0.06161518021310216,0.2883469601127557,0.06161518021310216,0.03133400682404775,0.01872448838881091,0,0.01562952995300293,0.0
tcp.options.wscale,ADS2,3,0,DT,0.08660995378123117,0.06060140945518433,0.2913681503106606,0.06060140945518433,0.030210961317128596,0.01759003181952523,0,0.01563239097595215,0.0
tcp.options.wscale,ADS2,4,0,DT,0.08085476956055734,0.05993868669537988,0.24046497978100598,0.05993868669537988,0.02855694369276776,0.016401728355069256,0,0.005952596664428711,0.0
tcp.options.wscale,ADS2,5,0,DT,0.08185959271168275,0.05991393743719313,0.22932908116861564,0.05991393743719313,0.02860189709383556,0.01625865592433906,0,0.01573491096496582,0.0
