Feature,Dataset,T,CV,ML,Acc,b_Acc,Prec,Rec,F1,kap,ROC,tra-T,test-T
ip.flags,ADS2,1,0,DT,0.1437470694621207,0.11502487976044774,0.03749541879927536,0.11502487976044774,0.046884993421626026,0.08741561115782992,0,0.015626907348632812,0.0
ip.flags,ADS2,2,0,DT,0.14207247638823767,0.11405155225379944,0.03600708754287301,0.11405155225379944,0.04554623428345287,0.08509646104604962,0,0.0,0.0
ip.flags,ADS2,3,0,DT,0.14394802063098666,0.11489312564011027,0.03783184605838577,0.11489312564011027,0.047146047221818185,0.0864392913488291,0,0.0,0.0
ip.flags,ADS2,4,0,DT,0.14208199356913184,0.11515401191532512,0.036652511951667195,0.11515401191532512,0.04639114672949246,0.08526805562862017,0,0.010628461837768555,0.005117654800415039
ip.flags,ADS2,5,0,DT,0.14697213290460878,0.1154711904893085,0.038254071733178255,0.1154711904893085,0.04787800402312794,0.08995080343842099,0,0.015630245208740234,0.0
