Feature,Dataset,T,CV,ML,Acc,b_Acc,Prec,Rec,F1,kap,ROC,tra-T,test-T
ntp.flags.li,ADS2,1,0,DT,0.07214146962288163,0.05245283919971966,0.07098053979627587,0.05245283919971966,0.01438638428310833,0.0068902903839396235,0,0.018237590789794922,0.0
ntp.flags.li,ADS2,2,0,DT,0.06691673923236653,0.051391385579362625,0.07225454416693516,0.051391385579362625,0.012528833004995516,0.004993792101207206,0,0.015622854232788086,0.0
ntp.flags.li,ADS2,3,0,DT,0.06825641369147298,0.05070206620557897,0.06497945371041818,0.05070206620557897,0.012289661375927534,0.0039104339771173224,0,0.015608549118041992,0.0
ntp.flags.li,ADS2,4,0,DT,0.0682609860664523,0.05103487023843044,0.06359960261598771,0.05103487023843044,0.013105334884526114,0.004935651353819792,0,0.0,0.0
ntp.flags.li,ADS2,5,0,DT,0.06846195069667739,0.05144954504278386,0.06494582337938809,0.05144954504278386,0.012690784859263752,0.005206849843457095,0,0.01572895050048828,0.0
