Feature,Dataset,T,CV,ML,Acc,b_Acc,Prec,Rec,F1,kap,ROC,tra-T,test-T
icmp.type,ADS2,1,0,DT,0.07502176970996048,0.05326876513317191,0.026521610668367376,0.05326876513317191,0.015267852634941242,0.007235190758005716,0,0.0,0.0
icmp.type,ADS2,2,0,DT,0.07167258356219439,0.0526883460065793,0.02932577260863079,0.0526883460065793,0.014401460055477064,0.006812727366289462,0,0.0,0.01553201675415039
icmp.type,ADS2,3,0,DT,0.07033290910308795,0.05348679756262694,0.02912151809063333,0.05348679756262694,0.015323111540530268,0.007529741104090104,0,0.015520572662353516,0.0
icmp.type,ADS2,4,0,DT,0.07395498392282958,0.0535645472061657,0.03131963123291109,0.0535645472061657,0.015840732101714387,0.007866298866280208,0,0.0,0.0
icmp.type,ADS2,5,0,DT,0.07556270096463022,0.05333113637611907,0.02937374648454492,0.05333113637611907,0.015557909464394734,0.007622484652852757,0,0.0,0.0
