Feature,Dataset,T,CV,ML,Acc,b_Acc,Prec,Rec,F1,kap,ROC,tra-T,test-T
ip.opt.type.copy,ADS1,1,0,DT,0.11015745998967476,0.0958868960890903,0.05346546722283932,0.0958868960890903,0.05483754185899176,0.05156589581259918,0,0.022252321243286133,0.0
ip.opt.type.copy,ADS1,2,0,DT,0.11339141658599548,0.0946031533825046,0.05218418598153878,0.0946031533825046,0.054042700293417414,0.0514554058140303,0,0.015636920928955078,0.0
ip.opt.type.copy,ADS1,3,0,DT,0.1073894804775734,0.09467081749624635,0.05209139125668003,0.09467081749624635,0.05325472289637266,0.05153032901604948,0,0.015625953674316406,0.0
ip.opt.type.copy,ADS1,4,0,DT,0.10855114553081639,0.09550248121888953,0.049659905781701624,0.09550248121888953,0.052795741313266496,0.04909465804668023,0,0.0,0.015625715255737305
ip.opt.type.copy,ADS1,5,0,DT,0.1101000322684737,0.0964880798093464,0.05471780505319371,0.0964880798093464,0.055807272891461916,0.05311102255500877,0,0.0,0.01562952995300293
