Feature,Dataset,T,CV,ML,Acc,b_Acc,Prec,Rec,F1,kap,ROC,tra-T,test-T
stun.att.port,ADS2,1,0,DT,0.06678277178645589,0.047619047619047616,0.0031801319898312327,0.047619047619047616,0.005962098515156407,0.0,0,0.015119314193725586,0.0
stun.att.port,ADS2,2,0,DT,0.0653091298814388,0.047619047619047616,0.0031099585657828003,0.047619047619047616,0.005838603046852544,0.0,0,0.007106304168701172,0.0
stun.att.port,ADS2,3,0,DT,0.06631388572576864,0.047619047619047616,0.003157804082179459,0.047619047619047616,0.005922841528093114,0.0,0,0.0,0.0
stun.att.port,ADS2,4,0,DT,0.06913183279742766,0.047619047619047616,0.0032919920379727457,0.047619047619047616,0.0061582527747941285,0.0,0,0.015623092651367188,0.0
stun.att.port,ADS2,5,0,DT,0.06497856377277599,0.047619047619047616,0.0030942173225131423,0.047619047619047616,0.005810853716250622,0.0,0,0.006380558013916016,0.0
