Feature,Dataset,T,CV,ML,Acc,b_Acc,Prec,Rec,F1,kap,ROC,tra-T,test-T
tls.handshake.ys_len,ADS2,1,0,DT,0.06571103221917074,0.047619047619047616,0.003129096772341464,0.047619047619047616,0.005872317500224477,0.0,0,0.0,0.0
tls.handshake.ys_len,ADS2,2,0,DT,0.06617991827985799,0.047619047619047616,0.0031514246799932374,0.047619047619047616,0.005911618904016969,0.0,0,0.015616416931152344,0.0
tls.handshake.ys_len,ADS2,3,0,DT,0.06584499966508138,0.047619047619047616,0.0031354761745276847,0.047619047619047616,0.00588355000119706,0.0,0,0.0,0.0
tls.handshake.ys_len,ADS2,4,0,DT,0.06712218649517684,0.047619047619047616,0.003196294595008421,0.047619047619047616,0.005990494126087346,0.0,0,0.0,0.0
tls.handshake.ys_len,ADS2,5,0,DT,0.06765809217577706,0.047619047619047616,0.0032218139131322413,0.047619047619047616,0.006035291516531321,0.0,0,0.015735626220703125,0.0
