Feature,Dataset,T,CV,ML,Acc,b_Acc,Prec,Rec,F1,kap,ROC,tra-T,test-T
dhcp.flags.reserved,ADS1,1,0,DT,0.07182498709344347,0.06130396083667112,0.047440691739051535,0.06130396083667112,0.026683667229885716,0.008806365726884313,0,0.015620946884155273,0.0
dhcp.flags.reserved,ADS1,2,0,DT,0.07144240077444337,0.06500950667001783,0.04688252566050537,0.06500950667001783,0.03060122702662765,0.010028161316902873,0,0.0,0.0
dhcp.flags.reserved,ADS1,3,0,DT,0.07202323330106486,0.062444596311042086,0.04725390974386048,0.062444596311042086,0.02800807483818401,0.00917562463564392,0,0.01562976837158203,0.0
dhcp.flags.reserved,ADS1,4,0,DT,0.06995805098418845,0.06340260375062451,0.04606222639062933,0.06340260375062451,0.02871271933668999,0.009501132680824309,0,0.0,0.015732765197753906
dhcp.flags.reserved,ADS1,5,0,DT,0.07008712487899323,0.06186862324428462,0.04616058452404193,0.06186862324428462,0.027189334860250318,0.00818077388377958,0,0.007600307464599609,0.0
