Feature,Dataset,T,CV,ML,Acc,b_Acc,Prec,Rec,F1,kap,ROC,tra-T,test-T
igmp.type,ADS1,1,0,DT,0.10099380485286526,0.09906591737487747,0.13836930280513235,0.09906591737487747,0.07454983923079092,0.04486254846572668,0,0.0,0.0
igmp.type,ADS1,2,0,DT,0.10519522426589223,0.09694070277322801,0.13773002138405482,0.09694070277322801,0.07227429638647294,0.04718414022311512,0,0.015629291534423828,0.0
igmp.type,ADS1,3,0,DT,0.10138754436915134,0.0940843201478122,0.1380557440628826,0.0940843201478122,0.07006532086971601,0.04397624005626066,0,0.0,0.01563286781311035
igmp.type,ADS1,4,0,DT,0.10648596321393998,0.09766232195983557,0.13851521610929798,0.09766232195983557,0.0729329548148908,0.046855800230103384,0,0.015741586685180664,0.0
igmp.type,ADS1,5,0,DT,0.10203291384317521,0.096830177504549,0.13277075683559475,0.096830177504549,0.07205510599773819,0.04428045078690024,0,0.01562976837158203,0.0
