Feature,Dataset,T,CV,ML,Acc,b_Acc,Prec,Rec,F1,kap,ROC,tra-T,test-T
tcp.srcport,ADS1,1,0,DT,0.6828213732576148,0.6891135093546744,0.9128464627876587,0.6891135093546744,0.7255741901957529,0.6643218272749774,0,0.06318211555480957,0.015622615814208984
tcp.srcport,ADS1,2,0,DT,0.6904162633107453,0.6842913934656771,0.919740492826103,0.6842913934656771,0.7211884824381865,0.6720269164010835,0,0.06459259986877441,0.014099597930908203
tcp.srcport,ADS1,3,0,DT,0.6872539528880284,0.6881245256967693,0.9135719514806362,0.6881245256967693,0.7249623742113653,0.668949007246723,0,0.0782310962677002,0.0
tcp.srcport,ADS1,4,0,DT,0.676540819619232,0.6786587852312753,0.9058485650686139,0.6786587852312753,0.7137750155868284,0.6574751942996517,0,0.07880878448486328,0.0
tcp.srcport,ADS1,5,0,DT,0.6718296224588577,0.6808397371825231,0.9105057007898546,0.6808397371825231,0.7165439745150761,0.6528009885203669,0,0.0789344310760498,0.0
