Feature,Dataset,T,CV,ML,Acc,b_Acc,Prec,Rec,F1,kap,ROC,tra-T,test-T
dhcp.id,ADS2,1,0,DT,0.072007502176971,0.06809996357323425,0.23477807590728406,0.06809996357323425,0.03757121132546935,0.01116546383522854,0,0.015738725662231445,0.0
dhcp.id,ADS2,2,0,DT,0.07616049300020095,0.06827337729254733,0.3203000317342807,0.06827337729254733,0.03751323833287055,0.010988524954304468,0,0.012606620788574219,0.0
dhcp.id,ADS2,3,0,DT,0.07147163239332842,0.064971749823937,0.2403569385313807,0.064971749823937,0.0328134564906419,0.010135045385332941,0,0.015614986419677734,0.0
dhcp.id,ADS2,4,0,DT,0.07830921757770633,0.06609204985162348,0.3597120315899128,0.06609204985162348,0.03570401528438626,0.010926795359768815,0,0.0,0.0
dhcp.id,ADS2,5,0,DT,0.07670150053590569,0.06640850852227642,0.24027754446189245,0.06640850852227642,0.03605856195539653,0.011031251734879066,0,0.0,0.0
