Feature,Dataset,T,CV,ML,Acc,b_Acc,Prec,Rec,F1,kap,ROC,tra-T,test-T
icmpv6.code,ADS1,1,0,DT,0.06343572534847702,0.04830633284241531,0.026792641028482767,0.04830633284241531,0.00695051616021133,0.0009635984596426672,0,0.0,0.01562190055847168
icmpv6.code,ADS1,2,0,DT,0.0633107454017425,0.04806868560019617,0.02566385220237765,0.04806868560019617,0.006598820372362396,0.0006212921142908501,0,0.0,0.0
icmpv6.code,ADS1,3,0,DT,0.06092287834785415,0.04776420465050676,0.014096451347046119,0.04776420465050676,0.00583725239307187,0.00020371712606392922,0,0.0157625675201416,0.0
icmpv6.code,ADS1,4,0,DT,0.060471119716037434,0.048048249102348055,0.026662050926994384,0.048048249102348055,0.0063243094421258795,0.0006122560055482618,0,0.0,0.0
icmpv6.code,ADS1,5,0,DT,0.06350435624394966,0.04781791486640265,0.023701668518673148,0.04781791486640265,0.006596465784856524,0.00027649710329646915,0,0.015618562698364258,0.006552696228027344
