Feature,Dataset,T,CV,ML,Acc,b_Acc,Prec,Rec,F1,kap,ROC,tra-T,test-T
tcp.stream,ADS2,1,0,DT,0.51718132493804,0.5503637280566539,0.731598453193383,0.5503637280566539,0.5735265373305334,0.48926390988935253,0,0.08415555953979492,0.0054857730865478516
tcp.stream,ADS2,2,0,DT,0.5238796972335722,0.5491905062396673,0.7266307992862949,0.5491905062396673,0.5696118976315505,0.49522439965403553,0,0.0677192211151123,0.0
tcp.stream,ADS2,3,0,DT,0.5228749413892424,0.5482935337853639,0.7362081999105593,0.5482935337853639,0.5735427444925881,0.4945764600438787,0,0.06560921669006348,0.0
tcp.stream,ADS2,4,0,DT,0.5222400857449089,0.5447112190628857,0.727963695648087,0.5447112190628857,0.570905079322835,0.4936868899670216,0,0.06261873245239258,0.0
tcp.stream,ADS2,5,0,DT,0.5164790996784566,0.545702533495964,0.7200229739837942,0.545702533495964,0.570874065882999,0.48851598927260376,0,0.06325364112854004,0.0
