Feature,Dataset,T,CV,ML,Acc,b_Acc,Prec,Rec,F1,kap,ROC,tra-T,test-T
tcp.srcport,DIS2,1,0,DT,0.673984981545119,0.6791035138298673,0.8728088631588555,0.6791035138298673,0.7166478466651917,0.6560770331047532,0,0.07161331176757812,0.015608549118041992
tcp.srcport,DIS2,2,0,DT,0.6787577955962836,0.6823685750543697,0.8818808678574335,0.6823685750543697,0.7205443342654269,0.6610953448564992,0,0.09434390068054199,0.0
tcp.srcport,DIS2,3,0,DT,0.6859488354333715,0.6931125300710752,0.8834050554935018,0.6931125300710752,0.7281761363772274,0.6689483491421873,0,0.09426188468933105,0.0
tcp.srcport,DIS2,4,0,DT,0.6829578719613084,0.6813672515662608,0.8842332866025794,0.6813672515662608,0.7212085123856828,0.665641195400574,0,0.07837843894958496,0.015642166137695312
tcp.srcport,DIS2,5,0,DT,0.6783759704721904,0.6841299346768001,0.8793433432028047,0.6841299346768001,0.7210963067690345,0.6610533384520816,0,0.07866692543029785,0.015625476837158203
