Feature,Dataset,T,CV,ML,Acc,b_Acc,Prec,Rec,F1,kap,ROC,tra-T,test-T
icmpv6.opt,DIS2,1,0,DT,0.06179203258241059,0.047619047619047616,0.002942477742019552,0.047619047619047616,0.005542474706394395,0.0,0,0.0,0.015514135360717773
icmpv6.opt,DIS2,2,0,DT,0.060328369606720125,0.04813613500681615,0.029033540267132726,0.04813613500681615,0.006379920489396472,0.0007378589930939761,0,0.0,0.0
icmpv6.opt,DIS2,3,0,DT,0.06249204530991473,0.047619047619047616,0.002975811681424511,0.047619047619047616,0.0056015698085654965,0.0,0,0.01562643051147461,0.0
icmpv6.opt,DIS2,4,0,DT,0.06471935853379153,0.047619047619047616,0.0030818742158948346,0.047619047619047616,0.005789082712159635,0.0,0,0.015627384185791016,0.0
icmpv6.opt,DIS2,5,0,DT,0.060392007127402315,0.04800580130529369,0.03215795732195962,0.04800580130529369,0.0061485444492776304,0.0005390657930360865,0,0.0,0.0
