Feature,Dataset,T,CV,ML,Acc,b_Acc,Prec,Rec,F1,kap,ROC,tra-T,test-T
tcp.flags.ece,DIS2,1,0,DT,0.10226549573628611,0.08588641768212774,0.058318903058334814,0.08588641768212774,0.01892777020240367,0.04621920736908436,0,0.015620946884155273,0.0
tcp.flags.ece,DIS2,2,0,DT,0.10512918416698486,0.08576382438541087,0.010865852170044215,0.08576382438541087,0.019117073857302973,0.04698715513447482,0,0.015624046325683594,0.0
tcp.flags.ece,DIS2,3,0,DT,0.09863815705740105,0.08430875337328103,0.05771578870248467,0.08430875337328103,0.017981403650423323,0.04284906494466245,0,0.0,0.0
tcp.flags.ece,DIS2,4,0,DT,0.09672903143693522,0.08485500181606162,0.010038678243436714,0.08485500181606162,0.017778487389537224,0.043011776612064234,0,0.0,0.015623092651367188
tcp.flags.ece,DIS2,5,0,DT,0.09761995672648593,0.08377929247408741,0.010010147577144492,0.08377929247408741,0.017713921239352903,0.04305063873850157,0,0.015625953674316406,0.0
