Feature,Dataset,T,CV,ML,Acc,b_Acc,Prec,Rec,F1,kap,ROC,tra-T,test-T
dns.count.answers,DIS2,1,0,DT,0.06713758431971491,0.051767640275680774,0.10965220505847306,0.051767640275680774,0.011798555167751421,0.005378511224839011,0,0.015538930892944336,0.0
dns.count.answers,DIS2,2,0,DT,0.06618302150948199,0.051133905184775126,0.15021939793381742,0.051133905184775126,0.01126191292297314,0.004784841562816999,0,0.015633106231689453,0.0
dns.count.answers,DIS2,3,0,DT,0.06891943489881634,0.05079847762605913,0.12034946169591734,0.05079847762605913,0.010917614528030828,0.004505781747331183,0,0.0,0.015621662139892578
dns.count.answers,DIS2,4,0,DT,0.06662848415425734,0.051600300530673895,0.1790570240614918,0.051600300530673895,0.011786295227628205,0.005310461978449532,0,0.015681743621826172,0.0
dns.count.answers,DIS2,5,0,DT,0.06580119638538882,0.050865398459016,0.07519152235417359,0.050865398459016,0.010780489437294594,0.004432232625935728,0,0.0,0.015676021575927734
