Feature,Dataset,T,CV,ML,Acc,b_Acc,Prec,Rec,F1,kap,ROC,tra-T,test-T
eth.len,DIS1,1,0,DT,0.0658079326616503,0.05176252319109462,0.04437947734510191,0.05176252319109462,0.013080047103356323,0.004617316452465214,0,0.0,0.0
eth.len,DIS1,2,0,DT,0.06854992985588573,0.052503052503052504,0.04591841094853529,0.052503052503052504,0.014521438493049054,0.005009048773218283,0,0.015726566314697266,0.0
eth.len,DIS1,3,0,DT,0.06587170003826043,0.05156462585034013,0.044820182947744425,0.05156462585034013,0.012808077804152149,0.0040220794736953724,0,0.004099130630493164,0.0
eth.len,DIS1,4,0,DT,0.06644560642775156,0.051619563814685764,0.043433302838440546,0.051619563814685764,0.012907058996385194,0.004293407556076545,0,0.015607357025146484,0.0
eth.len,DIS1,5,0,DT,0.0645963525060579,0.05184900339678267,0.04424299246128907,0.05184900339678267,0.01312345275890943,0.004545921620919491,0,0.015626907348632812,0.0
