Feature,Dataset,T,CV,ML,Acc,b_Acc,Prec,Rec,F1,kap,ROC,tra-T,test-T
dns.flags.authoritative,DIS2,1,0,DT,0.06096474481354206,0.048680192331792126,0.08749969230499471,0.048680192331792126,0.007461972921776224,0.0014208866050252622,0,0.016234397888183594,0.0
dns.flags.authoritative,DIS2,2,0,DT,0.0659921089474354,0.04862270947766415,0.0717168774335303,0.04862270947766415,0.007776873414592577,0.0013051334011559002,0,0.0,0.015617609024047852
dns.flags.authoritative,DIS2,3,0,DT,0.06427389588901616,0.04869517160686612,0.07046269143043336,0.04869517160686612,0.007766915806587779,0.0014358300547471226,0,0.0,0.0
dns.flags.authoritative,DIS2,4,0,DT,0.06637393407152857,0.04880333020393261,0.08473138139895856,0.04880333020393261,0.008149794043689469,0.0015119417568216775,0,0.0,0.0
dns.flags.authoritative,DIS2,5,0,DT,0.06529209621993128,0.04884255508141426,0.07447383442027665,0.04884255508141426,0.008130225918913441,0.0015787625119176862,0,0.015546798706054688,0.0
