Feature,Dataset,T,CV,ML,Acc,b_Acc,Prec,Rec,F1,kap,ROC,tra-T,test-T
ip.flags.mf,DIS2,1,0,DT,0.09959271986763396,0.08107505297200847,0.02252056430790951,0.08107505297200847,0.030519477286816504,0.04136068503065038,0,0.0,0.0
ip.flags.mf,DIS2,2,0,DT,0.10086547028127785,0.08215761993975929,0.023733551113751743,0.08215761993975929,0.03193709336280955,0.03983071745714961,0,0.0035583972930908203,0.0
ip.flags.mf,DIS2,3,0,DT,0.0991472572228586,0.0803307846049471,0.02301529980112807,0.0803307846049471,0.030931261148157665,0.04136927432804549,0,0.009549856185913086,0.0
ip.flags.mf,DIS2,4,0,DT,0.09876543209876543,0.08131176999101528,0.02292278166591278,0.08131176999101528,0.030856313877150838,0.041266866515691114,0,0.015552520751953125,0.0
ip.flags.mf,DIS2,5,0,DT,0.10162912052946417,0.08175995544416596,0.022846484079466274,0.08175995544416596,0.03102750551686642,0.042412530266308535,0,0.01563429832458496,0.006554365158081055
