Feature,Dataset,T,CV,ML,Acc,b_Acc,Prec,Rec,F1,kap,ROC,tra-T,test-T
dstport_class,DIS1,1,0,DT,0.158079326616503,0.1379317906634984,0.2782953918089431,0.1379317906634984,0.11216297616907538,0.10432236064798672,0,0.015758514404296875,0.0
dstport_class,DIS1,2,0,DT,0.1568677464609106,0.14051264606000716,0.2723806322018088,0.14051264606000716,0.11251922542967467,0.10478704015899631,0,0.0,0.0
dstport_class,DIS1,3,0,DT,0.15527356204565745,0.1385188229944524,0.2826172902687438,0.1385188229944524,0.11147493317845572,0.10367140118882556,0,0.015645980834960938,0.0
dstport_class,DIS1,4,0,DT,0.1563576074480296,0.13720915704108305,0.28685251306924925,0.13720915704108305,0.10907004454157733,0.1023165042129427,0,0.0,0.0
dstport_class,DIS1,5,0,DT,0.1552097946690473,0.14178385072221192,0.28720576496498035,0.14178385072221192,0.11396156554333095,0.10280642725898903,0,0.01619267463684082,0.0
