Feature,Dataset,T,CV,ML,Acc,b_Acc,Prec,Rec,F1,kap,ROC,tra-T,test-T
tcp.flags.reset,DIS2,1,0,DT,0.09539264350260913,0.08467563726004626,0.017750541167746995,0.08467563726004626,0.017840324880038276,0.041979505809078055,0,0.015633344650268555,0.0
tcp.flags.reset,DIS2,2,0,DT,0.09946544482626957,0.085426205584144,0.02191932021732778,0.085426205584144,0.01918903405652653,0.04473532581462947,0,0.0,0.01562356948852539
tcp.flags.reset,DIS2,3,0,DT,0.1079928725976836,0.08536547826602989,0.024507851756282582,0.08536547826602989,0.02018725153026141,0.04776259822483275,0,0.015627622604370117,0.0
tcp.flags.reset,DIS2,4,0,DT,0.09672903143693522,0.08426270943251077,0.014878238413536209,0.08426270943251077,0.01810199450154887,0.04282380280609255,0,0.015619754791259766,0.0
tcp.flags.reset,DIS2,5,0,DT,0.10283823342242586,0.08647188121736563,0.016195792502619617,0.08647188121736563,0.019418196818028637,0.047061610905522855,0,0.0,0.015630483627319336
