Feature,Dataset,T,CV,ML,Acc,b_Acc,Prec,Rec,F1,kap,ROC,tra-T,test-T
tls.handshake.cipher_suites_length,DIS2,1,0,DT,0.06102838233422426,0.05036651010358379,0.29021197318868813,0.05036651010358379,0.010804441772660097,0.0026116545287676596,0,0.020685434341430664,0.0
tls.handshake.cipher_suites_length,DIS2,2,0,DT,0.0682830596919944,0.05191619359714895,0.3375007175866127,0.05191619359714895,0.014227155366641177,0.004230812084338842,0,0.015628814697265625,0.0
tls.handshake.cipher_suites_length,DIS2,3,0,DT,0.06732849688176148,0.051669018360125725,0.3204886283628454,0.051669018360125725,0.013654549264240558,0.004326437040987119,0,0.0,0.015547037124633789
tls.handshake.cipher_suites_length,DIS2,4,0,DT,0.06401934580628739,0.05134190790402374,0.37704064243284224,0.05134190790402374,0.012781820831010367,0.003839395600316764,0,0.0,0.0
tls.handshake.cipher_suites_length,DIS2,5,0,DT,0.06713758431971491,0.05105111774210207,0.3608618663051295,0.05105111774210207,0.012486040012827484,0.003843038686990208,0,0.017416715621948242,0.0
