Feature,Dataset,T,CV,ML,Acc,b_Acc,Prec,Rec,F1,kap,ROC,tra-T,test-T
icmpv6.checksum,DIS1,1,0,DT,0.10993495727585767,0.09182773976750618,0.4259271477563037,0.09182773976750618,0.07090689519276977,0.05096582168803676,0,0.015732526779174805,0.0
icmpv6.checksum,DIS1,2,0,DT,0.10885091187348553,0.09188132682536274,0.42507430171282196,0.09188132682536274,0.07043581688101166,0.05161848714298545,0,0.015739917755126953,0.0
icmpv6.checksum,DIS1,3,0,DT,0.10553500828975895,0.09223704858875392,0.42253039085395433,0.09223704858875392,0.07205030247172545,0.05000280695870607,0,0.013603687286376953,0.0
icmpv6.checksum,DIS1,4,0,DT,0.1102537941589083,0.08992708363448856,0.42810510341935853,0.08992708363448856,0.06857020384907456,0.04977799877102651,0,0.016219139099121094,0.0
icmpv6.checksum,DIS1,5,0,DT,0.10330315010840455,0.0890868910042902,0.4526989350228411,0.0890868910042902,0.06705449418403342,0.04683007046523957,0,0.016211509704589844,0.0
