Feature,Dataset,T,CV,ML,Acc,b_Acc,Prec,Rec,F1,kap,ROC,tra-T,test-T
dns.flags.response,DIS1,1,0,DT,0.07250350720571355,0.05682007234695966,0.05231836919403945,0.05682007234695966,0.01798958161681948,0.010333937894097645,0,0.015608072280883789,0.0
dns.flags.response,DIS1,2,0,DT,0.06950644050503763,0.05616954973178149,0.045466519416664984,0.05616954973178149,0.016648709691815883,0.009334832135722726,0,0.015620231628417969,0.0
dns.flags.response,DIS1,3,0,DT,0.07046295115418952,0.05716958312048049,0.047735947716699305,0.05716958312048049,0.018010653699284437,0.011090007361608478,0,0.0,0.0
dns.flags.response,DIS1,4,0,DT,0.07161076393317178,0.05780856694417347,0.05342846959026335,0.05780856694417347,0.018907586449712306,0.011802386271802079,0,0.015628337860107422,0.0
dns.flags.response,DIS1,5,0,DT,0.06976151001147812,0.0574540280091668,0.05193806271711867,0.0574540280091668,0.018586111989404477,0.01115266561398931,0,0.0,0.015733718872070312
