Feature,Dataset,T,CV,ML,Acc,b_Acc,Prec,Rec,F1,kap,ROC,tra-T,test-T
icmpv6.reserved,DIS2,1,0,DT,0.08769250350006363,0.06968379234444624,0.03492480202815211,0.06968379234444624,0.03180980270099132,0.02807609091101826,0,0.0,0.015625715255737305
icmpv6.reserved,DIS2,2,0,DT,0.08616520300369097,0.06815774035780607,0.03582551207241578,0.06815774035780607,0.03145773648004441,0.024810049580599403,0,0.0,0.0
icmpv6.reserved,DIS2,3,0,DT,0.08164693903525519,0.06864640074972178,0.03473383148634181,0.06864640074972178,0.030791777696938867,0.024523341361348483,0,0.0,0.0
icmpv6.reserved,DIS2,4,0,DT,0.08711976581392389,0.06867811301883647,0.03450116429711314,0.06867811301883647,0.031051897831382787,0.026062200694042748,0,0.016706228256225586,0.0
icmpv6.reserved,DIS2,5,0,DT,0.08279241440753468,0.06969135057991116,0.034996576979255824,0.06969135057991116,0.03189647151348245,0.02598616726410763,0,0.01551055908203125,0.0
