Feature,Dataset,T,CV,ML,Acc,b_Acc,Prec,Rec,F1,kap,ROC,tra-T,test-T
ip.flags,DIS2,1,0,DT,0.15279368715794833,0.12885487528344672,0.03523962971327573,0.12885487528344672,0.05129532071091208,0.09829242495487034,0,0.0156404972076416,0.0
ip.flags,DIS2,2,0,DT,0.15024818633066056,0.12939447383891828,0.03578783594929196,0.12939447383891828,0.05170506266605226,0.09662782884797949,0,0.015639543533325195,0.0
ip.flags,DIS2,3,0,DT,0.16106656484663356,0.1305441433630254,0.037909669387909815,0.1305441433630254,0.054427866713905156,0.10671972111126526,0,0.0,0.0
ip.flags,DIS2,4,0,DT,0.15463917525773196,0.12880625365769868,0.036873735080288524,0.12880625365769868,0.05260645668455776,0.1007896845076871,0,0.015623092651367188,0.0
ip.flags,DIS2,5,0,DT,0.14814814814814814,0.12810837273093176,0.03511701341759145,0.12810837273093176,0.05076925586712337,0.09606146291692896,0,0.015558719635009766,0.0
