Feature,Dataset,T,CV,ML,Acc,b_Acc,Prec,Rec,F1,kap,ROC,tra-T,test-T
http.request_number,DIS1,1,0,DT,0.07250350720571355,0.054634387778701166,0.08235083759617694,0.054634387778701166,0.01825807095846603,0.00938632864328881,0,0.0,0.0
http.request_number,DIS1,2,0,DT,0.06912383624537687,0.05510645007038066,0.08809374768016418,0.05510645007038066,0.01827284711339096,0.009910537672341624,0,0.015620946884155273,0.0
http.request_number,DIS1,3,0,DT,0.0711643922969009,0.055393723773034115,0.09048935882276997,0.055393723773034115,0.019005355402178545,0.010484173996418433,0,0.015515327453613281,0.0
http.request_number,DIS1,4,0,DT,0.06644560642775156,0.05394611156401359,0.12067661197986893,0.05394611156401359,0.016414257069786903,0.008448777535956076,0,0.0,0.015626192092895508
http.request_number,DIS1,5,0,DT,0.07129192705012116,0.05513963520250188,0.0758782697112623,0.05513963520250188,0.018746066785755182,0.009901580355454187,0,0.013138771057128906,0.0
