Feature,Dataset,T,CV,ML,Acc,b_Acc,Prec,Rec,F1,kap,ROC,tra-T,test-T
dns.retransmit_request,DIS1,1,0,DT,0.06242826170131361,0.047619047619047616,0.0029727743667292196,0.047619047619047616,0.005596188418347953,0.0,0,0.0,0.0
dns.retransmit_request,DIS1,2,0,DT,0.05968626450707818,0.047619047619047616,0.0028422030717656275,0.047619047619047616,0.005364234994756116,0.0,0,0.0,0.0
dns.retransmit_request,DIS1,3,0,DT,0.062300726948093355,0.047619047619047616,0.0029667012832425405,0.047619047619047616,0.005585426439019091,0.0,0,0.007617473602294922,0.0
dns.retransmit_request,DIS1,4,0,DT,0.05764570845555414,0.04771466819659591,0.02178745326031159,0.04771466819659591,0.005371826522507677,0.00013329048225962925,0,0.0157320499420166,0.0
dns.retransmit_request,DIS1,5,0,DT,0.06261956383114399,0.047619047619047616,0.0029818839919592377,0.047619047619047616,0.005612326543675559,0.0,0,0.015607357025146484,0.0
