Feature,Dataset,T,CV,ML,Acc,b_Acc,Prec,Rec,F1,kap,ROC,tra-T,test-T
tcp.ack_raw,DIS1,1,0,DT,0.6103175615355184,0.6333040034655562,0.8149099117027943,0.6333040034655562,0.6726877417423812,0.5885106445705188,0,0.17316460609436035,0.0
tcp.ack_raw,DIS1,2,0,DT,0.603494452238235,0.6291523355778048,0.8135590899080573,0.6291523355778048,0.668683346692362,0.5815549804342585,0,0.15027260780334473,0.015626907348632812
tcp.ack_raw,DIS1,3,0,DT,0.6031118479785742,0.6316640289189442,0.8086004547023296,0.6316640289189442,0.6694182367247328,0.5810441688405843,0,0.15751004219055176,0.0
tcp.ack_raw,DIS1,4,0,DT,0.606555286315521,0.6332972099318559,0.8119756930545678,0.6332972099318559,0.6712237311141787,0.584954583602054,0,0.14132928848266602,0.0
tcp.ack_raw,DIS1,5,0,DT,0.6079581686009438,0.6367437297270314,0.8118554401850191,0.6367437297270314,0.6735660849643781,0.5864792198582373,0,0.18878817558288574,0.01567530632019043
