Feature,Dataset,T,CV,ML,Acc,b_Acc,Prec,Rec,F1,kap,ROC,tra-T,test-T
tcp.flags.syn,DIS2,1,0,DT,0.10831106020109457,0.09171629248078358,0.02023665114889674,0.09171629248078358,0.02628372216218202,0.05376760966493299,0,0.015626192092895508,0.0
tcp.flags.syn,DIS2,2,0,DT,0.1078655975563192,0.09065860567485208,0.021401762293081338,0.09065860567485208,0.02641546582068159,0.05286547763770555,0,0.015572786331176758,0.0
tcp.flags.syn,DIS2,3,0,DT,0.105829196894489,0.09056561867474301,0.020813506293416068,0.09056561867474301,0.026065246808994358,0.05152697611728996,0,0.015540122985839844,0.0
tcp.flags.syn,DIS2,4,0,DT,0.1067837597047219,0.08953533798724779,0.01912318795867247,0.08953533798724779,0.025013660809099784,0.05114489544354439,0,0.0,0.01554560661315918
tcp.flags.syn,DIS2,5,0,DT,0.10703830978745069,0.08976893809695956,0.018558234332250945,0.08976893809695956,0.024354810294360433,0.05072783681587878,0,0.015633344650268555,0.0
