Feature,Dataset,T,CV,ML,Acc,b_Acc,Prec,Rec,F1,kap,ROC,tra-T,test-T
stun.response-to,DIS2,1,0,DT,0.06408298332696959,0.04772004241781548,0.05066494520415091,0.04772004241781548,0.005927128040061267,0.00013650757871874752,0,0.015622854232788086,0.0
stun.response-to,DIS2,2,0,DT,0.06459208349242714,0.047718150735840646,0.050689191155077105,0.047718150735840646,0.005966176681570002,0.00013649529955683803,0,0.0,0.0
stun.response-to,DIS2,3,0,DT,0.061855670103092786,0.047619047619047616,0.0029455081001472753,0.047619047619047616,0.005547850208044383,0.0,0,0.0,0.0
stun.response-to,DIS2,4,0,DT,0.06351024564082983,0.04767063921993499,0.05064050695056869,0.04767063921993499,0.005785440230169648,6.826859108810535e-05,0,0.0155487060546875,0.0
stun.response-to,DIS2,5,0,DT,0.06242840778923253,0.047619047619047616,0.002972781323296787,0.047619047619047616,0.005596200744448723,0.0,0,0.015619754791259766,0.0
