Feature,Dataset,T,CV,ML,Acc,b_Acc,Prec,Rec,F1,kap,ROC,tra-T,test-T
tcp.dstport,DIS1,1,0,DT,0.36876673893636014,0.4008453919890536,0.48976358608820875,0.4008453919890536,0.3674998838571542,0.3315871148250318,0,0.0419774055480957,0.0
tcp.dstport,DIS1,2,0,DT,0.36825659992347914,0.39152650093350666,0.5303388693043224,0.39152650093350666,0.37407643960534026,0.3316520612440039,0,0.03505873680114746,0.0
tcp.dstport,DIS1,3,0,DT,0.3703609233516133,0.38714713095606756,0.5329872908087777,0.38714713095606756,0.37050201877662675,0.33420786985696727,0,0.04745316505432129,0.0
tcp.dstport,DIS1,4,0,DT,0.3669812523912766,0.40182047366300633,0.48624351780216896,0.40182047366300633,0.368074546890509,0.3305522071266689,0,0.04498720169067383,0.0
tcp.dstport,DIS1,5,0,DT,0.3701058538451728,0.39138756440080774,0.5256756304879833,0.39138756440080774,0.3718591359788907,0.33269130340977293,0,0.03125619888305664,0.01562047004699707
