Feature,Dataset,T,CV,ML,Acc,b_Acc,Prec,Rec,F1,kap,ROC,tra-T,test-T
tcp.window_size_value,DIS2,1,0,DT,0.6886216113020237,0.6831595209519183,0.8817983140294174,0.6831595209519183,0.7273479740105809,0.6717408706312757,0,0.046871185302734375,0.0
tcp.window_size_value,DIS2,2,0,DT,0.6970854015527556,0.6902354987128286,0.8875567204225141,0.6902354987128286,0.7365731838153138,0.6804062503504966,0,0.04740142822265625,0.0
tcp.window_size_value,DIS2,3,0,DT,0.6996945399007255,0.6919783881536785,0.8908476788592088,0.6919783881536785,0.7397266468372871,0.6833664066080132,0,0.06288743019104004,0.0
tcp.window_size_value,DIS2,4,0,DT,0.695621738577065,0.6921395853039792,0.8806385494894982,0.6921395853039792,0.7344345257752481,0.6790799103941978,0,0.06256318092346191,0.0
tcp.window_size_value,DIS2,5,0,DT,0.6924398625429553,0.6842443008229777,0.8857559408920579,0.6842443008229777,0.7309037344093989,0.6758644690459756,0,0.047350168228149414,0.015675783157348633
