Feature,Dataset,T,CV,ML,Acc,b_Acc,Prec,Rec,F1,kap,ROC,tra-T,test-T
dstport_class,DIS2,1,0,DT,0.15470281277841416,0.13935899596599186,0.24335060897471833,0.13935899596599186,0.12097224450535249,0.0995124376989921,0,0.015627622604370117,0.0
dstport_class,DIS2,2,0,DT,0.15451190021636757,0.13773376536634305,0.24377330328801414,0.13773376536634305,0.11855690968343036,0.09979391468421328,0,0.015621185302734375,0.0
dstport_class,DIS2,3,0,DT,0.1575665012091129,0.14186831792799065,0.251626667756753,0.14186831792799065,0.12471117342320948,0.10312496479436017,0,0.015709638595581055,0.0
dstport_class,DIS2,4,0,DT,0.15451190021636757,0.1395143978376006,0.23875834067912358,0.1395143978376006,0.12001469319580109,0.0988770767472481,0,0.015590667724609375,0.0
dstport_class,DIS2,5,0,DT,0.15285732467863053,0.1378423655318563,0.24424702862521994,0.1378423655318563,0.11965486357104727,0.09822289468232714,0,0.0018947124481201172,0.0
