Feature,Dataset,T,CV,ML,Acc,b_Acc,Prec,Rec,F1,kap,ROC,tra-T,test-T
tcp.flags.push,DIS2,1,0,DT,0.1461753850070001,0.11798676641009044,0.022220017006310138,0.11798676641009044,0.037124849508343404,0.09266143996372767,0,0.015676498413085938,0.0
tcp.flags.push,DIS2,2,0,DT,0.1420389461626575,0.11674280029318185,0.021498420560239324,0.11674280029318185,0.03614152999973235,0.0884162434752388,0,0.0,0.015626907348632812
tcp.flags.push,DIS2,3,0,DT,0.1432480590556192,0.11656482715394195,0.02175002622264715,0.11656482715394195,0.03642733198738087,0.08978900025830472,0,0.015627622604370117,0.0
tcp.flags.push,DIS2,4,0,DT,0.14261168384879724,0.11544048176887198,0.021894266468000502,0.11544048176887198,0.03654886203521486,0.08843037402980347,0,0.015538692474365234,0.0
tcp.flags.push,DIS2,5,0,DT,0.13930253277332316,0.11828483239040846,0.02099117158465278,0.11828483239040846,0.03547778866037347,0.08728878808303009,0,0.0,0.0
