Feature,Dataset,T,CV,ML,Acc,b_Acc,Prec,Rec,F1,kap,ROC,tra-T,test-T
stun.id,DD2,0,0,DT,0.04629366657199659,0.08333333333333333,0.0038580246913580245,0.08333333333333333,0.007374631268436578,2.6083539229615482e-06,0,0.0,0.0
stun.id,DD2,0,1,DT,0.04629366657199659,0.08333333333333333,0.0038580246913580245,0.08333333333333333,0.007374631268436578,2.6083539229615482e-06,0,0.0026128292083740234,0.0
stun.id,DD2,0,2,DT,0.04629366657199659,0.08333333333333333,0.0038580246913580245,0.08333333333333333,0.007374631268436578,2.6083539229615482e-06,0,0.015101909637451172,0.0
stun.id,DD2,0,3,DT,0.04629366657199659,0.08333333333333333,0.0038580246913580245,0.08333333333333333,0.007374631268436578,2.6083539229615482e-06,0,0.015631914138793945,0.0
stun.id,DD2,0,4,DT,0.04629366657199659,0.08333333333333333,0.0038580246913580245,0.08333333333333333,0.007374631268436578,2.6083539229615482e-06,0,0.00510096549987793,0.0
