Feature,Dataset,T,CV,ML,Acc,b_Acc,Prec,Rec,F1,kap,ROC,tra-T,test-T
tcp.analysis.spurious_retransmission,DD2,0,0,DT,0.04629366657199659,0.08333333333333333,0.003857805547666383,0.08333333333333333,0.007374230908432863,0.0,0,0.0,0.0
tcp.analysis.spurious_retransmission,DD2,0,1,DT,0.04629366657199659,0.08333333333333333,0.003857805547666383,0.08333333333333333,0.007374230908432863,0.0,0,0.0,0.0
tcp.analysis.spurious_retransmission,DD2,0,2,DT,0.04629366657199659,0.08333333333333333,0.003857805547666383,0.08333333333333333,0.007374230908432863,0.0,0,0.0,0.0
tcp.analysis.spurious_retransmission,DD2,0,3,DT,0.04629366657199659,0.08333333333333333,0.003857805547666383,0.08333333333333333,0.007374230908432863,0.0,0,0.0,0.0
tcp.analysis.spurious_retransmission,DD2,0,4,DT,0.04629366657199659,0.08333333333333333,0.003857805547666383,0.08333333333333333,0.007374230908432863,0.0,0,0.01572704315185547,0.0
