Feature,Dataset,T,CV,ML,Acc,b_Acc,Prec,Rec,F1,kap,ROC,tra-T,test-T
ip.version,DD1,0,0,DT,0.08812529219261338,0.08588631131574287,0.0886398089252713,0.08588631131574287,0.015354729794952402,0.007763038790331467,0,0.0,0.0
ip.version,DD1,0,1,DT,0.08812529219261338,0.08588631131574287,0.0886398089252713,0.08588631131574287,0.015354729794952402,0.007763038790331467,0,0.005682945251464844,0.0
ip.version,DD1,0,2,DT,0.08812529219261338,0.08588631131574287,0.0886398089252713,0.08588631131574287,0.015354729794952402,0.007763038790331467,0,0.0,0.0
ip.version,DD1,0,3,DT,0.08812529219261338,0.08588631131574287,0.0886398089252713,0.08588631131574287,0.015354729794952402,0.007763038790331467,0,0.0,0.015610218048095703
ip.version,DD1,0,4,DT,0.08812529219261338,0.08588631131574287,0.0886398089252713,0.08588631131574287,0.015354729794952402,0.007763038790331467,0,0.0066072940826416016,0.0
