Feature,Dataset,T,CV,ML,Acc,b_Acc,Prec,Rec,F1,kap,ROC,tra-T,test-T
icmp.code,DD1T,0,0,DT,0.24298301919822607,0.08914399092970521,0.08969189530381083,0.08914399092970521,0.04293859524266635,0.007544460747558879,0,0.0,0.0
icmp.code,DD1T,0,1,DT,0.24298301919822607,0.08914399092970521,0.08969189530381083,0.08914399092970521,0.04293859524266635,0.007544460747558879,0,0.011105537414550781,0.0
icmp.code,DD1T,0,2,DT,0.24298301919822607,0.08914399092970521,0.08969189530381083,0.08914399092970521,0.04293859524266635,0.007544460747558879,0,0.0,0.015729904174804688
icmp.code,DD1T,0,3,DT,0.24298301919822607,0.08914399092970521,0.08969189530381083,0.08914399092970521,0.04293859524266635,0.007544460747558879,0,0.0,0.0
icmp.code,DD1T,0,4,DT,0.24298301919822607,0.08914399092970521,0.08969189530381083,0.08914399092970521,0.04293859524266635,0.007544460747558879,0,0.0,0.0
