Feature,Dataset,T,CV,ML,Acc,b_Acc,Prec,Rec,F1,kap,ROC,tra-T,test-T
icmp.seq,DD2T,0,0,DT,0.3715643462625225,0.0902888978528578,0.12925562269873905,0.0902888978528578,0.057930936823060115,0.008314018948662016,0,0.0,0.0
icmp.seq,DD2T,0,1,DT,0.3715643462625225,0.0902888978528578,0.12925562269873905,0.0902888978528578,0.057930936823060115,0.008314018948662016,0,0.0,0.0
icmp.seq,DD2T,0,2,DT,0.3715643462625225,0.0902888978528578,0.12925562269873905,0.0902888978528578,0.057930936823060115,0.008314018948662016,0,0.0,0.0
icmp.seq,DD2T,0,3,DT,0.3715643462625225,0.0902888978528578,0.12925562269873905,0.0902888978528578,0.057930936823060115,0.008314018948662016,0,0.016612529754638672,0.0
icmp.seq,DD2T,0,4,DT,0.3715643462625225,0.0902888978528578,0.12925562269873905,0.0902888978528578,0.057930936823060115,0.008314018948662016,0,0.0,0.0
