Feature,Dataset,T,CV,ML,Acc,b_Acc,Prec,Rec,F1,kap,ROC,tra-T,test-T
icmpv6.type,DD2,0,0,DT,0.04646407270661744,0.08335644937586685,0.08719223484848486,0.08335644937586685,0.007422452407460198,8.206472479177496e-05,0,0.0016021728515625,0.0
icmpv6.type,DD2,0,1,DT,0.04646407270661744,0.08335644937586685,0.08719223484848486,0.08335644937586685,0.007422452407460198,8.206472479177496e-05,0,0.0,0.0
icmpv6.type,DD2,0,2,DT,0.04646407270661744,0.08335644937586685,0.08719223484848486,0.08335644937586685,0.007422452407460198,8.206472479177496e-05,0,0.0,0.0
icmpv6.type,DD2,0,3,DT,0.04646407270661744,0.08335644937586685,0.08719223484848486,0.08335644937586685,0.007422452407460198,8.206472479177496e-05,0,0.0,0.015630245208740234
icmpv6.type,DD2,0,4,DT,0.04646407270661744,0.08335644937586685,0.08719223484848486,0.08335644937586685,0.007422452407460198,8.206472479177496e-05,0,0.00960540771484375,0.0
