Feature,Dataset,T,CV,ML,Acc,b_Acc,Prec,Rec,F1,kap,ROC,tra-T,test-T
tcp.flags.ae,DD2,0,0,DT,0.5520590741266685,0.15194174757281553,0.0770686447163819,0.15194174757281553,0.08624612037010654,0.24583314660193667,0,0.0,0.0
tcp.flags.ae,DD2,0,1,DT,0.5520590741266685,0.15194174757281553,0.0770686447163819,0.15194174757281553,0.08624612037010654,0.24583314660193667,0,0.01573491096496582,0.0
tcp.flags.ae,DD2,0,2,DT,0.5520590741266685,0.15194174757281553,0.0770686447163819,0.15194174757281553,0.08624612037010654,0.24583314660193667,0,0.015624284744262695,0.0
tcp.flags.ae,DD2,0,3,DT,0.5520590741266685,0.15194174757281553,0.0770686447163819,0.15194174757281553,0.08624612037010654,0.24583314660193667,0,0.015628576278686523,0.0
tcp.flags.ae,DD2,0,4,DT,0.5520590741266685,0.15194174757281553,0.0770686447163819,0.15194174757281553,0.08624612037010654,0.24583314660193667,0,0.0157315731048584,0.0
