Feature,Dataset,T,CV,ML,Acc,b_Acc,Prec,Rec,F1,kap,ROC,tra-T,test-T
ip.proto,DD2,0,0,DT,0.5573984663447884,0.15841161420893357,0.15866872899260973,0.15841161420893357,0.09841967912970699,0.2541418910507869,0,0.0,0.0
ip.proto,DD2,0,1,DT,0.5573984663447884,0.15841161420893357,0.15866872899260973,0.15841161420893357,0.09841967912970699,0.2541418910507869,0,0.0,0.0
ip.proto,DD2,0,2,DT,0.5573984663447884,0.15841161420893357,0.15866872899260973,0.15841161420893357,0.09841967912970699,0.2541418910507869,0,0.015732526779174805,0.0
ip.proto,DD2,0,3,DT,0.5573984663447884,0.15841161420893357,0.15866872899260973,0.15841161420893357,0.09841967912970699,0.2541418910507869,0,0.0,0.0
ip.proto,DD2,0,4,DT,0.5573984663447884,0.15841161420893357,0.15866872899260973,0.15841161420893357,0.09841967912970699,0.2541418910507869,0,0.015624046325683594,0.0
