Feature,Dataset,T,CV,ML,Acc,b_Acc,Prec,Rec,F1,kap,ROC,tra-T,test-T
tls.handshake.sig_hash_alg_len,DD1T,0,0,DT,0.2412324210772014,0.08710915923819403,0.21579768032280391,0.08710915923819403,0.03952762392607568,0.0047512108390553864,0,0.0,0.015729904174804688
tls.handshake.sig_hash_alg_len,DD1T,0,1,DT,0.2412324210772014,0.08710915923819403,0.21579768032280391,0.08710915923819403,0.03952762392607568,0.0047512108390553864,0,0.0,0.0
tls.handshake.sig_hash_alg_len,DD1T,0,2,DT,0.2412324210772014,0.08710915923819403,0.21579768032280391,0.08710915923819403,0.03952762392607568,0.0047512108390553864,0,0.015609502792358398,0.0
tls.handshake.sig_hash_alg_len,DD1T,0,3,DT,0.2412324210772014,0.08710915923819403,0.21579768032280391,0.08710915923819403,0.03952762392607568,0.0047512108390553864,0,0.0,0.0
tls.handshake.sig_hash_alg_len,DD1T,0,4,DT,0.2412324210772014,0.08710915923819403,0.21579768032280391,0.08710915923819403,0.03952762392607568,0.0047512108390553864,0,0.0,0.0
