Feature,Dataset,T,CV,ML,Acc,b_Acc,Prec,Rec,F1,kap,ROC,tra-T,test-T
icmp.checksum,DD1,0,0,DT,0.06682027649769585,0.08804044630404463,0.08876356861563862,0.08804044630404463,0.019106957198579157,0.0020168373913264093,0,0.0,0.0
icmp.checksum,DD1,0,1,DT,0.06682027649769585,0.08804044630404463,0.08876356861563862,0.08804044630404463,0.019106957198579157,0.0020168373913264093,0,0.0,0.0
icmp.checksum,DD1,0,2,DT,0.06682027649769585,0.08804044630404463,0.08876356861563862,0.08804044630404463,0.019106957198579157,0.0020168373913264093,0,0.0,0.015757322311401367
icmp.checksum,DD1,0,3,DT,0.06682027649769585,0.08804044630404463,0.08876356861563862,0.08804044630404463,0.019106957198579157,0.0020168373913264093,0,0.0,0.015750646591186523
icmp.checksum,DD1,0,4,DT,0.06682027649769585,0.08804044630404463,0.08876356861563862,0.08804044630404463,0.019106957198579157,0.0020168373913264093,0,0.0,0.0
