Feature,Dataset,T,CV,ML,Acc,b_Acc,Prec,Rec,F1,kap,ROC,tra-T,test-T
tcp.window_size,DD1,0,0,DT,0.5519935884592266,0.24900277614580937,0.36185087291498313,0.24900277614580937,0.2233302872790338,0.2860556841170735,0,0.013104677200317383,0.0
tcp.window_size,DD1,0,1,DT,0.5519935884592266,0.24900277614580937,0.36185087291498313,0.24900277614580937,0.2233302872790338,0.2860556841170735,0,0.0,0.0
tcp.window_size,DD1,0,2,DT,0.5519935884592266,0.24900277614580937,0.36185087291498313,0.24900277614580937,0.2233302872790338,0.2860556841170735,0,0.0,0.009599447250366211
tcp.window_size,DD1,0,3,DT,0.5519935884592266,0.24900277614580937,0.36185087291498313,0.24900277614580937,0.2233302872790338,0.2860556841170735,0,0.0,0.0
tcp.window_size,DD1,0,4,DT,0.5519935884592266,0.24900277614580937,0.36185087291498313,0.24900277614580937,0.2233302872790338,0.2860556841170735,0,0.0,0.0
