Feature,Dataset,T,CV,ML,Acc,b_Acc,Prec,Rec,F1,kap,ROC,tra-T,test-T
tls.change_cipher_spec,DD2T,0,0,DT,0.3693381282644062,0.08619917745460513,0.08626672390355583,0.08619917745460513,0.05038077013893368,0.003982599710949164,0,0.0,0.0
tls.change_cipher_spec,DD2T,0,1,DT,0.3693381282644062,0.08619917745460513,0.08626672390355583,0.08619917745460513,0.05038077013893368,0.003982599710949164,0,0.0,0.0
tls.change_cipher_spec,DD2T,0,2,DT,0.3693381282644062,0.08619917745460513,0.08626672390355583,0.08619917745460513,0.05038077013893368,0.003982599710949164,0,0.0,0.0
tls.change_cipher_spec,DD2T,0,3,DT,0.3693381282644062,0.08619917745460513,0.08626672390355583,0.08619917745460513,0.05038077013893368,0.003982599710949164,0,0.015724897384643555,0.0
tls.change_cipher_spec,DD2T,0,4,DT,0.3693381282644062,0.08619917745460513,0.08626672390355583,0.08619917745460513,0.05038077013893368,0.003982599710949164,0,0.015625,0.0
