Feature,Dataset,T,CV,ML,Acc,b_Acc,Prec,Rec,F1,kap,ROC,tra-T,test-T
tcp.connection.rst,DD2T,0,0,DT,0.36801095984245225,0.08406916850625461,0.05844833004771292,0.08406916850625461,0.04627215217019801,0.0010754673473326593,0,0.0,0.0
tcp.connection.rst,DD2T,0,1,DT,0.36801095984245225,0.08406916850625461,0.05844833004771292,0.08406916850625461,0.04627215217019801,0.0010754673473326593,0,0.0,0.0
tcp.connection.rst,DD2T,0,2,DT,0.36801095984245225,0.08406916850625461,0.05844833004771292,0.08406916850625461,0.04627215217019801,0.0010754673473326593,0,0.0,0.0
tcp.connection.rst,DD2T,0,3,DT,0.36801095984245225,0.08406916850625461,0.05844833004771292,0.08406916850625461,0.04627215217019801,0.0010754673473326593,0,0.0,0.0
tcp.connection.rst,DD2T,0,4,DT,0.36801095984245225,0.08406916850625461,0.05844833004771292,0.08406916850625461,0.04627215217019801,0.0010754673473326593,0,0.0,0.0
