Feature,Dataset,T,CV,ML,Acc,b_Acc,Prec,Rec,F1,kap,ROC,tra-T,test-T
ip.flags,DD1,0,0,DT,0.08775796433580445,0.1426952580195258,0.02667543682667681,0.1426952580195258,0.041839804380323364,0.027471822295891624,0,0.01567840576171875,0.0
ip.flags,DD1,0,1,DT,0.08775796433580445,0.1426952580195258,0.02667543682667681,0.1426952580195258,0.041839804380323364,0.027471822295891624,0,0.0,0.0
ip.flags,DD1,0,2,DT,0.08775796433580445,0.1426952580195258,0.02667543682667681,0.1426952580195258,0.041839804380323364,0.027471822295891624,0,0.009135961532592773,0.0
ip.flags,DD1,0,3,DT,0.08775796433580445,0.1426952580195258,0.02667543682667681,0.1426952580195258,0.041839804380323364,0.027471822295891624,0,0.0,0.015711307525634766
ip.flags,DD1,0,4,DT,0.08775796433580445,0.1426952580195258,0.02667543682667681,0.1426952580195258,0.041839804380323364,0.027471822295891624,0,0.0,0.0
