Feature,Dataset,T,CV,ML,Acc,b_Acc,Prec,Rec,F1,kap,ROC,tra-T,test-T
tls.handshake.client_point_len,DD2,0,0,DT,0.048168134052825905,0.0857669616519174,0.08025459932583275,0.0857669616519174,0.012105652440459575,0.0019271653464053573,0,0.0,0.0
tls.handshake.client_point_len,DD2,0,1,DT,0.048168134052825905,0.0857669616519174,0.08025459932583275,0.0857669616519174,0.012105652440459575,0.0019271653464053573,0,0.0,0.0
tls.handshake.client_point_len,DD2,0,2,DT,0.048168134052825905,0.0857669616519174,0.08025459932583275,0.0857669616519174,0.012105652440459575,0.0019271653464053573,0,0.0,0.0
tls.handshake.client_point_len,DD2,0,3,DT,0.048168134052825905,0.0857669616519174,0.08025459932583275,0.0857669616519174,0.012105652440459575,0.0019271653464053573,0,0.0,0.01566457748413086
tls.handshake.client_point_len,DD2,0,4,DT,0.048168134052825905,0.0857669616519174,0.08025459932583275,0.0857669616519174,0.012105652440459575,0.0019271653464053573,0,0.0,0.0
