Feature,Dataset,T,CV,ML,Acc,b_Acc,Prec,Rec,F1,kap,ROC,tra-T,test-T
tcp.analysis.rto_frame,DD2,0,0,DT,0.04629366657199659,0.08333333333333333,0.003961079357673316,0.08333333333333333,0.007562682107529276,0.0009805221620604598,0,0.0,0.0
tcp.analysis.rto_frame,DD2,0,1,DT,0.04629366657199659,0.08333333333333333,0.003961079357673316,0.08333333333333333,0.007562682107529276,0.0009805221620604598,0,0.0,0.0
tcp.analysis.rto_frame,DD2,0,2,DT,0.04629366657199659,0.08333333333333333,0.003961079357673316,0.08333333333333333,0.007562682107529276,0.0009805221620604598,0,0.0,0.0
tcp.analysis.rto_frame,DD2,0,3,DT,0.04629366657199659,0.08333333333333333,0.003961079357673316,0.08333333333333333,0.007562682107529276,0.0009805221620604598,0,0.0,0.0
tcp.analysis.rto_frame,DD2,0,4,DT,0.04629366657199659,0.08333333333333333,0.003961079357673316,0.08333333333333333,0.007562682107529276,0.0009805221620604598,0,0.015616655349731445,0.0
