Feature,Dataset,T,CV,ML,Acc,b_Acc,Prec,Rec,F1,kap,ROC,tra-T,test-T
igmp.type,DD2T,0,0,DT,0.367668464765819,0.08333333333333333,0.030639038730484916,0.08333333333333333,0.044804774724013445,0.0,0,0.0,0.0
igmp.type,DD2T,0,1,DT,0.367668464765819,0.08333333333333333,0.030639038730484916,0.08333333333333333,0.044804774724013445,0.0,0,0.0,0.00410914421081543
igmp.type,DD2T,0,2,DT,0.367668464765819,0.08333333333333333,0.030639038730484916,0.08333333333333333,0.044804774724013445,0.0,0,0.0,0.0
igmp.type,DD2T,0,3,DT,0.367668464765819,0.08333333333333333,0.030639038730484916,0.08333333333333333,0.044804774724013445,0.0,0,0.0,0.0
igmp.type,DD2T,0,4,DT,0.367668464765819,0.08333333333333333,0.030639038730484916,0.08333333333333333,0.044804774724013445,0.0,0,0.015625715255737305,0.0
