Feature,Dataset,T,CV,ML,Acc,b_Acc,Prec,Rec,F1,kap,ROC,tra-T,test-T
tcp.ack_raw,DD2,0,0,DT,0.19363817097415506,0.11496036691480788,0.09351598778839987,0.11496036691480788,0.0513329786842816,0.034663704413661844,0,0.015618085861206055,0.0
tcp.ack_raw,DD2,0,1,DT,0.19363817097415506,0.11496036691480788,0.09351598778839987,0.11496036691480788,0.0513329786842816,0.034663704413661844,0,0.02173638343811035,0.0
tcp.ack_raw,DD2,0,2,DT,0.19363817097415506,0.11496036691480788,0.09351598778839987,0.11496036691480788,0.0513329786842816,0.034663704413661844,0,0.03125715255737305,0.0
tcp.ack_raw,DD2,0,3,DT,0.19363817097415506,0.11496036691480788,0.09351598778839987,0.11496036691480788,0.0513329786842816,0.034663704413661844,0,0.031377553939819336,0.0
tcp.ack_raw,DD2,0,4,DT,0.19363817097415506,0.11496036691480788,0.09351598778839987,0.11496036691480788,0.0513329786842816,0.034663704413661844,0,0.015725374221801758,0.015631437301635742
