Feature,Dataset,T,CV,ML,Acc,b_Acc,Prec,Rec,F1,kap,ROC,tra-T,test-T
tcp.seq_raw,DD2,0,0,DT,0.3709741550695825,0.13847963763523383,0.09077752320411527,0.13847963763523383,0.07711886348750756,0.1379351238882669,0,0.010101079940795898,0.015752315521240234
tcp.seq_raw,DD2,0,1,DT,0.3709741550695825,0.13847963763523383,0.09077752320411527,0.13847963763523383,0.07711886348750756,0.1379351238882669,0,0.031241893768310547,0.0
tcp.seq_raw,DD2,0,2,DT,0.3709741550695825,0.13847963763523383,0.09077752320411527,0.13847963763523383,0.07711886348750756,0.1379351238882669,0,0.015631914138793945,0.015614509582519531
tcp.seq_raw,DD2,0,3,DT,0.3709741550695825,0.13847963763523383,0.09077752320411527,0.13847963763523383,0.07711886348750756,0.1379351238882669,0,0.016216754913330078,0.0
tcp.seq_raw,DD2,0,4,DT,0.3709741550695825,0.13847963763523383,0.09077752320411527,0.13847963763523383,0.07711886348750756,0.1379351238882669,0,0.031241178512573242,0.0
