Feature,Dataset,T,CV,ML,Acc,b_Acc,Prec,Rec,F1,kap,ROC,tra-T,test-T
eth.dst.oui,DD2,0,0,DT,0.6682192558932122,0.3085168522523582,0.20748303196014387,0.3085168522523582,0.24154688214074474,0.42493682141866806,0,0.0,0.0
eth.dst.oui,DD2,0,1,DT,0.6682192558932122,0.3085168522523582,0.20748303196014387,0.3085168522523582,0.24154688214074474,0.42493682141866806,0,0.0,0.0
eth.dst.oui,DD2,0,2,DT,0.6682192558932122,0.3085168522523582,0.20748303196014387,0.3085168522523582,0.24154688214074474,0.42493682141866806,0,0.0,0.015608787536621094
eth.dst.oui,DD2,0,3,DT,0.6682192558932122,0.3085168522523582,0.20748303196014387,0.3085168522523582,0.24154688214074474,0.42493682141866806,0,0.011613607406616211,0.0
eth.dst.oui,DD2,0,4,DT,0.6682192558932122,0.3085168522523582,0.20748303196014387,0.3085168522523582,0.24154688214074474,0.42493682141866806,0,0.0,0.0
