Feature,Dataset,T,CV,ML,Acc,b_Acc,Prec,Rec,F1,kap,ROC,tra-T,test-T
tls.handshake.extensions_supported_groups_length,DD1T,0,0,DT,0.2412324210772014,0.08683093042698954,0.15186869130596067,0.08683093042698954,0.03891841702064643,0.0047868506552893875,0,0.0,0.011105537414550781
tls.handshake.extensions_supported_groups_length,DD1T,0,1,DT,0.2412324210772014,0.08683093042698954,0.15186869130596067,0.08683093042698954,0.03891841702064643,0.0047868506552893875,0,0.0,0.0
tls.handshake.extensions_supported_groups_length,DD1T,0,2,DT,0.2412324210772014,0.08683093042698954,0.15186869130596067,0.08683093042698954,0.03891841702064643,0.0047868506552893875,0,0.0,0.0
tls.handshake.extensions_supported_groups_length,DD1T,0,3,DT,0.2412324210772014,0.08683093042698954,0.15186869130596067,0.08683093042698954,0.03891841702064643,0.0047868506552893875,0,0.015736818313598633,0.0
tls.handshake.extensions_supported_groups_length,DD1T,0,4,DT,0.2412324210772014,0.08683093042698954,0.15186869130596067,0.08683093042698954,0.03891841702064643,0.0047868506552893875,0,0.0,0.0
