Feature,Dataset,T,CV,ML,Acc,b_Acc,Prec,Rec,F1,kap,ROC,tra-T,test-T
tcp.connection.rst,DD1T,0,0,DT,0.2384898173542627,0.08360963748894784,0.0388147469435813,0.08360963748894784,0.03264039912747138,0.0006359500238632965,0,0.0,0.0
tcp.connection.rst,DD1T,0,1,DT,0.2384898173542627,0.08360963748894784,0.0388147469435813,0.08360963748894784,0.03264039912747138,0.0006359500238632965,0,0.0,0.0
tcp.connection.rst,DD1T,0,2,DT,0.2384898173542627,0.08360963748894784,0.0388147469435813,0.08360963748894784,0.03264039912747138,0.0006359500238632965,0,0.0,0.0
tcp.connection.rst,DD1T,0,3,DT,0.2384898173542627,0.08360963748894784,0.0388147469435813,0.08360963748894784,0.03264039912747138,0.0006359500238632965,0,0.013051033020019531,0.0
tcp.connection.rst,DD1T,0,4,DT,0.2384898173542627,0.08360963748894784,0.0388147469435813,0.08360963748894784,0.03264039912747138,0.0006359500238632965,0,0.0,0.0
