Feature,Dataset,T,CV,ML,Acc,b_Acc,Prec,Rec,F1,kap,ROC,tra-T,test-T
icmp.seq,DD1,0,0,DT,0.06745475188672945,0.08969665271966527,0.08876465927984022,0.08969665271966527,0.022021765816260353,0.0026932845941897154,0,0.0,0.0
icmp.seq,DD1,0,1,DT,0.06745475188672945,0.08969665271966527,0.08876465927984022,0.08969665271966527,0.022021765816260353,0.0026932845941897154,0,0.0,0.0
icmp.seq,DD1,0,2,DT,0.06745475188672945,0.08969665271966527,0.08876465927984022,0.08969665271966527,0.022021765816260353,0.0026932845941897154,0,0.004632711410522461,0.0
icmp.seq,DD1,0,3,DT,0.06745475188672945,0.08969665271966527,0.08876465927984022,0.08969665271966527,0.022021765816260353,0.0026932845941897154,0,0.0,0.015703201293945312
icmp.seq,DD1,0,4,DT,0.06745475188672945,0.08969665271966527,0.08876465927984022,0.08969665271966527,0.022021765816260353,0.0026932845941897154,0,0.0,0.0
