Feature,Dataset,T,CV,ML,Acc,b_Acc,Prec,Rec,F1,kap,ROC,tra-T,test-T
dns.flags.opcode,DD2T,0,0,DT,0.36681222707423583,0.08355064376152634,0.035348343257163455,0.08355064376152634,0.045636675493275575,0.0006264092494105977,0,0.015758752822875977,0.0
dns.flags.opcode,DD2T,0,1,DT,0.36681222707423583,0.08355064376152634,0.035348343257163455,0.08355064376152634,0.045636675493275575,0.0006264092494105977,0,0.0,0.0
dns.flags.opcode,DD2T,0,2,DT,0.36681222707423583,0.08355064376152634,0.035348343257163455,0.08355064376152634,0.045636675493275575,0.0006264092494105977,0,0.0,0.01562809944152832
dns.flags.opcode,DD2T,0,3,DT,0.36681222707423583,0.08355064376152634,0.035348343257163455,0.08355064376152634,0.045636675493275575,0.0006264092494105977,0,0.0,0.015755653381347656
dns.flags.opcode,DD2T,0,4,DT,0.36681222707423583,0.08355064376152634,0.035348343257163455,0.08355064376152634,0.045636675493275575,0.0006264092494105977,0,0.0,0.0
