Feature,Dataset,T,CV,ML,Acc,b_Acc,Prec,Rec,F1,kap,ROC,tra-T,test-T
tcp.dstport,DD2T,0,0,DT,0.30101036047606816,0.11064061205806704,0.05327279073665661,0.11064061205806704,0.0631655001864126,-0.03375973672009058,0,0.0,0.015621185302734375
tcp.dstport,DD2T,0,1,DT,0.30101036047606816,0.11064061205806704,0.05327279073665661,0.11064061205806704,0.0631655001864126,-0.03375973672009058,0,0.0,0.0
tcp.dstport,DD2T,0,2,DT,0.30101036047606816,0.11064061205806704,0.05327279073665661,0.11064061205806704,0.0631655001864126,-0.03375973672009058,0,0.0,0.0
tcp.dstport,DD2T,0,3,DT,0.30101036047606816,0.11064061205806704,0.05327279073665661,0.11064061205806704,0.0631655001864126,-0.03375973672009058,0,0.015626192092895508,0.0
tcp.dstport,DD2T,0,4,DT,0.30101036047606816,0.11064061205806704,0.05327279073665661,0.11064061205806704,0.0631655001864126,-0.03375973672009058,0,0.015621662139892578,0.0
