Feature,Dataset,T,CV,ML,Acc,b_Acc,Prec,Rec,F1,kap,ROC,tra-T,test-T
tls.handshake.sig_hash_alg_len,DD2,0,0,DT,0.04941777904004544,0.08737930766156549,0.23095366993389557,0.08737930766156549,0.015273493302391262,0.0032081393358894816,0,0.015614748001098633,0.0
tls.handshake.sig_hash_alg_len,DD2,0,1,DT,0.04941777904004544,0.08737930766156549,0.23095366993389557,0.08737930766156549,0.015273493302391262,0.0032081393358894816,0,0.015618562698364258,0.0
tls.handshake.sig_hash_alg_len,DD2,0,2,DT,0.04941777904004544,0.08737930766156549,0.23095366993389557,0.08737930766156549,0.015273493302391262,0.0032081393358894816,0,0.0,0.0
tls.handshake.sig_hash_alg_len,DD2,0,3,DT,0.04941777904004544,0.08737930766156549,0.23095366993389557,0.08737930766156549,0.015273493302391262,0.0032081393358894816,0,0.015628337860107422,0.0
tls.handshake.sig_hash_alg_len,DD2,0,4,DT,0.04941777904004544,0.08737930766156549,0.23095366993389557,0.08737930766156549,0.015273493302391262,0.0032081393358894816,0,0.002599954605102539,0.0
