Feature,Dataset,T,CV,ML,Acc,b_Acc,Prec,Rec,F1,kap,ROC,tra-T,test-T
tcp.analysis.duplicate_ack_frame,DD2,0,0,DT,0.04771371769383698,0.0843437832971522,0.1842509074049952,0.0843437832971522,0.009388873394898243,0.0010452633060508143,0,0.0,0.015728473663330078
tcp.analysis.duplicate_ack_frame,DD2,0,1,DT,0.04771371769383698,0.0843437832971522,0.1842509074049952,0.0843437832971522,0.009388873394898243,0.0010452633060508143,0,0.0,0.0
tcp.analysis.duplicate_ack_frame,DD2,0,2,DT,0.04771371769383698,0.0843437832971522,0.1842509074049952,0.0843437832971522,0.009388873394898243,0.0010452633060508143,0,0.0,0.0
tcp.analysis.duplicate_ack_frame,DD2,0,3,DT,0.04771371769383698,0.0843437832971522,0.1842509074049952,0.0843437832971522,0.009388873394898243,0.0010452633060508143,0,0.0,0.0
tcp.analysis.duplicate_ack_frame,DD2,0,4,DT,0.04771371769383698,0.0843437832971522,0.1842509074049952,0.0843437832971522,0.009388873394898243,0.0010452633060508143,0,0.0,0.0
