Feature,Dataset,T,CV,ML,Acc,b_Acc,Prec,Rec,F1,kap,ROC,tra-T,test-T
icmp.ident,DD2T,0,0,DT,0.3715643462625225,0.0902888978528578,0.1379136313567477,0.0902888978528578,0.05796060601160782,0.00830595337853235,0,0.0,0.0
icmp.ident,DD2T,0,1,DT,0.3715643462625225,0.0902888978528578,0.1379136313567477,0.0902888978528578,0.05796060601160782,0.00830595337853235,0,0.0,0.0
icmp.ident,DD2T,0,2,DT,0.3715643462625225,0.0902888978528578,0.1379136313567477,0.0902888978528578,0.05796060601160782,0.00830595337853235,0,0.01564335823059082,0.0
icmp.ident,DD2T,0,3,DT,0.3715643462625225,0.0902888978528578,0.1379136313567477,0.0902888978528578,0.05796060601160782,0.00830595337853235,0,0.0,0.0
icmp.ident,DD2T,0,4,DT,0.3715643462625225,0.0902888978528578,0.1379136313567477,0.0902888978528578,0.05796060601160782,0.00830595337853235,0,0.0,0.0
