Feature,Dataset,T,CV,ML,Acc,b_Acc,Prec,Rec,F1,kap,ROC,tra-T,test-T
tls.handshake.comp_method,DD1,0,0,DT,0.06601883390102184,0.08594839609483962,0.06640112388416979,0.08594839609483962,0.015202788448228019,0.0011198717622319387,0,0.0,0.01571202278137207
tls.handshake.comp_method,DD1,0,1,DT,0.06601883390102184,0.08594839609483962,0.06640112388416979,0.08594839609483962,0.015202788448228019,0.0011198717622319387,0,0.0,0.0
tls.handshake.comp_method,DD1,0,2,DT,0.06601883390102184,0.08594839609483962,0.06640112388416979,0.08594839609483962,0.015202788448228019,0.0011198717622319387,0,0.0,0.0
tls.handshake.comp_method,DD1,0,3,DT,0.06601883390102184,0.08594839609483962,0.06640112388416979,0.08594839609483962,0.015202788448228019,0.0011198717622319387,0,0.015631914138793945,0.0
tls.handshake.comp_method,DD1,0,4,DT,0.06601883390102184,0.08594839609483962,0.06640112388416979,0.08594839609483962,0.015202788448228019,0.0011198717622319387,0,0.008114099502563477,0.0
