Feature,Dataset,T,CV,ML,Acc,b_Acc,Prec,Rec,F1,kap,ROC,tra-T,test-T
_ws.col.Protocol,DD1T,0,0,DT,0.2523778957810585,0.2017551441400182,0.20190151196288297,0.2017551441400182,0.14904560074844145,0.03006627745696422,0,0.0,0.0157318115234375
_ws.col.Protocol,DD1T,0,1,DT,0.2523778957810585,0.2017551441400182,0.20190151196288297,0.2017551441400182,0.14904560074844145,0.03006627745696422,0,0.009603023529052734,0.0
_ws.col.Protocol,DD1T,0,2,DT,0.2523778957810585,0.2017551441400182,0.20190151196288297,0.2017551441400182,0.14904560074844145,0.03006627745696422,0,0.01563119888305664,0.0
_ws.col.Protocol,DD1T,0,3,DT,0.2523778957810585,0.2017551441400182,0.20190151196288297,0.2017551441400182,0.14904560074844145,0.03006627745696422,0,0.01572585105895996,0.0
_ws.col.Protocol,DD1T,0,4,DT,0.2523778957810585,0.2017551441400182,0.20190151196288297,0.2017551441400182,0.14904560074844145,0.03006627745696422,0,0.014100790023803711,0.0
