Feature,Dataset,T,CV,ML,Acc,b_Acc,Prec,Rec,F1,kap,ROC,tra-T,test-T
ip.checksum.status,DD2,0,0,DT,0.5953422323203635,0.11990102173853438,0.0693464165737521,0.11990102173853438,0.08556086192549488,0.13204291133542034,0,0.01565074920654297,0.0
ip.checksum.status,DD2,0,1,DT,0.5953422323203635,0.11990102173853438,0.0693464165737521,0.11990102173853438,0.08556086192549488,0.13204291133542034,0,0.015738487243652344,0.0
ip.checksum.status,DD2,0,2,DT,0.5953422323203635,0.11990102173853438,0.0693464165737521,0.11990102173853438,0.08556086192549488,0.13204291133542034,0,0.0,0.0
ip.checksum.status,DD2,0,3,DT,0.5953422323203635,0.11990102173853438,0.0693464165737521,0.11990102173853438,0.08556086192549488,0.13204291133542034,0,0.0,0.0
ip.checksum.status,DD2,0,4,DT,0.5953422323203635,0.11990102173853438,0.0693464165737521,0.11990102173853438,0.08556086192549488,0.13204291133542034,0,0.0,0.0
