Feature,Dataset,T,CV,ML,Acc,b_Acc,Prec,Rec,F1,kap,ROC,tra-T,test-T
eth.dst.oui,DD2T,0,0,DT,0.45526158061477867,0.375719954377329,0.22947345658043225,0.375719954377329,0.26499293451247824,0.2723524609614545,0,0.015627384185791016,0.0
eth.dst.oui,DD2T,0,1,DT,0.45526158061477867,0.375719954377329,0.22947345658043225,0.375719954377329,0.26499293451247824,0.2723524609614545,0,0.0,0.0
eth.dst.oui,DD2T,0,2,DT,0.45526158061477867,0.375719954377329,0.22947345658043225,0.375719954377329,0.26499293451247824,0.2723524609614545,0,0.0,0.0
eth.dst.oui,DD2T,0,3,DT,0.45526158061477867,0.375719954377329,0.22947345658043225,0.375719954377329,0.26499293451247824,0.2723524609614545,0,0.0,0.0
eth.dst.oui,DD2T,0,4,DT,0.45526158061477867,0.375719954377329,0.22947345658043225,0.375719954377329,0.26499293451247824,0.2723524609614545,0,0.0,0.0
