Feature,Dataset,T,CV,ML,Acc,b_Acc,Prec,Rec,F1,kap,ROC,tra-T,test-T
ip.opt.type.class,DD2T,0,0,DT,0.367668464765819,0.08333333333333333,0.030639038730484916,0.08333333333333333,0.044804774724013445,0.0,0,0.006093263626098633,0.0
ip.opt.type.class,DD2T,0,1,DT,0.367668464765819,0.08333333333333333,0.030639038730484916,0.08333333333333333,0.044804774724013445,0.0,0,0.0020079612731933594,0.002007007598876953
ip.opt.type.class,DD2T,0,2,DT,0.367668464765819,0.08333333333333333,0.030639038730484916,0.08333333333333333,0.044804774724013445,0.0,0,0.0,0.0
ip.opt.type.class,DD2T,0,3,DT,0.367668464765819,0.08333333333333333,0.030639038730484916,0.08333333333333333,0.044804774724013445,0.0,0,0.004509687423706055,0.0021479129791259766
ip.opt.type.class,DD2T,0,4,DT,0.367668464765819,0.08333333333333333,0.030639038730484916,0.08333333333333333,0.044804774724013445,0.0,0,0.000347137451171875,0.003933906555175781
