Feature,Dataset,T,CV,ML,Acc,b_Acc,Prec,Rec,F1,kap,ROC,tra-T,test-T
udp.time_delta,DD2,0,0,DT,0.6401590457256461,0.18311150947262,0.29981878124510297,0.18311150947262,0.18433766262315218,0.24018895592680456,0,0.028217077255249023,0.0036051273345947266
udp.time_delta,DD2,0,1,DT,0.6401590457256461,0.18311150947262,0.29981878124510297,0.18311150947262,0.18433766262315218,0.24018895592680456,0,0.03124690055847168,0.0
udp.time_delta,DD2,0,2,DT,0.6401590457256461,0.18311150947262,0.29981878124510297,0.18311150947262,0.18433766262315218,0.24018895592680456,0,0.0179750919342041,0.0
udp.time_delta,DD2,0,3,DT,0.6401590457256461,0.18311150947262,0.29981878124510297,0.18311150947262,0.18433766262315218,0.24018895592680456,0,0.015627622604370117,0.015624761581420898
udp.time_delta,DD2,0,4,DT,0.6401590457256461,0.18311150947262,0.29981878124510297,0.18311150947262,0.18433766262315218,0.24018895592680456,0,0.03136920928955078,0.0
