Feature,Dataset,T,CV,ML,Acc,b_Acc,Prec,Rec,F1,kap,ROC,tra-T,test-T
eapol.keydes.key_len,DD1,0,0,DT,0.06511721097976357,0.09469696969696968,0.0887519620612497,0.09469696969696968,0.03017560363750392,0.00011403354169003954,0,0.0,0.01405191421508789
eapol.keydes.key_len,DD1,0,1,DT,0.06511721097976357,0.09469696969696968,0.0887519620612497,0.09469696969696968,0.03017560363750392,0.00011403354169003954,0,0.0,0.0
eapol.keydes.key_len,DD1,0,2,DT,0.06511721097976357,0.09469696969696968,0.0887519620612497,0.09469696969696968,0.03017560363750392,0.00011403354169003954,0,0.0,0.015547752380371094
eapol.keydes.key_len,DD1,0,3,DT,0.06511721097976357,0.09469696969696968,0.0887519620612497,0.09469696969696968,0.03017560363750392,0.00011403354169003954,0,0.0,0.0
eapol.keydes.key_len,DD1,0,4,DT,0.06511721097976357,0.09469696969696968,0.0887519620612497,0.09469696969696968,0.03017560363750392,0.00011403354169003954,0,0.0,0.015609502792358398
