Feature,Dataset,T,CV,ML,Acc,b_Acc,Prec,Rec,F1,kap,ROC,tra-T,test-T
stun.type.method,DD2T,0,0,DT,0.3677540885349773,0.0841543513957307,0.0723109531557763,0.0841543513957307,0.0464206914485,0.00023260505136935006,0,0.01563549041748047,0.0
stun.type.method,DD2T,0,1,DT,0.3677540885349773,0.0841543513957307,0.0723109531557763,0.0841543513957307,0.0464206914485,0.00023260505136935006,0,0.009614229202270508,0.0
stun.type.method,DD2T,0,2,DT,0.3677540885349773,0.0841543513957307,0.0723109531557763,0.0841543513957307,0.0464206914485,0.00023260505136935006,0,0.0,0.0
stun.type.method,DD2T,0,3,DT,0.3677540885349773,0.0841543513957307,0.0723109531557763,0.0841543513957307,0.0464206914485,0.00023260505136935006,0,0.01563286781311035,0.0
stun.type.method,DD2T,0,4,DT,0.3677540885349773,0.0841543513957307,0.0723109531557763,0.0841543513957307,0.0464206914485,0.00023260505136935006,0,0.0,0.0
