Feature,Dataset,T,CV,ML,Acc,b_Acc,Prec,Rec,F1,kap,ROC,tra-T,test-T
tls.handshake.comp_methods,DD2,0,0,DT,0.04850894632206759,0.08620943952802361,0.05990503992888721,0.08620943952802361,0.012868904343144623,0.0022611419412167377,0,0.0,0.0
tls.handshake.comp_methods,DD2,0,1,DT,0.04850894632206759,0.08620943952802361,0.05990503992888721,0.08620943952802361,0.012868904343144623,0.0022611419412167377,0,0.0,0.0
tls.handshake.comp_methods,DD2,0,2,DT,0.04850894632206759,0.08620943952802361,0.05990503992888721,0.08620943952802361,0.012868904343144623,0.0022611419412167377,0,0.0,0.0
tls.handshake.comp_methods,DD2,0,3,DT,0.04850894632206759,0.08620943952802361,0.05990503992888721,0.08620943952802361,0.012868904343144623,0.0022611419412167377,0,0.0,0.015630006790161133
tls.handshake.comp_methods,DD2,0,4,DT,0.04850894632206759,0.08620943952802361,0.05990503992888721,0.08620943952802361,0.012868904343144623,0.0022611419412167377,0,0.015048980712890625,0.0
