Feature,Dataset,T,CV,ML,Acc,b_Acc,Prec,Rec,F1,kap,ROC,tra-T,test-T
dhcp.option.end,DD2,0,0,DT,0.04629366657199659,0.08333333333333333,0.003860875826653781,0.08333333333333333,0.007379839907276613,3.410036257678328e-05,0,0.015636205673217773,0.0
dhcp.option.end,DD2,0,1,DT,0.04629366657199659,0.08333333333333333,0.003860875826653781,0.08333333333333333,0.007379839907276613,3.410036257678328e-05,0,0.0,0.0
dhcp.option.end,DD2,0,2,DT,0.04629366657199659,0.08333333333333333,0.003860875826653781,0.08333333333333333,0.007379839907276613,3.410036257678328e-05,0,0.0,0.0
dhcp.option.end,DD2,0,3,DT,0.04629366657199659,0.08333333333333333,0.003860875826653781,0.08333333333333333,0.007379839907276613,3.410036257678328e-05,0,0.008108139038085938,0.0
dhcp.option.end,DD2,0,4,DT,0.04629366657199659,0.08333333333333333,0.003860875826653781,0.08333333333333333,0.007379839907276613,3.410036257678328e-05,0,0.0,0.012607574462890625
