Feature,Dataset,T,CV,ML,Acc,b_Acc,Prec,Rec,F1,kap,ROC,tra-T,test-T
tcp.flags.res,DD1,0,0,DT,0.5396714085353637,0.12298318332026796,0.08281968536082716,0.12298318332026796,0.07946449339593241,0.1646072210876386,0,0.0,0.0
tcp.flags.res,DD1,0,1,DT,0.5396714085353637,0.12298318332026796,0.08281968536082716,0.12298318332026796,0.07946449339593241,0.1646072210876386,0,0.0,0.01563572883605957
tcp.flags.res,DD1,0,2,DT,0.5396714085353637,0.12298318332026796,0.08281968536082716,0.12298318332026796,0.07946449339593241,0.1646072210876386,0,0.01563119888305664,0.0
tcp.flags.res,DD1,0,3,DT,0.5396714085353637,0.12298318332026796,0.08281968536082716,0.12298318332026796,0.07946449339593241,0.1646072210876386,0,0.0,0.0
tcp.flags.res,DD1,0,4,DT,0.5396714085353637,0.12298318332026796,0.08281968536082716,0.12298318332026796,0.07946449339593241,0.1646072210876386,0,0.0,0.0
