Feature,Dataset,T,CV,ML,Acc,b_Acc,Prec,Rec,F1,kap,ROC,tra-T,test-T
tcp.len,DD2,0,0,DT,0.5592729338256177,0.19298834445515897,0.23117382638359915,0.19298834445515897,0.14454326089589173,0.3049211898271631,0,0.015622854232788086,0.0
tcp.len,DD2,0,1,DT,0.5592729338256177,0.19298834445515897,0.23117382638359915,0.19298834445515897,0.14454326089589173,0.3049211898271631,0,0.0,0.0
tcp.len,DD2,0,2,DT,0.5592729338256177,0.19298834445515897,0.23117382638359915,0.19298834445515897,0.14454326089589173,0.3049211898271631,0,0.015637636184692383,0.0
tcp.len,DD2,0,3,DT,0.5592729338256177,0.19298834445515897,0.23117382638359915,0.19298834445515897,0.14454326089589173,0.3049211898271631,0,0.0,0.0
tcp.len,DD2,0,4,DT,0.5592729338256177,0.19298834445515897,0.23117382638359915,0.19298834445515897,0.14454326089589173,0.3049211898271631,0,0.0,0.0
