Feature,Dataset,T,CV,ML,Acc,b_Acc,Prec,Rec,F1,kap,ROC,tra-T,test-T
tcp.options.timestamp.tsecr,DD2,0,0,DT,0.08389662027833002,0.1291155079324166,0.10093651590353593,0.1291155079324166,0.06274818312542417,0.03458177118794137,0,0.015614986419677734,0.0
tcp.options.timestamp.tsecr,DD2,0,1,DT,0.08389662027833002,0.1291155079324166,0.10093651590353593,0.1291155079324166,0.06274818312542417,0.03458177118794137,0,0.014605998992919922,0.0
tcp.options.timestamp.tsecr,DD2,0,2,DT,0.08389662027833002,0.1291155079324166,0.10093651590353593,0.1291155079324166,0.06274818312542417,0.03458177118794137,0,0.01574087142944336,0.0
tcp.options.timestamp.tsecr,DD2,0,3,DT,0.08389662027833002,0.1291155079324166,0.10093651590353593,0.1291155079324166,0.06274818312542417,0.03458177118794137,0,0.0,0.015630006790161133
tcp.options.timestamp.tsecr,DD2,0,4,DT,0.08389662027833002,0.1291155079324166,0.10093651590353593,0.1291155079324166,0.06274818312542417,0.03458177118794137,0,0.010032176971435547,0.0
