Feature,Dataset,T,CV,ML,Acc,b_Acc,Prec,Rec,F1,kap,ROC,tra-T,test-T
tcp.options.sack_le,DD2,0,0,DT,0.04714569724510082,0.08443952802359882,0.08719442865264354,0.08443952802359882,0.009563646990110511,0.0008774178575254865,0,0.0,0.0
tcp.options.sack_le,DD2,0,1,DT,0.04714569724510082,0.08443952802359882,0.08719442865264354,0.08443952802359882,0.009563646990110511,0.0008774178575254865,0,0.0,0.009603738784790039
tcp.options.sack_le,DD2,0,2,DT,0.04714569724510082,0.08443952802359882,0.08719442865264354,0.08443952802359882,0.009563646990110511,0.0008774178575254865,0,0.0,0.0
tcp.options.sack_le,DD2,0,3,DT,0.04714569724510082,0.08443952802359882,0.08719442865264354,0.08443952802359882,0.009563646990110511,0.0008774178575254865,0,0.0,0.0
tcp.options.sack_le,DD2,0,4,DT,0.04714569724510082,0.08443952802359882,0.08719442865264354,0.08443952802359882,0.009563646990110511,0.0008774178575254865,0,0.0,0.0
