Feature,Dataset,T,CV,ML,Acc,b_Acc,Prec,Rec,F1,kap,ROC,tra-T,test-T
dns.time,DD2,0,0,DT,0.04640727066174382,0.08334874402835568,0.03719223484848485,0.08334874402835568,0.007407040290529048,-5.004433440780609e-05,0,0.0,0.0
dns.time,DD2,0,1,DT,0.04640727066174382,0.08334874402835568,0.03719223484848485,0.08334874402835568,0.007407040290529048,-5.004433440780609e-05,0,0.0,0.0
dns.time,DD2,0,2,DT,0.04640727066174382,0.08334874402835568,0.03719223484848485,0.08334874402835568,0.007407040290529048,-5.004433440780609e-05,0,0.0,0.0076198577880859375
dns.time,DD2,0,3,DT,0.04640727066174382,0.08334874402835568,0.03719223484848485,0.08334874402835568,0.007407040290529048,-5.004433440780609e-05,0,0.0,0.0
dns.time,DD2,0,4,DT,0.04640727066174382,0.08334874402835568,0.03719223484848485,0.08334874402835568,0.007407040290529048,-5.004433440780609e-05,0,0.0,0.0056095123291015625
