Feature,Dataset,T,CV,ML,Acc,b_Acc,Prec,Rec,F1,kap,ROC,tra-T,test-T
ip.opt.type,DD1,0,0,DT,0.08805850530955721,0.08587893276666077,0.08888318795963741,0.08587893276666077,0.015346931825447862,0.00781844636151896,0,0.0,0.0
ip.opt.type,DD1,0,1,DT,0.08805850530955721,0.08587893276666077,0.08888318795963741,0.08587893276666077,0.015346931825447862,0.00781844636151896,0,0.0,0.0
ip.opt.type,DD1,0,2,DT,0.08805850530955721,0.08587893276666077,0.08888318795963741,0.08587893276666077,0.015346931825447862,0.00781844636151896,0,0.0,0.0
ip.opt.type,DD1,0,3,DT,0.08805850530955721,0.08587893276666077,0.08888318795963741,0.08587893276666077,0.015346931825447862,0.00781844636151896,0,0.0,0.0
ip.opt.type,DD1,0,4,DT,0.08805850530955721,0.08587893276666077,0.08888318795963741,0.08587893276666077,0.015346931825447862,0.00781844636151896,0,0.0,0.015627622604370117
