Feature,Dataset,T,CV,ML,Acc,b_Acc,Prec,Rec,F1,kap,ROC,tra-T,test-T
tcp.options.mss,DD1,0,0,DT,0.07640419421625592,0.08181445123589294,0.0694899263642537,0.08181445123589294,0.012940500194719916,-0.0010047544224291993,0,0.0,0.0
tcp.options.mss,DD1,0,1,DT,0.07640419421625592,0.08181445123589294,0.0694899263642537,0.08181445123589294,0.012940500194719916,-0.0010047544224291993,0,0.012603044509887695,0.0
tcp.options.mss,DD1,0,2,DT,0.07640419421625592,0.08181445123589294,0.0694899263642537,0.08181445123589294,0.012940500194719916,-0.0010047544224291993,0,0.015627145767211914,0.0
tcp.options.mss,DD1,0,3,DT,0.07640419421625592,0.08181445123589294,0.0694899263642537,0.08181445123589294,0.012940500194719916,-0.0010047544224291993,0,0.0,0.0
tcp.options.mss,DD1,0,4,DT,0.07640419421625592,0.08181445123589294,0.0694899263642537,0.08181445123589294,0.012940500194719916,-0.0010047544224291993,0,0.015645503997802734,0.0
