Feature,Dataset,T,CV,ML,Acc,b_Acc,Prec,Rec,F1,kap,ROC,tra-T,test-T
ip.ttl,DD2T,0,0,DT,0.3954533778576933,0.14068051070580143,0.05523064998967895,0.14068051070580143,0.07924184284615791,0.09749194347930734,0,0.0,0.0
ip.ttl,DD2T,0,1,DT,0.3954533778576933,0.14068051070580143,0.05523064998967895,0.14068051070580143,0.07924184284615791,0.09749194347930734,0,0.01562356948852539,0.0
ip.ttl,DD2T,0,2,DT,0.3954533778576933,0.14068051070580143,0.05523064998967895,0.14068051070580143,0.07924184284615791,0.09749194347930734,0,0.0,0.0
ip.ttl,DD2T,0,3,DT,0.3954533778576933,0.14068051070580143,0.05523064998967895,0.14068051070580143,0.07924184284615791,0.09749194347930734,0,0.0,0.0
ip.ttl,DD2T,0,4,DT,0.3954533778576933,0.14068051070580143,0.05523064998967895,0.14068051070580143,0.07924184284615791,0.09749194347930734,0,0.0,0.0
