Dataset,T,CV,ML,Acc,b_Acc,Prec,Rec,F1,kap,ROC,tra-T,test-T,Al-Time
AD-S2-DI-S2,0,1,ANN,0.1156293750795469,0.097258241705256,0.16688326684108923,0.097258241705256,0.08564822890635447,0.06446896403689573,0,5.65546989440918,4.3794214725494385,0
