Dataset,T,CV,ML,Acc,b_Acc,Prec,Rec,F1,kap,ROC,tra-T,test-T,Al-Time
AD-S2-DI-S1,0,1,LR,0.5872337712026527,0.5953392653187547,0.6168379885408412,0.5953392653187547,0.555452529246366,0.5655106876835159,0,367.10940504074097,0.030208587646484375,0
AD-S2-DI-S1,1,2,LR,0.5872337712026527,0.5953392653187547,0.6168379885408412,0.5953392653187547,0.555452529246366,0.5655106876835159,0,364.648232460022,0.03826427459716797,0
AD-S2-DI-S1,2,3,LR,0.5872337712026527,0.5953392653187547,0.6168379885408412,0.5953392653187547,0.555452529246366,0.5655106876835159,0,403.20698404312134,0.03016519546508789,0
AD-S2-DI-S1,3,4,LR,0.5872337712026527,0.5953392653187547,0.6168379885408412,0.5953392653187547,0.555452529246366,0.5655106876835159,0,364.9870619773865,0.03031611442565918,0
AD-S2-DI-S1,4,5,LR,0.5872337712026527,0.5953392653187547,0.6168379885408412,0.5953392653187547,0.555452529246366,0.5655106876835159,0,366.1316394805908,0.026353120803833008,0
