Dataset,T,CV,ML,Acc,b_Acc,Prec,Rec,F1,kap,ROC,tra-T,test-T,Al-Time
AD-S1-DI-S2,0,1,LSTM,0.07133766068473972,0.06149454644168585,0.010552642931037063,0.06149454644168585,0.015527906860147595,0.016469860758233867,0,5378.395682096481,279.00560307502747,0
