Dataset,T,CV,ML,Acc,b_Acc,Prec,Rec,F1,kap,ROC,tra-T,test-T,Al-Time
DI-S1-AD-S2,0,0,LSTM,0.30992663572391077,0.2960484673842285,0.31527693350782243,0.2960484673842285,0.2744371794751646,0.2535226356750937,0,1263.9846367835999,58.20273733139038,0
