Dataset,T,CV,ML,Acc,b_Acc,Prec,Rec,F1,kap,ROC,tra-T,test-T,Al-Time
DI-S2-AD-S2,0,1,MLP,0.39839630017800404,0.2907168097369035,0.28320834642779263,0.2907168097369035,0.2387558333696776,0.34567269504052234,0,95.7245225906372,9.346308708190918,0
DI-S2-AD-S2,1,2,MLP,0.40839447023007436,0.3290283478295956,0.32753051282166673,0.3290283478295956,0.2961377820234916,0.3540280810831322,0,100.2581422328949,10.702749013900757,0
DI-S2-AD-S2,2,3,MLP,0.3772853554257956,0.3129041392199003,0.2663213347618889,0.3129041392199003,0.265233278473405,0.3201370603715529,0,90.47008681297302,11.459197044372559,0
DI-S2-AD-S2,3,4,MLP,0.4264610470629336,0.29213057530811126,0.4211507882452457,0.29213057530811126,0.2594740873362911,0.3718283707678145,0,103.29674053192139,8.099944829940796,0
DI-S2-AD-S2,4,5,MLP,0.4364758530052736,0.32780412701057715,0.36128793380664675,0.32780412701057715,0.292268665737451,0.3838427735136305,0,91.27435803413391,7.172555685043335,0
