Dataset,T,CV,ML,Acc,b_Acc,Prec,Rec,F1,kap,ROC,tra-T,test-T,Al-Time
AD-S1-DI-S2,0,1,RF,0.6407773549215214,0.6752767998091107,0.6844267926472992,0.6752767998091107,0.6278028702777019,0.6069539683796289,0,37.53162670135498,1.7920725345611572,0
AD-S1-DI-S2,1,2,RF,0.6368477942666697,0.6721532969800776,0.6583567540517556,0.6721532969800776,0.6166735070692321,0.6028614778583481,0,36.68584609031677,1.825359582901001,0
AD-S1-DI-S2,2,3,RF,0.6251154097326997,0.6655758848704159,0.6805039205507529,0.6655758848704159,0.6146296926898815,0.5897380938941899,0,37.43655252456665,1.818282127380371,0
AD-S1-DI-S2,3,4,RF,0.6289211160402639,0.6678296574367477,0.6788105690331638,0.6678296574367477,0.6175757547735253,0.5938689207254073,0,37.71029210090637,1.924372673034668,0
AD-S1-DI-S2,4,5,RF,0.6146215686716058,0.6760759165113713,0.6733765832615695,0.6760759165113713,0.6264729518959863,0.5782708434397719,0,38.37033653259277,1.8180482387542725,0
