Dataset,T,CV,ML,Acc,b_Acc,Prec,Rec,F1,kap,ROC,tra-T,test-T,Al-Time
AD-S2-DI-S2,0,1,RF,0.5879365865741888,0.6444041349114219,0.5610508938532744,0.6444041349114219,0.5704580579684418,0.5512600656923261,0,30.77733540534973,1.7539136409759521,0
AD-S2-DI-S2,1,2,RF,0.581259711306776,0.6483080963276459,0.5668526495915986,0.6483080963276459,0.5708061686571293,0.5444711938887767,0,30.861570119857788,1.6998217105865479,0
AD-S2-DI-S2,2,3,RF,0.5863152205733331,0.6448604987057637,0.5691996723357149,0.6448604987057637,0.5742849190935017,0.5491582457388314,0,30.124882698059082,1.6917870044708252,0
AD-S2-DI-S2,3,4,RF,0.5865967077262594,0.6439170782120557,0.5840747705541441,0.6439170782120557,0.5841013169523116,0.5500947458246603,0,30.158433198928833,1.7110064029693604,0
AD-S2-DI-S2,4,5,RF,0.5742112729975004,0.6169654461085781,0.5515366935803521,0.6169654461085781,0.5490015951648931,0.5362175096355637,0,30.079713582992554,1.707169771194458,0
