Dataset,T,CV,ML,Acc,b_Acc,Prec,Rec,F1,kap,ROC,tra-T,test-T,Al-Time
AD-S1-DI-S2,0,1,XGB,0.6464859143828676,0.6035618345107904,0.6114602150430997,0.6035618345107904,0.5747812818662128,0.6113112612357223,0,154.09674310684204,3.600926160812378,0
AD-S1-DI-S2,1,2,XGB,0.6464859143828676,0.6035618345107904,0.6114602150430997,0.6035618345107904,0.5747812818662128,0.6113112612357223,0,154.99539303779602,3.6751368045806885,0
AD-S1-DI-S2,2,3,XGB,0.6464859143828676,0.6035618345107904,0.6114602150430997,0.6035618345107904,0.5747812818662128,0.6113112612357223,0,153.8235924243927,3.620083808898926,0
AD-S1-DI-S2,3,4,XGB,0.6464859143828676,0.6035618345107904,0.6114602150430997,0.6035618345107904,0.5747812818662128,0.6113112612357223,0,157.74853038787842,3.599938154220581,0
AD-S1-DI-S2,4,5,XGB,0.6464859143828676,0.6035618345107904,0.6114602150430997,0.6035618345107904,0.5747812818662128,0.6113112612357223,0,157.3515763282776,3.839845657348633,0
