Dataset,T,CV,ML,Acc,b_Acc,Prec,Rec,F1,kap,ROC,tra-T,test-T,Al-Time
USVPN@UK,0,1,DT,0.8826334714132514,0.7683429479104684,0.7835472136048384,0.7683429479104684,0.754398180922325,0.842416206012171,0,2.9880785942077637,0.08223176002502441,0
USVPN@UK,1,2,DT,0.8761360052147948,0.7192093050219381,0.7769592821522832,0.7192093050219381,0.7073501901734537,0.8332370501989339,0,2.964538097381592,0.08380746841430664,0
USVPN@UK,2,3,DT,0.8815652795592657,0.7536636331325994,0.7767593978582644,0.7536636331325994,0.741757784962277,0.8410529966595257,0,3.0199992656707764,0.09299278259277344,0
USVPN@UK,3,4,DT,0.8791429232289674,0.7531975582165343,0.7788472416614762,0.7531975582165343,0.7405992714627435,0.8376903035141895,0,3.1625173091888428,0.09904861450195312,0
USVPN@UK,4,5,DT,0.8801480328868516,0.7745731028901903,0.782109451743549,0.7745731028901903,0.7566706331005179,0.8391782210370642,0,3.1551220417022705,0.08594298362731934,0
