Dataset,T,CV,ML,Acc,b_Acc,Prec,Rec,F1,kap,ROC,tra-T,test-T,Al-Time
UKVPN@USVPN,0,1,DT,0.7839047950570012,0.6768427047984826,0.6518190208606809,0.6768427047984826,0.6098035551994068,0.7337643492674717,0,2.787097930908203,0.09430480003356934,0
UKVPN@USVPN,1,2,DT,0.7857366634757637,0.6799042106777274,0.6711473808615986,0.6799042106777274,0.6244503189519519,0.7359659112719068,0,2.8233673572540283,0.09391450881958008,0
UKVPN@USVPN,2,3,DT,0.7813636759202854,0.6710149279186212,0.6283362971228627,0.6710149279186212,0.5963144482334757,0.730659637593827,0,2.6873679161071777,0.08022427558898926,0
UKVPN@USVPN,3,4,DT,0.7838177704290314,0.6718706890440187,0.6634464572279432,0.6718706890440187,0.6184175215748298,0.733577567855519,0,2.6769752502441406,0.09955549240112305,0
UKVPN@USVPN,4,5,DT,0.7844269428248194,0.6735518498009787,0.6584172663964131,0.6735518498009787,0.6188539281261305,0.7343178376342169,0,2.7294883728027344,0.1004343032836914,0
