Feature,Dataset,T,CV,ML,Acc,b_Acc,Prec,Rec,F1,kap,ROC,tra-T,test-T
HH_jit_1_weight,DD1,0,0,DT,0.30793915816539497,0.2446162297899808,0.22250055462693252,0.2446162297899808,0.1916641058631128,0.10760160245404404,0,1.0696635246276855,0.0808563232421875
HH_jit_1_weight,DD1,0,1,DT,0.30793915816539497,0.2446162297899808,0.22250055462693252,0.2446162297899808,0.1916641058631128,0.10760160245404404,0,1.2042560577392578,0.08350348472595215
HH_jit_1_weight,DD1,0,2,DT,0.30793915816539497,0.2446162297899808,0.22250055462693252,0.2446162297899808,0.1916641058631128,0.10760160245404404,0,1.1450433731079102,0.05942964553833008
HH_jit_1_weight,DD1,0,3,DT,0.30793915816539497,0.2446162297899808,0.22250055462693252,0.2446162297899808,0.1916641058631128,0.10760160245404404,0,1.1245436668395996,0.06321525573730469
HH_jit_1_weight,DD1,0,4,DT,0.30793915816539497,0.2446162297899808,0.22250055462693252,0.2446162297899808,0.1916641058631128,0.10760160245404404,0,1.107677936553955,0.07753300666809082
