Feature,Dataset,T,CV,ML,Acc,b_Acc,Prec,Rec,F1,kap,ROC,tra-T,test-T
HH_jit_0.1_mean,DD1T,0,0,DT,0.3440639988796695,0.27222220697293464,0.27715695956808944,0.27222220697293464,0.2430490674731872,0.19433377017328235,0,2.154048442840576,0.05858445167541504
HH_jit_0.1_mean,DD1T,0,1,DT,0.3440639988796695,0.27222220697293464,0.27715695956808944,0.27222220697293464,0.2430490674731872,0.19433377017328235,0,2.410811424255371,0.07404422760009766
HH_jit_0.1_mean,DD1T,0,2,DT,0.3440639988796695,0.27222220697293464,0.27715695956808944,0.27222220697293464,0.2430490674731872,0.19433377017328235,0,2.2514472007751465,0.05446648597717285
HH_jit_0.1_mean,DD1T,0,3,DT,0.3440639988796695,0.27222220697293464,0.27715695956808944,0.27222220697293464,0.2430490674731872,0.19433377017328235,0,2.420696258544922,0.06547093391418457
HH_jit_0.1_mean,DD1T,0,4,DT,0.3440639988796695,0.27222220697293464,0.27715695956808944,0.27222220697293464,0.2430490674731872,0.19433377017328235,0,2.096231460571289,0.06531357765197754
