Feature,Dataset,T,CV,ML,Acc,b_Acc,Prec,Rec,F1,kap,ROC,tra-T,test-T
HpHp_0.01_pcc_0_1,DD2,0,0,DT,0.3013949948312488,0.1758727060088099,0.12497687014162563,0.1758727060088099,0.09102786142431907,0.13866393423794954,0,0.5841021537780762,0.03182554244995117
HpHp_0.01_pcc_0_1,DD2,0,1,DT,0.3013949948312488,0.1758727060088099,0.12497687014162563,0.1758727060088099,0.09102786142431907,0.13866393423794954,0,0.5605142116546631,0.031244277954101562
HpHp_0.01_pcc_0_1,DD2,0,2,DT,0.3013949948312488,0.1758727060088099,0.12497687014162563,0.1758727060088099,0.09102786142431907,0.13866393423794954,0,0.5701613426208496,0.031855106353759766
HpHp_0.01_pcc_0_1,DD2,0,3,DT,0.3013949948312488,0.1758727060088099,0.12497687014162563,0.1758727060088099,0.09102786142431907,0.13866393423794954,0,0.5689928531646729,0.04748344421386719
HpHp_0.01_pcc_0_1,DD2,0,4,DT,0.3013949948312488,0.1758727060088099,0.12497687014162563,0.1758727060088099,0.09102786142431907,0.13866393423794954,0,0.5210659503936768,0.03125572204589844
