Feature,Dataset,T,CV,ML,Acc,b_Acc,Prec,Rec,F1,kap,ROC,tra-T,test-T
HH_1_pcc_0_1,DD2,0,0,DT,0.2656340524145452,0.10447990320615848,0.1023771093568925,0.10447990320615848,0.07192544650426592,0.07838142762,0,0.9967837333679199,0.05955696105957031
HH_1_pcc_0_1,DD2,0,1,DT,0.2656340524145452,0.10447990320615848,0.1023771093568925,0.10447990320615848,0.07192544650426592,0.07838142762,0,0.9816627502441406,0.0728459358215332
HH_1_pcc_0_1,DD2,0,2,DT,0.2656340524145452,0.10447990320615848,0.1023771093568925,0.10447990320615848,0.07192544650426592,0.07838142762,0,0.9996063709259033,0.06435990333557129
HH_1_pcc_0_1,DD2,0,3,DT,0.2656340524145452,0.10447990320615848,0.1023771093568925,0.10447990320615848,0.07192544650426592,0.07838142762,0,0.9974572658538818,0.053175926208496094
HH_1_pcc_0_1,DD2,0,4,DT,0.2656340524145452,0.10447990320615848,0.1023771093568925,0.10447990320615848,0.07192544650426592,0.07838142762,0,0.9422314167022705,0.0667877197265625
