Feature,Dataset,T,CV,ML,Acc,b_Acc,Prec,Rec,F1,kap,ROC,tra-T,test-T
HH_0.1_magnitude_0_1,DD1,0,0,DT,0.28408996042943246,0.26073164823313294,0.2263885767034227,0.26073164823313294,0.20965352908432158,0.07925192204431619,0,1.5602664947509766,0.1785874366760254
HH_0.1_magnitude_0_1,DD1,0,1,DT,0.28408996042943246,0.26073164823313294,0.2263885767034227,0.26073164823313294,0.20965352908432158,0.07925192204431619,0,1.5169095993041992,0.16711068153381348
HH_0.1_magnitude_0_1,DD1,0,2,DT,0.28408996042943246,0.26073164823313294,0.2263885767034227,0.26073164823313294,0.20965352908432158,0.07925192204431619,0,1.5348703861236572,0.1392822265625
HH_0.1_magnitude_0_1,DD1,0,3,DT,0.28408996042943246,0.26073164823313294,0.2263885767034227,0.26073164823313294,0.20965352908432158,0.07925192204431619,0,1.5147356986999512,0.15589642524719238
HH_0.1_magnitude_0_1,DD1,0,4,DT,0.28408996042943246,0.26073164823313294,0.2263885767034227,0.26073164823313294,0.20965352908432158,0.07925192204431619,0,1.527496337890625,0.15125370025634766
