Feature,Dataset,T,CV,ML,Acc,b_Acc,Prec,Rec,F1,kap,ROC,tra-T,test-T
HH_jit_5_mean,DD1T,0,0,DT,0.32342541049609635,0.23777646561082824,0.23086531100275778,0.23777646561082824,0.20977765688470382,0.17454099803941014,0,2.303065776824951,0.07119989395141602
HH_jit_5_mean,DD1T,0,1,DT,0.32342541049609635,0.23777646561082824,0.23086531100275778,0.23777646561082824,0.20977765688470382,0.17454099803941014,0,2.099541187286377,0.0684506893157959
HH_jit_5_mean,DD1T,0,2,DT,0.32342541049609635,0.23777646561082824,0.23086531100275778,0.23777646561082824,0.20977765688470382,0.17454099803941014,0,2.058011770248413,0.06432509422302246
HH_jit_5_mean,DD1T,0,3,DT,0.32342541049609635,0.23777646561082824,0.23086531100275778,0.23777646561082824,0.20977765688470382,0.17454099803941014,0,2.1467018127441406,0.06398773193359375
HH_jit_5_mean,DD1T,0,4,DT,0.32342541049609635,0.23777646561082824,0.23086531100275778,0.23777646561082824,0.20977765688470382,0.17454099803941014,0,2.2233033180236816,0.07223153114318848
