Feature,Dataset,T,CV,ML,Acc,b_Acc,Prec,Rec,F1,kap,ROC,tra-T,test-T
HH_3_radius_0_1,DD2,0,0,DT,0.3565529541401129,0.18464652093548098,0.23448459548390674,0.18464652093548098,0.17404938742504839,0.09398006409362625,0,2.106579303741455,0.06501555442810059
HH_3_radius_0_1,DD2,0,1,DT,0.3565529541401129,0.18464652093548098,0.23448459548390674,0.18464652093548098,0.17404938742504839,0.09398006409362625,0,1.9409220218658447,0.06391263008117676
HH_3_radius_0_1,DD2,0,2,DT,0.3565529541401129,0.18464652093548098,0.23448459548390674,0.18464652093548098,0.17404938742504839,0.09398006409362625,0,2.079073429107666,0.05797243118286133
HH_3_radius_0_1,DD2,0,3,DT,0.3565529541401129,0.18464652093548098,0.23448459548390674,0.18464652093548098,0.17404938742504839,0.09398006409362625,0,2.0795395374298096,0.060103416442871094
HH_3_radius_0_1,DD2,0,4,DT,0.3565529541401129,0.18464652093548098,0.23448459548390674,0.18464652093548098,0.17404938742504839,0.09398006409362625,0,2.060837984085083,0.08440566062927246
