Feature,Dataset,T,CV,ML,Acc,b_Acc,Prec,Rec,F1,kap,ROC,tra-T,test-T
HpHp_0.1_std_0,DD2,0,0,DT,0.3773869974667439,0.15782916317294673,0.2625193592244238,0.15782916317294673,0.134677775304133,-0.003012036700355658,0,0.6063237190246582,0.025140047073364258
HpHp_0.1_std_0,DD2,0,1,DT,0.3773869974667439,0.15782916317294673,0.2625193592244238,0.15782916317294673,0.134677775304133,-0.003012036700355658,0,0.6089839935302734,0.015618562698364258
HpHp_0.1_std_0,DD2,0,2,DT,0.3773869974667439,0.15782916317294673,0.2625193592244238,0.15782916317294673,0.134677775304133,-0.003012036700355658,0,0.5800037384033203,0.024257659912109375
HpHp_0.1_std_0,DD2,0,3,DT,0.3773869974667439,0.15782916317294673,0.2625193592244238,0.15782916317294673,0.134677775304133,-0.003012036700355658,0,0.5688426494598389,0.0265047550201416
HpHp_0.1_std_0,DD2,0,4,DT,0.3773869974667439,0.15782916317294673,0.2625193592244238,0.15782916317294673,0.134677775304133,-0.003012036700355658,0,0.5293428897857666,0.019793033599853516
