Feature,Dataset,T,CV,ML,Acc,b_Acc,Prec,Rec,F1,kap,ROC,tra-T,test-T
HH_5_pcc_0_1,DD2T,0,0,DT,0.3570489796093104,0.09845095020123983,0.1102070938481602,0.09845095020123983,0.07226593205697955,0.01645140440760473,0,0.7588074207305908,0.046895503997802734
HH_5_pcc_0_1,DD2T,0,1,DT,0.3570489796093104,0.09845095020123983,0.1102070938481602,0.09845095020123983,0.07226593205697955,0.01645140440760473,0,0.7118206024169922,0.047026634216308594
HH_5_pcc_0_1,DD2T,0,2,DT,0.3570489796093104,0.09845095020123983,0.1102070938481602,0.09845095020123983,0.07226593205697955,0.01645140440760473,0,0.723724365234375,0.03126811981201172
HH_5_pcc_0_1,DD2T,0,3,DT,0.3570489796093104,0.09845095020123983,0.1102070938481602,0.09845095020123983,0.07226593205697955,0.01645140440760473,0,0.740182638168335,0.031155109405517578
HH_5_pcc_0_1,DD2T,0,4,DT,0.3570489796093104,0.09845095020123983,0.1102070938481602,0.09845095020123983,0.07226593205697955,0.01645140440760473,0,0.7222981452941895,0.03542137145996094
