Feature,Dataset,T,CV,ML,Acc,b_Acc,Prec,Rec,F1,kap,ROC,tra-T,test-T
HpHp_1_covariance_0_1,DD1T,0,0,DT,0.22099102568591067,0.13214151701571544,0.1016242419197342,0.13214151701571544,0.08562623547878957,0.014421515871346324,0,1.0840275287628174,0.015620946884155273
HpHp_1_covariance_0_1,DD1T,0,1,DT,0.22099102568591067,0.13214151701571544,0.1016242419197342,0.13214151701571544,0.08562623547878957,0.014421515871346324,0,0.9402291774749756,0.01563549041748047
HpHp_1_covariance_0_1,DD1T,0,2,DT,0.22099102568591067,0.13214151701571544,0.1016242419197342,0.13214151701571544,0.08562623547878957,0.014421515871346324,0,0.8881115913391113,0.0217740535736084
HpHp_1_covariance_0_1,DD1T,0,3,DT,0.22099102568591067,0.13214151701571544,0.1016242419197342,0.13214151701571544,0.08562623547878957,0.014421515871346324,0,0.8945448398590088,0.02626347541809082
HpHp_1_covariance_0_1,DD1T,0,4,DT,0.22099102568591067,0.13214151701571544,0.1016242419197342,0.13214151701571544,0.08562623547878957,0.014421515871346324,0,0.9468669891357422,0.030744314193725586
