Feature,Dataset,T,CV,ML,Acc,b_Acc,Prec,Rec,F1,kap,ROC,tra-T,test-T
HpHp_0.1_radius_0_1,DD2,0,0,DT,0.38957616240102694,0.1831868219058221,0.22971565335073016,0.1831868219058221,0.14419602422058905,0.04897591593819717,0,0.7119190692901611,0.020853281021118164
HpHp_0.1_radius_0_1,DD2,0,1,DT,0.38957616240102694,0.1831868219058221,0.22971565335073016,0.1831868219058221,0.14419602422058905,0.04897591593819717,0,0.7693839073181152,0.029056310653686523
HpHp_0.1_radius_0_1,DD2,0,2,DT,0.38957616240102694,0.1831868219058221,0.22971565335073016,0.1831868219058221,0.14419602422058905,0.04897591593819717,0,0.6606955528259277,0.0361020565032959
HpHp_0.1_radius_0_1,DD2,0,3,DT,0.38957616240102694,0.1831868219058221,0.22971565335073016,0.1831868219058221,0.14419602422058905,0.04897591593819717,0,0.7408490180969238,0.04083728790283203
HpHp_0.1_radius_0_1,DD2,0,4,DT,0.38957616240102694,0.1831868219058221,0.22971565335073016,0.1831868219058221,0.14419602422058905,0.04897591593819717,0,0.7249939441680908,0.024866104125976562
