Feature,Dataset,T,CV,ML,Acc,b_Acc,Prec,Rec,F1,kap,ROC,tra-T,test-T
HH_3_pcc_0_1,DD2T,0,0,DT,0.3492146395133291,0.0966659954112455,0.09941906771360177,0.0966659954112455,0.07730747144987062,0.014091359046015106,0,0.7139487266540527,0.046939849853515625
HH_3_pcc_0_1,DD2T,0,1,DT,0.3492146395133291,0.0966659954112455,0.09941906771360177,0.0966659954112455,0.07730747144987062,0.014091359046015106,0,0.7078328132629395,0.031392812728881836
HH_3_pcc_0_1,DD2T,0,2,DT,0.3492146395133291,0.0966659954112455,0.09941906771360177,0.0966659954112455,0.07730747144987062,0.014091359046015106,0,0.6334991455078125,0.042026519775390625
HH_3_pcc_0_1,DD2T,0,3,DT,0.3492146395133291,0.0966659954112455,0.09941906771360177,0.0966659954112455,0.07730747144987062,0.014091359046015106,0,0.6987409591674805,0.031181812286376953
HH_3_pcc_0_1,DD2T,0,4,DT,0.3492146395133291,0.0966659954112455,0.09941906771360177,0.0966659954112455,0.07730747144987062,0.014091359046015106,0,0.6991033554077148,0.046941280364990234
