Feature,Dataset,T,CV,ML,Acc,b_Acc,Prec,Rec,F1,kap,ROC,tra-T,test-T
HH_0.1_mean_0,DD2,0,0,DT,0.33992775108202977,0.23606762477265955,0.28806370891524663,0.23606762477265955,0.22380732896141234,0.1267925604008031,0,2.5405983924865723,0.11532044410705566
HH_0.1_mean_0,DD2,0,1,DT,0.33992775108202977,0.23606762477265955,0.28806370891524663,0.23606762477265955,0.22380732896141234,0.1267925604008031,0,2.51176381111145,0.09491467475891113
HH_0.1_mean_0,DD2,0,2,DT,0.33992775108202977,0.23606762477265955,0.28806370891524663,0.23606762477265955,0.22380732896141234,0.1267925604008031,0,2.517630100250244,0.09446072578430176
HH_0.1_mean_0,DD2,0,3,DT,0.33992775108202977,0.23606762477265955,0.28806370891524663,0.23606762477265955,0.22380732896141234,0.1267925604008031,0,2.643756628036499,0.10028672218322754
HH_0.1_mean_0,DD2,0,4,DT,0.33992775108202977,0.23606762477265955,0.28806370891524663,0.23606762477265955,0.22380732896141234,0.1267925604008031,0,2.2694296836853027,0.08004140853881836
