Feature,Dataset,T,CV,ML,Acc,b_Acc,Prec,Rec,F1,kap,ROC,tra-T,test-T
HH_1_std_0,DD2T,0,0,DT,0.30171627701884096,0.2072065435226507,0.15635980361840734,0.2072065435226507,0.16005648556141727,0.0922542243118003,0,1.0372216701507568,0.09606122970581055
HH_1_std_0,DD2T,0,1,DT,0.30171627701884096,0.2072065435226507,0.15635980361840734,0.2072065435226507,0.16005648556141727,0.0922542243118003,0,1.0221245288848877,0.09326410293579102
HH_1_std_0,DD2T,0,2,DT,0.30171627701884096,0.2072065435226507,0.15635980361840734,0.2072065435226507,0.16005648556141727,0.0922542243118003,0,1.0221350193023682,0.09524869918823242
HH_1_std_0,DD2T,0,3,DT,0.30171627701884096,0.2072065435226507,0.15635980361840734,0.2072065435226507,0.16005648556141727,0.0922542243118003,0,1.037895917892456,0.07956218719482422
HH_1_std_0,DD2T,0,4,DT,0.30171627701884096,0.2072065435226507,0.15635980361840734,0.2072065435226507,0.16005648556141727,0.0922542243118003,0,1.0224461555480957,0.09438776969909668
