Feature,Dataset,T,CV,ML,Acc,b_Acc,Prec,Rec,F1,kap,ROC,tra-T,test-T
HpHp_0.01_weight_0,DD2T,0,0,DT,0.36974232298886495,0.3408766381741695,0.22476825941635437,0.3408766381741695,0.2304786309130392,0.20252537127685089,0,2.3903093338012695,0.06273484230041504
HpHp_0.01_weight_0,DD2T,0,1,DT,0.36974232298886495,0.3408766381741695,0.22476825941635437,0.3408766381741695,0.2304786309130392,0.20252537127685089,0,2.2777278423309326,0.05612659454345703
HpHp_0.01_weight_0,DD2T,0,2,DT,0.36974232298886495,0.3408766381741695,0.22476825941635437,0.3408766381741695,0.2304786309130392,0.20252537127685089,0,2.174715042114258,0.06277155876159668
HpHp_0.01_weight_0,DD2T,0,3,DT,0.36974232298886495,0.3408766381741695,0.22476825941635437,0.3408766381741695,0.2304786309130392,0.20252537127685089,0,2.361652374267578,0.07819771766662598
HpHp_0.01_weight_0,DD2T,0,4,DT,0.36974232298886495,0.3408766381741695,0.22476825941635437,0.3408766381741695,0.2304786309130392,0.20252537127685089,0,2.363586664199829,0.06303858757019043
