Feature,Dataset,T,CV,ML,Acc,b_Acc,Prec,Rec,F1,kap,ROC,tra-T,test-T
HH_jit_1_std,DD1T,0,0,DT,0.2647656058537268,0.14629346903340823,0.20569232210710842,0.14629346903340823,0.12896406457407683,0.05648294842162116,0,1.9864490032196045,0.04749298095703125
HH_jit_1_std,DD1T,0,1,DT,0.2647656058537268,0.14629346903340823,0.20569232210710842,0.14629346903340823,0.12896406457407683,0.05648294842162116,0,2.054455041885376,0.06726551055908203
HH_jit_1_std,DD1T,0,2,DT,0.2647656058537268,0.14629346903340823,0.20569232210710842,0.14629346903340823,0.12896406457407683,0.05648294842162116,0,2.104665994644165,0.057785987854003906
HH_jit_1_std,DD1T,0,3,DT,0.2647656058537268,0.14629346903340823,0.20569232210710842,0.14629346903340823,0.12896406457407683,0.05648294842162116,0,1.9355556964874268,0.04699850082397461
HH_jit_1_std,DD1T,0,4,DT,0.2647656058537268,0.14629346903340823,0.20569232210710842,0.14629346903340823,0.12896406457407683,0.05648294842162116,0,1.9593262672424316,0.0377810001373291
