Feature,Dataset,T,CV,ML,Acc,b_Acc,Prec,Rec,F1,kap,ROC,tra-T,test-T
HpHp_5_covariance_0_1,DD1,0,0,DT,0.2849481575476266,0.1304215069469789,0.12054269874035989,0.1304215069469789,0.08130478861822482,0.09177297474650237,0,0.2983131408691406,0.04687213897705078
HpHp_5_covariance_0_1,DD1,0,1,DT,0.2849481575476266,0.1304215069469789,0.12054269874035989,0.1304215069469789,0.08130478861822482,0.09177297474650237,0,0.33548998832702637,0.057435035705566406
HpHp_5_covariance_0_1,DD1,0,2,DT,0.2849481575476266,0.1304215069469789,0.12054269874035989,0.1304215069469789,0.08130478861822482,0.09177297474650237,0,0.2989366054534912,0.05333995819091797
HpHp_5_covariance_0_1,DD1,0,3,DT,0.2849481575476266,0.1304215069469789,0.12054269874035989,0.1304215069469789,0.08130478861822482,0.09177297474650237,0,0.3302149772644043,0.04758095741271973
HpHp_5_covariance_0_1,DD1,0,4,DT,0.2849481575476266,0.1304215069469789,0.12054269874035989,0.1304215069469789,0.08130478861822482,0.09177297474650237,0,0.3195819854736328,0.04247283935546875
