Feature,Dataset,T,CV,ML,Acc,b_Acc,Prec,Rec,F1,kap,ROC,tra-T,test-T
HpHp_3_pcc_0_1,DD2T,0,0,DT,0.3538039360067127,0.11058215178006975,0.08187367363392521,0.11058215178006975,0.07957807735216889,0.01505267975123481,0,0.599949836730957,0.03137922286987305
HpHp_3_pcc_0_1,DD2T,0,1,DT,0.3538039360067127,0.11058215178006975,0.08187367363392521,0.11058215178006975,0.07957807735216889,0.01505267975123481,0,0.6273829936981201,0.015630483627319336
HpHp_3_pcc_0_1,DD2T,0,2,DT,0.3538039360067127,0.11058215178006975,0.08187367363392521,0.11058215178006975,0.07957807735216889,0.01505267975123481,0,0.6285266876220703,0.03148293495178223
HpHp_3_pcc_0_1,DD2T,0,3,DT,0.3538039360067127,0.11058215178006975,0.08187367363392521,0.11058215178006975,0.07957807735216889,0.01505267975123481,0,0.6163609027862549,0.031304121017456055
HpHp_3_pcc_0_1,DD2T,0,4,DT,0.3538039360067127,0.11058215178006975,0.08187367363392521,0.11058215178006975,0.07957807735216889,0.01505267975123481,0,0.583137035369873,0.03489112854003906
