Feature,Dataset,T,CV,ML,Acc,b_Acc,Prec,Rec,F1,kap,ROC,tra-T,test-T
MI_dir_0.1_std,SD2T,0,0,DT,0.5308761885287803,0.24689310151491908,0.27399350606550227,0.24689310151491908,0.24691539455472936,0.21078248229479735,0,3.1066460609436035,0.06899905204772949
MI_dir_0.1_std,SD2T,0,1,DT,0.5308761885287803,0.24689310151491908,0.27399350606550227,0.24689310151491908,0.24691539455472936,0.21078248229479735,0,3.097818374633789,0.06911659240722656
MI_dir_0.1_std,SD2T,0,2,DT,0.5308761885287803,0.24689310151491908,0.27399350606550227,0.24689310151491908,0.24691539455472936,0.21078248229479735,0,3.1289336681365967,0.07404208183288574
MI_dir_0.1_std,SD2T,0,3,DT,0.5308761885287803,0.24689310151491908,0.27399350606550227,0.24689310151491908,0.24691539455472936,0.21078248229479735,0,3.1108269691467285,0.06902742385864258
MI_dir_0.1_std,SD2T,0,4,DT,0.5308761885287803,0.24689310151491908,0.27399350606550227,0.24689310151491908,0.24691539455472936,0.21078248229479735,0,3.1111574172973633,0.0733942985534668
