Feature,Dataset,T,CV,ML,Acc,b_Acc,Prec,Rec,F1,kap,ROC,tra-T,test-T
HH_3_covariance_0_1,SD1T,0,0,DT,0.4026712880299688,0.1468273210959635,0.13761048599275624,0.1468273210959635,0.1283232969067705,0.10038926906153811,0,0.9134063720703125,0.0349888801574707
HH_3_covariance_0_1,SD1T,0,1,DT,0.4026712880299688,0.1468273210959635,0.13761048599275624,0.1468273210959635,0.1283232969067705,0.10038926906153811,0,0.89890456199646,0.03814220428466797
HH_3_covariance_0_1,SD1T,0,2,DT,0.4026712880299688,0.1468273210959635,0.13761048599275624,0.1468273210959635,0.1283232969067705,0.10038926906153811,0,0.9189283847808838,0.036051034927368164
HH_3_covariance_0_1,SD1T,0,3,DT,0.4026712880299688,0.1468273210959635,0.13761048599275624,0.1468273210959635,0.1283232969067705,0.10038926906153811,0,0.9029593467712402,0.035942792892456055
HH_3_covariance_0_1,SD1T,0,4,DT,0.4026712880299688,0.1468273210959635,0.13761048599275624,0.1468273210959635,0.1283232969067705,0.10038926906153811,0,0.906095027923584,0.03590798377990723
