Feature,Dataset,T,CV,ML,Acc,b_Acc,Prec,Rec,F1,kap,ROC,tra-T,test-T
HpHp_3_pcc_0_1,SD2T,0,0,DT,0.5867895807063581,0.13545370397152046,0.11584044101001793,0.13545370397152046,0.10872119415933178,0.05991352366285663,0,1.0598931312561035,0.0300600528717041
HpHp_3_pcc_0_1,SD2T,0,1,DT,0.5867895807063581,0.13545370397152046,0.11584044101001793,0.13545370397152046,0.10872119415933178,0.05991352366285663,0,1.0634853839874268,0.028947830200195312
HpHp_3_pcc_0_1,SD2T,0,2,DT,0.5867895807063581,0.13545370397152046,0.11584044101001793,0.13545370397152046,0.10872119415933178,0.05991352366285663,0,1.127122402191162,0.02933526039123535
HpHp_3_pcc_0_1,SD2T,0,3,DT,0.5867895807063581,0.13545370397152046,0.11584044101001793,0.13545370397152046,0.10872119415933178,0.05991352366285663,0,1.0796904563903809,0.030039072036743164
HpHp_3_pcc_0_1,SD2T,0,4,DT,0.5867895807063581,0.13545370397152046,0.11584044101001793,0.13545370397152046,0.10872119415933178,0.05991352366285663,0,1.1193428039550781,0.029918193817138672
