Feature,Dataset,T,CV,ML,Acc,b_Acc,Prec,Rec,F1,kap,ROC,tra-T,test-T
MI_dir_0.1_std,SD2,0,0,DT,0.5302155510660678,0.26827327052484934,0.20282972460943519,0.26827327052484934,0.21036197773165308,0.16435657432178818,0,1.3699941635131836,0.1280040740966797
MI_dir_0.1_std,SD2,0,1,DT,0.5302155510660678,0.26827327052484934,0.20282972460943519,0.26827327052484934,0.21036197773165308,0.16435657432178818,0,1.3523170948028564,0.12599754333496094
MI_dir_0.1_std,SD2,0,2,DT,0.5302155510660678,0.26827327052484934,0.20282972460943519,0.26827327052484934,0.21036197773165308,0.16435657432178818,0,1.3893263339996338,0.12482833862304688
MI_dir_0.1_std,SD2,0,3,DT,0.5302155510660678,0.26827327052484934,0.20282972460943519,0.26827327052484934,0.21036197773165308,0.16435657432178818,0,1.360083818435669,0.12288451194763184
MI_dir_0.1_std,SD2,0,4,DT,0.5302155510660678,0.26827327052484934,0.20282972460943519,0.26827327052484934,0.21036197773165308,0.16435657432178818,0,1.2731328010559082,0.12992310523986816
