Feature,Dataset,T,CV,ML,Acc,b_Acc,Prec,Rec,F1,kap,ROC,tra-T,test-T
HH_0.1_mean_0,SD1T,0,0,DT,0.37222397273862456,0.2789184284359033,0.3419685169569337,0.2789184284359033,0.29966537197866705,0.16457227295524457,0,2.405958414077759,0.09696841239929199
HH_0.1_mean_0,SD1T,0,1,DT,0.37222397273862456,0.2789184284359033,0.3419685169569337,0.2789184284359033,0.29966537197866705,0.16457227295524457,0,2.4251363277435303,0.09591245651245117
HH_0.1_mean_0,SD1T,0,2,DT,0.37222397273862456,0.2789184284359033,0.3419685169569337,0.2789184284359033,0.29966537197866705,0.16457227295524457,0,2.4150915145874023,0.09591293334960938
HH_0.1_mean_0,SD1T,0,3,DT,0.37222397273862456,0.2789184284359033,0.3419685169569337,0.2789184284359033,0.29966537197866705,0.16457227295524457,0,2.352994203567505,0.0929102897644043
HH_0.1_mean_0,SD1T,0,4,DT,0.37222397273862456,0.2789184284359033,0.3419685169569337,0.2789184284359033,0.29966537197866705,0.16457227295524457,0,2.4233438968658447,0.09791135787963867
