Feature,Dataset,T,CV,ML,Acc,b_Acc,Prec,Rec,F1,kap,ROC,tra-T,test-T
HH_1_std_0,SD1T,0,0,DT,0.3687521152073195,0.1974613305463614,0.2598980875024112,0.1974613305463614,0.20605347321305842,0.15577462950866883,0,1.8289704322814941,0.07804131507873535
HH_1_std_0,SD1T,0,1,DT,0.3687521152073195,0.1974613305463614,0.2598980875024112,0.1974613305463614,0.20605347321305842,0.15577462950866883,0,1.7420132160186768,0.07790255546569824
HH_1_std_0,SD1T,0,2,DT,0.3687521152073195,0.1974613305463614,0.2598980875024112,0.1974613305463614,0.20605347321305842,0.15577462950866883,0,1.8599047660827637,0.07502198219299316
HH_1_std_0,SD1T,0,3,DT,0.3687521152073195,0.1974613305463614,0.2598980875024112,0.1974613305463614,0.20605347321305842,0.15577462950866883,0,1.626044750213623,0.07495450973510742
HH_1_std_0,SD1T,0,4,DT,0.3687521152073195,0.1974613305463614,0.2598980875024112,0.1974613305463614,0.20605347321305842,0.15577462950866883,0,1.807896375656128,0.0870048999786377
