Feature,Dataset,T,CV,ML,Acc,b_Acc,Prec,Rec,F1,kap,ROC,tra-T,test-T
HH_3_covariance_0_1,SD2,0,0,DT,0.651835773796604,0.12878534383781112,0.11390805436189856,0.12878534383781112,0.11936183384096992,0.06716973792292791,0,0.7725582122802734,0.08297467231750488
HH_3_covariance_0_1,SD2,0,1,DT,0.651835773796604,0.12878534383781112,0.11390805436189856,0.12878534383781112,0.11936183384096992,0.06716973792292791,0,0.7930002212524414,0.07690811157226562
HH_3_covariance_0_1,SD2,0,2,DT,0.651835773796604,0.12878534383781112,0.11390805436189856,0.12878534383781112,0.11936183384096992,0.06716973792292791,0,0.779991626739502,0.0769038200378418
HH_3_covariance_0_1,SD2,0,3,DT,0.651835773796604,0.12878534383781112,0.11390805436189856,0.12878534383781112,0.11936183384096992,0.06716973792292791,0,0.6068673133850098,0.07800483703613281
HH_3_covariance_0_1,SD2,0,4,DT,0.651835773796604,0.12878534383781112,0.11390805436189856,0.12878534383781112,0.11936183384096992,0.06716973792292791,0,0.7280027866363525,0.07600283622741699
