Feature,Dataset,T,CV,ML,Acc,b_Acc,Prec,Rec,F1,kap,ROC,tra-T,test-T
HH_3_mean_0,SD1T,0,0,DT,0.5264794781127099,0.3741651918567263,0.3779280128891753,0.3741651918567263,0.3616320991401243,0.3753805506913739,0,1.2490229606628418,0.05387377738952637
HH_3_mean_0,SD1T,0,1,DT,0.5264794781127099,0.3741651918567263,0.3779280128891753,0.3741651918567263,0.3616320991401243,0.3753805506913739,0,1.2524816989898682,0.05492663383483887
HH_3_mean_0,SD1T,0,2,DT,0.5264794781127099,0.3741651918567263,0.3779280128891753,0.3741651918567263,0.3616320991401243,0.3753805506913739,0,1.2489492893218994,0.05512642860412598
HH_3_mean_0,SD1T,0,3,DT,0.5264794781127099,0.3741651918567263,0.3779280128891753,0.3741651918567263,0.3616320991401243,0.3753805506913739,0,1.2780041694641113,0.05397844314575195
HH_3_mean_0,SD1T,0,4,DT,0.5264794781127099,0.3741651918567263,0.3779280128891753,0.3741651918567263,0.3616320991401243,0.3753805506913739,0,1.2457358837127686,0.05687403678894043
