Feature,Dataset,T,CV,ML,Acc,b_Acc,Prec,Rec,F1,kap,ROC,tra-T,test-T
HH_3_weight_0,SD1T,0,0,DT,0.30343451318138853,0.13436938131793255,0.15116198110070767,0.13436938131793255,0.12277085490119914,0.050897209217512174,0,1.2694942951202393,0.056001901626586914
HH_3_weight_0,SD1T,0,1,DT,0.30343451318138853,0.13436938131793255,0.15116198110070767,0.13436938131793255,0.12277085490119914,0.050897209217512174,0,1.294996976852417,0.05708503723144531
HH_3_weight_0,SD1T,0,2,DT,0.30343451318138853,0.13436938131793255,0.15116198110070767,0.13436938131793255,0.12277085490119914,0.050897209217512174,0,1.212080955505371,0.06301045417785645
HH_3_weight_0,SD1T,0,3,DT,0.30343451318138853,0.13436938131793255,0.15116198110070767,0.13436938131793255,0.12277085490119914,0.050897209217512174,0,1.2665421962738037,0.0590357780456543
HH_3_weight_0,SD1T,0,4,DT,0.30343451318138853,0.13436938131793255,0.15116198110070767,0.13436938131793255,0.12277085490119914,0.050897209217512174,0,0.9141025543212891,0.05690908432006836
