Feature,Dataset,T,CV,ML,Acc,b_Acc,Prec,Rec,F1,kap,ROC,tra-T,test-T
HpHp_5_mean_0,SD2,0,0,DT,0.7311004624914431,0.5054052195755941,0.4827273623357227,0.5054052195755941,0.44736474351394273,0.4768729445360973,0,0.5829594135284424,0.04987192153930664
HpHp_5_mean_0,SD2,0,1,DT,0.7311004624914431,0.5054052195755941,0.4827273623357227,0.5054052195755941,0.44736474351394273,0.4768729445360973,0,0.5891323089599609,0.04908442497253418
HpHp_5_mean_0,SD2,0,2,DT,0.7311004624914431,0.5054052195755941,0.4827273623357227,0.5054052195755941,0.44736474351394273,0.4768729445360973,0,0.5949900150299072,0.04900527000427246
HpHp_5_mean_0,SD2,0,3,DT,0.7311004624914431,0.5054052195755941,0.4827273623357227,0.5054052195755941,0.44736474351394273,0.4768729445360973,0,0.5882532596588135,0.04800009727478027
HpHp_5_mean_0,SD2,0,4,DT,0.7311004624914431,0.5054052195755941,0.4827273623357227,0.5054052195755941,0.44736474351394273,0.4768729445360973,0,0.587989091873169,0.04988288879394531
