Feature,Dataset,T,CV,ML,Acc,b_Acc,Prec,Rec,F1,kap,ROC,tra-T,test-T
HpHp_0.01_covariance_0_1,SD1,0,0,DT,0.43305492172081494,0.17826197636757302,0.267049034669122,0.17826197636757302,0.18311635304204743,0.12103972192482226,0,0.5309975147247314,0.0319063663482666
HpHp_0.01_covariance_0_1,SD1,0,1,DT,0.43305492172081494,0.17826197636757302,0.267049034669122,0.17826197636757302,0.18311635304204743,0.12103972192482226,0,0.5359838008880615,0.03389596939086914
HpHp_0.01_covariance_0_1,SD1,0,2,DT,0.43305492172081494,0.17826197636757302,0.267049034669122,0.17826197636757302,0.18311635304204743,0.12103972192482226,0,0.5260429382324219,0.031148910522460938
HpHp_0.01_covariance_0_1,SD1,0,3,DT,0.43305492172081494,0.17826197636757302,0.267049034669122,0.17826197636757302,0.18311635304204743,0.12103972192482226,0,0.5110330581665039,0.03099846839904785
HpHp_0.01_covariance_0_1,SD1,0,4,DT,0.43305492172081494,0.17826197636757302,0.267049034669122,0.17826197636757302,0.18311635304204743,0.12103972192482226,0,0.526993989944458,0.03193259239196777
