Feature,Dataset,T,CV,ML,Acc,b_Acc,Prec,Rec,F1,kap,ROC,tra-T,test-T
HH_0.01_radius_0_1,SD1,0,0,DT,0.4962390886479128,0.39116578071915403,0.37129139558732943,0.39116578071915403,0.3639365572200745,0.3148863616680788,0,1.6211857795715332,0.09491348266601562
HH_0.01_radius_0_1,SD1,0,1,DT,0.4962390886479128,0.39116578071915403,0.37129139558732943,0.39116578071915403,0.3639365572200745,0.3148863616680788,0,1.5953679084777832,0.0946354866027832
HH_0.01_radius_0_1,SD1,0,2,DT,0.4962390886479128,0.39116578071915403,0.37129139558732943,0.39116578071915403,0.3639365572200745,0.3148863616680788,0,1.6356587409973145,0.09313130378723145
HH_0.01_radius_0_1,SD1,0,3,DT,0.4962390886479128,0.39116578071915403,0.37129139558732943,0.39116578071915403,0.3639365572200745,0.3148863616680788,0,1.6234188079833984,0.0950155258178711
HH_0.01_radius_0_1,SD1,0,4,DT,0.4962390886479128,0.39116578071915403,0.37129139558732943,0.39116578071915403,0.3639365572200745,0.3148863616680788,0,1.4390690326690674,0.09694385528564453
