Feature,Dataset,T,CV,ML,Acc,b_Acc,Prec,Rec,F1,kap,ROC,tra-T,test-T
HH_5_std_0,SD2,0,0,DT,0.5959828360576361,0.20725596526057613,0.18812353338984047,0.20725596526057613,0.15406895001157528,0.2443961606367423,0,1.045017957687378,0.10309410095214844
HH_5_std_0,SD2,0,1,DT,0.5959828360576361,0.20725596526057613,0.18812353338984047,0.20725596526057613,0.15406895001157528,0.2443961606367423,0,0.9410042762756348,0.09999299049377441
HH_5_std_0,SD2,0,2,DT,0.5959828360576361,0.20725596526057613,0.18812353338984047,0.20725596526057613,0.15406895001157528,0.2443961606367423,0,1.0839924812316895,0.10100746154785156
HH_5_std_0,SD2,0,3,DT,0.5959828360576361,0.20725596526057613,0.18812353338984047,0.20725596526057613,0.15406895001157528,0.2443961606367423,0,1.0409986972808838,0.10200619697570801
HH_5_std_0,SD2,0,4,DT,0.5959828360576361,0.20725596526057613,0.18812353338984047,0.20725596526057613,0.15406895001157528,0.2443961606367423,0,1.0449895858764648,0.1020047664642334
