Feature,Dataset,T,CV,ML,Acc,b_Acc,Prec,Rec,F1,kap,ROC,tra-T,test-T
HH_0.1_covariance_0_1,SD2T,0,0,DT,0.5605595883174863,0.1568875148564751,0.13542881293762365,0.1568875148564751,0.13426428688926237,0.059053655524950566,0,2.425168752670288,0.05799555778503418
HH_0.1_covariance_0_1,SD2T,0,1,DT,0.5605595883174863,0.1568875148564751,0.13542881293762365,0.1568875148564751,0.13426428688926237,0.059053655524950566,0,2.7090048789978027,0.05801820755004883
HH_0.1_covariance_0_1,SD2T,0,2,DT,0.5605595883174863,0.1568875148564751,0.13542881293762365,0.1568875148564751,0.13426428688926237,0.059053655524950566,0,2.7969090938568115,0.05709242820739746
HH_0.1_covariance_0_1,SD2T,0,3,DT,0.5605595883174863,0.1568875148564751,0.13542881293762365,0.1568875148564751,0.13426428688926237,0.059053655524950566,0,2.7239956855773926,0.058913469314575195
HH_0.1_covariance_0_1,SD2T,0,4,DT,0.5605595883174863,0.1568875148564751,0.13542881293762365,0.1568875148564751,0.13426428688926237,0.059053655524950566,0,2.6982667446136475,0.05810189247131348
