Feature,Dataset,T,CV,ML,Acc,b_Acc,Prec,Rec,F1,kap,ROC,tra-T,test-T
HH_0.1_radius_0_1,SD2T,0,0,DT,0.512967317588522,0.2659190667959552,0.27884517443918216,0.2659190667959552,0.26293840507623506,0.21355378237413236,0,3.42606520652771,0.07503867149353027
HH_0.1_radius_0_1,SD2T,0,1,DT,0.512967317588522,0.2659190667959552,0.27884517443918216,0.2659190667959552,0.26293840507623506,0.21355378237413236,0,3.4104437828063965,0.07300043106079102
HH_0.1_radius_0_1,SD2T,0,2,DT,0.512967317588522,0.2659190667959552,0.27884517443918216,0.2659190667959552,0.26293840507623506,0.21355378237413236,0,3.3962490558624268,0.07499384880065918
HH_0.1_radius_0_1,SD2T,0,3,DT,0.512967317588522,0.2659190667959552,0.27884517443918216,0.2659190667959552,0.26293840507623506,0.21355378237413236,0,3.1401591300964355,0.07400298118591309
HH_0.1_radius_0_1,SD2T,0,4,DT,0.512967317588522,0.2659190667959552,0.27884517443918216,0.2659190667959552,0.26293840507623506,0.21355378237413236,0,3.3304190635681152,0.07400083541870117
