Feature,Dataset,T,CV,ML,Acc,b_Acc,Prec,Rec,F1,kap,ROC,tra-T,test-T
HH_5_radius_0_1,SD1,0,0,DT,0.3937333841352473,0.17097708322825214,0.1853025697461259,0.17097708322825214,0.16779276601560444,0.1254913553931134,0,1.0012052059173584,0.07935523986816406
HH_5_radius_0_1,SD1,0,1,DT,0.3937333841352473,0.17097708322825214,0.1853025697461259,0.17097708322825214,0.16779276601560444,0.1254913553931134,0,1.0212116241455078,0.0733649730682373
HH_5_radius_0_1,SD1,0,2,DT,0.3937333841352473,0.17097708322825214,0.1853025697461259,0.17097708322825214,0.16779276601560444,0.1254913553931134,0,0.9940023422241211,0.08197474479675293
HH_5_radius_0_1,SD1,0,3,DT,0.3937333841352473,0.17097708322825214,0.1853025697461259,0.17097708322825214,0.16779276601560444,0.1254913553931134,0,0.9719767570495605,0.07889771461486816
HH_5_radius_0_1,SD1,0,4,DT,0.3937333841352473,0.17097708322825214,0.1853025697461259,0.17097708322825214,0.16779276601560444,0.1254913553931134,0,1.0101056098937988,0.0830087661743164
