Feature,Dataset,T,CV,ML,Acc,b_Acc,Prec,Rec,F1,kap,ROC,tra-T,test-T
HpHp_3_magnitude_0_1,SD1,0,0,DT,0.6009195717227415,0.4912997817066766,0.5045943300468497,0.4912997817066766,0.4771956918194542,0.449890457363714,0,0.5472457408905029,0.04201149940490723
HpHp_3_magnitude_0_1,SD1,0,1,DT,0.6009195717227415,0.4912997817066766,0.5045943300468497,0.4912997817066766,0.4771956918194542,0.449890457363714,0,0.5450778007507324,0.039920806884765625
HpHp_3_magnitude_0_1,SD1,0,2,DT,0.6009195717227415,0.4912997817066766,0.5045943300468497,0.4912997817066766,0.4771956918194542,0.449890457363714,0,0.4562497138977051,0.038097381591796875
HpHp_3_magnitude_0_1,SD1,0,3,DT,0.6009195717227415,0.4912997817066766,0.5045943300468497,0.4912997817066766,0.4771956918194542,0.449890457363714,0,0.5469202995300293,0.03909587860107422
HpHp_3_magnitude_0_1,SD1,0,4,DT,0.6009195717227415,0.4912997817066766,0.5045943300468497,0.4912997817066766,0.4771956918194542,0.449890457363714,0,0.5474157333374023,0.03637385368347168
