Feature,Dataset,T,CV,ML,Acc,b_Acc,Prec,Rec,F1,kap,ROC,tra-T,test-T
Subflow Fwd Pkts,CS2D1,1,0,DT,0.5850571915307861,0.3333064991770687,0.4147297709712032,0.3333064991770687,0.3112006231012497,0.34754343644535735,0,0.0037157535552978516,0.0
Subflow Fwd Pkts,CS2D1,2,0,DT,0.5838403504502312,0.32560814369870916,0.48506383891899185,0.32560814369870916,0.3102832715165202,0.35853565817928457,0,0.005475044250488281,0.0009922981262207031
Subflow Fwd Pkts,CS2D1,3,0,DT,0.5811633000730104,0.33558428783018757,0.40023464239181755,0.33558428783018757,0.3093874808362272,0.35576694972540157,0,0.003535747528076172,0.0
Subflow Fwd Pkts,CS2D1,4,0,DT,0.578383641674781,0.3324580788269089,0.36311395186163775,0.3324580788269089,0.27559442963102726,0.34506686892879923,0,0.003668546676635742,0.0
Subflow Fwd Pkts,CS2D1,5,0,DT,0.5939629990262901,0.33990116276643595,0.39566896155275705,0.33990116276643595,0.2912791932157396,0.3639426557899309,0,0.003847837448120117,0.0008800029754638672
