Feature,Dataset,T,CV,ML,Acc,b_Acc,Prec,Rec,F1,kap,ROC,tra-T,test-T
PSH Flag Cnt,CS1D2,1,0,DT,0.45341922695738357,0.08333333333333333,0.037784935579781964,0.08333333333333333,0.0519945448346403,0.0,0,0.0,0.0029075145721435547
PSH Flag Cnt,CS1D2,3,0,DT,0.4474727452923687,0.08333333333333333,0.03728939544103072,0.08333333333333333,0.0515234508729887,0.0,0,0.0,0.0
PSH Flag Cnt,CS1D2,4,0,DT,0.454410307234886,0.08333333333333333,0.03786752560290717,0.08333333333333333,0.05207268597387848,0.0,0,0.0,0.0
PSH Flag Cnt,CS1D2,5,0,DT,0.43133366385721367,0.08333333333333333,0.03594447198810114,0.08333333333333333,0.05022514721163838,0.0,0,0.0019779205322265625,0.0
