Feature,Dataset,T,CV,ML,Acc,b_Acc,Prec,Rec,F1,kap,ROC,tra-T,test-T
Bwd Blk Rate Avg,CS2D1,1,0,DT,0.4684838160136286,0.08333333333333333,0.039040318001135714,0.08333333333333333,0.05317092034029389,0.0,0,0.0008578300476074219,0.0
Bwd Blk Rate Avg,CS2D1,2,0,DT,0.47237770747140423,0.08333333333333333,0.039364808955950355,0.08333333333333333,0.05347107438016529,0.0,0,0.003962516784667969,0.0011019706726074219
Bwd Blk Rate Avg,CS2D1,3,0,DT,0.4704307617425164,0.08333333333333333,0.039202563478543034,0.08333333333333333,0.05332119607194086,0.0,0,0.0016224384307861328,0.0
Bwd Blk Rate Avg,CS2D1,4,0,DT,0.4481499513145083,0.08333333333333333,0.037345829276209025,0.08333333333333333,0.05157729590407351,0.0,0,0.001997709274291992,0.000997304916381836
Bwd Blk Rate Avg,CS2D1,5,0,DT,0.46397273612463485,0.08333333333333333,0.038664394677052905,0.08333333333333333,0.052821194989469016,0.0,0,0.0018956661224365234,0.001058816909790039
