Feature,Dataset,T,CV,ML,Acc,b_Acc,Prec,Rec,F1,kap,ROC,tra-T,test-T
ECE Flag Cnt,CS1D2,1,0,DT,0.44301288404360756,0.08333333333333333,0.0369177403369673,0.08333333333333333,0.05116758241758242,0.0,0,0.0,0.0
ECE Flag Cnt,CS1D2,2,0,DT,0.4425173439048563,0.08333333333333333,0.03687644532540469,0.08333333333333333,0.051127905645253637,0.0,0,0.0,0.0
ECE Flag Cnt,CS1D2,3,0,DT,0.4425173439048563,0.08333333333333333,0.03687644532540469,0.08333333333333333,0.051127905645253637,0.0,0,0.006237983703613281,0.0
ECE Flag Cnt,CS1D2,4,0,DT,0.4464816650148662,0.08333333333333333,0.03720680541790552,0.08333333333333333,0.05144455863880324,0.0,0,0.0,0.0
ECE Flag Cnt,CS1D2,5,0,DT,0.4417451660882499,0.08333333333333333,0.03681209717402082,0.08333333333333333,0.051066024759284734,0.0,0,0.0061953067779541016,0.0
