Feature,Dataset,T,CV,ML,Acc,b_Acc,Prec,Rec,F1,kap,ROC,tra-T,test-T
Fwd PSH Flags,CS1D2,1,0,DT,0.4380574826560951,0.08333333333333333,0.03650479022134126,0.08333333333333333,0.050769584194808176,0.0,0,0.0,0.0
Fwd PSH Flags,CS1D2,2,0,DT,0.4554013875123885,0.08333333333333333,0.03795011562603238,0.08333333333333333,0.05215072069004653,0.0,0,0.0,0.0
Fwd PSH Flags,CS1D2,3,0,DT,0.43062438057482655,0.08333333333333333,0.03588536504790221,0.08333333333333333,0.05016741715737213,0.0,0,0.0,0.0
Fwd PSH Flags,CS1D2,4,0,DT,0.44796828543111994,0.08333333333333333,0.03733069045259333,0.08333333333333333,0.05156285649098791,0.0,0,0.0,0.0072977542877197266
Fwd PSH Flags,CS1D2,5,0,DT,0.4442240951908775,0.08333333333333333,0.03701867459923979,0.08333333333333333,0.05126444673303582,0.0,0,0.0,0.0
