Feature,Dataset,T,CV,ML,Acc,b_Acc,Prec,Rec,F1,kap,ROC,tra-T,test-T
Idle Min,CS1D2,1,0,DT,0.763627353815659,0.4448287981973313,0.6008073758545102,0.4448287981973313,0.4699657778446311,0.6625704332243607,0,0.019902706146240234,0.0
Idle Min,CS1D2,2,0,DT,0.7576808721506442,0.4265490651517452,0.5012867326756303,0.4265490651517452,0.4457116057399086,0.6638463152616461,0,0.015572309494018555,0.0
Idle Min,CS1D2,3,0,DT,0.7715559960356789,0.4364640086867467,0.5544990462649375,0.4364640086867467,0.4599959344203284,0.6712682612940601,0,0.013829946517944336,0.0
Idle Min,CS1D2,4,0,DT,0.7477700693756194,0.44784241178995626,0.5657883355929634,0.44784241178995626,0.47685916939843614,0.6531715280837795,0,0.017131328582763672,0.0011138916015625
Idle Min,CS1D2,5,0,DT,0.7605354486861676,0.4301179617732654,0.5006595628763287,0.4301179617732654,0.44677737536882667,0.6643301201224275,0,0.017602920532226562,0.0
