Feature,Dataset,T,CV,ML,Acc,b_Acc,Prec,Rec,F1,kap,ROC,tra-T,test-T
Bwd IAT Min,CS1D2,1,0,DT,0.6035678889990089,0.29898116406101544,0.40710633907046095,0.29898116406101544,0.3229882681041765,0.4162990816400318,0,0.015680551528930664,0.0
Bwd IAT Min,CS1D2,3,0,DT,0.6035678889990089,0.30259453614459436,0.42833636896650235,0.30259453614459436,0.3342558899681389,0.39955732974099223,0,0.01272892951965332,0.0
Bwd IAT Min,CS1D2,4,0,DT,0.6164519326065411,0.3135721157546021,0.4272449419944874,0.3135721157546021,0.34262604246082007,0.42161784456987716,0,0.006252288818359375,0.0
Bwd IAT Min,CS1D2,5,0,DT,0.6023797719385225,0.3061124898456484,0.4177251853950365,0.3061124898456484,0.33708462065525907,0.3983341466462742,0,0.015741586685180664,0.0
