Feature,Dataset,T,CV,ML,Acc,b_Acc,Prec,Rec,F1,kap,ROC,tra-T,test-T
Fwd Act Data Pkts,CS1D1,1,0,DT,0.6545099316183653,0.32039223363520924,0.41679907382647124,0.32039223363520924,0.3157462666835554,0.49966509528123704,0,0.0,0.0
Fwd Act Data Pkts,CS1D1,2,0,DT,0.6597199609247802,0.32303905117996723,0.42796580885948715,0.32303905117996723,0.3328783583070015,0.5083011465585701,0,0.009383201599121094,0.0
Fwd Act Data Pkts,CS1D1,3,0,DT,0.6612377850162866,0.31504123040614757,0.4010172286992361,0.31504123040614757,0.3112640616712221,0.5144649244704631,0,0.015511035919189453,0.0
Fwd Act Data Pkts,CS1D1,4,0,DT,0.6433224755700325,0.303335703010787,0.39524091636957626,0.303335703010787,0.30224243152449726,0.4851554810078097,0,0.0,0.0
Fwd Act Data Pkts,CS1D1,5,0,DT,0.6589576547231271,0.31332268645202405,0.43753262273830407,0.31332268645202405,0.3174884235750106,0.5052869038602454,0,0.003264904022216797,0.0013227462768554688
