Feature,Dataset,T,CV,ML,Acc,b_Acc,Prec,Rec,F1,kap,ROC,tra-T,test-T
Init Bwd Win Byts,CS2D1,1,0,DT,0.5977123387685568,0.36998103349323425,0.4160336431166802,0.36998103349323425,0.352994543570922,0.44462344169299095,0,0.003966331481933594,0.0
Init Bwd Win Byts,CS2D1,2,0,DT,0.6347043076174251,0.3641124401392744,0.42834498796360126,0.3641124401392744,0.3492319670551862,0.48962591461267657,0,0.0076520442962646484,0.0010044574737548828
Init Bwd Win Byts,CS2D1,3,0,DT,0.6001460209296666,0.3662713316644543,0.3912279613868444,0.3662713316644543,0.3423604340586708,0.4468304473183873,0,0.0,0.0
Init Bwd Win Byts,CS2D1,4,0,DT,0.6105160662122687,0.34003520999663195,0.42701141026211015,0.34003520999663195,0.3265854603742241,0.4601265049236515,0,0.0056345462799072266,0.00104522705078125
Init Bwd Win Byts,CS2D1,5,0,DT,0.6127069133398247,0.36586922565035457,0.42919203305562975,0.36586922565035457,0.35387663721319007,0.46188212174858656,0,0.005187511444091797,0.0
