Feature,Dataset,T,CV,ML,Acc,b_Acc,Prec,Rec,F1,kap,ROC,tra-T,test-T
Tot Bwd Pkts,CS2D2,1,0,DT,0.7583684950773558,0.23978863033735395,0.20627539070596526,0.23978863033735395,0.21636747393002265,0.4532769687745668,0,0.0035347938537597656,0.0
Tot Bwd Pkts,CS2D2,2,0,DT,0.7690576652601969,0.24355102237787304,0.22731265233366071,0.24355102237787304,0.22318094225650587,0.46667357386841124,0,0.0026454925537109375,0.0
Tot Bwd Pkts,CS2D2,3,0,DT,0.7609001406469761,0.2152604924621505,0.16482493950393226,0.2152604924621505,0.1838281275383323,0.46461365100092045,0,0.002959012985229492,0.0
Tot Bwd Pkts,CS2D2,4,0,DT,0.769620253164557,0.21848076835834304,0.17272943193325643,0.21848076835834304,0.1913597536313235,0.48789100364248716,0,0.002995014190673828,0.0005142688751220703
