Feature,Dataset,T,CV,ML,Acc,b_Acc,Prec,Rec,F1,kap,ROC,tra-T,test-T
Fwd Pkt Len Min,CS2D1,1,0,DT,0.7021173034801655,0.2808831637458106,0.5337248577441448,0.2808831637458106,0.3105693589904744,0.49304647116349365,0,0.0065114498138427734,0.0011403560638427734
Fwd Pkt Len Min,CS2D1,2,0,DT,0.7084448770990509,0.3801839476756885,0.6108216273544017,0.3801839476756885,0.40797007895895093,0.5050632020494918,0,0.0055615901947021484,0.0
Fwd Pkt Len Min,CS2D1,3,0,DT,0.6996836213190557,0.34782238125108056,0.6064012242359488,0.34782238125108056,0.389571804055798,0.5008484237785469,0,0.008620500564575195,0.003490924835205078
Fwd Pkt Len Min,CS2D1,4,0,DT,0.7015579357351509,0.29280990570501425,0.5263492708921814,0.29280990570501425,0.3171515282325139,0.4989599984400972,0,0.005238533020019531,0.0
Fwd Pkt Len Min,CS2D1,5,0,DT,0.7015579357351509,0.37302914362968465,0.614706927515451,0.37302914362968465,0.40137883097463983,0.49805422070211103,0,0.0009002685546875,0.0
