Feature,Dataset,T,CV,ML,Acc,b_Acc,Prec,Rec,F1,kap,ROC,tra-T,test-T
Flow Duration,CS2D1,1,0,DT,0.8649306400584084,0.511319874689142,0.5667542120963153,0.511319874689142,0.5285225726203654,0.801376787188239,0,0.04863882064819336,0.005141258239746094
Flow Duration,CS2D1,2,0,DT,0.858603066439523,0.56639068819728,0.5874764146534031,0.56639068819728,0.5734726688214971,0.792156780122514,0,0.058362483978271484,0.0010077953338623047
Flow Duration,CS2D1,3,0,DT,0.8627403261134096,0.5812000672737477,0.5941509362092308,0.5812000672737477,0.5862910697026994,0.7960463292491426,0,0.046399831771850586,0.0
Flow Duration,CS2D1,4,0,DT,0.8493184031158715,0.5173271058147565,0.5013996543044791,0.5173271058147565,0.5037700964743252,0.7791513708002881,0,0.04221987724304199,0.00021839141845703125
Flow Duration,CS2D1,5,0,DT,0.8568646543330087,0.577843981767491,0.5381249985635218,0.5296903166202,0.5311560357484025,0.7909262940887938,0,0.04210710525512695,0.0007140636444091797
