Feature,Dataset,T,CV,ML,Acc,b_Acc,Prec,Rec,F1,kap,ROC,tra-T,test-T
Bwd Pkt Len Min,CS1D2,2,0,DT,0.6828543111992071,0.45417714514205737,0.6408713584919867,0.45417714514205737,0.4237088648146579,0.5353637903078712,0,0.003968477249145508,0.001013040542602539
Bwd Pkt Len Min,CS1D2,3,0,DT,0.6774033696729435,0.4407246277681158,0.5033489630832779,0.4407246277681158,0.39800048571559415,0.5365685020470854,0,0.011551141738891602,0.0
Bwd Pkt Len Min,CS1D2,4,0,DT,0.6873141724479683,0.3385446828303971,0.40870554889006855,0.3385446828303971,0.3118211177113688,0.542816171499497,0,0.011507272720336914,0.0
