Feature,Dataset,T,CV,ML,Acc,b_Acc,Prec,Rec,F1,kap,ROC,tra-T,test-T
Fwd Pkt Len Max,CS2D1,1,0,DT,0.8026283767339986,0.5187931681773815,0.7147413474361891,0.5187931681773815,0.5480067605856268,0.6882985166488245,0,0.004750490188598633,0.0
Fwd Pkt Len Max,CS2D1,2,0,DT,0.7936237527378924,0.4470086429182283,0.613432997662321,0.4470086429182283,0.4507706093259969,0.6784565762104162,0,0.004624128341674805,0.0
Fwd Pkt Len Max,CS2D1,3,0,DT,0.808225845704551,0.5100443215244468,0.710179062044029,0.5100443215244468,0.5243940039915971,0.6992999342672621,0,0.003979682922363281,0.0
Fwd Pkt Len Max,CS2D1,4,0,DT,0.8052580331061344,0.4228866469419543,0.6364894133804295,0.4228866469419543,0.4588656282871395,0.6923200504361435,0,0.004847288131713867,0.0
