Feature,Dataset,T,CV,ML,Acc,b_Acc,Prec,Rec,F1,kap,ROC,tra-T,test-T
Idle Std,CS2D1,1,0,DT,0.5986858116330007,0.16858323140050302,0.2596407847333487,0.16858323140050302,0.17593791459215669,0.34728041735576043,0,0.03850507736206055,0.0010921955108642578
Idle Std,CS2D1,3,0,DT,0.6013628620102215,0.16492642723153203,0.21486389600172398,0.16492642723153203,0.17096468313809274,0.3439928030207041,0,0.03839397430419922,0.0
Idle Std,CS2D1,4,0,DT,0.5864167478091529,0.16321259008348898,0.2118573586961461,0.16321259008348898,0.1678311426685756,0.3416924357502117,0,0.04030013084411621,0.00141143798828125
Idle Std,CS2D1,5,0,DT,0.5883641674780915,0.15917789879050645,0.19742625190716737,0.15917789879050645,0.1630929722326067,0.3292127324500844,0,0.03383827209472656,0.0009963512420654297
