Feature,Dataset,T,CV,ML,Acc,b_Acc,Prec,Rec,F1,kap,ROC,tra-T,test-T
ACK Flag Cnt,CS2D2,1,0,DT,0.6666666666666666,0.08333333333333333,0.05555555555555555,0.08333333333333333,0.06666666666666667,0.0,0,0.0016307830810546875,0.0
ACK Flag Cnt,CS2D2,2,0,DT,0.660478199718706,0.08333333333333333,0.055039849976558836,0.08333333333333333,0.06629397481506578,0.0,0,0.003821849822998047,0.0011067390441894531
ACK Flag Cnt,CS2D2,4,0,DT,0.6526019690576652,0.08333333333333333,0.0543834974214721,0.08333333333333333,0.06581560283687944,0.0,0,0.0,0.0
ACK Flag Cnt,CS2D2,5,0,DT,0.6759493670886076,0.08333333333333333,0.056329113924050635,0.08333333333333333,0.06722054380664652,0.0,0,0.0017857551574707031,0.0
