Feature,Dataset,T,CV,ML,Acc,b_Acc,Prec,Rec,F1,kap,ROC,tra-T,test-T
Pkt Len Mean,CS2D2,1,0,DT,0.8661040787623067,0.5793819262737562,0.6897393810740066,0.5793819262737562,0.5772339879123263,0.7293536558800301,0,0.004301786422729492,0.0010552406311035156
Pkt Len Mean,CS2D2,2,0,DT,0.8548523206751055,0.5659486587661131,0.6641494253818966,0.5659486587661131,0.5584477603549555,0.7091433890841008,0,0.007471323013305664,0.0
Pkt Len Mean,CS2D2,3,0,DT,0.8641350210970464,0.5987208456361811,0.6542353822625022,0.548827441833166,0.5337427368648412,0.7193338018009359,0,0.005907535552978516,0.0010461807250976562
Pkt Len Mean,CS2D2,4,0,DT,0.8568213783403656,0.5620221362380744,0.6518052362411026,0.5620221362380744,0.5327006187455204,0.7183316407760401,0,0.0049669742584228516,0.0
Pkt Len Mean,CS2D2,5,0,DT,0.8556962025316456,0.5585221793909877,0.6706287831163612,0.5585221793909877,0.5471297484177643,0.6979689710675633,0,0.008322954177856445,0.0007214546203613281
