Feature,Dataset,T,CV,ML,Acc,b_Acc,Prec,Rec,F1,kap,ROC,tra-T,test-T
TotLen Bwd Pkts,CS1D2,1,0,DT,0.8022794846382557,0.5924830168437415,0.6918691475455204,0.5924830168437415,0.5593494994921511,0.7437336348848319,0,0.0,0.0
TotLen Bwd Pkts,CS1D2,2,0,DT,0.8077304261645193,0.5654379259637464,0.5909977923176715,0.5654379259637464,0.5622515202771378,0.7446626722787675,0,0.0,0.0
TotLen Bwd Pkts,CS1D2,3,0,DT,0.7933597621407334,0.5920216999556116,0.6733723537163799,0.5920216999556116,0.612320854343453,0.7290969092157581,0,0.004527568817138672,0.0
TotLen Bwd Pkts,CS1D2,4,0,DT,0.8027750247770069,0.6239067708868672,0.6326800820528514,0.5719145399796283,0.5598414041158917,0.7405939282951651,0,0.002022981643676758,0.0
TotLen Bwd Pkts,CS1D2,5,0,DT,0.8016856717897868,0.5775466786437428,0.6364744604185436,0.5775466786437428,0.5546045156518936,0.7415591912096811,0,0.004616737365722656,0.0
