Feature,Dataset,T,CV,ML,Acc,b_Acc,Prec,Rec,F1,kap,ROC,tra-T,test-T
Fwd Seg Size Min,CS2D2,1,0,DT,0.6630098452883263,0.08333333333333333,0.055250820440693856,0.08333333333333333,0.0664467749210645,0.0,0,0.0011053085327148438,0.0009682178497314453
Fwd Seg Size Min,CS2D2,2,0,DT,0.6717299578059072,0.08333333333333333,0.0559774964838256,0.08333333333333333,0.06696954400134612,0.0,0,0.001007080078125,0.0
Fwd Seg Size Min,CS2D2,3,0,DT,0.6627285513361463,0.08333333333333333,0.05522737927801219,0.08333333333333333,0.06642982010940056,0.0,0,0.0,0.0
Fwd Seg Size Min,CS2D2,4,0,DT,0.6773558368495077,0.08333333333333333,0.05644631973745898,0.08333333333333333,0.06730392978925596,0.0,0,0.0,0.0
Fwd Seg Size Min,CS2D2,5,0,DT,0.6540084388185654,0.08333333333333333,0.05450070323488045,0.08333333333333333,0.06590136054421769,0.0,0,0.001501321792602539,0.0
