Feature,Dataset,T,CV,ML,Acc,b_Acc,Prec,Rec,F1,kap,ROC,tra-T,test-T
Dst Port,CS1D1,1,0,DT,0.5776619993487463,0.4001744515974233,0.46613882191627815,0.4001744515974233,0.35593820371573776,0.4568259719609409,0,0.01562356948852539,0.0
Dst Port,CS1D1,2,0,DT,0.5854770433083686,0.37581005335849405,0.4353298777647015,0.37581005335849405,0.341552106063705,0.46872035711975435,0,0.0,0.0
Dst Port,CS1D1,3,0,DT,0.5905537459283388,0.3920295461136342,0.41887360566114756,0.3920295461136342,0.3741191504235217,0.4783693722140878,0,0.0,0.0
Dst Port,CS1D1,4,0,DT,0.5889250814332248,0.38762670690805007,0.4518278283676032,0.38762670690805007,0.35804429946008476,0.47259267648796066,0,0.0,0.0
Dst Port,CS1D1,5,0,DT,0.5853420195439739,0.45100996064670545,0.5146449783281005,0.45100996064670545,0.4238542698455707,0.46718988201887357,0,0.0,0.0
