Feature,Dataset,T,CV,ML,Acc,b_Acc,Prec,Rec,F1,kap,ROC,tra-T,test-T
Idle Mean,DD1T,0,0,DT,0.5362071231436457,0.27565460325742114,0.3535942254696653,0.27565460325742114,0.2849705427900341,0.35790612558713686,0,0.04687762260437012,0.0
Idle Mean,DD1T,0,1,DT,0.5362071231436457,0.27565460325742114,0.3535942254696653,0.27565460325742114,0.2849705427900341,0.35790612558713686,0,0.031245946884155273,0.015629053115844727
Idle Mean,DD1T,0,2,DT,0.5362071231436457,0.27565460325742114,0.3535942254696653,0.27565460325742114,0.2849705427900341,0.35790612558713686,0,0.04692196846008301,0.0
Idle Mean,DD1T,0,3,DT,0.5362071231436457,0.27565460325742114,0.3535942254696653,0.27565460325742114,0.2849705427900341,0.35790612558713686,0,0.03176569938659668,0.0
Idle Mean,DD1T,0,4,DT,0.5362071231436457,0.27565460325742114,0.3535942254696653,0.27565460325742114,0.2849705427900341,0.35790612558713686,0,0.03579425811767578,0.0
