Feature,Dataset,T,CV,ML,Acc,b_Acc,Prec,Rec,F1,kap,ROC,tra-T,test-T
Bwd IAT Tot,SD1T,0,0,DT,0.4207920792079208,0.28547382162920554,0.36998412670392683,0.28547382162920554,0.2824201288960461,0.25153423437634426,0,0.024524688720703125,0.0
Bwd IAT Tot,SD1T,0,1,DT,0.4207920792079208,0.28547382162920554,0.36998412670392683,0.28547382162920554,0.2824201288960461,0.25153423437634426,0,0.02417278289794922,0.0022165775299072266
Bwd IAT Tot,SD1T,0,2,DT,0.4207920792079208,0.28547382162920554,0.36998412670392683,0.28547382162920554,0.2824201288960461,0.25153423437634426,0,0.02368903160095215,0.003719806671142578
Bwd IAT Tot,SD1T,0,3,DT,0.4207920792079208,0.28547382162920554,0.36998412670392683,0.28547382162920554,0.2824201288960461,0.25153423437634426,0,0.023534297943115234,0.00655055046081543
Bwd IAT Tot,SD1T,0,4,DT,0.4207920792079208,0.28547382162920554,0.36998412670392683,0.28547382162920554,0.2824201288960461,0.25153423437634426,0,0.02315974235534668,0.002107858657836914
