Feature,Dataset,T,CV,ML,Acc,b_Acc,Prec,Rec,F1,kap,ROC,tra-T,test-T
RST Flag Cnt,SD2,0,0,DT,0.6666104078762307,0.08435908259453291,0.10001408847562694,0.08435908259453291,0.06869322786879074,0.005503478105826853,0,0.002053499221801758,0.001216888427734375
RST Flag Cnt,SD2,0,1,DT,0.6666104078762307,0.08435908259453291,0.10001408847562694,0.08435908259453291,0.06869322786879074,0.005503478105826853,0,0.003990888595581055,0.0022079944610595703
RST Flag Cnt,SD2,0,2,DT,0.6666104078762307,0.08435908259453291,0.10001408847562694,0.08435908259453291,0.06869322786879074,0.005503478105826853,0,0.003942728042602539,0.0019576549530029297
RST Flag Cnt,SD2,0,3,DT,0.6666104078762307,0.08435908259453291,0.10001408847562694,0.08435908259453291,0.06869322786879074,0.005503478105826853,0,0.0036568641662597656,0.0
RST Flag Cnt,SD2,0,4,DT,0.6666104078762307,0.08435908259453291,0.10001408847562694,0.08435908259453291,0.06869322786879074,0.005503478105826853,0,0.0021474361419677734,0.0012388229370117188
