Feature,Dataset,T,CV,ML,Acc,b_Acc,Prec,Rec,F1,kap,ROC,tra-T,test-T
Bwd IAT Mean,SD2,0,0,DT,0.6836568213783404,0.2932082313909271,0.32233527138978096,0.2932082313909271,0.28742503838676897,0.36967200643894393,0,0.016554832458496094,0.0030028820037841797
Bwd IAT Mean,SD2,0,1,DT,0.6836568213783404,0.2932082313909271,0.32233527138978096,0.2932082313909271,0.28742503838676897,0.36967200643894393,0,0.005152463912963867,0.0
Bwd IAT Mean,SD2,0,2,DT,0.6836568213783404,0.2932082313909271,0.32233527138978096,0.2932082313909271,0.28742503838676897,0.36967200643894393,0,0.015728473663330078,0.0030040740966796875
Bwd IAT Mean,SD2,0,3,DT,0.6836568213783404,0.2932082313909271,0.32233527138978096,0.2932082313909271,0.28742503838676897,0.36967200643894393,0,0.015238285064697266,0.001997709274291992
Bwd IAT Mean,SD2,0,4,DT,0.6836568213783404,0.2932082313909271,0.32233527138978096,0.2932082313909271,0.28742503838676897,0.36967200643894393,0,0.015416145324707031,0.0026476383209228516
