Feature,Dataset,T,CV,ML,Acc,b_Acc,Prec,Rec,F1,kap,ROC,tra-T,test-T
Flow Duration,SD1,0,0,DT,0.6443557416151487,0.4876691963263812,0.443779868262907,0.4876691963263812,0.44371072108188686,0.5262455796366778,0,0.03394913673400879,0.0019004344940185547
Flow Duration,SD1,0,1,DT,0.6443557416151487,0.4876691963263812,0.443779868262907,0.4876691963263812,0.44371072108188686,0.5262455796366778,0,0.03689408302307129,0.00044035911560058594
Flow Duration,SD1,0,2,DT,0.6443557416151487,0.4876691963263812,0.443779868262907,0.4876691963263812,0.44371072108188686,0.5262455796366778,0,0.03541278839111328,0.005754709243774414
Flow Duration,SD1,0,3,DT,0.6443557416151487,0.4876691963263812,0.443779868262907,0.4876691963263812,0.44371072108188686,0.5262455796366778,0,0.04296875,0.00432133674621582
Flow Duration,SD1,0,4,DT,0.6443557416151487,0.4876691963263812,0.443779868262907,0.4876691963263812,0.44371072108188686,0.5262455796366778,0,0.03759360313415527,0.003912448883056641
