Feature,Dataset,T,CV,ML,Acc,b_Acc,Prec,Rec,F1,kap,ROC,tra-T,test-T
RST Flag Cnt,SD1T,0,0,DT,0.26621938509640436,0.08439445387662704,0.0462171107759343,0.08439445387662704,0.03706590183803965,0.00219689417063762,0,0.003713369369506836,0.0009410381317138672
RST Flag Cnt,SD1T,0,1,DT,0.26621938509640436,0.08439445387662704,0.0462171107759343,0.08439445387662704,0.03706590183803965,0.00219689417063762,0,0.0031173229217529297,0.000995635986328125
RST Flag Cnt,SD1T,0,2,DT,0.26621938509640436,0.08439445387662704,0.0462171107759343,0.08439445387662704,0.03706590183803965,0.00219689417063762,0,0.0031092166900634766,0.0009875297546386719
RST Flag Cnt,SD1T,0,3,DT,0.26621938509640436,0.08439445387662704,0.0462171107759343,0.08439445387662704,0.03706590183803965,0.00219689417063762,0,0.0023984909057617188,0.0021066665649414062
RST Flag Cnt,SD1T,0,4,DT,0.26621938509640436,0.08439445387662704,0.0462171107759343,0.08439445387662704,0.03706590183803965,0.00219689417063762,0,0.0021407604217529297,0.0011513233184814453
