Feature,Dataset,T,CV,ML,Acc,b_Acc,Prec,Rec,F1,kap,ROC,tra-T,test-T
URG Flag Cnt,SD2,0,0,DT,0.6657665260196906,0.08333333333333333,0.055480543834974215,0.08333333333333333,0.06661262904297117,0.0,0,0.0,0.005517721176147461
URG Flag Cnt,SD2,0,1,DT,0.6657665260196906,0.08333333333333333,0.055480543834974215,0.08333333333333333,0.06661262904297117,0.0,0,0.0049474239349365234,0.0010447502136230469
URG Flag Cnt,SD2,0,2,DT,0.6657665260196906,0.08333333333333333,0.055480543834974215,0.08333333333333333,0.06661262904297117,0.0,0,0.0,0.004413604736328125
URG Flag Cnt,SD2,0,3,DT,0.6657665260196906,0.08333333333333333,0.055480543834974215,0.08333333333333333,0.06661262904297117,0.0,0,0.0,0.007512331008911133
URG Flag Cnt,SD2,0,4,DT,0.6657665260196906,0.08333333333333333,0.055480543834974215,0.08333333333333333,0.06661262904297117,0.0,0,0.01562047004699707,0.0
