Feature,Dataset,T,CV,ML,Acc,b_Acc,Prec,Rec,F1,kap,ROC,tra-T,test-T
Subflow Bwd Pkts,SD1T,0,0,DT,0.3364382490880667,0.20031542828059748,0.1838765367491779,0.20031542828059748,0.15753689937309526,0.13931120515696882,0,0.0054187774658203125,0.0020377635955810547
Subflow Bwd Pkts,SD1T,0,1,DT,0.3364382490880667,0.20031542828059748,0.1838765367491779,0.20031542828059748,0.15753689937309526,0.13931120515696882,0,0.00411534309387207,0.0020008087158203125
Subflow Bwd Pkts,SD1T,0,2,DT,0.3364382490880667,0.20031542828059748,0.1838765367491779,0.20031542828059748,0.15753689937309526,0.13931120515696882,0,0.0,0.0
Subflow Bwd Pkts,SD1T,0,3,DT,0.3364382490880667,0.20031542828059748,0.1838765367491779,0.20031542828059748,0.15753689937309526,0.13931120515696882,0,0.0009756088256835938,0.005110502243041992
Subflow Bwd Pkts,SD1T,0,4,DT,0.3364382490880667,0.20031542828059748,0.1838765367491779,0.20031542828059748,0.15753689937309526,0.13931120515696882,0,0.003997087478637695,0.0019423961639404297
