Feature,Dataset,T,CV,ML,Acc,b_Acc,Prec,Rec,F1,kap,ROC,tra-T,test-T
Bwd Pkt Len Min,SD1,0,0,DT,0.7321715426179234,0.4237448120102205,0.6108720891866013,0.4237448120102205,0.4477866187026936,0.5676729686246653,0,0.003465890884399414,0.0013866424560546875
Bwd Pkt Len Min,SD1,0,1,DT,0.7321715426179234,0.4237448120102205,0.6108720891866013,0.4237448120102205,0.4477866187026936,0.5676729686246653,0,0.004642963409423828,0.0
Bwd Pkt Len Min,SD1,0,2,DT,0.7321715426179234,0.4237448120102205,0.6108720891866013,0.4237448120102205,0.4477866187026936,0.5676729686246653,0,0.004384279251098633,0.0034322738647460938
Bwd Pkt Len Min,SD1,0,3,DT,0.7321715426179234,0.4237448120102205,0.6108720891866013,0.4237448120102205,0.4477866187026936,0.5676729686246653,0,0.006005525588989258,0.0
Bwd Pkt Len Min,SD1,0,4,DT,0.7321715426179234,0.4237448120102205,0.6108720891866013,0.4237448120102205,0.4477866187026936,0.5676729686246653,0,0.0021347999572753906,0.003004789352416992
