Feature,Dataset,T,CV,ML,Acc,b_Acc,Prec,Rec,F1,kap,ROC,tra-T,test-T
Bwd Seg Size Avg,SD2T,0,0,DT,0.7157300029735355,0.5364170945342642,0.5531489257354452,0.5364170945342642,0.49204401903335554,0.6106929963546732,0,0.0061435699462890625,0.005419731140136719
Bwd Seg Size Avg,SD2T,0,1,DT,0.7157300029735355,0.5364170945342642,0.5531489257354452,0.5364170945342642,0.49204401903335554,0.6106929963546732,0,0.005713224411010742,0.0
Bwd Seg Size Avg,SD2T,0,2,DT,0.7157300029735355,0.5364170945342642,0.5531489257354452,0.5364170945342642,0.49204401903335554,0.6106929963546732,0,0.008780956268310547,0.0
Bwd Seg Size Avg,SD2T,0,3,DT,0.7157300029735355,0.5364170945342642,0.5531489257354452,0.5364170945342642,0.49204401903335554,0.6106929963546732,0,0.008028030395507812,0.001085042953491211
Bwd Seg Size Avg,SD2T,0,4,DT,0.7157300029735355,0.5364170945342642,0.5531489257354452,0.5364170945342642,0.49204401903335554,0.6106929963546732,0,0.0060350894927978516,0.0010690689086914062
