Feature,Dataset,T,CV,ML,Acc,b_Acc,Prec,Rec,F1,kap,ROC,tra-T,test-T
FIN Flag Cnt,SD1T,0,0,DT,0.25475508077123504,0.08059102815979044,0.02448982483296357,0.08059102815979044,0.035103780146520866,-0.009749883923930502,0,0.0029823780059814453,0.0010361671447753906
FIN Flag Cnt,SD1T,0,1,DT,0.25475508077123504,0.08059102815979044,0.02448982483296357,0.08059102815979044,0.035103780146520866,-0.009749883923930502,0,0.0035228729248046875,0.00025844573974609375
FIN Flag Cnt,SD1T,0,2,DT,0.25475508077123504,0.08059102815979044,0.02448982483296357,0.08059102815979044,0.035103780146520866,-0.009749883923930502,0,0.006031036376953125,0.002000570297241211
FIN Flag Cnt,SD1T,0,3,DT,0.25475508077123504,0.08059102815979044,0.02448982483296357,0.08059102815979044,0.035103780146520866,-0.009749883923930502,0,0.0011868476867675781,0.0011258125305175781
FIN Flag Cnt,SD1T,0,4,DT,0.25475508077123504,0.08059102815979044,0.02448982483296357,0.08059102815979044,0.035103780146520866,-0.009749883923930502,0,0.0019943714141845703,0.0020034313201904297
