Feature,Dataset,T,CV,ML,Acc,b_Acc,Prec,Rec,F1,kap,ROC,tra-T,test-T
Bwd URG Flags,SD1,0,0,DT,0.30200068149734705,0.08333333333333333,0.025166723458112255,0.08333333333333333,0.03865854114480129,0.0,0,0.00011706352233886719,0.0
Bwd URG Flags,SD1,0,1,DT,0.30200068149734705,0.08333333333333333,0.025166723458112255,0.08333333333333333,0.03865854114480129,0.0,0,0.006050825119018555,0.0
Bwd URG Flags,SD1,0,2,DT,0.30200068149734705,0.08333333333333333,0.025166723458112255,0.08333333333333333,0.03865854114480129,0.0,0,0.004286050796508789,0.0019249916076660156
Bwd URG Flags,SD1,0,3,DT,0.30200068149734705,0.08333333333333333,0.025166723458112255,0.08333333333333333,0.03865854114480129,0.0,0,0.0,0.005186557769775391
Bwd URG Flags,SD1,0,4,DT,0.30200068149734705,0.08333333333333333,0.025166723458112255,0.08333333333333333,0.03865854114480129,0.0,0,0.0,0.0033769607543945312
