Feature,Dataset,T,CV,ML,Acc,b_Acc,Prec,Rec,F1,kap,ROC,tra-T,test-T
Src Port,SD2T,0,0,DT,0.6108633164832986,0.37700186539262437,0.46780396890497594,0.37700186539262437,0.39875746683986374,0.422286680612891,0,0.03569960594177246,0.0011248588562011719
Src Port,SD2T,0,1,DT,0.6108633164832986,0.37700186539262437,0.46780396890497594,0.37700186539262437,0.39875746683986374,0.422286680612891,0,0.04633045196533203,0.0019927024841308594
Src Port,SD2T,0,2,DT,0.6108633164832986,0.37700186539262437,0.46780396890497594,0.37700186539262437,0.39875746683986374,0.422286680612891,0,0.044702768325805664,0.0011279582977294922
Src Port,SD2T,0,3,DT,0.6108633164832986,0.37700186539262437,0.46780396890497594,0.37700186539262437,0.39875746683986374,0.422286680612891,0,0.05352449417114258,0.0011239051818847656
Src Port,SD2T,0,4,DT,0.6108633164832986,0.37700186539262437,0.46780396890497594,0.37700186539262437,0.39875746683986374,0.422286680612891,0,0.0466151237487793,0.0
