Feature,Dataset,T,CV,ML,Acc,b_Acc,Prec,Rec,F1,kap,ROC,tra-T,test-T
Idle Min,SD2T,0,0,DT,0.7106749925661612,0.39072735465367897,0.48206142002819813,0.39072735465367897,0.4094203981012976,0.5958688113061587,0,0.02503490447998047,0.001989126205444336
Idle Min,SD2T,0,1,DT,0.7106749925661612,0.39072735465367897,0.48206142002819813,0.39072735465367897,0.4094203981012976,0.5958688113061587,0,0.019626855850219727,0.0010008811950683594
Idle Min,SD2T,0,2,DT,0.7106749925661612,0.39072735465367897,0.48206142002819813,0.39072735465367897,0.4094203981012976,0.5958688113061587,0,0.019312381744384766,0.0010528564453125
Idle Min,SD2T,0,3,DT,0.7106749925661612,0.39072735465367897,0.48206142002819813,0.39072735465367897,0.4094203981012976,0.5958688113061587,0,0.02411365509033203,0.0009968280792236328
Idle Min,SD2T,0,4,DT,0.7106749925661612,0.39072735465367897,0.48206142002819813,0.39072735465367897,0.4094203981012976,0.5958688113061587,0,0.022715330123901367,0.0020940303802490234
