Feature,Dataset,T,CV,ML,Acc,b_Acc,Prec,Rec,F1,kap,ROC,tra-T,test-T
ECE Flag Cnt,SD2,0,0,DT,0.6657665260196906,0.08333333333333333,0.055480543834974215,0.08333333333333333,0.06661262904297117,0.0,0,0.0048122406005859375,0.00029850006103515625
ECE Flag Cnt,SD2,0,1,DT,0.6657665260196906,0.08333333333333333,0.055480543834974215,0.08333333333333333,0.06661262904297117,0.0,0,0.0010118484497070312,0.0022995471954345703
ECE Flag Cnt,SD2,0,2,DT,0.6657665260196906,0.08333333333333333,0.055480543834974215,0.08333333333333333,0.06661262904297117,0.0,0,0.006267547607421875,0.0
ECE Flag Cnt,SD2,0,3,DT,0.6657665260196906,0.08333333333333333,0.055480543834974215,0.08333333333333333,0.06661262904297117,0.0,0,0.0,0.0046465396881103516
ECE Flag Cnt,SD2,0,4,DT,0.6657665260196906,0.08333333333333333,0.055480543834974215,0.08333333333333333,0.06661262904297117,0.0,0,0.0035750865936279297,0.0023348331451416016
