Feature,Dataset,T,CV,ML,Acc,b_Acc,Prec,Rec,F1,kap,ROC,tra-T,test-T
Active Max,SD2,0,0,DT,0.620815752461322,0.23095524229094874,0.28968177214882396,0.23095524229094874,0.2138321792621333,0.2567755753314891,0,0.014138936996459961,0.0017936229705810547
Active Max,SD2,0,1,DT,0.620815752461322,0.23095524229094874,0.28968177214882396,0.23095524229094874,0.2138321792621333,0.2567755753314891,0,0.010892629623413086,0.002003192901611328
Active Max,SD2,0,2,DT,0.620815752461322,0.23095524229094874,0.28968177214882396,0.23095524229094874,0.2138321792621333,0.2567755753314891,0,0.013601541519165039,0.0017893314361572266
Active Max,SD2,0,3,DT,0.620815752461322,0.23095524229094874,0.28968177214882396,0.23095524229094874,0.2138321792621333,0.2567755753314891,0,0.01206827163696289,0.0019769668579101562
Active Max,SD2,0,4,DT,0.620815752461322,0.23095524229094874,0.28968177214882396,0.23095524229094874,0.2138321792621333,0.2567755753314891,0,0.015300273895263672,0.0020682811737060547
