Feature,Dataset,T,CV,ML,Acc,b_Acc,Prec,Rec,F1,kap,ROC,tra-T,test-T
Bwd Header Len,SD2T,0,0,DT,0.5561502626623055,0.24185841444938275,0.2697272838469511,0.24185841444938275,0.20908192678466012,0.3595427174552357,0,0.002061128616333008,0.0009088516235351562
Bwd Header Len,SD2T,0,1,DT,0.5561502626623055,0.24185841444938275,0.2697272838469511,0.24185841444938275,0.20908192678466012,0.3595427174552357,0,0.003999948501586914,0.0005125999450683594
Bwd Header Len,SD2T,0,2,DT,0.5561502626623055,0.24185841444938275,0.2697272838469511,0.24185841444938275,0.20908192678466012,0.3595427174552357,0,0.004132986068725586,0.0010018348693847656
Bwd Header Len,SD2T,0,3,DT,0.5561502626623055,0.24185841444938275,0.2697272838469511,0.24185841444938275,0.20908192678466012,0.3595427174552357,0,0.004056692123413086,0.0
Bwd Header Len,SD2T,0,4,DT,0.5561502626623055,0.24185841444938275,0.2697272838469511,0.24185841444938275,0.20908192678466012,0.3595427174552357,0,0.0046613216400146484,0.002012491226196289
