Feature,Dataset,T,CV,ML,Acc,b_Acc,Prec,Rec,F1,kap,ROC,tra-T,test-T
Bwd Blk Rate Avg,SD1,0,0,DT,0.30200068149734705,0.08333333333333333,0.025166723458112255,0.08333333333333333,0.03865854114480129,0.0,0,0.0021414756774902344,0.002001047134399414
Bwd Blk Rate Avg,SD1,0,1,DT,0.30200068149734705,0.08333333333333333,0.025166723458112255,0.08333333333333333,0.03865854114480129,0.0,0,0.0019845962524414062,0.001018524169921875
Bwd Blk Rate Avg,SD1,0,2,DT,0.30200068149734705,0.08333333333333333,0.025166723458112255,0.08333333333333333,0.03865854114480129,0.0,0,0.00232696533203125,0.0028166770935058594
Bwd Blk Rate Avg,SD1,0,3,DT,0.30200068149734705,0.08333333333333333,0.025166723458112255,0.08333333333333333,0.03865854114480129,0.0,0,0.0020346641540527344,0.001991748809814453
Bwd Blk Rate Avg,SD1,0,4,DT,0.30200068149734705,0.08333333333333333,0.025166723458112255,0.08333333333333333,0.03865854114480129,0.0,0,0.0030906200408935547,0.0019609928131103516
