Feature,Dataset,T,CV,ML,Acc,b_Acc,Prec,Rec,F1,kap,ROC,tra-T,test-T
Subflow Bwd Pkts,SD2,0,0,DT,0.570351617440225,0.19485159085574308,0.24565812703478415,0.19485159085574308,0.15820329052466445,0.22668067768679534,0,0.003154754638671875,0.002052783966064453
Subflow Bwd Pkts,SD2,0,1,DT,0.570351617440225,0.19485159085574308,0.24565812703478415,0.19485159085574308,0.15820329052466445,0.22668067768679534,0,0.003988027572631836,0.0021359920501708984
Subflow Bwd Pkts,SD2,0,2,DT,0.570351617440225,0.19485159085574308,0.24565812703478415,0.19485159085574308,0.15820329052466445,0.22668067768679534,0,0.002886533737182617,0.0020024776458740234
Subflow Bwd Pkts,SD2,0,3,DT,0.570351617440225,0.19485159085574308,0.24565812703478415,0.19485159085574308,0.15820329052466445,0.22668067768679534,0,0.0030128955841064453,0.0020999908447265625
Subflow Bwd Pkts,SD2,0,4,DT,0.570351617440225,0.19485159085574308,0.24565812703478415,0.19485159085574308,0.15820329052466445,0.22668067768679534,0,0.0019288063049316406,0.0016150474548339844
