Feature,Dataset,T,CV,ML,Acc,b_Acc,Prec,Rec,F1,kap,ROC,tra-T,test-T
Fwd Pkt Len Min,SD2,0,0,DT,0.7912798874824192,0.40532537492675247,0.6128902419336351,0.40532537492675247,0.4146367357374756,0.5094375576559322,0,0.003020048141479492,0.0019965171813964844
Fwd Pkt Len Min,SD2,0,1,DT,0.7912798874824192,0.40532537492675247,0.6128902419336351,0.40532537492675247,0.4146367357374756,0.5094375576559322,0,0.005120754241943359,0.002992868423461914
Fwd Pkt Len Min,SD2,0,2,DT,0.7912798874824192,0.40532537492675247,0.6128902419336351,0.40532537492675247,0.4146367357374756,0.5094375576559322,0,0.0030019283294677734,0.0016398429870605469
Fwd Pkt Len Min,SD2,0,3,DT,0.7912798874824192,0.40532537492675247,0.6128902419336351,0.40532537492675247,0.4146367357374756,0.5094375576559322,0,0.002920866012573242,0.0020172595977783203
Fwd Pkt Len Min,SD2,0,4,DT,0.7912798874824192,0.40532537492675247,0.6128902419336351,0.40532537492675247,0.4146367357374756,0.5094375576559322,0,0.0029773712158203125,0.0013744831085205078
