Feature,Dataset,T,CV,ML,Acc,b_Acc,Prec,Rec,F1,kap,ROC,tra-T,test-T
Pkt Len Std,SD2,0,0,DT,0.6040506329113924,0.33323168398190994,0.4744801967348029,0.33323168398190994,0.33137889750437716,0.39612749103633893,0,0.007086038589477539,0.0011174678802490234
Pkt Len Std,SD2,0,1,DT,0.6040506329113924,0.33323168398190994,0.4744801967348029,0.33323168398190994,0.33137889750437716,0.39612749103633893,0,0.007111310958862305,0.0019958019256591797
Pkt Len Std,SD2,0,2,DT,0.6040506329113924,0.33323168398190994,0.4744801967348029,0.33323168398190994,0.33137889750437716,0.39612749103633893,0,0.007099151611328125,0.004948616027832031
Pkt Len Std,SD2,0,3,DT,0.6040506329113924,0.33323168398190994,0.4744801967348029,0.33323168398190994,0.33137889750437716,0.39612749103633893,0,0.009407997131347656,0.0019922256469726562
Pkt Len Std,SD2,0,4,DT,0.6040506329113924,0.33323168398190994,0.4744801967348029,0.33323168398190994,0.33137889750437716,0.39612749103633893,0,0.006425619125366211,0.0011341571807861328
