Feature,Dataset,T,CV,ML,Acc,b_Acc,Prec,Rec,F1,kap,ROC,tra-T,test-T
FIN Flag Cnt,SD1,0,0,DT,0.3021467166431388,0.08334071217544746,0.047618266528194876,0.08334071217544746,0.03879309068554267,-8.578874598552666e-05,0,0.001068115234375,0.002747058868408203
FIN Flag Cnt,SD1,0,1,DT,0.3021467166431388,0.08334071217544746,0.047618266528194876,0.08334071217544746,0.03879309068554267,-8.578874598552666e-05,0,0.001998424530029297,0.0009996891021728516
FIN Flag Cnt,SD1,0,2,DT,0.3021467166431388,0.08334071217544746,0.047618266528194876,0.08334071217544746,0.03879309068554267,-8.578874598552666e-05,0,0.0015597343444824219,0.0030274391174316406
FIN Flag Cnt,SD1,0,3,DT,0.3021467166431388,0.08334071217544746,0.047618266528194876,0.08334071217544746,0.03879309068554267,-8.578874598552666e-05,0,0.0009999275207519531,0.0020194053649902344
FIN Flag Cnt,SD1,0,4,DT,0.3021467166431388,0.08334071217544746,0.047618266528194876,0.08334071217544746,0.03879309068554267,-8.578874598552666e-05,0,0.002715587615966797,0.0019071102142333984
