Feature,Dataset,T,CV,ML,Acc,b_Acc,Prec,Rec,F1,kap,ROC,tra-T,test-T
Idle Max,SD1T,0,0,DT,0.7138483585200626,0.35127755145759715,0.47344149396323826,0.35127755145759715,0.38245041905104343,0.5982799527023328,0,0.03902029991149902,0.00021767616271972656
Idle Max,SD1T,0,1,DT,0.7138483585200626,0.35127755145759715,0.47344149396323826,0.35127755145759715,0.38245041905104343,0.5982799527023328,0,0.041187286376953125,0.002969026565551758
Idle Max,SD1T,0,2,DT,0.7138483585200626,0.35127755145759715,0.47344149396323826,0.35127755145759715,0.38245041905104343,0.5982799527023328,0,0.039396047592163086,0.0030961036682128906
Idle Max,SD1T,0,3,DT,0.7138483585200626,0.35127755145759715,0.47344149396323826,0.35127755145759715,0.38245041905104343,0.5982799527023328,0,0.04078936576843262,0.002802610397338867
Idle Max,SD1T,0,4,DT,0.7138483585200626,0.35127755145759715,0.47344149396323826,0.35127755145759715,0.38245041905104343,0.5982799527023328,0,0.03769564628601074,0.0019965171813964844
