Dataset,T,CV,ML,Acc,b_Acc,Prec,Rec,F1,kap,ROC,tra-T,test-T,Al-Time
AD-S1-DI-S1,0,0,LSTM,0.34691774676260656,0.3015644752910725,0.2635071846757247,0.3015644752910725,0.2512241978633674,0.3078504232155832,0,1713.3207032680511,142.16796207427979,0
AD-S1-DI-S1,1,0,LSTM,0.2500593353285441,0.2110324452419457,0.1751453214704353,0.2110324452419457,0.17213050582829173,0.20457592407305858,0,1800.5012583732605,142.13213634490967,0
AD-S1-DI-S1,2,0,LSTM,0.35786439127741726,0.3379420277522505,0.3106433145699762,0.3379420277522505,0.2785728439263919,0.32284733650156805,0,1857.8489437103271,142.1653356552124,0
AD-S1-DI-S1,3,0,LSTM,0.3928403966494353,0.3355280173239355,0.30006917437513336,0.3355280173239355,0.28592615646986164,0.3582101731961356,0,1744.6456229686737,89.13354325294495,0
AD-S1-DI-S1,4,0,LSTM,0.24137032770467795,0.2000319192524859,0.14524858785240127,0.2000319192524859,0.15788315040452686,0.19506969921504969,0,1890.7049987316132,89.64212775230408,0
