Dataset,T,CV,ML,Acc,b_Acc,Prec,Rec,F1,kap,ROC,tra-T,test-T,Al-Time
DI-S2-AD-S1,0,1,RF,0.6998794971178692,0.737686809615921,0.7481575222272476,0.737686809615921,0.6837650234025799,0.6839752509281738,0,30.575153589248657,4.241255521774292,0
DI-S2-AD-S1,1,2,RF,0.7045815941164778,0.7437968217407815,0.7499498591814393,0.7437968217407815,0.6891566334987806,0.6889133429390613,0,30.861332416534424,4.24079155921936,0
DI-S2-AD-S1,2,3,RF,0.6956370502882131,0.7343049679248387,0.7520330441280856,0.7343049679248387,0.6842038488026789,0.6792941826692362,0,30.617048740386963,5.366444826126099,0
DI-S2-AD-S1,3,4,RF,0.7040411945935202,0.7418705611222046,0.7515972813889782,0.7418705611222046,0.6879582426570044,0.6883655123917092,0,30.62824058532715,4.295423269271851,0
DI-S2-AD-S1,4,5,RF,0.7016373484396741,0.7389303299096207,0.751189312471699,0.7389303299096207,0.6874788693054027,0.6856345412363936,0,30.554712057113647,4.211045265197754,0
