Dataset,T,CV,ML,Acc,b_Acc,Prec,Rec,F1,kap,ROC,tra-T,test-T,Al-Time
AD-S2-DI-S2,0,1,SVM,0.4789149628252788,0.5104455113261588,0.721300039405452,0.5104455113261588,0.5053066796356429,0.4498113801422826,0,176.04160022735596,319.3659167289734,0
