Dataset,T,CV,ML,Acc,b_Acc,Prec,Rec,F1,kap,ROC,tra-T,test-T,Al-Time
UK,0,1,DT,0.9010240343167146,0.8963370316809245,0.9088344745126702,0.8963370316809245,0.90171360673676,0.8675115768604214,0,1.610661268234253,0.024954795837402344,0
UK,0,2,DT,0.9052295140568161,0.8917081022476627,0.9130669413843271,0.8917081022476627,0.9003470876271148,0.8730535901495664,0,1.5399234294891357,0.0332179069519043,0
UK,0,3,DT,0.9043043085139937,0.8936076581270181,0.9138184684589625,0.8936076581270181,0.9023520006584472,0.8717199148895836,0,1.4120681285858154,0.03136110305786133,0
UK,0,4,DT,0.9032949933763694,0.8962271551002523,0.9098452513695081,0.8962271551002523,0.9020313383890992,0.8701780267416999,0,1.592980146408081,0.015757083892822266,0
UK,0,5,DT,0.9041571167230902,0.8964155585263147,0.9100413938032483,0.8964155585263147,0.9025060536262782,0.8716445005159029,0,1.5130579471588135,0.01727437973022461,0
