Feature,Dataset,T,CV,ML,Acc,b_Acc,Prec,Rec,F1,kap,ROC,tra-T,test-T
Bwd Pkt Len Min,DD2,0,0,DT,0.6760828625235404,0.4086658349212464,0.5019257599113273,0.4086658349212464,0.3899325504985363,0.5272720557444968,0,0.005578041076660156,0.0009968280792236328
Bwd Pkt Len Min,DD2,0,1,DT,0.6760828625235404,0.4086658349212464,0.5019257599113273,0.4086658349212464,0.3899325504985363,0.5272720557444968,0,0.004579782485961914,0.0
Bwd Pkt Len Min,DD2,0,2,DT,0.6760828625235404,0.4086658349212464,0.5019257599113273,0.4086658349212464,0.3899325504985363,0.5272720557444968,0,0.004250526428222656,0.0015788078308105469
Bwd Pkt Len Min,DD2,0,3,DT,0.6760828625235404,0.4086658349212464,0.5019257599113273,0.4086658349212464,0.3899325504985363,0.5272720557444968,0,0.003697633743286133,0.0010516643524169922
Bwd Pkt Len Min,DD2,0,4,DT,0.6760828625235404,0.4086658349212464,0.5019257599113273,0.4086658349212464,0.3899325504985363,0.5272720557444968,0,0.00499272346496582,0.0009188652038574219
