Feature,Dataset,T,CV,ML,Acc,b_Acc,Prec,Rec,F1,kap,ROC,tra-T,test-T
Fwd Pkt Len Mean,DD2T,0,0,DT,0.5216375407681448,0.4630454289008499,0.41776793402107165,0.4630454289008499,0.386655350972324,0.3842951639464296,0,0.00718998908996582,0.0020706653594970703
Fwd Pkt Len Mean,DD2T,0,1,DT,0.5216375407681448,0.4630454289008499,0.41776793402107165,0.4630454289008499,0.386655350972324,0.3842951639464296,0,0.004522800445556641,0.003001689910888672
Fwd Pkt Len Mean,DD2T,0,2,DT,0.5216375407681448,0.4630454289008499,0.41776793402107165,0.4630454289008499,0.386655350972324,0.3842951639464296,0,0.005805492401123047,0.0029532909393310547
Fwd Pkt Len Mean,DD2T,0,3,DT,0.5216375407681448,0.4630454289008499,0.41776793402107165,0.4630454289008499,0.386655350972324,0.3842951639464296,0,0.006829261779785156,0.0038635730743408203
Fwd Pkt Len Mean,DD2T,0,4,DT,0.5216375407681448,0.4630454289008499,0.41776793402107165,0.4630454289008499,0.386655350972324,0.3842951639464296,0,0.005004167556762695,0.0028145313262939453
