Feature,Dataset,T,CV,ML,Acc,b_Acc,Prec,Rec,F1,kap,ROC,tra-T,test-T
Active Std,DD2,0,0,DT,0.480225988700565,0.15312392904235275,0.22365508440264528,0.15312392904235275,0.15239845068594324,0.14481033007811983,0,0.025318622589111328,0.0013611316680908203
Active Std,DD2,0,1,DT,0.480225988700565,0.15312392904235275,0.22365508440264528,0.15312392904235275,0.15239845068594324,0.14481033007811983,0,0.021593570709228516,0.0021393299102783203
Active Std,DD2,0,2,DT,0.480225988700565,0.15312392904235275,0.22365508440264528,0.15312392904235275,0.15239845068594324,0.14481033007811983,0,0.02085566520690918,0.0020003318786621094
Active Std,DD2,0,3,DT,0.480225988700565,0.15312392904235275,0.22365508440264528,0.15312392904235275,0.15239845068594324,0.14481033007811983,0,0.021043062210083008,0.0010004043579101562
Active Std,DD2,0,4,DT,0.480225988700565,0.15312392904235275,0.22365508440264528,0.15312392904235275,0.15239845068594324,0.14481033007811983,0,0.020209789276123047,0.0001938343048095703
