Feature,Dataset,T,CV,ML,Acc,b_Acc,Prec,Rec,F1,kap,ROC,tra-T,test-T
Fwd Act Data Pkts,DD1,0,0,DT,0.2772433192686357,0.27225367189234073,0.22676167079036014,0.27225367189234073,0.1780463455168345,0.17524775974568263,0,0.004148721694946289,0.0020020008087158203
Fwd Act Data Pkts,DD1,0,1,DT,0.2772433192686357,0.27225367189234073,0.22676167079036014,0.27225367189234073,0.1780463455168345,0.17524775974568263,0,0.0020859241485595703,0.003907442092895508
Fwd Act Data Pkts,DD1,0,2,DT,0.2772433192686357,0.27225367189234073,0.22676167079036014,0.27225367189234073,0.1780463455168345,0.17524775974568263,0,0.0047872066497802734,0.0019998550415039062
Fwd Act Data Pkts,DD1,0,3,DT,0.2772433192686357,0.27225367189234073,0.22676167079036014,0.27225367189234073,0.1780463455168345,0.17524775974568263,0,0.0061626434326171875,0.0019259452819824219
Fwd Act Data Pkts,DD1,0,4,DT,0.2772433192686357,0.27225367189234073,0.22676167079036014,0.27225367189234073,0.1780463455168345,0.17524775974568263,0,0.003024578094482422,0.0012395381927490234
