Feature,Dataset,T,CV,ML,Acc,b_Acc,Prec,Rec,F1,kap,ROC,tra-T,test-T
Bwd Seg Size Avg,DD1T,0,0,DT,0.5736711829077644,0.431109466536761,0.4635602478592349,0.431109466536761,0.3931615304034541,0.4457708571071174,0,0.008026599884033203,0.002034902572631836
Bwd Seg Size Avg,DD1T,0,1,DT,0.5736711829077644,0.431109466536761,0.4635602478592349,0.431109466536761,0.3931615304034541,0.4457708571071174,0,0.006993293762207031,0.0019528865814208984
Bwd Seg Size Avg,DD1T,0,2,DT,0.5736711829077644,0.431109466536761,0.4635602478592349,0.431109466536761,0.3931615304034541,0.4457708571071174,0,0.007998228073120117,0.001065969467163086
Bwd Seg Size Avg,DD1T,0,3,DT,0.5736711829077644,0.431109466536761,0.4635602478592349,0.431109466536761,0.3931615304034541,0.4457708571071174,0,0.0058901309967041016,0.002083301544189453
Bwd Seg Size Avg,DD1T,0,4,DT,0.5736711829077644,0.431109466536761,0.4635602478592349,0.431109466536761,0.3931615304034541,0.4457708571071174,0,0.008056640625,0.002008676528930664
