Feature,Dataset,T,CV,ML,Acc,b_Acc,Prec,Rec,F1,kap,ROC,tra-T,test-T
Bwd IAT Mean,DD1T,0,0,DT,0.3283611255862428,0.27536628541396996,0.2863979683562613,0.27536628541396996,0.2495429432565847,0.16752375184220736,0,0.021907567977905273,0.0
Bwd IAT Mean,DD1T,0,1,DT,0.3283611255862428,0.27536628541396996,0.2863979683562613,0.27536628541396996,0.2495429432565847,0.16752375184220736,0,0.025534868240356445,0.0
Bwd IAT Mean,DD1T,0,2,DT,0.3283611255862428,0.27536628541396996,0.2863979683562613,0.27536628541396996,0.2495429432565847,0.16752375184220736,0,0.023067712783813477,0.0
Bwd IAT Mean,DD1T,0,3,DT,0.3283611255862428,0.27536628541396996,0.2863979683562613,0.27536628541396996,0.2495429432565847,0.16752375184220736,0,0.01396489143371582,0.005803585052490234
Bwd IAT Mean,DD1T,0,4,DT,0.3283611255862428,0.27536628541396996,0.2863979683562613,0.27536628541396996,0.2495429432565847,0.16752375184220736,0,0.019449710845947266,0.0033216476440429688
