Feature,Dataset,T,CV,ML,Acc,b_Acc,Prec,Rec,F1,kap,ROC,tra-T,test-T
Bwd PSH Flags,DD1,0,0,DT,0.09187060478199718,0.08333333333333333,0.007655883731833099,0.08333333333333333,0.014023426765594945,0.0,0,0.001981973648071289,0.0004544258117675781
Bwd PSH Flags,DD1,0,1,DT,0.09187060478199718,0.08333333333333333,0.007655883731833099,0.08333333333333333,0.014023426765594945,0.0,0,0.0019240379333496094,0.002056598663330078
Bwd PSH Flags,DD1,0,2,DT,0.09187060478199718,0.08333333333333333,0.007655883731833099,0.08333333333333333,0.014023426765594945,0.0,0,0.0011150836944580078,0.002020120620727539
Bwd PSH Flags,DD1,0,3,DT,0.09187060478199718,0.08333333333333333,0.007655883731833099,0.08333333333333333,0.014023426765594945,0.0,0,0.0027565956115722656,0.0020093917846679688
Bwd PSH Flags,DD1,0,4,DT,0.09187060478199718,0.08333333333333333,0.007655883731833099,0.08333333333333333,0.014023426765594945,0.0,0,0.002025127410888672,0.0019702911376953125
