Feature,Dataset,T,CV,ML,Acc,b_Acc,Prec,Rec,F1,kap,ROC,tra-T,test-T
PSH Flag Cnt,DD2,0,0,DT,0.33224303697095847,0.06246273106738223,0.035300560259488606,0.06246273106738223,0.04510832996904859,-0.06800208108451722,0,0.003017902374267578,0.000985860824584961
PSH Flag Cnt,DD2,0,1,DT,0.33224303697095847,0.06246273106738223,0.035300560259488606,0.06246273106738223,0.04510832996904859,-0.06800208108451722,0,0.0030143260955810547,0.0011947154998779297
PSH Flag Cnt,DD2,0,2,DT,0.33224303697095847,0.06246273106738223,0.035300560259488606,0.06246273106738223,0.04510832996904859,-0.06800208108451722,0,0.0032858848571777344,0.0
PSH Flag Cnt,DD2,0,3,DT,0.33224303697095847,0.06246273106738223,0.035300560259488606,0.06246273106738223,0.04510832996904859,-0.06800208108451722,0,0.0029997825622558594,0.0009996891021728516
PSH Flag Cnt,DD2,0,4,DT,0.33224303697095847,0.06246273106738223,0.035300560259488606,0.06246273106738223,0.04510832996904859,-0.06800208108451722,0,0.0020034313201904297,0.000980377197265625
