Feature,Dataset,T,CV,ML,Acc,b_Acc,Prec,Rec,F1,kap,ROC,tra-T,test-T
Bwd IAT Std,DD2,0,0,DT,0.49747249479631284,0.2399872293818978,0.30953180449640444,0.2399872293818978,0.2587236398258644,0.2811680161270821,0,0.019668102264404297,0.0
Bwd IAT Std,DD2,0,1,DT,0.49747249479631284,0.2399872293818978,0.30953180449640444,0.2399872293818978,0.2587236398258644,0.2811680161270821,0,0.02462625503540039,0.0
Bwd IAT Std,DD2,0,2,DT,0.49747249479631284,0.2399872293818978,0.30953180449640444,0.2399872293818978,0.2587236398258644,0.2811680161270821,0,0.018613100051879883,0.0
Bwd IAT Std,DD2,0,3,DT,0.49747249479631284,0.2399872293818978,0.30953180449640444,0.2399872293818978,0.2587236398258644,0.2811680161270821,0,0.0221250057220459,0.0
Bwd IAT Std,DD2,0,4,DT,0.49747249479631284,0.2399872293818978,0.30953180449640444,0.2399872293818978,0.2587236398258644,0.2811680161270821,0,0.021991729736328125,0.0
