Feature,Dataset,T,CV,ML,Acc,b_Acc,Prec,Rec,F1,kap,ROC,tra-T,test-T
Fwd Seg Size Min,DD2,0,0,DT,0.4432550302309446,0.08333333333333333,0.03693791918591205,0.08333333333333333,0.05118696060252272,0.0,0,0.002997875213623047,0.0
Fwd Seg Size Min,DD2,0,1,DT,0.4432550302309446,0.08333333333333333,0.03693791918591205,0.08333333333333333,0.05118696060252272,0.0,0,0.0017681121826171875,0.0008893013000488281
Fwd Seg Size Min,DD2,0,2,DT,0.4432550302309446,0.08333333333333333,0.03693791918591205,0.08333333333333333,0.05118696060252272,0.0,0,0.0040111541748046875,0.002067089080810547
Fwd Seg Size Min,DD2,0,3,DT,0.4432550302309446,0.08333333333333333,0.03693791918591205,0.08333333333333333,0.05118696060252272,0.0,0,0.001306295394897461,0.0009975433349609375
Fwd Seg Size Min,DD2,0,4,DT,0.4432550302309446,0.08333333333333333,0.03693791918591205,0.08333333333333333,0.05118696060252272,0.0,0,0.002180337905883789,0.0011000633239746094
