Feature,Dataset,T,CV,ML,Acc,b_Acc,Prec,Rec,F1,kap,ROC,tra-T,test-T
Fwd Blk Rate Avg,DD2,0,0,DT,0.4432550302309446,0.08333333333333333,0.03693791918591205,0.08333333333333333,0.05118696060252272,0.0,0,0.0009846687316894531,0.0010223388671875
Fwd Blk Rate Avg,DD2,0,1,DT,0.4432550302309446,0.08333333333333333,0.03693791918591205,0.08333333333333333,0.05118696060252272,0.0,0,0.002920389175415039,0.0
Fwd Blk Rate Avg,DD2,0,2,DT,0.4432550302309446,0.08333333333333333,0.03693791918591205,0.08333333333333333,0.05118696060252272,0.0,0,0.0018935203552246094,0.0020008087158203125
Fwd Blk Rate Avg,DD2,0,3,DT,0.4432550302309446,0.08333333333333333,0.03693791918591205,0.08333333333333333,0.05118696060252272,0.0,0,0.0029578208923339844,0.0010023117065429688
Fwd Blk Rate Avg,DD2,0,4,DT,0.4432550302309446,0.08333333333333333,0.03693791918591205,0.08333333333333333,0.05118696060252272,0.0,0,0.002116680145263672,0.0011017322540283203
