Feature,Dataset,T,CV,ML,Acc,b_Acc,Prec,Rec,F1,kap,ROC,tra-T,test-T
Fwd Seg Size Min,DD2T,0,0,DT,0.46468383390936085,0.08333333333333333,0.038723652825780074,0.08333333333333333,0.05287646648276779,0.0,0,0.0015215873718261719,0.0026013851165771484
Fwd Seg Size Min,DD2T,0,1,DT,0.46468383390936085,0.08333333333333333,0.038723652825780074,0.08333333333333333,0.05287646648276779,0.0,0,0.001065969467163086,0.000995635986328125
Fwd Seg Size Min,DD2T,0,2,DT,0.46468383390936085,0.08333333333333333,0.038723652825780074,0.08333333333333333,0.05287646648276779,0.0,0,0.0020668506622314453,0.0020661354064941406
Fwd Seg Size Min,DD2T,0,3,DT,0.46468383390936085,0.08333333333333333,0.038723652825780074,0.08333333333333333,0.05287646648276779,0.0,0,0.0010106563568115234,0.001996755599975586
Fwd Seg Size Min,DD2T,0,4,DT,0.46468383390936085,0.08333333333333333,0.038723652825780074,0.08333333333333333,0.05287646648276779,0.0,0,0.0012209415435791016,0.0020074844360351562
