Feature,Dataset,T,CV,ML,Acc,b_Acc,Prec,Rec,F1,kap,ROC,tra-T,test-T
FIN Flag Cnt,DD2,0,0,DT,0.416294974724948,0.07877249721676345,0.03792798311891634,0.07877249721676345,0.04999206283806513,-0.02989081522450565,0,0.0030012130737304688,0.0
FIN Flag Cnt,DD2,0,1,DT,0.416294974724948,0.07877249721676345,0.03792798311891634,0.07877249721676345,0.04999206283806513,-0.02989081522450565,0,0.0025463104248046875,0.001056671142578125
FIN Flag Cnt,DD2,0,2,DT,0.416294974724948,0.07877249721676345,0.03792798311891634,0.07877249721676345,0.04999206283806513,-0.02989081522450565,0,0.0029985904693603516,0.001264333724975586
FIN Flag Cnt,DD2,0,3,DT,0.416294974724948,0.07877249721676345,0.03792798311891634,0.07877249721676345,0.04999206283806513,-0.02989081522450565,0,0.003005504608154297,0.0010039806365966797
FIN Flag Cnt,DD2,0,4,DT,0.416294974724948,0.07877249721676345,0.03792798311891634,0.07877249721676345,0.04999206283806513,-0.02989081522450565,0,0.002004384994506836,0.0010182857513427734
