Feature,Dataset,T,CV,ML,Acc,b_Acc,Prec,Rec,F1,kap,ROC,tra-T,test-T
TotLen Bwd Pkts,DD1,0,0,DT,0.5429535864978903,0.5087691081026965,0.4754650481243916,0.5087691081026965,0.40899294186504087,0.40042130584083435,0,0.006980419158935547,0.0019974708557128906
TotLen Bwd Pkts,DD1,0,1,DT,0.5429535864978903,0.5087691081026965,0.4754650481243916,0.5087691081026965,0.40899294186504087,0.40042130584083435,0,0.007184267044067383,0.0025665760040283203
TotLen Bwd Pkts,DD1,0,2,DT,0.5429535864978903,0.5087691081026965,0.4754650481243916,0.5087691081026965,0.40899294186504087,0.40042130584083435,0,0.008227109909057617,0.0021338462829589844
TotLen Bwd Pkts,DD1,0,3,DT,0.5429535864978903,0.5087691081026965,0.4754650481243916,0.5087691081026965,0.40899294186504087,0.40042130584083435,0,0.008968353271484375,0.0021409988403320312
TotLen Bwd Pkts,DD1,0,4,DT,0.5429535864978903,0.5087691081026965,0.4754650481243916,0.5087691081026965,0.40899294186504087,0.40042130584083435,0,0.007874488830566406,0.0020530223846435547
