Feature,Dataset,T,CV,ML,Acc,b_Acc,Prec,Rec,F1,kap,ROC,tra-T,test-T
Bwd IAT Max,DD1T,0,0,DT,0.318264721208963,0.2447880702186277,0.2457622051863718,0.2447880702186277,0.22349690769879504,0.15808007355178355,0,0.020100831985473633,0.002008676528930664
Bwd IAT Max,DD1T,0,1,DT,0.318264721208963,0.2447880702186277,0.2457622051863718,0.2447880702186277,0.22349690769879504,0.15808007355178355,0,0.02393507957458496,0.0006396770477294922
Bwd IAT Max,DD1T,0,2,DT,0.318264721208963,0.2447880702186277,0.2457622051863718,0.2447880702186277,0.22349690769879504,0.15808007355178355,0,0.02213311195373535,0.002096891403198242
Bwd IAT Max,DD1T,0,3,DT,0.318264721208963,0.2447880702186277,0.2457622051863718,0.2447880702186277,0.22349690769879504,0.15808007355178355,0,0.025297880172729492,0.0029861927032470703
Bwd IAT Max,DD1T,0,4,DT,0.318264721208963,0.2447880702186277,0.2457622051863718,0.2447880702186277,0.22349690769879504,0.15808007355178355,0,0.020585060119628906,0.002284526824951172
