Feature,Dataset,T,CV,ML,Acc,b_Acc,Prec,Rec,F1,kap,ROC,tra-T,test-T
Protocol,DD2,0,0,DT,0.32104271979383486,0.12596432904171476,0.1085100933863379,0.12596432904171476,0.0799255072202312,0.06710541416639249,0,0.0031142234802246094,0.0010094642639160156
Protocol,DD2,0,1,DT,0.32104271979383486,0.12596432904171476,0.1085100933863379,0.12596432904171476,0.0799255072202312,0.06710541416639249,0,0.0037500858306884766,0.0005693435668945312
Protocol,DD2,0,2,DT,0.32104271979383486,0.12596432904171476,0.1085100933863379,0.12596432904171476,0.0799255072202312,0.06710541416639249,0,0.0035507678985595703,0.0
Protocol,DD2,0,3,DT,0.32104271979383486,0.12596432904171476,0.1085100933863379,0.12596432904171476,0.0799255072202312,0.06710541416639249,0,0.0030012130737304688,0.0007767677307128906
Protocol,DD2,0,4,DT,0.32104271979383486,0.12596432904171476,0.1085100933863379,0.12596432904171476,0.0799255072202312,0.06710541416639249,0,0.0012707710266113281,0.001004934310913086
