Feature,Dataset,T,CV,ML,Acc,b_Acc,Prec,Rec,F1,kap,ROC,tra-T,test-T
Fwd PSH Flags,DD1,0,0,DT,0.09187060478199718,0.08333333333333333,0.007655883731833099,0.08333333333333333,0.014023426765594945,0.0,0,0.0031402111053466797,0.0018718242645263672
Fwd PSH Flags,DD1,0,1,DT,0.09187060478199718,0.08333333333333333,0.007655883731833099,0.08333333333333333,0.014023426765594945,0.0,0,0.0021293163299560547,0.002012014389038086
Fwd PSH Flags,DD1,0,2,DT,0.09187060478199718,0.08333333333333333,0.007655883731833099,0.08333333333333333,0.014023426765594945,0.0,0,0.0029747486114501953,0.0012373924255371094
Fwd PSH Flags,DD1,0,3,DT,0.09187060478199718,0.08333333333333333,0.007655883731833099,0.08333333333333333,0.014023426765594945,0.0,0,0.0018851757049560547,0.0010409355163574219
Fwd PSH Flags,DD1,0,4,DT,0.09187060478199718,0.08333333333333333,0.007655883731833099,0.08333333333333333,0.014023426765594945,0.0,0,0.002142190933227539,0.000988006591796875
