Feature,Dataset,T,CV,ML,Acc,b_Acc,Prec,Rec,F1,kap,ROC,tra-T,test-T
Bwd IAT Max,DD1,0,0,DT,0.2188466947960619,0.2797329128692059,0.2877821922100137,0.2797329128692059,0.2184749764319198,0.1525204621003622,0,0.019300222396850586,0.0021300315856933594
Bwd IAT Max,DD1,0,1,DT,0.2188466947960619,0.2797329128692059,0.2877821922100137,0.2797329128692059,0.2184749764319198,0.1525204621003622,0,0.02018451690673828,0.002050638198852539
Bwd IAT Max,DD1,0,2,DT,0.2188466947960619,0.2797329128692059,0.2877821922100137,0.2797329128692059,0.2184749764319198,0.1525204621003622,0,0.01921701431274414,0.00337982177734375
Bwd IAT Max,DD1,0,3,DT,0.2188466947960619,0.2797329128692059,0.2877821922100137,0.2797329128692059,0.2184749764319198,0.1525204621003622,0,0.017050504684448242,0.0021178722381591797
Bwd IAT Max,DD1,0,4,DT,0.2188466947960619,0.2797329128692059,0.2877821922100137,0.2797329128692059,0.2184749764319198,0.1525204621003622,0,0.0164949893951416,0.003630399703979492
