Feature,Dataset,T,CV,ML,Acc,b_Acc,Prec,Rec,F1,kap,ROC,tra-T,test-T
Active Mean,DD2,0,0,DT,0.5347408068193081,0.2232821836174083,0.271541156497131,0.2232821836174083,0.2279979498410731,0.30033756168429937,0,0.025163650512695312,0.000997304916381836
Active Mean,DD2,0,1,DT,0.5347408068193081,0.2232821836174083,0.271541156497131,0.2232821836174083,0.2279979498410731,0.30033756168429937,0,0.023620128631591797,0.0009920597076416016
Active Mean,DD2,0,2,DT,0.5347408068193081,0.2232821836174083,0.271541156497131,0.2232821836174083,0.2279979498410731,0.30033756168429937,0,0.02607870101928711,0.0019919872283935547
Active Mean,DD2,0,3,DT,0.5347408068193081,0.2232821836174083,0.271541156497131,0.2232821836174083,0.2279979498410731,0.30033756168429937,0,0.02414727210998535,0.002750873565673828
Active Mean,DD2,0,4,DT,0.5347408068193081,0.2232821836174083,0.271541156497131,0.2232821836174083,0.2279979498410731,0.30033756168429937,0,0.019936561584472656,0.0010333061218261719
