Feature,Dataset,T,CV,ML,Acc,b_Acc,Prec,Rec,F1,kap,ROC,tra-T,test-T
Idle Max,DD1T,0,0,DT,0.6478634705575821,0.342986933344209,0.4738099611352881,0.342986933344209,0.37188999494313973,0.5095262481154226,0,0.023974895477294922,0.0009996891021728516
Idle Max,DD1T,0,1,DT,0.6478634705575821,0.342986933344209,0.4738099611352881,0.342986933344209,0.37188999494313973,0.5095262481154226,0,0.024289369583129883,0.003134012222290039
Idle Max,DD1T,0,2,DT,0.6478634705575821,0.342986933344209,0.4738099611352881,0.342986933344209,0.37188999494313973,0.5095262481154226,0,0.021394729614257812,0.001104593276977539
Idle Max,DD1T,0,3,DT,0.6478634705575821,0.342986933344209,0.4738099611352881,0.342986933344209,0.37188999494313973,0.5095262481154226,0,0.023146629333496094,0.003141164779663086
Idle Max,DD1T,0,4,DT,0.6478634705575821,0.342986933344209,0.4738099611352881,0.342986933344209,0.37188999494313973,0.5095262481154226,0,0.021837711334228516,0.0019960403442382812
