Feature,Dataset,T,CV,ML,Acc,b_Acc,Prec,Rec,F1,kap,ROC,tra-T,test-T
Bwd Pkt Len Mean,DD1,0,0,DT,0.5623628691983122,0.5144101849901092,0.52201389554019,0.5144101849901092,0.42401947026808906,0.421563238496964,0,0.009278297424316406,0.002217531204223633
Bwd Pkt Len Mean,DD1,0,1,DT,0.5623628691983122,0.5144101849901092,0.52201389554019,0.5144101849901092,0.42401947026808906,0.421563238496964,0,0.006121158599853516,0.0026178359985351562
Bwd Pkt Len Mean,DD1,0,2,DT,0.5623628691983122,0.5144101849901092,0.52201389554019,0.5144101849901092,0.42401947026808906,0.421563238496964,0,0.009711742401123047,0.002008199691772461
Bwd Pkt Len Mean,DD1,0,3,DT,0.5623628691983122,0.5144101849901092,0.52201389554019,0.5144101849901092,0.42401947026808906,0.421563238496964,0,0.011840581893920898,0.002143383026123047
Bwd Pkt Len Mean,DD1,0,4,DT,0.5623628691983122,0.5144101849901092,0.52201389554019,0.5144101849901092,0.42401947026808906,0.421563238496964,0,0.008317232131958008,0.0016322135925292969
