Feature,Dataset,T,CV,ML,Acc,b_Acc,Prec,Rec,F1,kap,ROC,tra-T,test-T
Dst Port,DD1T,0,0,DT,0.5087285044293903,0.2838132466609577,0.35669332159863104,0.2838132466609577,0.24408139313061786,0.3507791654207848,0,0.0059452056884765625,0.0020296573638916016
Dst Port,DD1T,0,1,DT,0.5087285044293903,0.2838132466609577,0.35669332159863104,0.2838132466609577,0.24408139313061786,0.3507791654207848,0,0.005066871643066406,0.0010666847229003906
Dst Port,DD1T,0,2,DT,0.5087285044293903,0.2838132466609577,0.35669332159863104,0.2838132466609577,0.24408139313061786,0.3507791654207848,0,0.005050182342529297,0.00113677978515625
Dst Port,DD1T,0,3,DT,0.5087285044293903,0.2838132466609577,0.35669332159863104,0.2838132466609577,0.24408139313061786,0.3507791654207848,0,0.004701137542724609,0.0009710788726806641
Dst Port,DD1T,0,4,DT,0.5087285044293903,0.2838132466609577,0.35669332159863104,0.2838132466609577,0.24408139313061786,0.3507791654207848,0,0.004942417144775391,0.0009696483612060547
