Feature,Dataset,T,CV,ML,Acc,b_Acc,Prec,Rec,F1,kap,ROC,tra-T,test-T
Bwd IAT Mean,DD2T,0,0,DT,0.5099547291048045,0.2859864057978417,0.3088497746348788,0.2859864057978417,0.27401454735609126,0.22165198238125883,0,0.014828920364379883,0.0030210018157958984
Bwd IAT Mean,DD2T,0,1,DT,0.5099547291048045,0.2859864057978417,0.3088497746348788,0.2859864057978417,0.27401454735609126,0.22165198238125883,0,0.012279033660888672,0.0020062923431396484
Bwd IAT Mean,DD2T,0,2,DT,0.5099547291048045,0.2859864057978417,0.3088497746348788,0.2859864057978417,0.27401454735609126,0.22165198238125883,0,0.015361309051513672,0.002325296401977539
Bwd IAT Mean,DD2T,0,3,DT,0.5099547291048045,0.2859864057978417,0.3088497746348788,0.2859864057978417,0.27401454735609126,0.22165198238125883,0,0.016070842742919922,0.0020673274993896484
Bwd IAT Mean,DD2T,0,4,DT,0.5099547291048045,0.2859864057978417,0.3088497746348788,0.2859864057978417,0.27401454735609126,0.22165198238125883,0,0.01586627960205078,0.0020008087158203125
