Feature,Dataset,T,CV,ML,Acc,b_Acc,Prec,Rec,F1,kap,ROC,tra-T,test-T
dhcp.flags,DD12,0,0,DT,0.07826142293496245,0.06624157829541677,0.04842013370038142,0.06624157829541677,0.03201242164702195,0.020183211574507642,0,0.005607128143310547,0.010634183883666992
dhcp.flags,DD12,0,1,DT,0.07826142293496245,0.06624157829541677,0.04842013370038142,0.06624157829541677,0.03201242164702195,0.020183211574507642,0,0.011819839477539062,0.010725975036621094
dhcp.flags,DD12,0,2,DT,0.07826142293496245,0.06624157829541677,0.04842013370038142,0.06624157829541677,0.03201242164702195,0.020183211574507642,0,0.007193088531494141,0.014217138290405273
dhcp.flags,DD12,0,3,DT,0.07826142293496245,0.06624157829541677,0.04842013370038142,0.06624157829541677,0.03201242164702195,0.020183211574507642,0,0.009767770767211914,0.0053005218505859375
dhcp.flags,DD12,0,4,DT,0.07826142293496245,0.06624157829541677,0.04842013370038142,0.06624157829541677,0.03201242164702195,0.020183211574507642,0,0.01078033447265625,0.010393142700195312
