Feature,Dataset,T,CV,ML,Acc,b_Acc,Prec,Rec,F1,kap,ROC,tra-T,test-T
arp.isannouncement,DD21T,0,0,DT,0.039990354085446725,0.047619047619047616,0.0019043025754974631,0.047619047619047616,0.003662154303675404,0.0,0,0.011093616485595703,0.020016193389892578
arp.isannouncement,DD21T,0,1,DT,0.039990354085446725,0.047619047619047616,0.0019043025754974631,0.047619047619047616,0.003662154303675404,0.0,0,0.012075662612915039,0.007996082305908203
arp.isannouncement,DD21T,0,2,DT,0.039990354085446725,0.047619047619047616,0.0019043025754974631,0.047619047619047616,0.003662154303675404,0.0,0,0.012014627456665039,0.012102603912353516
arp.isannouncement,DD21T,0,3,DT,0.039990354085446725,0.047619047619047616,0.0019043025754974631,0.047619047619047616,0.003662154303675404,0.0,0,0.012121438980102539,0.011890411376953125
arp.isannouncement,DD21T,0,4,DT,0.039990354085446725,0.047619047619047616,0.0019043025754974631,0.047619047619047616,0.003662154303675404,0.0,0,0.007990121841430664,0.011995553970336914
