Feature,Dataset,T,CV,ML,Acc,b_Acc,Prec,Rec,F1,kap,ROC,tra-T,test-T
tls.handshake.certificates,DD21,0,0,DT,0.0594949623772478,0.04749545374001331,0.008123534363456805,0.04749545374001331,0.005423876349309121,-0.00018286650916121694,0,0.012315750122070312,0.01632547378540039
tls.handshake.certificates,DD21,0,1,DT,0.0594949623772478,0.04749545374001331,0.008123534363456805,0.04749545374001331,0.005423876349309121,-0.00018286650916121694,0,0.01038217544555664,0.01611018180847168
tls.handshake.certificates,DD21,0,2,DT,0.0594949623772478,0.04749545374001331,0.008123534363456805,0.04749545374001331,0.005423876349309121,-0.00018286650916121694,0,0.012938737869262695,0.01214456558227539
tls.handshake.certificates,DD21,0,3,DT,0.0594949623772478,0.04749545374001331,0.008123534363456805,0.04749545374001331,0.005423876349309121,-0.00018286650916121694,0,0.012311935424804688,0.0164492130279541
tls.handshake.certificates,DD21,0,4,DT,0.0594949623772478,0.04749545374001331,0.008123534363456805,0.04749545374001331,0.005423876349309121,-0.00018286650916121694,0,0.01577162742614746,0.012752532958984375
