Feature,Dataset,T,CV,ML,Acc,b_Acc,Prec,Rec,F1,kap,ROC,tra-T,test-T
tcp.options.wscale.multiplier,DD22T,0,0,DT,0.0796323834786919,0.059958260203829855,0.31561767547417036,0.059958260203829855,0.02824269518449406,0.01683934469144832,0,0.0,0.015733003616333008
tcp.options.wscale.multiplier,DD22T,0,1,DT,0.0796323834786919,0.059958260203829855,0.31561767547417036,0.059958260203829855,0.02824269518449406,0.01683934469144832,0,0.0,0.015622854232788086
tcp.options.wscale.multiplier,DD22T,0,2,DT,0.0796323834786919,0.059958260203829855,0.31561767547417036,0.059958260203829855,0.02824269518449406,0.01683934469144832,0,0.015527486801147461,0.0
tcp.options.wscale.multiplier,DD22T,0,3,DT,0.0796323834786919,0.059958260203829855,0.31561767547417036,0.059958260203829855,0.02824269518449406,0.01683934469144832,0,0.01561427116394043,0.0
tcp.options.wscale.multiplier,DD22T,0,4,DT,0.0796323834786919,0.059958260203829855,0.31561767547417036,0.059958260203829855,0.02824269518449406,0.01683934469144832,0,0.015707731246948242,0.0
