Feature,Dataset,T,CV,ML,Acc,b_Acc,Prec,Rec,F1,kap,ROC,tra-T,test-T
eth.type,DD22,0,0,DT,0.07612320224004072,0.06275901462458307,0.02676090488332366,0.06275901462458307,0.025483497117924397,0.016626947068626108,0,0.015630006790161133,0.015542745590209961
eth.type,DD22,0,1,DT,0.07612320224004072,0.06275901462458307,0.02676090488332366,0.06275901462458307,0.025483497117924397,0.016626947068626108,0,0.018227577209472656,0.013611555099487305
eth.type,DD22,0,2,DT,0.07612320224004072,0.06275901462458307,0.02676090488332366,0.06275901462458307,0.025483497117924397,0.016626947068626108,0,0.015599727630615234,0.0
eth.type,DD22,0,3,DT,0.07612320224004072,0.06275901462458307,0.02676090488332366,0.06275901462458307,0.025483497117924397,0.016626947068626108,0,0.015732765197753906,0.015623331069946289
eth.type,DD22,0,4,DT,0.07612320224004072,0.06275901462458307,0.02676090488332366,0.06275901462458307,0.025483497117924397,0.016626947068626108,0,0.01620197296142578,0.0
