Feature,Dataset,T,CV,ML,Acc,b_Acc,Prec,Rec,F1,kap,ROC,tra-T,test-T
eapol.keydes.type,DD11,0,0,DT,0.05985205968626451,0.04776325412276094,0.0035979872413920157,0.04776325412276094,0.0057563651955913914,0.0004391897448784432,0,0.015102624893188477,0.0
eapol.keydes.type,DD11,0,1,DT,0.05985205968626451,0.04776325412276094,0.0035979872413920157,0.04776325412276094,0.0057563651955913914,0.0004391897448784432,0,0.01562643051147461,0.015633344650268555
eapol.keydes.type,DD11,0,2,DT,0.05985205968626451,0.04776325412276094,0.0035979872413920157,0.04776325412276094,0.0057563651955913914,0.0004391897448784432,0,0.015735149383544922,0.0
eapol.keydes.type,DD11,0,3,DT,0.05985205968626451,0.04776325412276094,0.0035979872413920157,0.04776325412276094,0.0057563651955913914,0.0004391897448784432,0,0.015618324279785156,0.0
eapol.keydes.type,DD11,0,4,DT,0.05985205968626451,0.04776325412276094,0.0035979872413920157,0.04776325412276094,0.0057563651955913914,0.0004391897448784432,0,0.01562047004699707,0.016208648681640625
