Feature,Dataset,T,CV,ML,Acc,b_Acc,Prec,Rec,F1,kap,ROC,tra-T,test-T
http.request_in,DD11,0,0,DT,0.06258130340517791,0.050051308518155035,0.04521225238487662,0.050051308518155035,0.010432591444512645,0.0031164776755618906,0,0.008638620376586914,0.0
http.request_in,DD11,0,1,DT,0.06258130340517791,0.050051308518155035,0.04521225238487662,0.050051308518155035,0.010432591444512645,0.0031164776755618906,0,0.0015118122100830078,0.016568660736083984
http.request_in,DD11,0,2,DT,0.06258130340517791,0.050051308518155035,0.04521225238487662,0.050051308518155035,0.010432591444512645,0.0031164776755618906,0,0.0,0.015050411224365234
http.request_in,DD11,0,3,DT,0.06258130340517791,0.050051308518155035,0.04521225238487662,0.050051308518155035,0.010432591444512645,0.0031164776755618906,0,0.015644073486328125,0.015734195709228516
http.request_in,DD11,0,4,DT,0.06258130340517791,0.050051308518155035,0.04521225238487662,0.050051308518155035,0.010432591444512645,0.0031164776755618906,0,0.015933513641357422,0.0
