Feature,Dataset,T,CV,ML,Acc,b_Acc,Prec,Rec,F1,kap,ROC,tra-T,test-T
ip.id,DD12,0,0,DT,0.08991981672394044,0.10571888032245831,0.07981958493516303,0.10571888032245831,0.08496107946855448,0.03760598068309884,0,0.41985273361206055,0.03874039649963379
ip.id,DD12,0,1,DT,0.08991981672394044,0.10571888032245831,0.07981958493516303,0.10571888032245831,0.08496107946855448,0.03760598068309884,0,0.4745218753814697,0.030319929122924805
ip.id,DD12,0,2,DT,0.08991981672394044,0.10571888032245831,0.07981958493516303,0.10571888032245831,0.08496107946855448,0.03760598068309884,0,0.43616819381713867,0.039832353591918945
ip.id,DD12,0,3,DT,0.08991981672394044,0.10571888032245831,0.07981958493516303,0.10571888032245831,0.08496107946855448,0.03760598068309884,0,0.37585020065307617,0.037247657775878906
ip.id,DD12,0,4,DT,0.08991981672394044,0.10571888032245831,0.07981958493516303,0.10571888032245831,0.08496107946855448,0.03760598068309884,0,0.44002270698547363,0.03534531593322754
