Feature,Dataset,T,CV,ML,Acc,b_Acc,Prec,Rec,F1,kap,ROC,tra-T,test-T
eth.src.oui,DD12T,0,0,DT,0.9223888688109866,0.9047619047619048,0.8695726850311905,0.9047619047619048,0.882917895141955,0.9179344610407423,0,0.023642301559448242,0.010213613510131836
eth.src.oui,DD12T,0,1,DT,0.9223888688109866,0.9047619047619048,0.8695726850311905,0.9047619047619048,0.882917895141955,0.9179344610407423,0,0.025019407272338867,0.015582084655761719
eth.src.oui,DD12T,0,2,DT,0.9223888688109866,0.9047619047619048,0.8695726850311905,0.9047619047619048,0.882917895141955,0.9179344610407423,0,0.028507471084594727,0.012965679168701172
eth.src.oui,DD12T,0,3,DT,0.9223888688109866,0.9047619047619048,0.8695726850311905,0.9047619047619048,0.882917895141955,0.9179344610407423,0,0.029201984405517578,0.011875629425048828
eth.src.oui,DD12T,0,4,DT,0.9223888688109866,0.9047619047619048,0.8695726850311905,0.9047619047619048,0.882917895141955,0.9179344610407423,0,0.024964332580566406,0.010179996490478516
