Feature,Dataset,T,CV,ML,Acc,b_Acc,Prec,Rec,F1,kap,ROC,tra-T,test-T
stun.att.error,DD11T,0,0,DT,0.028253910888533223,0.047619047619047616,0.0013454243280253916,0.047619047619047616,0.0026169106944855395,0.0,0,0.0,0.015619277954101562
stun.att.error,DD11T,0,1,DT,0.028253910888533223,0.047619047619047616,0.0013454243280253916,0.047619047619047616,0.0026169106944855395,0.0,0,0.015632152557373047,0.0
stun.att.error,DD11T,0,2,DT,0.028253910888533223,0.047619047619047616,0.0013454243280253916,0.047619047619047616,0.0026169106944855395,0.0,0,0.015603065490722656,0.0
stun.att.error,DD11T,0,3,DT,0.028253910888533223,0.047619047619047616,0.0013454243280253916,0.047619047619047616,0.0026169106944855395,0.0,0,0.015733003616333008,0.0
stun.att.error,DD11T,0,4,DT,0.028253910888533223,0.047619047619047616,0.0013454243280253916,0.047619047619047616,0.0026169106944855395,0.0,0,0.015621662139892578,0.0
