Feature,Dataset,T,CV,ML,Acc,b_Acc,Prec,Rec,F1,kap,ROC,tra-T,test-T
dns.retransmit_request_in,DD21,0,0,DT,0.05976278535901033,0.04770697516674831,0.012102160269919985,0.04770697516674831,0.005539678893137813,0.00010046875992020254,0,0.018249034881591797,0.013608455657958984
dns.retransmit_request_in,DD21,0,1,DT,0.05976278535901033,0.04770697516674831,0.012102160269919985,0.04770697516674831,0.005539678893137813,0.00010046875992020254,0,0.0,0.01564955711364746
dns.retransmit_request_in,DD21,0,2,DT,0.05976278535901033,0.04770697516674831,0.012102160269919985,0.04770697516674831,0.005539678893137813,0.00010046875992020254,0,0.0,0.01626729965209961
dns.retransmit_request_in,DD21,0,3,DT,0.05976278535901033,0.04770697516674831,0.012102160269919985,0.04770697516674831,0.005539678893137813,0.00010046875992020254,0,0.015618562698364258,0.0
dns.retransmit_request_in,DD21,0,4,DT,0.05976278535901033,0.04770697516674831,0.012102160269919985,0.04770697516674831,0.005539678893137813,0.00010046875992020254,0,0.0,0.015737533569335938
