Feature,Dataset,T,CV,ML,Acc,b_Acc,Prec,Rec,F1,kap,ROC,tra-T,test-T
tcp.flags.str,DD21T,0,0,DT,0.12823707514435378,0.12230695904116044,0.05376609064887568,0.12230695904116044,0.04822271480036359,0.08604073168369242,0,0.01573657989501953,0.01562666893005371
tcp.flags.str,DD21T,0,1,DT,0.12823707514435378,0.12230695904116044,0.05376609064887568,0.12230695904116044,0.04822271480036359,0.08604073168369242,0,0.020224571228027344,0.0
tcp.flags.str,DD21T,0,2,DT,0.12823707514435378,0.12230695904116044,0.05376609064887568,0.12230695904116044,0.04822271480036359,0.08604073168369242,0,0.015628337860107422,0.015623807907104492
tcp.flags.str,DD21T,0,3,DT,0.12823707514435378,0.12230695904116044,0.05376609064887568,0.12230695904116044,0.04822271480036359,0.08604073168369242,0,0.015729427337646484,0.01563239097595215
tcp.flags.str,DD21T,0,4,DT,0.12823707514435378,0.12230695904116044,0.05376609064887568,0.12230695904116044,0.04822271480036359,0.08604073168369242,0,0.016203641891479492,0.015732765197753906
