Feature,Dataset,T,CV,ML,Acc,b_Acc,Prec,Rec,F1,kap,ROC,tra-T,test-T
tcp.flags.push,DD11,0,0,DT,0.12842749649279428,0.10436580276176521,0.019746685893036024,0.10436580276176521,0.033014566048576555,0.07524468826219166,0,0.015619516372680664,0.0
tcp.flags.push,DD11,0,1,DT,0.12842749649279428,0.10436580276176521,0.019746685893036024,0.10436580276176521,0.033014566048576555,0.07524468826219166,0,0.015509605407714844,0.0157163143157959
tcp.flags.push,DD11,0,2,DT,0.12842749649279428,0.10436580276176521,0.019746685893036024,0.10436580276176521,0.033014566048576555,0.07524468826219166,0,0.011993169784545898,0.01210331916809082
tcp.flags.push,DD11,0,3,DT,0.12842749649279428,0.10436580276176521,0.019746685893036024,0.10436580276176521,0.033014566048576555,0.07524468826219166,0,0.012100696563720703,0.011905670166015625
tcp.flags.push,DD11,0,4,DT,0.12842749649279428,0.10436580276176521,0.019746685893036024,0.10436580276176521,0.033014566048576555,0.07524468826219166,0,0.015707969665527344,0.012002706527709961
