Feature,Dataset,T,CV,ML,Acc,b_Acc,Prec,Rec,F1,kap,ROC,tra-T,test-T
http.response.phrase,DD21,0,0,DT,0.07468435148577987,0.05994423112944373,0.03283313974243407,0.05994423112944373,0.02325712260374076,0.01600539483232477,0,0.018000364303588867,0.009005546569824219
http.response.phrase,DD21,0,1,DT,0.07468435148577987,0.05994423112944373,0.03283313974243407,0.05994423112944373,0.02325712260374076,0.01600539483232477,0,0.010206222534179688,0.00811004638671875
http.response.phrase,DD21,0,2,DT,0.07468435148577987,0.05994423112944373,0.03283313974243407,0.05994423112944373,0.02325712260374076,0.01600539483232477,0,0.015738248825073242,0.0156252384185791
http.response.phrase,DD21,0,3,DT,0.07468435148577987,0.05994423112944373,0.03283313974243407,0.05994423112944373,0.02325712260374076,0.01600539483232477,0,0.015628337860107422,0.0
http.response.phrase,DD21,0,4,DT,0.07468435148577987,0.05994423112944373,0.03283313974243407,0.05994423112944373,0.02325712260374076,0.01600539483232477,0,0.01562190055847168,0.0
