Feature,Dataset,T,CV,ML,Acc,b_Acc,Prec,Rec,F1,kap,ROC,tra-T,test-T
tcp.options.sack.count,DD21,0,0,DT,0.060260170896569314,0.04806684165991096,0.012188662265437697,0.04806684165991096,0.006321050654366407,0.0006153049885567752,0,0.0,0.01560211181640625
tcp.options.sack.count,DD21,0,1,DT,0.060260170896569314,0.04806684165991096,0.012188662265437697,0.04806684165991096,0.006321050654366407,0.0006153049885567752,0,0.008130550384521484,0.011127471923828125
tcp.options.sack.count,DD21,0,2,DT,0.060260170896569314,0.04806684165991096,0.012188662265437697,0.04806684165991096,0.006321050654366407,0.0006153049885567752,0,0.011001825332641602,0.011003732681274414
tcp.options.sack.count,DD21,0,3,DT,0.060260170896569314,0.04806684165991096,0.012188662265437697,0.04806684165991096,0.006321050654366407,0.0006153049885567752,0,0.00801849365234375,0.007995128631591797
tcp.options.sack.count,DD21,0,4,DT,0.060260170896569314,0.04806684165991096,0.012188662265437697,0.04806684165991096,0.006321050654366407,0.0006153049885567752,0,0.01198720932006836,0.007994413375854492
