Feature,Dataset,T,CV,ML,Acc,b_Acc,Prec,Rec,F1,kap,ROC,tra-T,test-T
tcp.segment.count,DD21,0,0,DT,0.06126769544700931,0.04911877635731451,0.08491300124108059,0.04911877635731451,0.011121833941907319,0.0017254291734621896,0,0.009021997451782227,0.013064146041870117
tcp.segment.count,DD21,0,1,DT,0.06126769544700931,0.04911877635731451,0.08491300124108059,0.04911877635731451,0.011121833941907319,0.0017254291734621896,0,0.012126922607421875,0.013962030410766602
tcp.segment.count,DD21,0,2,DT,0.06126769544700931,0.04911877635731451,0.08491300124108059,0.04911877635731451,0.011121833941907319,0.0017254291734621896,0,0.008105754852294922,0.010974645614624023
tcp.segment.count,DD21,0,3,DT,0.06126769544700931,0.04911877635731451,0.08491300124108059,0.04911877635731451,0.011121833941907319,0.0017254291734621896,0,0.010010957717895508,0.013194799423217773
tcp.segment.count,DD21,0,4,DT,0.06126769544700931,0.04911877635731451,0.08491300124108059,0.04911877635731451,0.011121833941907319,0.0017254291734621896,0,0.013969182968139648,0.013048648834228516
