Feature,Dataset,T,CV,ML,Acc,b_Acc,Prec,Rec,F1,kap,ROC,tra-T,test-T
udp.stream,DD12,0,0,DT,0.07530864197530865,0.059896615839785866,0.03192339188955482,0.059896615839785866,0.022945533028591238,0.01512208080481714,0,0.0641179084777832,0.013741254806518555
udp.stream,DD12,0,1,DT,0.07530864197530865,0.059896615839785866,0.03192339188955482,0.059896615839785866,0.022945533028591238,0.01512208080481714,0,0.04201531410217285,0.013104915618896484
udp.stream,DD12,0,2,DT,0.07530864197530865,0.059896615839785866,0.03192339188955482,0.059896615839785866,0.022945533028591238,0.01512208080481714,0,0.04720926284790039,0.011350393295288086
udp.stream,DD12,0,3,DT,0.07530864197530865,0.059896615839785866,0.03192339188955482,0.059896615839785866,0.022945533028591238,0.01512208080481714,0,0.04992270469665527,0.010259866714477539
udp.stream,DD12,0,4,DT,0.07530864197530865,0.059896615839785866,0.03192339188955482,0.059896615839785866,0.022945533028591238,0.01512208080481714,0,0.050232887268066406,0.014621973037719727
