Feature,Dataset,T,CV,ML,Acc,b_Acc,Prec,Rec,F1,kap,ROC,tra-T,test-T
http.response_number,DD21,0,0,DT,0.06705777324320877,0.05377607107676195,0.05395934327466961,0.05377607107676195,0.01675271225787574,0.007898862380624538,0,0.01573491096496582,0.015624523162841797
http.response_number,DD21,0,1,DT,0.06705777324320877,0.05377607107676195,0.05395934327466961,0.05377607107676195,0.01675271225787574,0.007898862380624538,0,0.015628814697265625,0.01619887351989746
http.response_number,DD21,0,2,DT,0.06705777324320877,0.05377607107676195,0.05395934327466961,0.05377607107676195,0.01675271225787574,0.007898862380624538,0,0.015532732009887695,0.015720367431640625
http.response_number,DD21,0,3,DT,0.06705777324320877,0.05377607107676195,0.05395934327466961,0.05377607107676195,0.01675271225787574,0.007898862380624538,0,0.01664590835571289,0.015105009078979492
http.response_number,DD21,0,4,DT,0.06705777324320877,0.05377607107676195,0.05395934327466961,0.05377607107676195,0.01675271225787574,0.007898862380624538,0,0.015631914138793945,0.016748428344726562
