Feature,Dataset,T,CV,ML,Acc,b_Acc,Prec,Rec,F1,kap,ROC,tra-T,test-T
tcp.options.wscale,DD11T,0,0,DT,0.07739170840002065,0.06145846464987231,0.37787160166109424,0.06145846464987231,0.030883100525545912,0.01730723193687067,0,0.015732526779174805,0.0
tcp.options.wscale,DD11T,0,1,DT,0.07739170840002065,0.06145846464987231,0.37787160166109424,0.06145846464987231,0.030883100525545912,0.01730723193687067,0,0.0,0.015616893768310547
tcp.options.wscale,DD11T,0,2,DT,0.07739170840002065,0.06145846464987231,0.37787160166109424,0.06145846464987231,0.030883100525545912,0.01730723193687067,0,0.016756296157836914,0.0
tcp.options.wscale,DD11T,0,3,DT,0.07739170840002065,0.06145846464987231,0.37787160166109424,0.06145846464987231,0.030883100525545912,0.01730723193687067,0,0.015625715255737305,0.015619039535522461
tcp.options.wscale,DD11T,0,4,DT,0.07739170840002065,0.06145846464987231,0.37787160166109424,0.06145846464987231,0.030883100525545912,0.01730723193687067,0,0.021231889724731445,0.01060795783996582
