Feature,Dataset,T,CV,ML,Acc,b_Acc,Prec,Rec,F1,kap,ROC,tra-T,test-T
http.response.code.desc,DD12,0,0,DT,0.07248313605701921,0.05763176671263297,0.07683981912113348,0.05763176671263297,0.02046814295120801,0.012331009135786775,0,0.013994216918945312,0.006890773773193359
http.response.code.desc,DD12,0,1,DT,0.07248313605701921,0.05763176671263297,0.07683981912113348,0.05763176671263297,0.02046814295120801,0.012331009135786775,0,0.005248069763183594,0.010575294494628906
http.response.code.desc,DD12,0,2,DT,0.07248313605701921,0.05763176671263297,0.07683981912113348,0.05763176671263297,0.02046814295120801,0.012331009135786775,0,0.00778508186340332,0.01217341423034668
http.response.code.desc,DD12,0,3,DT,0.07248313605701921,0.05763176671263297,0.07683981912113348,0.05763176671263297,0.02046814295120801,0.012331009135786775,0,0.01003885269165039,0.010040998458862305
http.response.code.desc,DD12,0,4,DT,0.07248313605701921,0.05763176671263297,0.07683981912113348,0.05763176671263297,0.02046814295120801,0.012331009135786775,0,0.010105609893798828,0.010139942169189453
