Feature,Dataset,T,CV,ML,Acc,b_Acc,Prec,Rec,F1,kap,ROC,tra-T,test-T
dns.retransmit_response_in,DD11,0,0,DT,0.05967351103175615,0.047619047619047616,0.0028420307126396567,0.047619047619047616,0.005363928013999634,4.674401622994928e-06,0,0.0,0.015622615814208984
dns.retransmit_response_in,DD11,0,1,DT,0.05967351103175615,0.047619047619047616,0.0028420307126396567,0.047619047619047616,0.005363928013999634,4.674401622994928e-06,0,0.0,0.015627384185791016
dns.retransmit_response_in,DD11,0,2,DT,0.05967351103175615,0.047619047619047616,0.0028420307126396567,0.047619047619047616,0.005363928013999634,4.674401622994928e-06,0,0.007098197937011719,0.015758037567138672
dns.retransmit_response_in,DD11,0,3,DT,0.05967351103175615,0.047619047619047616,0.0028420307126396567,0.047619047619047616,0.005363928013999634,4.674401622994928e-06,0,0.0,0.015752792358398438
dns.retransmit_response_in,DD11,0,4,DT,0.05967351103175615,0.047619047619047616,0.0028420307126396567,0.047619047619047616,0.005363928013999634,4.674401622994928e-06,0,0.01573348045349121,0.0
