Feature,Dataset,T,CV,ML,Acc,b_Acc,Prec,Rec,F1,kap,ROC,tra-T,test-T
ip.id,DD11T,0,0,DT,0.08265785533584594,0.10310895399899563,0.08463338191104275,0.10310895399899563,0.08537980778339661,0.03269678789372832,0,0.4251697063446045,0.03135490417480469
ip.id,DD11T,0,1,DT,0.08265785533584594,0.10310895399899563,0.08463338191104275,0.10310895399899563,0.08537980778339661,0.03269678789372832,0,0.4235696792602539,0.04637885093688965
ip.id,DD11T,0,2,DT,0.08265785533584594,0.10310895399899563,0.08463338191104275,0.10310895399899563,0.08537980778339661,0.03269678789372832,0,0.4402899742126465,0.03183794021606445
ip.id,DD11T,0,3,DT,0.08265785533584594,0.10310895399899563,0.08463338191104275,0.10310895399899563,0.08537980778339661,0.03269678789372832,0,0.4554252624511719,0.03194618225097656
ip.id,DD11T,0,4,DT,0.08265785533584594,0.10310895399899563,0.08463338191104275,0.10310895399899563,0.08537980778339661,0.03269678789372832,0,0.4402031898498535,0.03936576843261719
