Feature,Dataset,T,CV,ML,Acc,b_Acc,Prec,Rec,F1,kap,ROC,tra-T,test-T
eth.dst.ig,DD22,0,0,DT,0.05957744686267023,0.04641087846446176,0.004008789410946809,0.04641087846446176,0.007055079855711196,-0.0018760544209950325,0,0.015623331069946289,0.0
eth.dst.ig,DD22,0,1,DT,0.05957744686267023,0.04641087846446176,0.004008789410946809,0.04641087846446176,0.007055079855711196,-0.0018760544209950325,0,0.0,0.015546083450317383
eth.dst.ig,DD22,0,2,DT,0.05957744686267023,0.04641087846446176,0.004008789410946809,0.04641087846446176,0.007055079855711196,-0.0018760544209950325,0,0.0,0.0156252384185791
eth.dst.ig,DD22,0,3,DT,0.05957744686267023,0.04641087846446176,0.004008789410946809,0.04641087846446176,0.007055079855711196,-0.0018760544209950325,0,0.01576685905456543,0.0
eth.dst.ig,DD22,0,4,DT,0.05957744686267023,0.04641087846446176,0.004008789410946809,0.04641087846446176,0.007055079855711196,-0.0018760544209950325,0,0.015706300735473633,0.0
