Feature,Dataset,T,CV,ML,Acc,b_Acc,Prec,Rec,F1,kap,ROC,tra-T,test-T
http.response.code,DD12T,0,0,DT,0.07776601786359646,0.05941319569294919,0.11493645933340528,0.05941319569294919,0.02298389250187263,0.016096463786387072,0,0.010557889938354492,0.009749650955200195
http.response.code,DD12T,0,1,DT,0.07776601786359646,0.05941319569294919,0.11493645933340528,0.05941319569294919,0.02298389250187263,0.016096463786387072,0,0.010742902755737305,0.009340763092041016
http.response.code,DD12T,0,2,DT,0.07776601786359646,0.05941319569294919,0.11493645933340528,0.05941319569294919,0.02298389250187263,0.016096463786387072,0,0.014815807342529297,0.009921789169311523
http.response.code,DD12T,0,3,DT,0.07776601786359646,0.05941319569294919,0.11493645933340528,0.05941319569294919,0.02298389250187263,0.016096463786387072,0,0.009638786315917969,0.01074075698852539
http.response.code,DD12T,0,4,DT,0.07776601786359646,0.05941319569294919,0.11493645933340528,0.05941319569294919,0.02298389250187263,0.016096463786387072,0,0.0143585205078125,0.00890970230102539
