Feature,Dataset,T,CV,ML,Acc,b_Acc,Prec,Rec,F1,kap,ROC,tra-T,test-T
tcp.options.timestamp.tsecr,DD11T,0,0,DT,0.09206722081676906,0.07705521776569789,0.09461103845288836,0.07705521776569789,0.04551109805683422,0.03582747472607539,0,0.18832921981811523,0.015643835067749023
tcp.options.timestamp.tsecr,DD11T,0,1,DT,0.09206722081676906,0.07705521776569789,0.09461103845288836,0.07705521776569789,0.04551109805683422,0.03582747472607539,0,0.1738286018371582,0.015741348266601562
tcp.options.timestamp.tsecr,DD11T,0,2,DT,0.09206722081676906,0.07705521776569789,0.09461103845288836,0.07705521776569789,0.04551109805683422,0.03582747472607539,0,0.173567533493042,0.015514373779296875
tcp.options.timestamp.tsecr,DD11T,0,3,DT,0.09206722081676906,0.07705521776569789,0.09461103845288836,0.07705521776569789,0.04551109805683422,0.03582747472607539,0,0.17646241188049316,0.01313328742980957
tcp.options.timestamp.tsecr,DD11T,0,4,DT,0.09206722081676906,0.07705521776569789,0.09461103845288836,0.07705521776569789,0.04551109805683422,0.03582747472607539,0,0.17246413230895996,0.01651906967163086
