Feature,Dataset,T,CV,ML,Acc,b_Acc,Prec,Rec,F1,kap,ROC,tra-T,test-T
tcp.time_delta,DD11T,0,0,DT,0.15999793484433888,0.16694731463036058,0.18696222778347305,0.16694731463036058,0.14479761453959974,0.11874151741262795,0,0.2349376678466797,0.02575850486755371
tcp.time_delta,DD11T,0,1,DT,0.15999793484433888,0.16694731463036058,0.18696222778347305,0.16694731463036058,0.14479761453959974,0.11874151741262795,0,0.23487448692321777,0.03125643730163574
tcp.time_delta,DD11T,0,2,DT,0.15999793484433888,0.16694731463036058,0.18696222778347305,0.16694731463036058,0.14479761453959974,0.11874151741262795,0,0.23575735092163086,0.015677213668823242
tcp.time_delta,DD11T,0,3,DT,0.15999793484433888,0.16694731463036058,0.18696222778347305,0.16694731463036058,0.14479761453959974,0.11874151741262795,0,0.23549246788024902,0.031255245208740234
tcp.time_delta,DD11T,0,4,DT,0.15999793484433888,0.16694731463036058,0.18696222778347305,0.16694731463036058,0.14479761453959974,0.11874151741262795,0,0.2512845993041992,0.01567864418029785
