Feature,Dataset,T,CV,ML,Acc,b_Acc,Prec,Rec,F1,kap,ROC,tra-T,test-T
dhcp.hops,DD21,0,0,DT,0.0782298176253029,0.0666715984083886,0.048181357983939375,0.0666715984083886,0.0325555695735266,0.02000538663181517,0,0.0,0.01573657989501953
dhcp.hops,DD21,0,1,DT,0.0782298176253029,0.0666715984083886,0.048181357983939375,0.0666715984083886,0.0325555695735266,0.02000538663181517,0,0.0,0.01563119888305664
dhcp.hops,DD21,0,2,DT,0.0782298176253029,0.0666715984083886,0.048181357983939375,0.0666715984083886,0.0325555695735266,0.02000538663181517,0,0.00410151481628418,0.015737533569335938
dhcp.hops,DD21,0,3,DT,0.0782298176253029,0.0666715984083886,0.048181357983939375,0.0666715984083886,0.0325555695735266,0.02000538663181517,0,0.0,0.015730619430541992
dhcp.hops,DD21,0,4,DT,0.0782298176253029,0.0666715984083886,0.048181357983939375,0.0666715984083886,0.0325555695735266,0.02000538663181517,0,0.008099079132080078,0.0081024169921875
