Feature,Dataset,T,CV,ML,Acc,b_Acc,Prec,Rec,F1,kap,ROC,tra-T,test-T
tls.handshake.extensions_ec_point_formats,DD22T,0,0,DT,0.06409174336508447,0.04776989993463066,0.004352210741909479,0.04776989993463066,0.00602972357968654,0.00021828932306233728,0,0.015602350234985352,0.020648956298828125
tls.handshake.extensions_ec_point_formats,DD22T,0,1,DT,0.06409174336508447,0.04776989993463066,0.004352210741909479,0.04776989993463066,0.00602972357968654,0.00021828932306233728,0,0.0,0.015729188919067383
tls.handshake.extensions_ec_point_formats,DD22T,0,2,DT,0.06409174336508447,0.04776989993463066,0.004352210741909479,0.04776989993463066,0.00602972357968654,0.00021828932306233728,0,0.0,0.01562809944152832
tls.handshake.extensions_ec_point_formats,DD22T,0,3,DT,0.06409174336508447,0.04776989993463066,0.004352210741909479,0.04776989993463066,0.00602972357968654,0.00021828932306233728,0,0.0,0.015743494033813477
tls.handshake.extensions_ec_point_formats,DD22T,0,4,DT,0.06409174336508447,0.04776989993463066,0.004352210741909479,0.04776989993463066,0.00602972357968654,0.00021828932306233728,0,0.0156400203704834,0.0
