Feature,Dataset,T,CV,ML,Acc,b_Acc,Prec,Rec,F1,kap,ROC,tra-T,test-T
icmpv6.opt.type,DD11T,0,0,DT,0.028860550363983686,0.04807956104252401,0.029677117087530895,0.04807956104252401,0.0035258032295261204,0.0005881236014873004,0,0.016104698181152344,0.0
icmpv6.opt.type,DD11T,0,1,DT,0.028860550363983686,0.04807956104252401,0.029677117087530895,0.04807956104252401,0.0035258032295261204,0.0005881236014873004,0,0.014134883880615234,0.015688657760620117
icmpv6.opt.type,DD11T,0,2,DT,0.028860550363983686,0.04807956104252401,0.029677117087530895,0.04807956104252401,0.0035258032295261204,0.0005881236014873004,0,0.009065628051757812,0.015687227249145508
icmpv6.opt.type,DD11T,0,3,DT,0.028860550363983686,0.04807956104252401,0.029677117087530895,0.04807956104252401,0.0035258032295261204,0.0005881236014873004,0,0.0,0.015681028366088867
icmpv6.opt.type,DD11T,0,4,DT,0.028860550363983686,0.04807956104252401,0.029677117087530895,0.04807956104252401,0.0035258032295261204,0.0005881236014873004,0,0.015626907348632812,0.007063388824462891
