Feature,Dataset,T,CV,ML,Acc,b_Acc,Prec,Rec,F1,kap,ROC,tra-T,test-T
ntp.ppoll,DD21T,0,0,DT,0.044639149015982746,0.052125827228345675,0.09648330899937103,0.052125827228345675,0.011933201281042593,0.004708365405357129,0,0.014714241027832031,0.010105609893798828
ntp.ppoll,DD21T,0,1,DT,0.044639149015982746,0.052125827228345675,0.09648330899937103,0.052125827228345675,0.011933201281042593,0.004708365405357129,0,0.015734195709228516,0.015624046325683594
ntp.ppoll,DD21T,0,2,DT,0.044639149015982746,0.052125827228345675,0.09648330899937103,0.052125827228345675,0.011933201281042593,0.004708365405357129,0,0.015620946884155273,0.006600618362426758
ntp.ppoll,DD21T,0,3,DT,0.044639149015982746,0.052125827228345675,0.09648330899937103,0.052125827228345675,0.011933201281042593,0.004708365405357129,0,0.015623331069946289,0.0
ntp.ppoll,DD21T,0,4,DT,0.044639149015982746,0.052125827228345675,0.09648330899937103,0.052125827228345675,0.011933201281042593,0.004708365405357129,0,0.006606340408325195,0.009603500366210938
