Feature,Dataset,T,CV,ML,Acc,b_Acc,Prec,Rec,F1,kap,ROC,tra-T,test-T
udp.dstport,DD12T,0,0,DT,0.2050054210336104,0.1795041008496479,0.3331112200201231,0.1795041008496479,0.16739138079516494,0.15427975803577876,0,0.016454458236694336,0.015129327774047852
udp.dstport,DD12T,0,1,DT,0.2050054210336104,0.1795041008496479,0.3331112200201231,0.1795041008496479,0.16739138079516494,0.15427975803577876,0,0.02013874053955078,0.011519670486450195
udp.dstport,DD12T,0,2,DT,0.2050054210336104,0.1795041008496479,0.3331112200201231,0.1795041008496479,0.16739138079516494,0.15427975803577876,0,0.009554862976074219,0.01568746566772461
udp.dstport,DD12T,0,3,DT,0.2050054210336104,0.1795041008496479,0.3331112200201231,0.1795041008496479,0.16739138079516494,0.15427975803577876,0,0.015548467636108398,0.015626192092895508
udp.dstport,DD12T,0,4,DT,0.2050054210336104,0.1795041008496479,0.3331112200201231,0.1795041008496479,0.16739138079516494,0.15427975803577876,0,0.015672922134399414,0.015676498413085938
