Feature,Dataset,T,CV,ML,Acc,b_Acc,Prec,Rec,F1,kap,ROC,tra-T,test-T
stun.type.method,DD11,0,0,DT,0.060094375717382985,0.04797560152339938,0.02727679553263121,0.04797560152339938,0.0061823793868202815,0.0004506214203789938,0,0.010000944137573242,0.006072521209716797
stun.type.method,DD11,0,1,DT,0.060094375717382985,0.04797560152339938,0.02727679553263121,0.04797560152339938,0.0061823793868202815,0.0004506214203789938,0,0.010976552963256836,0.014642000198364258
stun.type.method,DD11,0,2,DT,0.060094375717382985,0.04797560152339938,0.02727679553263121,0.04797560152339938,0.0061823793868202815,0.0004506214203789938,0,0.035657644271850586,0.01380014419555664
stun.type.method,DD11,0,3,DT,0.060094375717382985,0.04797560152339938,0.02727679553263121,0.04797560152339938,0.0061823793868202815,0.0004506214203789938,0,0.01016855239868164,0.009356260299682617
stun.type.method,DD11,0,4,DT,0.060094375717382985,0.04797560152339938,0.02727679553263121,0.04797560152339938,0.0061823793868202815,0.0004506214203789938,0,0.015756845474243164,0.015609502792358398
