Feature,Dataset,T,CV,ML,Acc,b_Acc,Prec,Rec,F1,kap,ROC,tra-T,test-T
dhcp.id,DD21T,0,0,DT,0.04855110325147703,0.06272710452361921,0.10827157899919548,0.06272710452361921,0.0262605472337131,0.009042057932161729,0,0.013503313064575195,0.009732723236083984
dhcp.id,DD21T,0,1,DT,0.04855110325147703,0.06272710452361921,0.10827157899919548,0.06272710452361921,0.0262605472337131,0.009042057932161729,0,0.012869119644165039,0.011145830154418945
dhcp.id,DD21T,0,2,DT,0.04855110325147703,0.06272710452361921,0.10827157899919548,0.06272710452361921,0.0262605472337131,0.009042057932161729,0,0.014817476272583008,0.010607242584228516
dhcp.id,DD21T,0,3,DT,0.04855110325147703,0.06272710452361921,0.10827157899919548,0.06272710452361921,0.0262605472337131,0.009042057932161729,0,0.01369929313659668,0.01144099235534668
dhcp.id,DD21T,0,4,DT,0.04855110325147703,0.06272710452361921,0.10827157899919548,0.06272710452361921,0.0262605472337131,0.009042057932161729,0,0.013117551803588867,0.010046720504760742
