Feature,Dataset,T,CV,ML,Acc,b_Acc,Prec,Rec,F1,kap,ROC,tra-T,test-T
tcp.pdu.size,DD21,0,0,DT,0.06017089656931514,0.04803666463212225,0.02937569133432672,0.04803666463212225,0.0061916474205364535,0.0005320091336419308,0,0.009922266006469727,0.01107645034790039
tcp.pdu.size,DD21,0,1,DT,0.06017089656931514,0.04803666463212225,0.02937569133432672,0.04803666463212225,0.0061916474205364535,0.0005320091336419308,0,0.00999903678894043,0.011002779006958008
tcp.pdu.size,DD21,0,2,DT,0.06017089656931514,0.04803666463212225,0.02937569133432672,0.04803666463212225,0.0061916474205364535,0.0005320091336419308,0,0.013998270034790039,0.01202249526977539
tcp.pdu.size,DD21,0,3,DT,0.06017089656931514,0.04803666463212225,0.02937569133432672,0.04803666463212225,0.0061916474205364535,0.0005320091336419308,0,0.014007806777954102,0.011993885040283203
tcp.pdu.size,DD21,0,4,DT,0.06017089656931514,0.04803666463212225,0.02937569133432672,0.04803666463212225,0.0061916474205364535,0.0005320091336419308,0,0.012001991271972656,0.01001739501953125
