Feature,Dataset,T,CV,ML,Acc,b_Acc,Prec,Rec,F1,kap,ROC,tra-T,test-T
ipv6.opt.type.rest,DD22,0,0,DT,0.05906834669721268,0.048402055460878994,0.003064476709365829,0.048402055460878994,0.00575619857778917,0.0016062395771621052,0,0.0,0.015621185302734375
ipv6.opt.type.rest,DD22,0,1,DT,0.05906834669721268,0.048402055460878994,0.003064476709365829,0.048402055460878994,0.00575619857778917,0.0016062395771621052,0,0.015734434127807617,0.0
ipv6.opt.type.rest,DD22,0,2,DT,0.05906834669721268,0.048402055460878994,0.003064476709365829,0.048402055460878994,0.00575619857778917,0.0016062395771621052,0,0.015632152557373047,0.0
ipv6.opt.type.rest,DD22,0,3,DT,0.05906834669721268,0.048402055460878994,0.003064476709365829,0.048402055460878994,0.00575619857778917,0.0016062395771621052,0,0.0,0.01563405990600586
ipv6.opt.type.rest,DD22,0,4,DT,0.05906834669721268,0.048402055460878994,0.003064476709365829,0.048402055460878994,0.00575619857778917,0.0016062395771621052,0,0.0,0.016214847564697266
