Feature,Dataset,T,CV,ML,Acc,b_Acc,Prec,Rec,F1,kap,ROC,tra-T,test-T
dns.soa.serial_number,DD12T,0,0,DT,0.06272910320615416,0.047619047619047616,0.0029871001526740075,0.047619047619047616,0.005621564599411471,0.0,0,0.011228322982788086,0.010807514190673828
dns.soa.serial_number,DD12T,0,1,DT,0.06272910320615416,0.047619047619047616,0.0029871001526740075,0.047619047619047616,0.005621564599411471,0.0,0,0.008538961410522461,0.007375478744506836
dns.soa.serial_number,DD12T,0,2,DT,0.06272910320615416,0.047619047619047616,0.0029871001526740075,0.047619047619047616,0.005621564599411471,0.0,0,0.010639429092407227,0.010488510131835938
dns.soa.serial_number,DD12T,0,3,DT,0.06272910320615416,0.047619047619047616,0.0029871001526740075,0.047619047619047616,0.005621564599411471,0.0,0,0.011716365814208984,0.011322498321533203
dns.soa.serial_number,DD12T,0,4,DT,0.06272910320615416,0.047619047619047616,0.0029871001526740075,0.047619047619047616,0.005621564599411471,0.0,0,0.010213851928710938,0.010510444641113281
