Feature,Dataset,T,CV,ML,Acc,b_Acc,Prec,Rec,F1,kap,ROC,tra-T,test-T
arp.isgratuitous,DD21T,0,0,DT,0.039990354085446725,0.047619047619047616,0.0019043025754974631,0.047619047619047616,0.003662154303675404,0.0,0,0.020009756088256836,0.012326955795288086
arp.isgratuitous,DD21T,0,1,DT,0.039990354085446725,0.047619047619047616,0.0019043025754974631,0.047619047619047616,0.003662154303675404,0.0,0,0.010341644287109375,0.008939743041992188
arp.isgratuitous,DD21T,0,2,DT,0.039990354085446725,0.047619047619047616,0.0019043025754974631,0.047619047619047616,0.003662154303675404,0.0,0,0.012328386306762695,0.012399435043334961
arp.isgratuitous,DD21T,0,3,DT,0.039990354085446725,0.047619047619047616,0.0019043025754974631,0.047619047619047616,0.003662154303675404,0.0,0,0.011999845504760742,0.011998176574707031
arp.isgratuitous,DD21T,0,4,DT,0.039990354085446725,0.047619047619047616,0.0019043025754974631,0.047619047619047616,0.003662154303675404,0.0,0,0.015990018844604492,0.011900901794433594
