Feature,Dataset,T,CV,ML,Acc,b_Acc,Prec,Rec,F1,kap,ROC,tra-T,test-T
tcp.options.wscale,DD22,0,0,DT,0.07815960290187095,0.06276455158612741,0.2436014853190039,0.06276455158612741,0.03322755890921396,0.01984322237801872,0,0.015623092651367188,0.015617132186889648
tcp.options.wscale,DD22,0,1,DT,0.07815960290187095,0.06276455158612741,0.2436014853190039,0.06276455158612741,0.03322755890921396,0.01984322237801872,0,0.0,0.018718719482421875
tcp.options.wscale,DD22,0,2,DT,0.07815960290187095,0.06276455158612741,0.2436014853190039,0.06276455158612741,0.03322755890921396,0.01984322237801872,0,0.015625715255737305,0.015550613403320312
tcp.options.wscale,DD22,0,3,DT,0.07815960290187095,0.06276455158612741,0.2436014853190039,0.06276455158612741,0.03322755890921396,0.01984322237801872,0,0.01563239097595215,0.007605552673339844
tcp.options.wscale,DD22,0,4,DT,0.07815960290187095,0.06276455158612741,0.2436014853190039,0.06276455158612741,0.03322755890921396,0.01984322237801872,0,0.0,0.0156252384185791
