Feature,Dataset,T,CV,ML,Acc,b_Acc,Prec,Rec,F1,kap,ROC,tra-T,test-T
dns.flags,DD12,0,0,DT,0.06190658011963854,0.05289896296981923,0.06475722411634777,0.05289896296981923,0.01170714848318857,0.004341726220527753,0,0.015172004699707031,0.010030984878540039
dns.flags,DD12,0,1,DT,0.06190658011963854,0.05289896296981923,0.06475722411634777,0.05289896296981923,0.01170714848318857,0.004341726220527753,0,0.015350818634033203,0.009723424911499023
dns.flags,DD12,0,2,DT,0.06190658011963854,0.05289896296981923,0.06475722411634777,0.05289896296981923,0.01170714848318857,0.004341726220527753,0,0.015371322631835938,0.010992288589477539
dns.flags,DD12,0,3,DT,0.06190658011963854,0.05289896296981923,0.06475722411634777,0.05289896296981923,0.01170714848318857,0.004341726220527753,0,0.014893770217895508,0.010452747344970703
dns.flags,DD12,0,4,DT,0.06190658011963854,0.05289896296981923,0.06475722411634777,0.05289896296981923,0.01170714848318857,0.004341726220527753,0,0.01501774787902832,0.010407447814941406
