Feature,Dataset,T,CV,ML,Acc,b_Acc,Prec,Rec,F1,kap,ROC,tra-T,test-T
tls.change_cipher_spec,DD12T,0,0,DT,0.0621224637307037,0.04831471683323535,0.008657709222498946,0.04831471683323535,0.006773205331389029,0.000963796073728318,0,0.00812983512878418,0.015645503997802734
tls.change_cipher_spec,DD12T,0,1,DT,0.0621224637307037,0.04831471683323535,0.008657709222498946,0.04831471683323535,0.006773205331389029,0.000963796073728318,0,0.015645742416381836,0.008021354675292969
tls.change_cipher_spec,DD12T,0,2,DT,0.0621224637307037,0.04831471683323535,0.008657709222498946,0.04831471683323535,0.006773205331389029,0.000963796073728318,0,0.0,0.015628337860107422
tls.change_cipher_spec,DD12T,0,3,DT,0.0621224637307037,0.04831471683323535,0.008657709222498946,0.04831471683323535,0.006773205331389029,0.000963796073728318,0,0.016034364700317383,0.0
tls.change_cipher_spec,DD12T,0,4,DT,0.0621224637307037,0.04831471683323535,0.008657709222498946,0.04831471683323535,0.006773205331389029,0.000963796073728318,0,0.01550912857055664,0.015623807907104492
