Feature,Dataset,T,CV,ML,Acc,b_Acc,Prec,Rec,F1,kap,ROC,tra-T,test-T
ip.frag_offset,DD11T,0,0,DT,0.029157416490267953,0.048788228887946226,0.0022094422057369074,0.048788228887946226,0.003726489719287987,0.00045358231593128906,0,0.015726566314697266,0.0
ip.frag_offset,DD11T,0,1,DT,0.029157416490267953,0.048788228887946226,0.0022094422057369074,0.048788228887946226,0.003726489719287987,0.00045358231593128906,0,0.0156252384185791,0.015635967254638672
ip.frag_offset,DD11T,0,2,DT,0.029157416490267953,0.048788228887946226,0.0022094422057369074,0.048788228887946226,0.003726489719287987,0.00045358231593128906,0,0.0,0.01562809944152832
ip.frag_offset,DD11T,0,3,DT,0.029157416490267953,0.048788228887946226,0.0022094422057369074,0.048788228887946226,0.003726489719287987,0.00045358231593128906,0,0.0,0.01562786102294922
ip.frag_offset,DD11T,0,4,DT,0.029157416490267953,0.048788228887946226,0.0022094422057369074,0.048788228887946226,0.003726489719287987,0.00045358231593128906,0,0.0,0.015627384185791016
