Feature,Dataset,T,CV,ML,Acc,b_Acc,Prec,Rec,F1,kap,ROC,tra-T,test-T
dns.srv.port,DD11,0,0,DT,0.05967351103175615,0.047619047619047616,0.0028426833861893825,0.047619047619047616,0.005365090449187296,1.3311987552278026e-06,0,0.017017126083374023,0.0133819580078125
dns.srv.port,DD11,0,1,DT,0.05967351103175615,0.047619047619047616,0.0028426833861893825,0.047619047619047616,0.005365090449187296,1.3311987552278026e-06,0,0.015565156936645508,0.00784158706665039
dns.srv.port,DD11,0,2,DT,0.05967351103175615,0.047619047619047616,0.0028426833861893825,0.047619047619047616,0.005365090449187296,1.3311987552278026e-06,0,0.011033058166503906,0.012292861938476562
dns.srv.port,DD11,0,3,DT,0.05967351103175615,0.047619047619047616,0.0028426833861893825,0.047619047619047616,0.005365090449187296,1.3311987552278026e-06,0,0.013184547424316406,0.012927770614624023
dns.srv.port,DD11,0,4,DT,0.05967351103175615,0.047619047619047616,0.0028426833861893825,0.047619047619047616,0.005365090449187296,1.3311987552278026e-06,0,0.01776719093322754,0.01022648811340332
