Feature,Dataset,T,CV,ML,Acc,b_Acc,Prec,Rec,F1,kap,ROC,tra-T,test-T
dns.retransmit_response,DD21T,0,0,DT,0.039990354085446725,0.047619047619047616,0.0019043025754974631,0.047619047619047616,0.003662154303675404,0.0,0,0.015116691589355469,0.01489877700805664
dns.retransmit_response,DD21T,0,1,DT,0.039990354085446725,0.047619047619047616,0.0019043025754974631,0.047619047619047616,0.003662154303675404,0.0,0,0.015331506729125977,0.014445781707763672
dns.retransmit_response,DD21T,0,2,DT,0.039990354085446725,0.047619047619047616,0.0019043025754974631,0.047619047619047616,0.003662154303675404,0.0,0,0.009688377380371094,0.015212059020996094
dns.retransmit_response,DD21T,0,3,DT,0.039990354085446725,0.047619047619047616,0.0019043025754974631,0.047619047619047616,0.003662154303675404,0.0,0,0.010553121566772461,0.014196634292602539
dns.retransmit_response,DD21T,0,4,DT,0.039990354085446725,0.047619047619047616,0.0019043025754974631,0.047619047619047616,0.003662154303675404,0.0,0,0.009703636169433594,0.014864921569824219
