Feature,Dataset,T,CV,ML,Acc,b_Acc,Prec,Rec,F1,kap,ROC,tra-T,test-T
http.request_in,DD22T,0,0,DT,0.0654314537197058,0.049382042771322576,0.05174923901999556,0.049382042771322576,0.009103633413191639,0.002165551284403766,0,0.0,0.015737533569335938
http.request_in,DD22T,0,1,DT,0.0654314537197058,0.049382042771322576,0.05174923901999556,0.049382042771322576,0.009103633413191639,0.002165551284403766,0,0.015625715255737305,0.01562666893005371
http.request_in,DD22T,0,2,DT,0.0654314537197058,0.049382042771322576,0.05174923901999556,0.049382042771322576,0.009103633413191639,0.002165551284403766,0,0.016743898391723633,0.0
http.request_in,DD22T,0,3,DT,0.0654314537197058,0.049382042771322576,0.05174923901999556,0.049382042771322576,0.009103633413191639,0.002165551284403766,0,0.0,0.015618085861206055
http.request_in,DD22T,0,4,DT,0.0654314537197058,0.049382042771322576,0.05174923901999556,0.049382042771322576,0.009103633413191639,0.002165551284403766,0,0.015617847442626953,0.0
