Feature,Dataset,T,CV,ML,Acc,b_Acc,Prec,Rec,F1,kap,ROC,tra-T,test-T
dhcp.flags.reserved,DD21T,0,0,DT,0.0488190453224013,0.06321436374418676,0.04480487001591277,0.06321436374418676,0.026761418666037592,0.009329064567006107,0,0.01024317741394043,0.013788938522338867
dhcp.flags.reserved,DD21T,0,1,DT,0.0488190453224013,0.06321436374418676,0.04480487001591277,0.06321436374418676,0.026761418666037592,0.009329064567006107,0,0.014227628707885742,0.01647639274597168
dhcp.flags.reserved,DD21T,0,2,DT,0.0488190453224013,0.06321436374418676,0.04480487001591277,0.06321436374418676,0.026761418666037592,0.009329064567006107,0,0.009274959564208984,0.011114120483398438
dhcp.flags.reserved,DD21T,0,3,DT,0.0488190453224013,0.06321436374418676,0.04480487001591277,0.06321436374418676,0.026761418666037592,0.009329064567006107,0,0.008183956146240234,0.009194135665893555
dhcp.flags.reserved,DD21T,0,4,DT,0.0488190453224013,0.06321436374418676,0.04480487001591277,0.06321436374418676,0.026761418666037592,0.009329064567006107,0,0.008105278015136719,0.012689352035522461
