Feature,Dataset,T,CV,ML,Acc,b_Acc,Prec,Rec,F1,kap,ROC,tra-T,test-T
dhcp.option.padding,DD22T,0,0,DT,0.07242474177082915,0.06340579710144928,0.04646437074924978,0.06340579710144928,0.02888814278695557,0.009976890956376105,0,0.015604019165039062,0.0
dhcp.option.padding,DD22T,0,1,DT,0.07242474177082915,0.06340579710144928,0.04646437074924978,0.06340579710144928,0.02888814278695557,0.009976890956376105,0,0.0,0.015728235244750977
dhcp.option.padding,DD22T,0,2,DT,0.07242474177082915,0.06340579710144928,0.04646437074924978,0.06340579710144928,0.02888814278695557,0.009976890956376105,0,0.015630006790161133,0.01562356948852539
dhcp.option.padding,DD22T,0,3,DT,0.07242474177082915,0.06340579710144928,0.04646437074924978,0.06340579710144928,0.02888814278695557,0.009976890956376105,0,0.015734434127807617,0.0
dhcp.option.padding,DD22T,0,4,DT,0.07242474177082915,0.06340579710144928,0.04646437074924978,0.06340579710144928,0.02888814278695557,0.009976890956376105,0,0.0,0.015628814697265625
