Feature,Dataset,T,CV,ML,Acc,b_Acc,Prec,Rec,F1,kap,ROC,tra-T,test-T
dns.soa.refresh_interval,DD22T,0,0,DT,0.06348887370550486,0.047657419132036374,0.050639937374754286,0.047657419132036374,0.0057580426510784825,5.704252665161835e-05,0,0.015626907348632812,0.016217947006225586
dns.soa.refresh_interval,DD22T,0,1,DT,0.06348887370550486,0.047657419132036374,0.050639937374754286,0.047657419132036374,0.0057580426510784825,5.704252665161835e-05,0,0.016800642013549805,0.0
dns.soa.refresh_interval,DD22T,0,2,DT,0.06348887370550486,0.047657419132036374,0.050639937374754286,0.047657419132036374,0.0057580426510784825,5.704252665161835e-05,0,0.0010962486267089844,0.015108346939086914
dns.soa.refresh_interval,DD22T,0,3,DT,0.06348887370550486,0.047657419132036374,0.050639937374754286,0.047657419132036374,0.0057580426510784825,5.704252665161835e-05,0,0.017818450927734375,0.0
dns.soa.refresh_interval,DD22T,0,4,DT,0.06348887370550486,0.047657419132036374,0.050639937374754286,0.047657419132036374,0.0057580426510784825,5.704252665161835e-05,0,0.0,0.01573348045349121
