Feature,Dataset,T,CV,ML,Acc,b_Acc,Prec,Rec,F1,kap,ROC,tra-T,test-T
tls.handshake.server_named_curve,DD11T,0,0,DT,0.02862822035210904,0.04789690524096962,0.04896497574070624,0.04789690524096962,0.0031703551112792347,0.0003713713119459783,0,0.0,0.015626907348632812
tls.handshake.server_named_curve,DD11T,0,1,DT,0.02862822035210904,0.04789690524096962,0.04896497574070624,0.04789690524096962,0.0031703551112792347,0.0003713713119459783,0,0.0,0.015626192092895508
tls.handshake.server_named_curve,DD11T,0,2,DT,0.02862822035210904,0.04789690524096962,0.04896497574070624,0.04789690524096962,0.0031703551112792347,0.0003713713119459783,0,0.015623092651367188,0.0
tls.handshake.server_named_curve,DD11T,0,3,DT,0.02862822035210904,0.04789690524096962,0.04896497574070624,0.04789690524096962,0.0031703551112792347,0.0003713713119459783,0,0.0071027278900146484,0.0
tls.handshake.server_named_curve,DD11T,0,4,DT,0.02862822035210904,0.04789690524096962,0.04896497574070624,0.04789690524096962,0.0031703551112792347,0.0003713713119459783,0,0.010607242584228516,0.005611896514892578
