Feature,Dataset,T,CV,ML,Acc,b_Acc,Prec,Rec,F1,kap,ROC,tra-T,test-T
icmpv6.mldr.nb_mcast_records,DD21T,0,0,DT,0.040003751188992936,0.04762910444008649,0.01380916653428343,0.04762910444008649,0.0036824396811095663,1.2646479962685753e-05,0,0.008570432662963867,0.007555961608886719
icmpv6.mldr.nb_mcast_records,DD21T,0,1,DT,0.040003751188992936,0.04762910444008649,0.01380916653428343,0.04762910444008649,0.0036824396811095663,1.2646479962685753e-05,0,0.011122465133666992,0.010648250579833984
icmpv6.mldr.nb_mcast_records,DD21T,0,2,DT,0.040003751188992936,0.04762910444008649,0.01380916653428343,0.04762910444008649,0.0036824396811095663,1.2646479962685753e-05,0,0.010735511779785156,0.012166738510131836
icmpv6.mldr.nb_mcast_records,DD21T,0,3,DT,0.040003751188992936,0.04762910444008649,0.01380916653428343,0.04762910444008649,0.0036824396811095663,1.2646479962685753e-05,0,0.011394977569580078,0.009897470474243164
icmpv6.mldr.nb_mcast_records,DD21T,0,4,DT,0.040003751188992936,0.04762910444008649,0.01380916653428343,0.04762910444008649,0.0036824396811095663,1.2646479962685753e-05,0,0.008710384368896484,0.013283729553222656
