Feature,Dataset,T,CV,ML,Acc,b_Acc,Prec,Rec,F1,kap,ROC,tra-T,test-T
tcp.flags.urg,DD22,0,0,DT,0.09708540155275551,0.07545253540633894,0.009857165419813843,0.07545253540633894,0.0171223868004905,0.037902408987905645,0,0.0,0.015618324279785156
tcp.flags.urg,DD22,0,1,DT,0.09708540155275551,0.07545253540633894,0.009857165419813843,0.07545253540633894,0.0171223868004905,0.037902408987905645,0,0.022227048873901367,0.009606122970581055
tcp.flags.urg,DD22,0,2,DT,0.09708540155275551,0.07545253540633894,0.009857165419813843,0.07545253540633894,0.0171223868004905,0.037902408987905645,0,0.016205549240112305,0.0
tcp.flags.urg,DD22,0,3,DT,0.09708540155275551,0.07545253540633894,0.009857165419813843,0.07545253540633894,0.0171223868004905,0.037902408987905645,0,0.0,0.0222475528717041
tcp.flags.urg,DD22,0,4,DT,0.09708540155275551,0.07545253540633894,0.009857165419813843,0.07545253540633894,0.0171223868004905,0.037902408987905645,0,0.01573324203491211,0.01562190055847168
