Feature,Dataset,T,CV,ML,Acc,b_Acc,Prec,Rec,F1,kap,ROC,tra-T,test-T
tcp.analysis.keep_alive,DD12,0,0,DT,0.08818887616138475,0.0736687050753547,0.04334431983907342,0.0736687050753547,0.03781538351559062,0.030749514083378116,0,0.01692485809326172,0.0059337615966796875
tcp.analysis.keep_alive,DD12,0,1,DT,0.08818887616138475,0.0736687050753547,0.04334431983907342,0.0736687050753547,0.03781538351559062,0.030749514083378116,0,0.003998994827270508,0.012398719787597656
tcp.analysis.keep_alive,DD12,0,2,DT,0.08818887616138475,0.0736687050753547,0.04334431983907342,0.0736687050753547,0.03781538351559062,0.030749514083378116,0,0.015190839767456055,0.012592792510986328
tcp.analysis.keep_alive,DD12,0,3,DT,0.08818887616138475,0.0736687050753547,0.04334431983907342,0.0736687050753547,0.03781538351559062,0.030749514083378116,0,0.010886907577514648,0.010423898696899414
tcp.analysis.keep_alive,DD12,0,4,DT,0.08818887616138475,0.0736687050753547,0.04334431983907342,0.0736687050753547,0.03781538351559062,0.030749514083378116,0,0.015774011611938477,0.014954328536987305
