Feature,Dataset,T,CV,ML,Acc,b_Acc,Prec,Rec,F1,kap,ROC,tra-T,test-T
eth.src.oui,DD21T,0,0,DT,0.9251771766943987,0.9047619047619048,0.8685711996512451,0.9047619047619048,0.8823437214630826,0.9209173030125821,0,0.025979280471801758,0.020844697952270508
eth.src.oui,DD21T,0,1,DT,0.9251771766943987,0.9047619047619048,0.8685711996512451,0.9047619047619048,0.8823437214630826,0.9209173030125821,0,0.03016495704650879,0.02026057243347168
eth.src.oui,DD21T,0,2,DT,0.9251771766943987,0.9047619047619048,0.8685711996512451,0.9047619047619048,0.8823437214630826,0.9209173030125821,0,0.031076908111572266,0.026296138763427734
eth.src.oui,DD21T,0,3,DT,0.9251771766943987,0.9047619047619048,0.8685711996512451,0.9047619047619048,0.8823437214630826,0.9209173030125821,0,0.024770498275756836,0.015130758285522461
eth.src.oui,DD21T,0,4,DT,0.9251771766943987,0.9047619047619048,0.8685711996512451,0.9047619047619048,0.8823437214630826,0.9209173030125821,0,0.025555133819580078,0.015141725540161133
