Feature,Dataset,T,CV,ML,Acc,b_Acc,Prec,Rec,F1,kap,ROC,tra-T,test-T
ipv6.opt.type,DD22T,0,0,DT,0.0634218881877738,0.047608990798008746,0.003020980306194924,0.047608990798008746,0.005681449957875181,-5.796457392071019e-06,0,0.01562643051147461,0.015627622604370117
ipv6.opt.type,DD22T,0,1,DT,0.0634218881877738,0.047608990798008746,0.003020980306194924,0.047608990798008746,0.005681449957875181,-5.796457392071019e-06,0,0.0,0.015727996826171875
ipv6.opt.type,DD22T,0,2,DT,0.0634218881877738,0.047608990798008746,0.003020980306194924,0.047608990798008746,0.005681449957875181,-5.796457392071019e-06,0,0.015631675720214844,0.012614250183105469
ipv6.opt.type,DD22T,0,3,DT,0.0634218881877738,0.047608990798008746,0.003020980306194924,0.047608990798008746,0.005681449957875181,-5.796457392071019e-06,0,0.0,0.015635251998901367
ipv6.opt.type,DD22T,0,4,DT,0.0634218881877738,0.047608990798008746,0.003020980306194924,0.047608990798008746,0.005681449957875181,-5.796457392071019e-06,0,0.0,0.015635013580322266
