Feature,Dataset,T,CV,ML,Acc,b_Acc,Prec,Rec,F1,kap,ROC,tra-T,test-T
http.request_in,DD21,0,0,DT,0.06242826170131361,0.04992473731285975,0.04462643030058299,0.04992473731285975,0.010214830254080329,0.002952659101926769,0,0.0,0.015618324279785156
http.request_in,DD21,0,1,DT,0.06242826170131361,0.04992473731285975,0.04462643030058299,0.04992473731285975,0.010214830254080329,0.002952659101926769,0,0.015649080276489258,0.0
http.request_in,DD21,0,2,DT,0.06242826170131361,0.04992473731285975,0.04462643030058299,0.04992473731285975,0.010214830254080329,0.002952659101926769,0,0.015622615814208984,0.016644716262817383
http.request_in,DD21,0,3,DT,0.06242826170131361,0.04992473731285975,0.04462643030058299,0.04992473731285975,0.010214830254080329,0.002952659101926769,0,0.01562356948852539,0.01562809944152832
http.request_in,DD21,0,4,DT,0.06242826170131361,0.04992473731285975,0.04462643030058299,0.04992473731285975,0.010214830254080329,0.002952659101926769,0,0.011601686477661133,0.015654563903808594
