Feature,Dataset,T,CV,ML,Acc,b_Acc,Prec,Rec,F1,kap,ROC,tra-T,test-T
dns.count.answers,DD11T,0,0,DT,0.074758634932108,0.05956457913265502,0.08263995821185752,0.05956457913265502,0.023549458508891074,0.014772938230728005,0,0.015625476837158203,0.006556987762451172
dns.count.answers,DD11T,0,1,DT,0.074758634932108,0.05956457913265502,0.08263995821185752,0.05956457913265502,0.023549458508891074,0.014772938230728005,0,0.015619516372680664,0.0156252384185791
dns.count.answers,DD11T,0,2,DT,0.074758634932108,0.05956457913265502,0.08263995821185752,0.05956457913265502,0.023549458508891074,0.014772938230728005,0,0.015639781951904297,0.0
dns.count.answers,DD11T,0,3,DT,0.074758634932108,0.05956457913265502,0.08263995821185752,0.05956457913265502,0.023549458508891074,0.014772938230728005,0,0.0,0.015627622604370117
dns.count.answers,DD11T,0,4,DT,0.074758634932108,0.05956457913265502,0.08263995821185752,0.05956457913265502,0.023549458508891074,0.014772938230728005,0,0.0,0.01555180549621582
