Feature,Dataset,T,CV,ML,Acc,b_Acc,Prec,Rec,F1,kap,ROC,tra-T,test-T
tls.handshake.comp_methods,DD12,0,0,DT,0.059844724449535446,0.047887128162357524,0.006753245266592441,0.047887128162357524,0.005871491005352015,0.00035852916223710896,0,0.010221719741821289,0.009708166122436523
tls.handshake.comp_methods,DD12,0,1,DT,0.059844724449535446,0.047887128162357524,0.006753245266592441,0.047887128162357524,0.005871491005352015,0.00035852916223710896,0,0.00973653793334961,0.014918804168701172
tls.handshake.comp_methods,DD12,0,2,DT,0.059844724449535446,0.047887128162357524,0.006753245266592441,0.047887128162357524,0.005871491005352015,0.00035852916223710896,0,0.014741182327270508,0.009868621826171875
tls.handshake.comp_methods,DD12,0,3,DT,0.059844724449535446,0.047887128162357524,0.006753245266592441,0.047887128162357524,0.005871491005352015,0.00035852916223710896,0,0.005114078521728516,0.01480722427368164
tls.handshake.comp_methods,DD12,0,4,DT,0.059844724449535446,0.047887128162357524,0.006753245266592441,0.047887128162357524,0.005871491005352015,0.00035852916223710896,0,0.00955653190612793,0.01485300064086914
