Feature,Dataset,T,CV,ML,Acc,b_Acc,Prec,Rec,F1,kap,ROC,tra-T,test-T
tcp.options.sack.dsack_le,DD11,0,0,DT,0.06004336181609488,0.047966468063054386,0.031615399624708614,0.047966468063054386,0.0061161828933582844,0.0004093225612818996,0,0.0,0.01562643051147461
tcp.options.sack.dsack_le,DD11,0,1,DT,0.06004336181609488,0.047966468063054386,0.031615399624708614,0.047966468063054386,0.0061161828933582844,0.0004093225612818996,0,0.015610694885253906,0.016216516494750977
tcp.options.sack.dsack_le,DD11,0,2,DT,0.06004336181609488,0.047966468063054386,0.031615399624708614,0.047966468063054386,0.0061161828933582844,0.0004093225612818996,0,0.014113664627075195,0.0
tcp.options.sack.dsack_le,DD11,0,3,DT,0.06004336181609488,0.047966468063054386,0.031615399624708614,0.047966468063054386,0.0061161828933582844,0.0004093225612818996,0,0.007607936859130859,0.01573491096496582
tcp.options.sack.dsack_le,DD11,0,4,DT,0.06004336181609488,0.047966468063054386,0.031615399624708614,0.047966468063054386,0.0061161828933582844,0.0004093225612818996,0,0.013612985610961914,0.015738725662231445
