Feature,Dataset,T,CV,ML,Acc,b_Acc,Prec,Rec,F1,kap,ROC,tra-T,test-T
tcp.hdr_len,DD22T,0,0,DT,0.13765523893734175,0.13246303186443617,0.10577338336833066,0.13246303186443617,0.04805139506698194,0.09639594493940862,0,0.0,0.015623092651367188
tcp.hdr_len,DD22T,0,1,DT,0.13765523893734175,0.13246303186443617,0.10577338336833066,0.13246303186443617,0.04805139506698194,0.09639594493940862,0,0.009598493576049805,0.0157318115234375
tcp.hdr_len,DD22T,0,2,DT,0.13765523893734175,0.13246303186443617,0.10577338336833066,0.13246303186443617,0.04805139506698194,0.09639594493940862,0,0.015620946884155273,0.006605863571166992
tcp.hdr_len,DD22T,0,3,DT,0.13765523893734175,0.13246303186443617,0.10577338336833066,0.13246303186443617,0.04805139506698194,0.09639594493940862,0,0.0207364559173584,0.011023521423339844
tcp.hdr_len,DD22T,0,4,DT,0.13765523893734175,0.13246303186443617,0.10577338336833066,0.13246303186443617,0.04805139506698194,0.09639594493940862,0,0.015544414520263672,0.01571178436279297
