Feature,Dataset,T,CV,ML,Acc,b_Acc,Prec,Rec,F1,kap,ROC,tra-T,test-T
dns.retransmit_request_in,DD11T,0,0,DT,0.028253910888533223,0.04763794987006376,0.02514919954528491,0.04763794987006376,0.003073938719803523,-7.73710493673363e-07,0,0.015700340270996094,0.0
dns.retransmit_request_in,DD11T,0,1,DT,0.028253910888533223,0.04763794987006376,0.02514919954528491,0.04763794987006376,0.003073938719803523,-7.73710493673363e-07,0,0.0,0.015620708465576172
dns.retransmit_request_in,DD11T,0,2,DT,0.028253910888533223,0.04763794987006376,0.02514919954528491,0.04763794987006376,0.003073938719803523,-7.73710493673363e-07,0,0.016095638275146484,0.015733718872070312
dns.retransmit_request_in,DD11T,0,3,DT,0.028253910888533223,0.04763794987006376,0.02514919954528491,0.04763794987006376,0.003073938719803523,-7.73710493673363e-07,0,0.0,0.015572309494018555
dns.retransmit_request_in,DD11T,0,4,DT,0.028253910888533223,0.04763794987006376,0.02514919954528491,0.04763794987006376,0.003073938719803523,-7.73710493673363e-07,0,0.008569002151489258,0.007561683654785156
