Feature,Dataset,T,CV,ML,Acc,b_Acc,Prec,Rec,F1,kap,ROC,tra-T,test-T
tls.handshake.ys_len,DD11T,0,0,DT,0.028253910888533223,0.047619047619047616,0.0013454243280253916,0.047619047619047616,0.0026169106944855395,0.0,0,0.0,0.015618324279785156
tls.handshake.ys_len,DD11T,0,1,DT,0.028253910888533223,0.047619047619047616,0.0013454243280253916,0.047619047619047616,0.0026169106944855395,0.0,0,0.015730857849121094,0.0
tls.handshake.ys_len,DD11T,0,2,DT,0.028253910888533223,0.047619047619047616,0.0013454243280253916,0.047619047619047616,0.0026169106944855395,0.0,0,0.015620231628417969,0.0
tls.handshake.ys_len,DD11T,0,3,DT,0.028253910888533223,0.047619047619047616,0.0013454243280253916,0.047619047619047616,0.0026169106944855395,0.0,0,0.015614986419677734,0.00661468505859375
tls.handshake.ys_len,DD11T,0,4,DT,0.028253910888533223,0.047619047619047616,0.0013454243280253916,0.047619047619047616,0.0026169106944855395,0.0,0,0.01561427116394043,0.016208887100219727
