Feature,Dataset,T,CV,ML,Acc,b_Acc,Prec,Rec,F1,kap,ROC,tra-T,test-T
tcp.options.sack_le,DD22T,0,0,DT,0.06444006805728601,0.04823773583729647,0.05256182842564596,0.04823773583729647,0.0069546368397018655,0.0006032799709451142,0,0.015635251998901367,0.006107330322265625
tcp.options.sack_le,DD22T,0,1,DT,0.06444006805728601,0.04823773583729647,0.05256182842564596,0.04823773583729647,0.0069546368397018655,0.0006032799709451142,0,0.015619516372680664,0.015629291534423828
tcp.options.sack_le,DD22T,0,2,DT,0.06444006805728601,0.04823773583729647,0.05256182842564596,0.04823773583729647,0.0069546368397018655,0.0006032799709451142,0,0.015633106231689453,0.015614509582519531
tcp.options.sack_le,DD22T,0,3,DT,0.06444006805728601,0.04823773583729647,0.05256182842564596,0.04823773583729647,0.0069546368397018655,0.0006032799709451142,0,0.01573038101196289,0.015631437301635742
tcp.options.sack_le,DD22T,0,4,DT,0.06444006805728601,0.04823773583729647,0.05256182842564596,0.04823773583729647,0.0069546368397018655,0.0006032799709451142,0,0.015625715255737305,0.01562666893005371
