Feature,Dataset,T,CV,ML,Acc,b_Acc,Prec,Rec,F1,kap,ROC,tra-T,test-T
icmpv6.checksum.status,DD11,0,0,DT,0.05857671215406198,0.047597131621403735,0.004485508631879186,0.047597131621403735,0.006977634222216265,0.00012385285458460515,0,0.016656875610351562,0.0
icmpv6.checksum.status,DD11,0,1,DT,0.05857671215406198,0.047597131621403735,0.004485508631879186,0.047597131621403735,0.006977634222216265,0.00012385285458460515,0,0.0,0.01563405990600586
icmpv6.checksum.status,DD11,0,2,DT,0.05857671215406198,0.047597131621403735,0.004485508631879186,0.047597131621403735,0.006977634222216265,0.00012385285458460515,0,0.012046337127685547,0.0
icmpv6.checksum.status,DD11,0,3,DT,0.05857671215406198,0.047597131621403735,0.004485508631879186,0.047597131621403735,0.006977634222216265,0.00012385285458460515,0,0.015636682510375977,0.0
icmpv6.checksum.status,DD11,0,4,DT,0.05857671215406198,0.047597131621403735,0.004485508631879186,0.047597131621403735,0.006977634222216265,0.00012385285458460515,0,0.0,0.015686988830566406
