Feature,Dataset,T,CV,ML,Acc,b_Acc,Prec,Rec,F1,kap,ROC,tra-T,test-T
stun.time,DD12T,0,0,DT,0.06320667045278539,0.04797355561943087,0.05060757499451181,0.04797355561943087,0.006327868560985699,0.0005088065210379078,0,0.016378164291381836,0.009812593460083008
stun.time,DD12T,0,1,DT,0.06320667045278539,0.04797355561943087,0.05060757499451181,0.04797355561943087,0.006327868560985699,0.0005088065210379078,0,0.009930849075317383,0.015756845474243164
stun.time,DD12T,0,2,DT,0.06320667045278539,0.04797355561943087,0.05060757499451181,0.04797355561943087,0.006327868560985699,0.0005088065210379078,0,0.009471654891967773,0.014978647232055664
stun.time,DD12T,0,3,DT,0.06320667045278539,0.04797355561943087,0.05060757499451181,0.04797355561943087,0.006327868560985699,0.0005088065210379078,0,0.016060590744018555,0.010779857635498047
stun.time,DD12T,0,4,DT,0.06320667045278539,0.04797355561943087,0.05060757499451181,0.04797355561943087,0.006327868560985699,0.0005088065210379078,0,0.014914751052856445,0.011591196060180664
