Feature,Dataset,T,CV,ML,Acc,b_Acc,Prec,Rec,F1,kap,ROC,tra-T,test-T
tls.handshake.extensions_ec_point_formats,DD22,0,0,DT,0.059526536846124474,0.04763248084888668,0.006645548928642182,0.04763248084888668,0.005842509153947262,2.0042235138073572e-05,0,0.008104801177978516,0.0
tls.handshake.extensions_ec_point_formats,DD22,0,1,DT,0.059526536846124474,0.04763248084888668,0.006645548928642182,0.04763248084888668,0.005842509153947262,2.0042235138073572e-05,0,0.012605905532836914,0.0
tls.handshake.extensions_ec_point_formats,DD22,0,2,DT,0.059526536846124474,0.04763248084888668,0.006645548928642182,0.04763248084888668,0.005842509153947262,2.0042235138073572e-05,0,0.015633106231689453,0.0
tls.handshake.extensions_ec_point_formats,DD22,0,3,DT,0.059526536846124474,0.04763248084888668,0.006645548928642182,0.04763248084888668,0.005842509153947262,2.0042235138073572e-05,0,0.0,0.015733957290649414
tls.handshake.extensions_ec_point_formats,DD22,0,4,DT,0.059526536846124474,0.04763248084888668,0.006645548928642182,0.04763248084888668,0.005842509153947262,2.0042235138073572e-05,0,0.0,0.017643451690673828
