Feature,Dataset,T,CV,ML,Acc,b_Acc,Prec,Rec,F1,kap,ROC,tra-T,test-T
http.request.method,DD12,0,0,DT,0.09264350260913835,0.07473244238934133,0.060151307036774924,0.07473244238934133,0.03805498539099445,0.03601154124619477,0,0.015328407287597656,0.00986480712890625
http.request.method,DD12,0,1,DT,0.09264350260913835,0.07473244238934133,0.060151307036774924,0.07473244238934133,0.03805498539099445,0.03601154124619477,0,0.01005864143371582,0.010060310363769531
http.request.method,DD12,0,2,DT,0.09264350260913835,0.07473244238934133,0.060151307036774924,0.07473244238934133,0.03805498539099445,0.03601154124619477,0,0.015100240707397461,0.01523900032043457
http.request.method,DD12,0,3,DT,0.09264350260913835,0.07473244238934133,0.060151307036774924,0.07473244238934133,0.03805498539099445,0.03601154124619477,0,0.010622501373291016,0.014545917510986328
http.request.method,DD12,0,4,DT,0.09264350260913835,0.07473244238934133,0.060151307036774924,0.07473244238934133,0.03805498539099445,0.03601154124619477,0,0.01500391960144043,0.014899253845214844
