Feature,Dataset,T,CV,ML,Acc,b_Acc,Prec,Rec,F1,kap,ROC,tra-T,test-T
icmp.resp_to,DD11T,0,0,DT,0.02867984924363674,0.04793523043020025,0.048965097402597406,0.04793523043020025,0.0032462883027720257,0.00042246824745084677,0,0.010034322738647461,0.006127119064331055
icmp.resp_to,DD11T,0,1,DT,0.02867984924363674,0.04793523043020025,0.048965097402597406,0.04793523043020025,0.0032462883027720257,0.00042246824745084677,0,0.0,0.023121118545532227
icmp.resp_to,DD11T,0,2,DT,0.02867984924363674,0.04793523043020025,0.048965097402597406,0.04793523043020025,0.0032462883027720257,0.00042246824745084677,0,0.015616893768310547,0.0
icmp.resp_to,DD11T,0,3,DT,0.02867984924363674,0.04793523043020025,0.048965097402597406,0.04793523043020025,0.0032462883027720257,0.00042246824745084677,0,0.017835378646850586,0.014279365539550781
icmp.resp_to,DD11T,0,4,DT,0.02867984924363674,0.04793523043020025,0.048965097402597406,0.04793523043020025,0.0032462883027720257,0.00042246824745084677,0,0.013547420501708984,0.0
