Feature,Dataset,T,CV,ML,Acc,b_Acc,Prec,Rec,F1,kap,ROC,tra-T,test-T
tcp.analysis.push_bytes_sent,DD21,0,0,DT,0.24593801810993496,0.2494283256261194,0.44874440642125984,0.2494283256261194,0.24958500570510628,0.20103075052717057,0,0.030668973922729492,0.012295722961425781
tcp.analysis.push_bytes_sent,DD21,0,1,DT,0.24593801810993496,0.2494283256261194,0.44874440642125984,0.2494283256261194,0.24958500570510628,0.20103075052717057,0,0.026880264282226562,0.01137542724609375
tcp.analysis.push_bytes_sent,DD21,0,2,DT,0.24593801810993496,0.2494283256261194,0.44874440642125984,0.2494283256261194,0.24958500570510628,0.20103075052717057,0,0.029807329177856445,0.012554407119750977
tcp.analysis.push_bytes_sent,DD21,0,3,DT,0.24593801810993496,0.2494283256261194,0.44874440642125984,0.2494283256261194,0.24958500570510628,0.20103075052717057,0,0.03432750701904297,0.01622462272644043
tcp.analysis.push_bytes_sent,DD21,0,4,DT,0.24593801810993496,0.2494283256261194,0.44874440642125984,0.2494283256261194,0.24958500570510628,0.20103075052717057,0,0.030070781707763672,0.012553930282592773
