Feature,Dataset,T,CV,ML,Acc,b_Acc,Prec,Rec,F1,kap,ROC,tra-T,test-T
eth.addr.oui,DD12,0,0,DT,0.19431080565101183,0.15690920075825027,0.13923078126869032,0.15690920075825027,0.11244748853577963,0.14295311586375214,0,0.02676224708557129,0.013805866241455078
eth.addr.oui,DD12,0,1,DT,0.19431080565101183,0.15690920075825027,0.13923078126869032,0.15690920075825027,0.11244748853577963,0.14295311586375214,0,0.016166210174560547,0.010626554489135742
eth.addr.oui,DD12,0,2,DT,0.19431080565101183,0.15690920075825027,0.13923078126869032,0.15690920075825027,0.11244748853577963,0.14295311586375214,0,0.015462160110473633,0.014297246932983398
eth.addr.oui,DD12,0,3,DT,0.19431080565101183,0.15690920075825027,0.13923078126869032,0.15690920075825027,0.11244748853577963,0.14295311586375214,0,0.017072200775146484,0.014685869216918945
eth.addr.oui,DD12,0,4,DT,0.19431080565101183,0.15690920075825027,0.13923078126869032,0.15690920075825027,0.11244748853577963,0.14295311586375214,0,0.013089656829833984,0.01171422004699707
