Feature,Dataset,T,CV,ML,Acc,b_Acc,Prec,Rec,F1,kap,ROC,tra-T,test-T
icmp.resptime,DD22T,0,0,DT,0.06399796364026097,0.04802194850542957,0.05064147614515572,0.04802194850542957,0.006483123798501441,0.0005989475286730661,0,0.0,0.015639066696166992
icmp.resptime,DD22T,0,1,DT,0.06399796364026097,0.04802194850542957,0.05064147614515572,0.04802194850542957,0.006483123798501441,0.0005989475286730661,0,0.01563096046447754,0.015622615814208984
icmp.resptime,DD22T,0,2,DT,0.06399796364026097,0.04802194850542957,0.05064147614515572,0.04802194850542957,0.006483123798501441,0.0005989475286730661,0,0.015622138977050781,0.012024641036987305
icmp.resptime,DD22T,0,3,DT,0.06399796364026097,0.04802194850542957,0.05064147614515572,0.04802194850542957,0.006483123798501441,0.0005989475286730661,0,0.007104635238647461,0.009110212326049805
icmp.resptime,DD22T,0,4,DT,0.06399796364026097,0.04802194850542957,0.05064147614515572,0.04802194850542957,0.006483123798501441,0.0005989475286730661,0,0.0,0.015622377395629883
