Feature,Dataset,T,CV,ML,Acc,b_Acc,Prec,Rec,F1,kap,ROC,tra-T,test-T
ipv6.opt.type.action,DD21,0,0,DT,0.05885728861114654,0.04782125346890299,0.00298646130934027,0.04782125346890299,0.005621828438530875,0.0018599927450183573,0,0.015534639358520508,0.0
ipv6.opt.type.action,DD21,0,1,DT,0.05885728861114654,0.04782125346890299,0.00298646130934027,0.04782125346890299,0.005621828438530875,0.0018599927450183573,0,0.006155967712402344,0.012389659881591797
ipv6.opt.type.action,DD21,0,2,DT,0.05885728861114654,0.04782125346890299,0.00298646130934027,0.04782125346890299,0.005621828438530875,0.0018599927450183573,0,0.0,0.015730619430541992
ipv6.opt.type.action,DD21,0,3,DT,0.05885728861114654,0.04782125346890299,0.00298646130934027,0.04782125346890299,0.005621828438530875,0.0018599927450183573,0,0.017313480377197266,0.016736268997192383
ipv6.opt.type.action,DD21,0,4,DT,0.05885728861114654,0.04782125346890299,0.00298646130934027,0.04782125346890299,0.005621828438530875,0.0018599927450183573,0,0.02363753318786621,0.00701141357421875
