Feature,Dataset,T,CV,ML,Acc,b_Acc,Prec,Rec,F1,kap,ROC,tra-T,test-T
dhcp.option.rebinding_time_value,DD12,0,0,DT,0.0595010818378516,0.047619047619047616,0.0028333848494215045,0.047619047619047616,0.005348526581033038,0.0,0,0.015625953674316406,0.01610732078552246
dhcp.option.rebinding_time_value,DD12,0,1,DT,0.0595010818378516,0.047619047619047616,0.0028333848494215045,0.047619047619047616,0.005348526581033038,0.0,0,0.015677452087402344,0.0
dhcp.option.rebinding_time_value,DD12,0,2,DT,0.0595010818378516,0.047619047619047616,0.0028333848494215045,0.047619047619047616,0.005348526581033038,0.0,0,0.017464160919189453,0.006645679473876953
dhcp.option.rebinding_time_value,DD12,0,3,DT,0.0595010818378516,0.047619047619047616,0.0028333848494215045,0.047619047619047616,0.005348526581033038,0.0,0,0.01370692253112793,0.012127399444580078
dhcp.option.rebinding_time_value,DD12,0,4,DT,0.0595010818378516,0.047619047619047616,0.0028333848494215045,0.047619047619047616,0.005348526581033038,0.0,0,0.020128965377807617,0.02195429801940918
