Feature,Dataset,T,CV,ML,Acc,b_Acc,Prec,Rec,F1,kap,ROC,tra-T,test-T
dhcp.hops,DD11,0,0,DT,0.0782298176253029,0.0666715984083886,0.048181357983939375,0.0666715984083886,0.0325555695735266,0.02000538663181517,0,0.015636682510375977,0.015615701675415039
dhcp.hops,DD11,0,1,DT,0.0782298176253029,0.0666715984083886,0.048181357983939375,0.0666715984083886,0.0325555695735266,0.02000538663181517,0,0.0,0.015628576278686523
dhcp.hops,DD11,0,2,DT,0.0782298176253029,0.0666715984083886,0.048181357983939375,0.0666715984083886,0.0325555695735266,0.02000538663181517,0,0.016202449798583984,0.015733003616333008
dhcp.hops,DD11,0,3,DT,0.0782298176253029,0.0666715984083886,0.048181357983939375,0.0666715984083886,0.0325555695735266,0.02000538663181517,0,0.015605449676513672,0.016214370727539062
dhcp.hops,DD11,0,4,DT,0.0782298176253029,0.0666715984083886,0.048181357983939375,0.0666715984083886,0.0325555695735266,0.02000538663181517,0,0.0,0.015609264373779297
