Feature,Dataset,T,CV,ML,Acc,b_Acc,Prec,Rec,F1,kap,ROC,tra-T,test-T
tls.handshake.sig_hash_alg_len,DD21,0,0,DT,0.06310419589338094,0.05098766536941209,0.13294064366828254,0.05098766536941209,0.011907299341188317,0.0036960193944849395,0,0.015506744384765625,0.05019998550415039
tls.handshake.sig_hash_alg_len,DD21,0,1,DT,0.06310419589338094,0.05098766536941209,0.13294064366828254,0.05098766536941209,0.011907299341188317,0.0036960193944849395,0,0.0,0.06384730339050293
tls.handshake.sig_hash_alg_len,DD21,0,2,DT,0.06310419589338094,0.05098766536941209,0.13294064366828254,0.05098766536941209,0.011907299341188317,0.0036960193944849395,0,0.01213836669921875,0.11437463760375977
tls.handshake.sig_hash_alg_len,DD21,0,3,DT,0.06310419589338094,0.05098766536941209,0.13294064366828254,0.05098766536941209,0.011907299341188317,0.0036960193944849395,0,0.016304969787597656,0.07820296287536621
tls.handshake.sig_hash_alg_len,DD21,0,4,DT,0.06310419589338094,0.05098766536941209,0.13294064366828254,0.05098766536941209,0.011907299341188317,0.0036960193944849395,0,0.0,0.06176471710205078
