Feature,Dataset,T,CV,ML,Acc,b_Acc,Prec,Rec,F1,kap,ROC,tra-T,test-T
dns.soa.retry_interval,DD11T,0,0,DT,0.02833135422582477,0.04767653540289355,0.04896457614929281,0.04767653540289355,0.0027319447345196977,7.683460128382613e-05,0,0.015627384185791016,0.0
dns.soa.retry_interval,DD11T,0,1,DT,0.02833135422582477,0.04767653540289355,0.04896457614929281,0.04767653540289355,0.0027319447345196977,7.683460128382613e-05,0,0.015619516372680664,0.0
dns.soa.retry_interval,DD11T,0,2,DT,0.02833135422582477,0.04767653540289355,0.04896457614929281,0.04767653540289355,0.0027319447345196977,7.683460128382613e-05,0,0.015677928924560547,0.0
dns.soa.retry_interval,DD11T,0,3,DT,0.02833135422582477,0.04767653540289355,0.04896457614929281,0.04767653540289355,0.0027319447345196977,7.683460128382613e-05,0,0.015617132186889648,0.0
dns.soa.retry_interval,DD11T,0,4,DT,0.02833135422582477,0.04767653540289355,0.04896457614929281,0.04767653540289355,0.0027319447345196977,7.683460128382613e-05,0,0.013053178787231445,0.0
