Feature,Dataset,T,CV,ML,Acc,b_Acc,Prec,Rec,F1,kap,ROC,tra-T,test-T
dhcp.type,DD11T,0,0,DT,0.03652744075584697,0.06276646963942104,0.09277895190908511,0.06276646963942104,0.025227744842629258,0.00853440584198728,0,0.015634775161743164,0.0
dhcp.type,DD11T,0,1,DT,0.03652744075584697,0.06276646963942104,0.09277895190908511,0.06276646963942104,0.025227744842629258,0.00853440584198728,0,0.0,0.022190093994140625
dhcp.type,DD11T,0,2,DT,0.03652744075584697,0.06276646963942104,0.09277895190908511,0.06276646963942104,0.025227744842629258,0.00853440584198728,0,0.007625579833984375,0.008088350296020508
dhcp.type,DD11T,0,3,DT,0.03652744075584697,0.06276646963942104,0.09277895190908511,0.06276646963942104,0.025227744842629258,0.00853440584198728,0,0.015677690505981445,0.0
dhcp.type,DD11T,0,4,DT,0.03652744075584697,0.06276646963942104,0.09277895190908511,0.06276646963942104,0.025227744842629258,0.00853440584198728,0,0.015615224838256836,0.015633344650268555
