Feature,Dataset,T,CV,ML,Acc,b_Acc,Prec,Rec,F1,kap,ROC,tra-T,test-T
dns.retransmit_response,DD21,0,0,DT,0.05982655273562046,0.047736384081353285,0.05046107833168728,0.047736384081353285,0.005598024110447226,0.00016235740435388557,0,0.015733003616333008,0.0
dns.retransmit_response,DD21,0,1,DT,0.05982655273562046,0.047736384081353285,0.05046107833168728,0.047736384081353285,0.005598024110447226,0.00016235740435388557,0,0.013597488403320312,0.0026090145111083984
dns.retransmit_response,DD21,0,2,DT,0.05982655273562046,0.047736384081353285,0.05046107833168728,0.047736384081353285,0.005598024110447226,0.00016235740435388557,0,0.015733718872070312,0.0
dns.retransmit_response,DD21,0,3,DT,0.05982655273562046,0.047736384081353285,0.05046107833168728,0.047736384081353285,0.005598024110447226,0.00016235740435388557,0,0.015628576278686523,0.0
dns.retransmit_response,DD21,0,4,DT,0.05982655273562046,0.047736384081353285,0.05046107833168728,0.047736384081353285,0.005598024110447226,0.00016235740435388557,0,0.015611410140991211,0.01554417610168457
