Feature,Dataset,T,CV,ML,Acc,b_Acc,Prec,Rec,F1,kap,ROC,tra-T,test-T
tcp.analysis.duplicate_ack,DD11,0,0,DT,0.05948220890192577,0.047466389847240456,0.0028470463420276907,0.047466389847240456,0.005371885596343801,-0.00019456215508073527,0,0.01573777198791504,0.015624523162841797
tcp.analysis.duplicate_ack,DD11,0,1,DT,0.05948220890192577,0.047466389847240456,0.0028470463420276907,0.047466389847240456,0.005371885596343801,-0.00019456215508073527,0,0.015627145767211914,0.015635251998901367
tcp.analysis.duplicate_ack,DD11,0,2,DT,0.05948220890192577,0.047466389847240456,0.0028470463420276907,0.047466389847240456,0.005371885596343801,-0.00019456215508073527,0,0.0,0.02023625373840332
tcp.analysis.duplicate_ack,DD11,0,3,DT,0.05948220890192577,0.047466389847240456,0.0028470463420276907,0.047466389847240456,0.005371885596343801,-0.00019456215508073527,0,0.015631675720214844,0.01562643051147461
tcp.analysis.duplicate_ack,DD11,0,4,DT,0.05948220890192577,0.047466389847240456,0.0028470463420276907,0.047466389847240456,0.005371885596343801,-0.00019456215508073527,0,0.0,0.01561284065246582
