Feature,Dataset,T,CV,ML,Acc,b_Acc,Prec,Rec,F1,kap,ROC,tra-T,test-T
tcp.flags.str,DD21,0,0,DT,0.14258385410024232,0.11588075879727434,0.10691080191560622,0.11588075879727434,0.052766494279498755,0.09006516923430852,0,0.015738487243652344,0.0
tcp.flags.str,DD21,0,1,DT,0.14258385410024232,0.11588075879727434,0.10691080191560622,0.11588075879727434,0.052766494279498755,0.09006516923430852,0,0.018723249435424805,0.013104915618896484
tcp.flags.str,DD21,0,2,DT,0.14258385410024232,0.11588075879727434,0.10691080191560622,0.11588075879727434,0.052766494279498755,0.09006516923430852,0,0.015729665756225586,0.015628337860107422
tcp.flags.str,DD21,0,3,DT,0.14258385410024232,0.11588075879727434,0.10691080191560622,0.11588075879727434,0.052766494279498755,0.09006516923430852,0,0.015624284744262695,0.0
tcp.flags.str,DD21,0,4,DT,0.14258385410024232,0.11588075879727434,0.10691080191560622,0.11588075879727434,0.052766494279498755,0.09006516923430852,0,0.015628337860107422,0.015622854232788086
