Feature,Dataset,T,CV,ML,Acc,b_Acc,Prec,Rec,F1,kap,ROC,tra-T,test-T
tcp.flags.cwr,DD12,0,0,DT,0.09711085656102839,0.07547242640367353,0.05747636383270352,0.07547242640367353,0.01716240688312469,0.0379295713438309,0,0.00995635986328125,0.010865449905395508
tcp.flags.cwr,DD12,0,1,DT,0.09711085656102839,0.07547242640367353,0.05747636383270352,0.07547242640367353,0.01716240688312469,0.0379295713438309,0,0.009815692901611328,0.00952601432800293
tcp.flags.cwr,DD12,0,2,DT,0.09711085656102839,0.07547242640367353,0.05747636383270352,0.07547242640367353,0.01716240688312469,0.0379295713438309,0,0.011052608489990234,0.009779930114746094
tcp.flags.cwr,DD12,0,3,DT,0.09711085656102839,0.07547242640367353,0.05747636383270352,0.07547242640367353,0.01716240688312469,0.0379295713438309,0,0.01000356674194336,0.01109766960144043
tcp.flags.cwr,DD12,0,4,DT,0.09711085656102839,0.07547242640367353,0.05747636383270352,0.07547242640367353,0.01716240688312469,0.0379295713438309,0,0.00998234748840332,0.01191568374633789
