Feature,Dataset,T,CV,ML,Acc,b_Acc,Prec,Rec,F1,kap,ROC,tra-T,test-T
tcp.options.wscale,DD11,0,0,DT,0.07900777961994644,0.06367272731704468,0.2857329101473596,0.06367272731704468,0.03452287821830063,0.0206587217060209,0,0.015620946884155273,0.0
tcp.options.wscale,DD11,0,1,DT,0.07900777961994644,0.06367272731704468,0.2857329101473596,0.06367272731704468,0.03452287821830063,0.0206587217060209,0,0.015629291534423828,0.0
tcp.options.wscale,DD11,0,2,DT,0.07900777961994644,0.06367272731704468,0.2857329101473596,0.06367272731704468,0.03452287821830063,0.0206587217060209,0,0.007111549377441406,0.015729665756225586
tcp.options.wscale,DD11,0,3,DT,0.07900777961994644,0.06367272731704468,0.2857329101473596,0.06367272731704468,0.03452287821830063,0.0206587217060209,0,0.015626907348632812,0.0
tcp.options.wscale,DD11,0,4,DT,0.07900777961994644,0.06367272731704468,0.2857329101473596,0.06367272731704468,0.03452287821830063,0.0206587217060209,0,0.015718698501586914,0.015636444091796875
