Feature,Dataset,T,CV,ML,Acc,b_Acc,Prec,Rec,F1,kap,ROC,tra-T,test-T
dns.srv.priority,DD12,0,0,DT,0.0595010818378516,0.047619047619047616,0.0028348641599797225,0.047619047619047616,0.0053511621465085245,5.861245170324381e-07,0,0.01065206527709961,0.010208368301391602
dns.srv.priority,DD12,0,1,DT,0.0595010818378516,0.047619047619047616,0.0028348641599797225,0.047619047619047616,0.0053511621465085245,5.861245170324381e-07,0,0.010144710540771484,0.009904146194458008
dns.srv.priority,DD12,0,2,DT,0.0595010818378516,0.047619047619047616,0.0028348641599797225,0.047619047619047616,0.0053511621465085245,5.861245170324381e-07,0,0.009483098983764648,0.00995779037475586
dns.srv.priority,DD12,0,3,DT,0.0595010818378516,0.047619047619047616,0.0028348641599797225,0.047619047619047616,0.0053511621465085245,5.861245170324381e-07,0,0.009714841842651367,0.010288715362548828
dns.srv.priority,DD12,0,4,DT,0.0595010818378516,0.047619047619047616,0.0028348641599797225,0.047619047619047616,0.0053511621465085245,5.861245170324381e-07,0,0.01745891571044922,0.009931802749633789
