Feature,Dataset,T,CV,ML,Acc,b_Acc,Prec,Rec,F1,kap,ROC,tra-T,test-T
udp.stream,DD21,0,0,DT,0.08629001402882286,0.06840767083246045,0.05365904552053924,0.06840767083246045,0.03290727727230088,0.02828045443093763,0,0.06412792205810547,0.0631256103515625
udp.stream,DD21,0,1,DT,0.08629001402882286,0.06840767083246045,0.05365904552053924,0.06840767083246045,0.03290727727230088,0.02828045443093763,0,0.04697728157043457,0.06275224685668945
udp.stream,DD21,0,2,DT,0.08629001402882286,0.06840767083246045,0.05365904552053924,0.06840767083246045,0.03290727727230088,0.02828045443093763,0,0.06676435470581055,0.030017375946044922
udp.stream,DD21,0,3,DT,0.08629001402882286,0.06840767083246045,0.05365904552053924,0.06840767083246045,0.03290727727230088,0.02828045443093763,0,0.04763054847717285,0.0
udp.stream,DD21,0,4,DT,0.08629001402882286,0.06840767083246045,0.05365904552053924,0.06840767083246045,0.03290727727230088,0.02828045443093763,0,0.046221256256103516,0.01572585105895996
