Feature,Dataset,T,CV,ML,Acc,b_Acc,Prec,Rec,F1,kap,ROC,tra-T,test-T
http.content_length_header,DD21T,0,0,DT,0.046019050681242714,0.05322953437021867,0.16484880940710037,0.05322953437021867,0.013997639849098884,0.0061845118524096465,0,0.01506662368774414,0.010031700134277344
http.content_length_header,DD21T,0,1,DT,0.046019050681242714,0.05322953437021867,0.16484880940710037,0.05322953437021867,0.013997639849098884,0.0061845118524096465,0,0.01577472686767578,0.015791893005371094
http.content_length_header,DD21T,0,2,DT,0.046019050681242714,0.05322953437021867,0.16484880940710037,0.05322953437021867,0.013997639849098884,0.0061845118524096465,0,0.01564645767211914,0.016608715057373047
http.content_length_header,DD21T,0,3,DT,0.046019050681242714,0.05322953437021867,0.16484880940710037,0.05322953437021867,0.013997639849098884,0.0061845118524096465,0,0.01101231575012207,0.008987188339233398
http.content_length_header,DD21T,0,4,DT,0.046019050681242714,0.05322953437021867,0.16484880940710037,0.05322953437021867,0.013997639849098884,0.0061845118524096465,0,0.015000104904174805,0.008985519409179688
