Feature,Dataset,T,CV,ML,Acc,b_Acc,Prec,Rec,F1,kap,ROC,tra-T,test-T
tls.handshake.sig_hash_algs,DD21,0,0,DT,0.06131870934829741,0.04927793423607628,0.02030570854794509,0.04927793423607628,0.008415739821195884,0.0018089210264203848,0,0.0,0.11040282249450684
tls.handshake.sig_hash_algs,DD21,0,1,DT,0.06131870934829741,0.04927793423607628,0.02030570854794509,0.04927793423607628,0.008415739821195884,0.0018089210264203848,0,0.0,0.06249594688415527
tls.handshake.sig_hash_algs,DD21,0,2,DT,0.06131870934829741,0.04927793423607628,0.02030570854794509,0.04927793423607628,0.008415739821195884,0.0018089210264203848,0,0.0128326416015625,0.0802621841430664
tls.handshake.sig_hash_algs,DD21,0,3,DT,0.06131870934829741,0.04927793423607628,0.02030570854794509,0.04927793423607628,0.008415739821195884,0.0018089210264203848,0,0.0070116519927978516,0.1006011962890625
tls.handshake.sig_hash_algs,DD21,0,4,DT,0.06131870934829741,0.04927793423607628,0.02030570854794509,0.04927793423607628,0.008415739821195884,0.0018089210264203848,0,0.014014720916748047,0.048807382583618164
