Feature,Dataset,T,CV,ML,Acc,b_Acc,Prec,Rec,F1,kap,ROC,tra-T,test-T
tcp.segments,DD22T,0,0,DT,0.06368983025869807,0.047951630228378284,0.003977737630631915,0.047951630228378284,0.006305166692402487,0.0006933866353396878,0,0.0,0.01562786102294922
tcp.segments,DD22T,0,1,DT,0.06368983025869807,0.047951630228378284,0.003977737630631915,0.047951630228378284,0.006305166692402487,0.0006933866353396878,0,0.015619039535522461,0.015641212463378906
tcp.segments,DD22T,0,2,DT,0.06368983025869807,0.047951630228378284,0.003977737630631915,0.047951630228378284,0.006305166692402487,0.0006933866353396878,0,0.01560068130493164,0.006613254547119141
tcp.segments,DD22T,0,3,DT,0.06368983025869807,0.047951630228378284,0.003977737630631915,0.047951630228378284,0.006305166692402487,0.0006933866353396878,0,0.0,0.015625476837158203
tcp.segments,DD22T,0,4,DT,0.06368983025869807,0.047951630228378284,0.003977737630631915,0.047951630228378284,0.006305166692402487,0.0006933866353396878,0,0.015629053115844727,0.015538454055786133
