Feature,Dataset,T,CV,ML,Acc,b_Acc,Prec,Rec,F1,kap,ROC,tra-T,test-T
tcp.flags.fin,DD12T,0,0,DT,0.08379369094945531,0.08370609646578953,0.01634532782354577,0.08370609646578953,0.018225545880969894,0.035572850984939564,0,0.010495185852050781,0.010499238967895508
tcp.flags.fin,DD12T,0,1,DT,0.08379369094945531,0.08370609646578953,0.01634532782354577,0.08370609646578953,0.018225545880969894,0.035572850984939564,0,0.013021469116210938,0.010376453399658203
tcp.flags.fin,DD12T,0,2,DT,0.08379369094945531,0.08370609646578953,0.01634532782354577,0.08370609646578953,0.018225545880969894,0.035572850984939564,0,0.011404275894165039,0.008711576461791992
tcp.flags.fin,DD12T,0,3,DT,0.08379369094945531,0.08370609646578953,0.01634532782354577,0.08370609646578953,0.018225545880969894,0.035572850984939564,0,0.013005256652832031,0.010723114013671875
tcp.flags.fin,DD12T,0,4,DT,0.08379369094945531,0.08370609646578953,0.01634532782354577,0.08370609646578953,0.018225545880969894,0.035572850984939564,0,0.010461807250976562,0.014340400695800781
