Feature,Dataset,T,CV,ML,Acc,b_Acc,Prec,Rec,F1,kap,ROC,tra-T,test-T
igmp.checksum.status,DD22T,0,0,DT,0.08343716088581649,0.07389790594370153,0.025250229113353156,0.07389790594370153,0.02997768556317489,0.0225847409845763,0,0.009618759155273438,0.006602287292480469
igmp.checksum.status,DD22T,0,1,DT,0.08343716088581649,0.07389790594370153,0.025250229113353156,0.07389790594370153,0.02997768556317489,0.0225847409845763,0,0.0,0.015742063522338867
igmp.checksum.status,DD22T,0,2,DT,0.08343716088581649,0.07389790594370153,0.025250229113353156,0.07389790594370153,0.02997768556317489,0.0225847409845763,0,0.015628337860107422,0.0
igmp.checksum.status,DD22T,0,3,DT,0.08343716088581649,0.07389790594370153,0.025250229113353156,0.07389790594370153,0.02997768556317489,0.0225847409845763,0,0.02021050453186035,0.0
igmp.checksum.status,DD22T,0,4,DT,0.08343716088581649,0.07389790594370153,0.025250229113353156,0.07389790594370153,0.02997768556317489,0.0225847409845763,0,0.015620946884155273,0.015625476837158203
