Feature,Dataset,T,CV,ML,Acc,b_Acc,Prec,Rec,F1,kap,ROC,tra-T,test-T
icmp.resptime,DD11T,0,0,DT,0.028524962569053642,0.047820254862508384,0.048965097402597406,0.047820254862508384,0.003018815089244722,0.000267571055268756,0,0.0,0.018279314041137695
icmp.resptime,DD11T,0,1,DT,0.028524962569053642,0.047820254862508384,0.048965097402597406,0.047820254862508384,0.003018815089244722,0.000267571055268756,0,0.015688180923461914,0.0
icmp.resptime,DD11T,0,2,DT,0.028524962569053642,0.047820254862508384,0.048965097402597406,0.047820254862508384,0.003018815089244722,0.000267571055268756,0,0.012563228607177734,0.0
icmp.resptime,DD11T,0,3,DT,0.028524962569053642,0.047820254862508384,0.048965097402597406,0.047820254862508384,0.003018815089244722,0.000267571055268756,0,0.015677690505981445,0.0
icmp.resptime,DD11T,0,4,DT,0.028524962569053642,0.047820254862508384,0.048965097402597406,0.047820254862508384,0.003018815089244722,0.000267571055268756,0,0.01606583595275879,0.017179489135742188
