Feature,Dataset,T,CV,ML,Acc,b_Acc,Prec,Rec,F1,kap,ROC,tra-T,test-T
_ws.col.Protocol,DD12,0,0,DT,0.2589665266641212,0.2376210352591149,0.3648040691889439,0.2376210352591149,0.21380473747115097,0.21449014699925462,0,0.024730920791625977,0.019981861114501953
_ws.col.Protocol,DD12,0,1,DT,0.2589665266641212,0.2376210352591149,0.3648040691889439,0.2376210352591149,0.21380473747115097,0.21449014699925462,0,0.02043628692626953,0.014371156692504883
_ws.col.Protocol,DD12,0,2,DT,0.2589665266641212,0.2376210352591149,0.3648040691889439,0.2376210352591149,0.21380473747115097,0.21449014699925462,0,0.019958019256591797,0.014335155487060547
_ws.col.Protocol,DD12,0,3,DT,0.2589665266641212,0.2376210352591149,0.3648040691889439,0.2376210352591149,0.21380473747115097,0.21449014699925462,0,0.02433156967163086,0.014997005462646484
_ws.col.Protocol,DD12,0,4,DT,0.2589665266641212,0.2376210352591149,0.3648040691889439,0.2376210352591149,0.21380473747115097,0.21449014699925462,0,0.02513599395751953,0.014428377151489258
