Feature,Dataset,T,CV,ML,Acc,b_Acc,Prec,Rec,F1,kap,ROC,tra-T,test-T
tcp.flags.cwr,DD22,0,0,DT,0.09711085656102839,0.07547242640367353,0.05747636383270352,0.07547242640367353,0.01716240688312469,0.0379295713438309,0,0.009106636047363281,0.015707015991210938
tcp.flags.cwr,DD22,0,1,DT,0.09711085656102839,0.07547242640367353,0.05747636383270352,0.07547242640367353,0.01716240688312469,0.0379295713438309,0,0.015606403350830078,0.0
tcp.flags.cwr,DD22,0,2,DT,0.09711085656102839,0.07547242640367353,0.05747636383270352,0.07547242640367353,0.01716240688312469,0.0379295713438309,0,0.01562356948852539,0.015633344650268555
tcp.flags.cwr,DD22,0,3,DT,0.09711085656102839,0.07547242640367353,0.05747636383270352,0.07547242640367353,0.01716240688312469,0.0379295713438309,0,0.007605552673339844,0.00860452651977539
tcp.flags.cwr,DD22,0,4,DT,0.09711085656102839,0.07547242640367353,0.05747636383270352,0.07547242640367353,0.01716240688312469,0.0379295713438309,0,0.015621423721313477,0.015628576278686523
