Feature,Dataset,T,CV,ML,Acc,b_Acc,Prec,Rec,F1,kap,ROC,tra-T,test-T
dns.flags.authenticated,DD22T,0,0,DT,0.07352330426161864,0.05484248493918115,0.026971554431358964,0.05484248493918115,0.016883269007728345,0.010706132752295705,0,0.015736103057861328,0.0
dns.flags.authenticated,DD22T,0,1,DT,0.07352330426161864,0.05484248493918115,0.026971554431358964,0.05484248493918115,0.016883269007728345,0.010706132752295705,0,0.0,0.015631437301635742
dns.flags.authenticated,DD22T,0,2,DT,0.07352330426161864,0.05484248493918115,0.026971554431358964,0.05484248493918115,0.016883269007728345,0.010706132752295705,0,0.0,0.015638351440429688
dns.flags.authenticated,DD22T,0,3,DT,0.07352330426161864,0.05484248493918115,0.026971554431358964,0.05484248493918115,0.016883269007728345,0.010706132752295705,0,0.015618324279785156,0.015630483627319336
dns.flags.authenticated,DD22T,0,4,DT,0.07352330426161864,0.05484248493918115,0.026971554431358964,0.05484248493918115,0.016883269007728345,0.010706132752295705,0,0.01561427116394043,0.0
