Feature,Dataset,T,CV,ML,Acc,b_Acc,Prec,Rec,F1,kap,ROC,tra-T,test-T
icmp.ident,DD12,0,0,DT,0.0632684230622375,0.04973722201273662,0.053885263682972646,0.04973722201273662,0.01343757856632899,0.00248308212624726,0,0.0,0.01563405990600586
icmp.ident,DD12,0,1,DT,0.0632684230622375,0.04973722201273662,0.053885263682972646,0.04973722201273662,0.01343757856632899,0.00248308212624726,0,0.015630006790161133,0.015626192092895508
icmp.ident,DD12,0,2,DT,0.0632684230622375,0.04973722201273662,0.053885263682972646,0.04973722201273662,0.01343757856632899,0.00248308212624726,0,0.015532493591308594,0.0
icmp.ident,DD12,0,3,DT,0.0632684230622375,0.04973722201273662,0.053885263682972646,0.04973722201273662,0.01343757856632899,0.00248308212624726,0,0.015625953674316406,0.01562190055847168
icmp.ident,DD12,0,4,DT,0.0632684230622375,0.04973722201273662,0.053885263682972646,0.04973722201273662,0.01343757856632899,0.00248308212624726,0,0.015638351440429688,0.015569925308227539
