Feature,Dataset,T,CV,ML,Acc,b_Acc,Prec,Rec,F1,kap,ROC,tra-T,test-T
tcp.analysis.push_bytes_sent,DD11T,0,0,DT,0.24877381382621716,0.24277953611517428,0.5308618248816236,0.24277953611517428,0.2654422745495557,0.2029358143271458,0,0.04030156135559082,0.007046699523925781
tcp.analysis.push_bytes_sent,DD11T,0,1,DT,0.24877381382621716,0.24277953611517428,0.5308618248816236,0.24277953611517428,0.2654422745495557,0.2029358143271458,0,0.03183126449584961,0.01569080352783203
tcp.analysis.push_bytes_sent,DD11T,0,2,DT,0.24877381382621716,0.24277953611517428,0.5308618248816236,0.24277953611517428,0.2654422745495557,0.2029358143271458,0,0.031856536865234375,0.015568971633911133
tcp.analysis.push_bytes_sent,DD11T,0,3,DT,0.24877381382621716,0.24277953611517428,0.5308618248816236,0.24277953611517428,0.2654422745495557,0.2029358143271458,0,0.03138113021850586,0.0155487060546875
tcp.analysis.push_bytes_sent,DD11T,0,4,DT,0.24877381382621716,0.24277953611517428,0.5308618248816236,0.24277953611517428,0.2654422745495557,0.2029358143271458,0,0.031299591064453125,0.015700101852416992
