Feature,Dataset,T,CV,ML,Acc,b_Acc,Prec,Rec,F1,kap,ROC,tra-T,test-T
tcp.analysis.duplicate_ack,DD21,0,0,DT,0.05948220890192577,0.047466389847240456,0.0028470463420276907,0.047466389847240456,0.005371885596343801,-0.00019456215508073527,0,0.02473306655883789,0.00562286376953125
tcp.analysis.duplicate_ack,DD21,0,1,DT,0.05948220890192577,0.047466389847240456,0.0028470463420276907,0.047466389847240456,0.005371885596343801,-0.00019456215508073527,0,0.019318342208862305,0.00575566291809082
tcp.analysis.duplicate_ack,DD21,0,2,DT,0.05948220890192577,0.047466389847240456,0.0028470463420276907,0.047466389847240456,0.005371885596343801,-0.00019456215508073527,0,0.008851766586303711,0.01578068733215332
tcp.analysis.duplicate_ack,DD21,0,3,DT,0.05948220890192577,0.047466389847240456,0.0028470463420276907,0.047466389847240456,0.005371885596343801,-0.00019456215508073527,0,0.01388406753540039,0.008798837661743164
tcp.analysis.duplicate_ack,DD21,0,4,DT,0.05948220890192577,0.047466389847240456,0.0028470463420276907,0.047466389847240456,0.005371885596343801,-0.00019456215508073527,0,0.016813278198242188,0.009707450866699219
