Dataset,T,CV,ML,Acc,b_Acc,Prec,Rec,F1,kap,ROC,tra-T,test-T,Al-Time
US,0,1,RF,0.9999746125236421,0.96,0.9599437016185784,0.96,0.9599718309859155,0.9999666015031309,0,1072.237646818161,3.205040216445923,1.2009563446044922
US,0,2,RF,0.9999492250472842,0.96,0.9594117647058823,0.96,0.9597037037037037,0.999933062022455,0,878.3696284294128,2.218510627746582,1.264641523361206
US,0,3,RF,0.9999111427048161,0.9597119271724043,0.9596658329756547,0.9597119271724043,0.9596881908924173,0.999882948951884,0,792.3863339424133,2.2490854263305664,1.3338196277618408
