Feature,Dataset,T,CV,ML,Acc,b_Acc,Prec,Rec,F1,kap,ROC,tra-T,test-T
HH_3_std_0,DD2,0,0,DT,0.4283247566142976,0.21855901580842343,0.22148613208178025,0.21855901580842343,0.17615561408811742,0.20797047085416798,0,1.9192860126495361,0.0912480354309082
HH_3_std_0,DD2,0,1,DT,0.4283247566142976,0.21855901580842343,0.22148613208178025,0.21855901580842343,0.17615561408811742,0.20797047085416798,0,1.7794835567474365,0.06807565689086914
HH_3_std_0,DD2,0,2,DT,0.4283247566142976,0.21855901580842343,0.22148613208178025,0.21855901580842343,0.17615561408811742,0.20797047085416798,0,1.6456737518310547,0.05823945999145508
HH_3_std_0,DD2,0,3,DT,0.4283247566142976,0.21855901580842343,0.22148613208178025,0.21855901580842343,0.17615561408811742,0.20797047085416798,0,1.6513636112213135,0.050664424896240234
HH_3_std_0,DD2,0,4,DT,0.4283247566142976,0.21855901580842343,0.22148613208178025,0.21855901580842343,0.17615561408811742,0.20797047085416798,0,1.7419567108154297,0.06955957412719727
