Feature,Dataset,T,CV,ML,Acc,b_Acc,Prec,Rec,F1,kap,ROC,tra-T,test-T
HpHp_1_weight_0,DD1T,0,0,DT,0.23920806637958197,0.208333440167529,0.218765720770664,0.208333440167529,0.18147144276996094,0.10133068354856134,0,1.3834803104400635,0.04713892936706543
HpHp_1_weight_0,DD1T,0,1,DT,0.23920806637958197,0.208333440167529,0.218765720770664,0.208333440167529,0.18147144276996094,0.10133068354856134,0,1.385460376739502,0.031382083892822266
HpHp_1_weight_0,DD1T,0,2,DT,0.23920806637958197,0.208333440167529,0.218765720770664,0.208333440167529,0.18147144276996094,0.10133068354856134,0,1.35756516456604,0.030884504318237305
HpHp_1_weight_0,DD1T,0,3,DT,0.23920806637958197,0.208333440167529,0.218765720770664,0.208333440167529,0.18147144276996094,0.10133068354856134,0,1.355546474456787,0.030900955200195312
HpHp_1_weight_0,DD1T,0,4,DT,0.23920806637958197,0.208333440167529,0.218765720770664,0.208333440167529,0.18147144276996094,0.10133068354856134,0,1.3597919940948486,0.049223899841308594
