Feature,Dataset,T,CV,ML,Acc,b_Acc,Prec,Rec,F1,kap,ROC,tra-T,test-T
MI_dir_0.1_weight,DD2,0,0,DT,0.30209362823614944,0.18242321529433955,0.2619202109425079,0.18242321529433955,0.1812120703963047,0.09557730521511276,0,2.348626136779785,0.08850216865539551
MI_dir_0.1_weight,DD2,0,1,DT,0.30209362823614944,0.18242321529433955,0.2619202109425079,0.18242321529433955,0.1812120703963047,0.09557730521511276,0,2.3671557903289795,0.07280993461608887
MI_dir_0.1_weight,DD2,0,2,DT,0.30209362823614944,0.18242321529433955,0.2619202109425079,0.18242321529433955,0.1812120703963047,0.09557730521511276,0,2.2609050273895264,0.07071304321289062
MI_dir_0.1_weight,DD2,0,3,DT,0.30209362823614944,0.18242321529433955,0.2619202109425079,0.18242321529433955,0.1812120703963047,0.09557730521511276,0,2.254796266555786,0.06697869300842285
MI_dir_0.1_weight,DD2,0,4,DT,0.30209362823614944,0.18242321529433955,0.2619202109425079,0.18242321529433955,0.1812120703963047,0.09557730521511276,0,2.4114370346069336,0.10373067855834961
