Feature,Dataset,T,CV,ML,Acc,b_Acc,Prec,Rec,F1,kap,ROC,tra-T,test-T
HpHp_1_weight_0,DD1,0,0,DT,0.29545021955821216,0.256776921785091,0.24687094825303735,0.256776921785091,0.2039338387739016,0.11629871769817102,0,1.0687425136566162,0.09774374961853027
HpHp_1_weight_0,DD1,0,1,DT,0.29545021955821216,0.256776921785091,0.24687094825303735,0.256776921785091,0.2039338387739016,0.11629871769817102,0,1.0241625308990479,0.0895986557006836
HpHp_1_weight_0,DD1,0,2,DT,0.29545021955821216,0.256776921785091,0.24687094825303735,0.256776921785091,0.2039338387739016,0.11629871769817102,0,0.9627673625946045,0.0952610969543457
HpHp_1_weight_0,DD1,0,3,DT,0.29545021955821216,0.256776921785091,0.24687094825303735,0.256776921785091,0.2039338387739016,0.11629871769817102,0,0.934171199798584,0.07878708839416504
HpHp_1_weight_0,DD1,0,4,DT,0.29545021955821216,0.256776921785091,0.24687094825303735,0.256776921785091,0.2039338387739016,0.11629871769817102,0,1.0051002502441406,0.0941004753112793
