Feature,Dataset,T,CV,ML,Acc,b_Acc,Prec,Rec,F1,kap,ROC,tra-T,test-T
HH_1_std_0,DD2,0,0,DT,0.3736495927478445,0.19066730406963658,0.2517624518812685,0.19066730406963658,0.18749429588033792,0.11051793628240636,0,1.9152429103851318,0.07798194885253906
HH_1_std_0,DD2,0,1,DT,0.3736495927478445,0.19066730406963658,0.2517624518812685,0.19066730406963658,0.18749429588033792,0.11051793628240636,0,1.6798977851867676,0.08048391342163086
HH_1_std_0,DD2,0,2,DT,0.3736495927478445,0.19066730406963658,0.2517624518812685,0.19066730406963658,0.18749429588033792,0.11051793628240636,0,1.8020014762878418,0.11157989501953125
HH_1_std_0,DD2,0,3,DT,0.3736495927478445,0.19066730406963658,0.2517624518812685,0.19066730406963658,0.18749429588033792,0.11051793628240636,0,1.820249319076538,0.072265625
HH_1_std_0,DD2,0,4,DT,0.3736495927478445,0.19066730406963658,0.2517624518812685,0.19066730406963658,0.18749429588033792,0.11051793628240636,0,2.015664577484131,0.07785439491271973
