Feature,Dataset,T,CV,ML,Acc,b_Acc,Prec,Rec,F1,kap,ROC,tra-T,test-T
HpHp_1_covariance_0_1,DD2,0,0,DT,0.1958161514955299,0.15807611386892328,0.1184516456105507,0.15807611386892328,0.0646307167025201,0.08717961983481448,0,0.5216090679168701,0.029563426971435547
HpHp_1_covariance_0_1,DD2,0,1,DT,0.1958161514955299,0.15807611386892328,0.1184516456105507,0.15807611386892328,0.0646307167025201,0.08717961983481448,0,0.8285856246948242,0.016194820404052734
HpHp_1_covariance_0_1,DD2,0,2,DT,0.1958161514955299,0.15807611386892328,0.1184516456105507,0.15807611386892328,0.0646307167025201,0.08717961983481448,0,0.6213653087615967,0.021207094192504883
HpHp_1_covariance_0_1,DD2,0,3,DT,0.1958161514955299,0.15807611386892328,0.1184516456105507,0.15807611386892328,0.0646307167025201,0.08717961983481448,0,0.7204504013061523,0.02396988868713379
HpHp_1_covariance_0_1,DD2,0,4,DT,0.1958161514955299,0.15807611386892328,0.1184516456105507,0.15807611386892328,0.0646307167025201,0.08717961983481448,0,0.9287219047546387,0.0313563346862793
