Feature,Dataset,T,CV,ML,Acc,b_Acc,Prec,Rec,F1,kap,ROC,tra-T,test-T
HpHp_0.01_pcc_0_1,DD1,0,0,DT,0.23802781627235237,0.139125814029366,0.10724577120259138,0.139125814029366,0.0751816915787646,0.06826648139220026,0,0.46626710891723633,0.07833313941955566
HpHp_0.01_pcc_0_1,DD1,0,1,DT,0.23802781627235237,0.139125814029366,0.10724577120259138,0.139125814029366,0.0751816915787646,0.06826648139220026,0,0.4749164581298828,0.07346177101135254
HpHp_0.01_pcc_0_1,DD1,0,2,DT,0.23802781627235237,0.139125814029366,0.10724577120259138,0.139125814029366,0.0751816915787646,0.06826648139220026,0,0.5104947090148926,0.057047367095947266
HpHp_0.01_pcc_0_1,DD1,0,3,DT,0.23802781627235237,0.139125814029366,0.10724577120259138,0.139125814029366,0.0751816915787646,0.06826648139220026,0,0.4770829677581787,0.062084197998046875
HpHp_0.01_pcc_0_1,DD1,0,4,DT,0.23802781627235237,0.139125814029366,0.10724577120259138,0.139125814029366,0.0751816915787646,0.06826648139220026,0,0.4554598331451416,0.0632174015045166
