Feature,Dataset,T,CV,ML,Acc,b_Acc,Prec,Rec,F1,kap,ROC,tra-T,test-T
HH_0.1_radius_0_1,DD2,0,0,DT,0.3047234434106942,0.2797401961065893,0.3020995944381078,0.2797401961065893,0.25156808735690067,0.1420019184073822,0,2.2619316577911377,0.09125137329101562
HH_0.1_radius_0_1,DD2,0,1,DT,0.3047234434106942,0.2797401961065893,0.3020995944381078,0.2797401961065893,0.25156808735690067,0.1420019184073822,0,2.2256503105163574,0.10523343086242676
HH_0.1_radius_0_1,DD2,0,2,DT,0.3047234434106942,0.2797401961065893,0.3020995944381078,0.2797401961065893,0.25156808735690067,0.1420019184073822,0,2.3441433906555176,0.07948970794677734
HH_0.1_radius_0_1,DD2,0,3,DT,0.3047234434106942,0.2797401961065893,0.3020995944381078,0.2797401961065893,0.25156808735690067,0.1420019184073822,0,2.2630906105041504,0.0790703296661377
HH_0.1_radius_0_1,DD2,0,4,DT,0.3047234434106942,0.2797401961065893,0.3020995944381078,0.2797401961065893,0.25156808735690067,0.1420019184073822,0,2.4223644733428955,0.0943441390991211
