Feature,Dataset,T,CV,ML,Acc,b_Acc,Prec,Rec,F1,kap,ROC,tra-T,test-T
HH_1_magnitude_0_1,DD1,0,0,DT,0.3136660377673518,0.29694013609617254,0.20537838597046257,0.29694013609617254,0.20582398550254208,0.11690094190010725,0,1.2246251106262207,0.13233065605163574
HH_1_magnitude_0_1,DD1,0,1,DT,0.3136660377673518,0.29694013609617254,0.20537838597046257,0.29694013609617254,0.20582398550254208,0.11690094190010725,0,1.2288360595703125,0.12955904006958008
HH_1_magnitude_0_1,DD1,0,2,DT,0.3136660377673518,0.29694013609617254,0.20537838597046257,0.29694013609617254,0.20582398550254208,0.11690094190010725,0,1.2332303524017334,0.12586045265197754
HH_1_magnitude_0_1,DD1,0,3,DT,0.3136660377673518,0.29694013609617254,0.20537838597046257,0.29694013609617254,0.20582398550254208,0.11690094190010725,0,1.2297143936157227,0.13392353057861328
HH_1_magnitude_0_1,DD1,0,4,DT,0.3136660377673518,0.29694013609617254,0.20537838597046257,0.29694013609617254,0.20582398550254208,0.11690094190010725,0,1.3334999084472656,0.14145302772521973
