Feature,Dataset,T,CV,ML,Acc,b_Acc,Prec,Rec,F1,kap,ROC,tra-T,test-T
HH_0.01_mean_0,DD2,0,0,DT,0.3968635336082427,0.27713678072439674,0.31981017779545595,0.27713678072439674,0.26544636631046853,0.1845531227277456,0,3.137256145477295,0.09819316864013672
HH_0.01_mean_0,DD2,0,1,DT,0.3968635336082427,0.27713678072439674,0.31981017779545595,0.27713678072439674,0.26544636631046853,0.1845531227277456,0,2.7821152210235596,0.09378170967102051
HH_0.01_mean_0,DD2,0,2,DT,0.3968635336082427,0.27713678072439674,0.31981017779545595,0.27713678072439674,0.26544636631046853,0.1845531227277456,0,2.9107778072357178,0.09487533569335938
HH_0.01_mean_0,DD2,0,3,DT,0.3968635336082427,0.27713678072439674,0.31981017779545595,0.27713678072439674,0.26544636631046853,0.1845531227277456,0,2.7604238986968994,0.09430932998657227
HH_0.01_mean_0,DD2,0,4,DT,0.3968635336082427,0.27713678072439674,0.31981017779545595,0.27713678072439674,0.26544636631046853,0.1845531227277456,0,2.977700710296631,0.08658123016357422
