Feature,Dataset,T,CV,ML,Acc,b_Acc,Prec,Rec,F1,kap,ROC,tra-T,test-T
MI_dir_5_std,DD2,0,0,DT,0.40953549398493677,0.19566031787688531,0.1954605978487897,0.19566031787688531,0.14517896167060826,0.1886812770108588,0,1.3461344242095947,0.054720401763916016
MI_dir_5_std,DD2,0,1,DT,0.40953549398493677,0.19566031787688531,0.1954605978487897,0.19566031787688531,0.14517896167060826,0.1886812770108588,0,1.4577183723449707,0.0606536865234375
MI_dir_5_std,DD2,0,2,DT,0.40953549398493677,0.19566031787688531,0.1954605978487897,0.19566031787688531,0.14517896167060826,0.1886812770108588,0,1.359140157699585,0.05966973304748535
MI_dir_5_std,DD2,0,3,DT,0.40953549398493677,0.19566031787688531,0.1954605978487897,0.19566031787688531,0.14517896167060826,0.1886812770108588,0,1.4182565212249756,0.06648826599121094
MI_dir_5_std,DD2,0,4,DT,0.40953549398493677,0.19566031787688531,0.1954605978487897,0.19566031787688531,0.14517896167060826,0.1886812770108588,0,1.4210798740386963,0.06250572204589844
