Feature,Dataset,T,CV,ML,Acc,b_Acc,Prec,Rec,F1,kap,ROC,tra-T,test-T
HpHp_0.1_pcc_0_1,DD2T,0,0,DT,0.3722938348452611,0.11660255586985124,0.10465185728986197,0.11660255586985124,0.09147362861997975,0.03509912118559544,0,0.8040249347686768,0.01563119888305664
HpHp_0.1_pcc_0_1,DD2T,0,1,DT,0.3722938348452611,0.11660255586985124,0.10465185728986197,0.11660255586985124,0.09147362861997975,0.03509912118559544,0,0.7976226806640625,0.03165864944458008
HpHp_0.1_pcc_0_1,DD2T,0,2,DT,0.3722938348452611,0.11660255586985124,0.10465185728986197,0.11660255586985124,0.09147362861997975,0.03509912118559544,0,0.8183674812316895,0.0312657356262207
HpHp_0.1_pcc_0_1,DD2T,0,3,DT,0.3722938348452611,0.11660255586985124,0.10465185728986197,0.11660255586985124,0.09147362861997975,0.03509912118559544,0,0.6122128963470459,0.03112649917602539
HpHp_0.1_pcc_0_1,DD2T,0,4,DT,0.3722938348452611,0.11660255586985124,0.10465185728986197,0.11660255586985124,0.09147362861997975,0.03509912118559544,0,0.8028943538665771,0.03127789497375488
