Feature,Dataset,T,CV,ML,Acc,b_Acc,Prec,Rec,F1,kap,ROC,tra-T,test-T
HpHp_3_mean_0,DD1,0,0,DT,0.4817624764162757,0.3859262703699143,0.2695941314425346,0.3859262703699143,0.2841261749264481,0.24675400415800453,0,0.5061697959899902,0.05156564712524414
HpHp_3_mean_0,DD1,0,1,DT,0.4817624764162757,0.3859262703699143,0.2695941314425346,0.3859262703699143,0.2841261749264481,0.24675400415800453,0,0.4600181579589844,0.045709848403930664
HpHp_3_mean_0,DD1,0,2,DT,0.4817624764162757,0.3859262703699143,0.2695941314425346,0.3859262703699143,0.2841261749264481,0.24675400415800453,0,0.47605180740356445,0.05582475662231445
HpHp_3_mean_0,DD1,0,3,DT,0.4817624764162757,0.3859262703699143,0.2695941314425346,0.3859262703699143,0.2841261749264481,0.24675400415800453,0,0.5560035705566406,0.05449390411376953
HpHp_3_mean_0,DD1,0,4,DT,0.4817624764162757,0.3859262703699143,0.2695941314425346,0.3859262703699143,0.2841261749264481,0.24675400415800453,0,0.5332355499267578,0.06125068664550781
