Feature,Dataset,T,CV,ML,Acc,b_Acc,Prec,Rec,F1,kap,ROC,tra-T,test-T
HpHp_1_pcc_0_1,DD2,0,0,DT,0.18978972838496405,0.1579832776317844,0.10636091662856285,0.1579832776317844,0.061044688756259645,0.07944490936463489,0,0.31900882720947266,0.014051198959350586
HpHp_1_pcc_0_1,DD2,0,1,DT,0.18978972838496405,0.1579832776317844,0.10636091662856285,0.1579832776317844,0.061044688756259645,0.07944490936463489,0,0.38572144508361816,0.03834366798400879
HpHp_1_pcc_0_1,DD2,0,2,DT,0.18978972838496405,0.1579832776317844,0.10636091662856285,0.1579832776317844,0.061044688756259645,0.07944490936463489,0,0.32225728034973145,0.028507709503173828
HpHp_1_pcc_0_1,DD2,0,3,DT,0.18978972838496405,0.1579832776317844,0.10636091662856285,0.1579832776317844,0.061044688756259645,0.07944490936463489,0,0.29818058013916016,0.03091263771057129
HpHp_1_pcc_0_1,DD2,0,4,DT,0.18978972838496405,0.1579832776317844,0.10636091662856285,0.1579832776317844,0.061044688756259645,0.07944490936463489,0,0.3084244728088379,0.028269290924072266
