Feature,Dataset,T,CV,ML,Acc,b_Acc,Prec,Rec,F1,kap,ROC,tra-T,test-T
MI_dir_0.1_std,DD1T,0,0,DT,0.25487518818051325,0.21443294173509053,0.269798419277464,0.21443294173509053,0.2130450124363913,0.0748949982493271,0,3.316437244415283,0.07851457595825195
MI_dir_0.1_std,DD1T,0,1,DT,0.25487518818051325,0.21443294173509053,0.269798419277464,0.21443294173509053,0.2130450124363913,0.0748949982493271,0,3.2355477809906006,0.07452774047851562
MI_dir_0.1_std,DD1T,0,2,DT,0.25487518818051325,0.21443294173509053,0.269798419277464,0.21443294173509053,0.2130450124363913,0.0748949982493271,0,3.24625563621521,0.06571364402770996
MI_dir_0.1_std,DD1T,0,3,DT,0.25487518818051325,0.21443294173509053,0.269798419277464,0.21443294173509053,0.2130450124363913,0.0748949982493271,0,3.349351644515991,0.07884693145751953
MI_dir_0.1_std,DD1T,0,4,DT,0.25487518818051325,0.21443294173509053,0.269798419277464,0.21443294173509053,0.2130450124363913,0.0748949982493271,0,3.2704918384552,0.07853198051452637
