Feature,Dataset,T,CV,ML,Acc,b_Acc,Prec,Rec,F1,kap,ROC,tra-T,test-T
HH_jit_5_std,DD2T,0,0,DT,0.3281775098785463,0.11981522936828999,0.1523083589176272,0.11981522936828999,0.09384246882797,0.022215928387147366,0,0.7326087951660156,0.03125476837158203
HH_jit_5_std,DD2T,0,1,DT,0.3281775098785463,0.11981522936828999,0.1523083589176272,0.11981522936828999,0.09384246882797,0.022215928387147366,0,0.7225797176361084,0.04745912551879883
HH_jit_5_std,DD2T,0,2,DT,0.3281775098785463,0.11981522936828999,0.1523083589176272,0.11981522936828999,0.09384246882797,0.022215928387147366,0,0.568511962890625,0.03182625770568848
HH_jit_5_std,DD2T,0,3,DT,0.3281775098785463,0.11981522936828999,0.1523083589176272,0.11981522936828999,0.09384246882797,0.022215928387147366,0,0.7012908458709717,0.031240463256835938
HH_jit_5_std,DD2T,0,4,DT,0.3281775098785463,0.11981522936828999,0.1523083589176272,0.11981522936828999,0.09384246882797,0.022215928387147366,0,0.7114012241363525,0.04749441146850586
