Feature,Dataset,T,CV,ML,Acc,b_Acc,Prec,Rec,F1,kap,ROC,tra-T,test-T
HpHp_0.1_mean_0,DD1T,0,0,DT,0.3776038931484788,0.42509744236109875,0.3424819820081319,0.42509744236109875,0.3108983519211342,0.26930817229844517,0,0.8830313682556152,0.03538680076599121
HpHp_0.1_mean_0,DD1T,0,1,DT,0.3776038931484788,0.42509744236109875,0.3424819820081319,0.42509744236109875,0.3108983519211342,0.26930817229844517,0,0.8347914218902588,0.03038787841796875
HpHp_0.1_mean_0,DD1T,0,2,DT,0.3776038931484788,0.42509744236109875,0.3424819820081319,0.42509744236109875,0.3108983519211342,0.26930817229844517,0,0.8163857460021973,0.02726292610168457
HpHp_0.1_mean_0,DD1T,0,3,DT,0.3776038931484788,0.42509744236109875,0.3424819820081319,0.42509744236109875,0.3108983519211342,0.26930817229844517,0,0.8168501853942871,0.03417015075683594
HpHp_0.1_mean_0,DD1T,0,4,DT,0.3776038931484788,0.42509744236109875,0.3424819820081319,0.42509744236109875,0.3108983519211342,0.26930817229844517,0,0.8704366683959961,0.025737762451171875
