Feature,Dataset,T,CV,ML,Acc,b_Acc,Prec,Rec,F1,kap,ROC,tra-T,test-T
HpHp_5_mean_0,DD2,0,0,DT,0.6038805393677084,0.45356080622287015,0.3393045296347541,0.45356080622287015,0.34007312194956324,0.439761876580683,0,0.4894099235534668,0.029515504837036133
HpHp_5_mean_0,DD2,0,1,DT,0.6038805393677084,0.45356080622287015,0.3393045296347541,0.45356080622287015,0.34007312194956324,0.439761876580683,0,0.515312910079956,0.03023838996887207
HpHp_5_mean_0,DD2,0,2,DT,0.6038805393677084,0.45356080622287015,0.3393045296347541,0.45356080622287015,0.34007312194956324,0.439761876580683,0,0.5302414894104004,0.03124833106994629
HpHp_5_mean_0,DD2,0,3,DT,0.6038805393677084,0.45356080622287015,0.3393045296347541,0.45356080622287015,0.34007312194956324,0.439761876580683,0,0.48200368881225586,0.03136563301086426
HpHp_5_mean_0,DD2,0,4,DT,0.6038805393677084,0.45356080622287015,0.3393045296347541,0.45356080622287015,0.34007312194956324,0.439761876580683,0,0.5381417274475098,0.029551982879638672
