Feature,Dataset,T,CV,ML,Acc,b_Acc,Prec,Rec,F1,kap,ROC,tra-T,test-T
HH_jit_0.1_std,DD1,0,0,DT,0.4512580769038118,0.27601667236627986,0.23354016413617137,0.27601667236627986,0.21934175343314513,0.1960977592741805,0,1.487884521484375,0.12126660346984863
HH_jit_0.1_std,DD1,0,1,DT,0.4512580769038118,0.27601667236627986,0.23354016413617137,0.27601667236627986,0.21934175343314513,0.1960977592741805,0,1.5470833778381348,0.11452865600585938
HH_jit_0.1_std,DD1,0,2,DT,0.4512580769038118,0.27601667236627986,0.23354016413617137,0.27601667236627986,0.21934175343314513,0.1960977592741805,0,1.4787931442260742,0.11733078956604004
HH_jit_0.1_std,DD1,0,3,DT,0.4512580769038118,0.27601667236627986,0.23354016413617137,0.27601667236627986,0.21934175343314513,0.1960977592741805,0,1.381399393081665,0.12994980812072754
HH_jit_0.1_std,DD1,0,4,DT,0.4512580769038118,0.27601667236627986,0.23354016413617137,0.27601667236627986,0.21934175343314513,0.1960977592741805,0,1.3554942607879639,0.11113643646240234
