Feature,Dataset,T,CV,ML,Acc,b_Acc,Prec,Rec,F1,kap,ROC,tra-T,test-T
HpHp_5_mean_0,DD2T,0,0,DT,0.45051308506038434,0.41470703425994215,0.42107402731959986,0.41470703425994215,0.3443194036811715,0.3081833395586392,0,0.566641092300415,0.03125429153442383
HpHp_5_mean_0,DD2T,0,1,DT,0.45051308506038434,0.41470703425994215,0.42107402731959986,0.41470703425994215,0.3443194036811715,0.3081833395586392,0,0.5745067596435547,0.03183698654174805
HpHp_5_mean_0,DD2T,0,2,DT,0.45051308506038434,0.41470703425994215,0.42107402731959986,0.41470703425994215,0.3443194036811715,0.3081833395586392,0,0.5688531398773193,0.03136253356933594
HpHp_5_mean_0,DD2T,0,3,DT,0.45051308506038434,0.41470703425994215,0.42107402731959986,0.41470703425994215,0.3443194036811715,0.3081833395586392,0,0.5293762683868408,0.03125357627868652
HpHp_5_mean_0,DD2T,0,4,DT,0.45051308506038434,0.41470703425994215,0.42107402731959986,0.41470703425994215,0.3443194036811715,0.3081833395586392,0,0.5345973968505859,0.03183579444885254
