Feature,Dataset,T,CV,ML,Acc,b_Acc,Prec,Rec,F1,kap,ROC,tra-T,test-T
HH_jit_1_weight,DD2,0,0,DT,0.3700825864203842,0.2595376395623284,0.24671503992076663,0.2595376395623284,0.2026245766623482,0.20296728056139202,0,1.003347396850586,0.03846406936645508
HH_jit_1_weight,DD2,0,1,DT,0.3700825864203842,0.2595376395623284,0.24671503992076663,0.2595376395623284,0.2026245766623482,0.20296728056139202,0,1.1791276931762695,0.07022380828857422
HH_jit_1_weight,DD2,0,2,DT,0.3700825864203842,0.2595376395623284,0.24671503992076663,0.2595376395623284,0.2026245766623482,0.20296728056139202,0,0.9819943904876709,0.050875186920166016
HH_jit_1_weight,DD2,0,3,DT,0.3700825864203842,0.2595376395623284,0.24671503992076663,0.2595376395623284,0.2026245766623482,0.20296728056139202,0,1.0066003799438477,0.04944968223571777
HH_jit_1_weight,DD2,0,4,DT,0.3700825864203842,0.2595376395623284,0.24671503992076663,0.2595376395623284,0.2026245766623482,0.20296728056139202,0,1.0453617572784424,0.04774188995361328
