Feature,Dataset,T,CV,ML,Acc,b_Acc,Prec,Rec,F1,kap,ROC,tra-T,test-T
MI_dir_1_weight,DD2T,0,0,DT,0.31420412951063204,0.18293574231972942,0.15072218813296837,0.18293574231972942,0.1544864661319332,0.08776236811345395,0,1.0750315189361572,0.09437417984008789
MI_dir_1_weight,DD2T,0,1,DT,0.31420412951063204,0.18293574231972942,0.15072218813296837,0.18293574231972942,0.1544864661319332,0.08776236811345395,0,1.0878348350524902,0.07824897766113281
MI_dir_1_weight,DD2T,0,2,DT,0.31420412951063204,0.18293574231972942,0.15072218813296837,0.18293574231972942,0.1544864661319332,0.08776236811345395,0,1.0716497898101807,0.094451904296875
MI_dir_1_weight,DD2T,0,3,DT,0.31420412951063204,0.18293574231972942,0.15072218813296837,0.18293574231972942,0.1544864661319332,0.08776236811345395,0,1.0322248935699463,0.08034968376159668
MI_dir_1_weight,DD2T,0,4,DT,0.31420412951063204,0.18293574231972942,0.15072218813296837,0.18293574231972942,0.1544864661319332,0.08776236811345395,0,1.1018505096435547,0.07881379127502441
