Feature,Dataset,T,CV,ML,Acc,b_Acc,Prec,Rec,F1,kap,ROC,tra-T,test-T
HpHp_1_mean_0,DD1,0,0,DT,0.6375770123386706,0.4298640760227244,0.3335553274171186,0.4298640760227244,0.35298632199674085,0.3839689569953243,0,0.5536398887634277,0.055663108825683594
HpHp_1_mean_0,DD1,0,1,DT,0.6375770123386706,0.4298640760227244,0.3335553274171186,0.4298640760227244,0.35298632199674085,0.3839689569953243,0,0.5650491714477539,0.047061920166015625
HpHp_1_mean_0,DD1,0,2,DT,0.6375770123386706,0.4298640760227244,0.3335553274171186,0.4298640760227244,0.35298632199674085,0.3839689569953243,0,0.5655946731567383,0.06309795379638672
HpHp_1_mean_0,DD1,0,3,DT,0.6375770123386706,0.4298640760227244,0.3335553274171186,0.4298640760227244,0.35298632199674085,0.3839689569953243,0,0.565622091293335,0.06303000450134277
HpHp_1_mean_0,DD1,0,4,DT,0.6375770123386706,0.4298640760227244,0.3335553274171186,0.4298640760227244,0.35298632199674085,0.3839689569953243,0,0.5647387504577637,0.06296586990356445
