Feature,Dataset,T,CV,ML,Acc,b_Acc,Prec,Rec,F1,kap,ROC,tra-T,test-T
HpHp_0.1_mean_0,DD2,0,0,DT,0.45441843029001805,0.4455916934437496,0.3618451554225477,0.4455916934437496,0.3183034753593,0.3194050403048114,0,0.5643465518951416,0.031275272369384766
HpHp_0.1_mean_0,DD2,0,1,DT,0.45441843029001805,0.4455916934437496,0.3618451554225477,0.4455916934437496,0.3183034753593,0.3194050403048114,0,0.595245361328125,0.031260013580322266
HpHp_0.1_mean_0,DD2,0,2,DT,0.45441843029001805,0.4455916934437496,0.3618451554225477,0.4455916934437496,0.3183034753593,0.3194050403048114,0,0.6078429222106934,0.031261444091796875
HpHp_0.1_mean_0,DD2,0,3,DT,0.45441843029001805,0.4455916934437496,0.3618451554225477,0.4455916934437496,0.3183034753593,0.3194050403048114,0,0.5762825012207031,0.020914793014526367
HpHp_0.1_mean_0,DD2,0,4,DT,0.45441843029001805,0.4455916934437496,0.3618451554225477,0.4455916934437496,0.3183034753593,0.3194050403048114,0,0.609849214553833,0.02934122085571289
