Feature,Dataset,T,CV,ML,Acc,b_Acc,Prec,Rec,F1,kap,ROC,tra-T,test-T
HpHp_5_pcc_0_1,SD1T,0,0,DT,0.4261282078213073,0.15977452824277294,0.14071985066397005,0.15977452824277294,0.12317192047785903,0.1355269486895725,0,0.447040319442749,0.027878761291503906
HpHp_5_pcc_0_1,SD1T,0,1,DT,0.4261282078213073,0.15977452824277294,0.14071985066397005,0.15977452824277294,0.12317192047785903,0.1355269486895725,0,0.498504638671875,0.026031970977783203
HpHp_5_pcc_0_1,SD1T,0,2,DT,0.4261282078213073,0.15977452824277294,0.14071985066397005,0.15977452824277294,0.12317192047785903,0.1355269486895725,0,0.5026588439941406,0.02499985694885254
HpHp_5_pcc_0_1,SD1T,0,3,DT,0.4261282078213073,0.15977452824277294,0.14071985066397005,0.15977452824277294,0.12317192047785903,0.1355269486895725,0,0.43204545974731445,0.025004148483276367
HpHp_5_pcc_0_1,SD1T,0,4,DT,0.4261282078213073,0.15977452824277294,0.14071985066397005,0.15977452824277294,0.12317192047785903,0.1355269486895725,0,0.49707984924316406,0.024924755096435547
