Feature,Dataset,T,CV,ML,Acc,b_Acc,Prec,Rec,F1,kap,ROC,tra-T,test-T
HH_0.01_covariance_0_1,SD1,0,0,DT,0.39229494792090314,0.17135746033437046,0.19066561715971256,0.17135746033437046,0.16658622206469992,0.08352332813157581,0,0.8919472694396973,0.07721590995788574
HH_0.01_covariance_0_1,SD1,0,1,DT,0.39229494792090314,0.17135746033437046,0.19066561715971256,0.17135746033437046,0.16658622206469992,0.08352332813157581,0,0.9333462715148926,0.07399678230285645
HH_0.01_covariance_0_1,SD1,0,2,DT,0.39229494792090314,0.17135746033437046,0.19066561715971256,0.17135746033437046,0.16658622206469992,0.08352332813157581,0,0.8521900177001953,0.06892991065979004
HH_0.01_covariance_0_1,SD1,0,3,DT,0.39229494792090314,0.17135746033437046,0.19066561715971256,0.17135746033437046,0.16658622206469992,0.08352332813157581,0,0.8499062061309814,0.07009625434875488
HH_0.01_covariance_0_1,SD1,0,4,DT,0.39229494792090314,0.17135746033437046,0.19066561715971256,0.17135746033437046,0.16658622206469992,0.08352332813157581,0,0.9090859889984131,0.08687090873718262
