Feature,Dataset,T,CV,ML,Acc,b_Acc,Prec,Rec,F1,kap,ROC,tra-T,test-T
HH_jit_0.1_std,SD1,0,0,DT,0.46103164987777573,0.28989535783350256,0.2714003289947119,0.28989535783350256,0.2624743681680495,0.25432951670884096,0,1.5993294715881348,0.1140892505645752
HH_jit_0.1_std,SD1,0,1,DT,0.46103164987777573,0.28989535783350256,0.2714003289947119,0.28989535783350256,0.2624743681680495,0.25432951670884096,0,1.542914867401123,0.10999464988708496
HH_jit_0.1_std,SD1,0,2,DT,0.46103164987777573,0.28989535783350256,0.2714003289947119,0.28989535783350256,0.2624743681680495,0.25432951670884096,0,1.542100191116333,0.1130061149597168
HH_jit_0.1_std,SD1,0,3,DT,0.46103164987777573,0.28989535783350256,0.2714003289947119,0.28989535783350256,0.2624743681680495,0.25432951670884096,0,1.3991761207580566,0.108001708984375
HH_jit_0.1_std,SD1,0,4,DT,0.46103164987777573,0.28989535783350256,0.2714003289947119,0.28989535783350256,0.2624743681680495,0.25432951670884096,0,1.5627827644348145,0.1130530834197998
