Feature,Dataset,T,CV,ML,Acc,b_Acc,Prec,Rec,F1,kap,ROC,tra-T,test-T
HH_0.1_magnitude_0_1,SD2,0,0,DT,0.5606698612525671,0.3164417235413067,0.2573910786983329,0.3164417235413067,0.27589504914172197,0.16813428288038734,0,1.3029108047485352,0.14408397674560547
HH_0.1_magnitude_0_1,SD2,0,1,DT,0.5606698612525671,0.3164417235413067,0.2573910786983329,0.3164417235413067,0.27589504914172197,0.16813428288038734,0,1.3030807971954346,0.1419205665588379
HH_0.1_magnitude_0_1,SD2,0,2,DT,0.5606698612525671,0.3164417235413067,0.2573910786983329,0.3164417235413067,0.27589504914172197,0.16813428288038734,0,1.3066034317016602,0.13391566276550293
HH_0.1_magnitude_0_1,SD2,0,3,DT,0.5606698612525671,0.3164417235413067,0.2573910786983329,0.3164417235413067,0.27589504914172197,0.16813428288038734,0,1.301912784576416,0.13618159294128418
HH_0.1_magnitude_0_1,SD2,0,4,DT,0.5606698612525671,0.3164417235413067,0.2573910786983329,0.3164417235413067,0.27589504914172197,0.16813428288038734,0,1.2789902687072754,0.13790607452392578
