Feature,Dataset,T,CV,ML,Acc,b_Acc,Prec,Rec,F1,kap,ROC,tra-T,test-T
HH_3_radius_0_1,SD2,0,0,DT,0.6261967174795051,0.2615648690024699,0.18405229200817885,0.2615648690024699,0.20376542864705227,0.26335021444918716,0,1.0750069618225098,0.09589028358459473
HH_3_radius_0_1,SD2,0,1,DT,0.6261967174795051,0.2615648690024699,0.18405229200817885,0.2615648690024699,0.20376542864705227,0.26335021444918716,0,1.063547134399414,0.09499788284301758
HH_3_radius_0_1,SD2,0,2,DT,0.6261967174795051,0.2615648690024699,0.18405229200817885,0.2615648690024699,0.20376542864705227,0.26335021444918716,0,1.0611233711242676,0.09615540504455566
HH_3_radius_0_1,SD2,0,3,DT,0.6261967174795051,0.2615648690024699,0.18405229200817885,0.2615648690024699,0.20376542864705227,0.26335021444918716,0,1.1941499710083008,0.11953473091125488
HH_3_radius_0_1,SD2,0,4,DT,0.6261967174795051,0.2615648690024699,0.18405229200817885,0.2615648690024699,0.20376542864705227,0.26335021444918716,0,1.0641255378723145,0.09805750846862793
