Feature,Dataset,T,CV,ML,Acc,b_Acc,Prec,Rec,F1,kap,ROC,tra-T,test-T
HH_jit_1_weight,SD1T,0,0,DT,0.41017516834132733,0.2656003764385931,0.27555121488351764,0.2656003764385931,0.24356825125859813,0.23106429476954293,0,1.0528652667999268,0.0449986457824707
HH_jit_1_weight,SD1T,0,1,DT,0.41017516834132733,0.2656003764385931,0.27555121488351764,0.2656003764385931,0.24356825125859813,0.23106429476954293,0,1.0363378524780273,0.04404139518737793
HH_jit_1_weight,SD1T,0,2,DT,0.41017516834132733,0.2656003764385931,0.27555121488351764,0.2656003764385931,0.24356825125859813,0.23106429476954293,0,1.0510284900665283,0.045060157775878906
HH_jit_1_weight,SD1T,0,3,DT,0.41017516834132733,0.2656003764385931,0.27555121488351764,0.2656003764385931,0.24356825125859813,0.23106429476954293,0,1.0386171340942383,0.044947147369384766
HH_jit_1_weight,SD1T,0,4,DT,0.41017516834132733,0.2656003764385931,0.27555121488351764,0.2656003764385931,0.24356825125859813,0.23106429476954293,0,1.0289182662963867,0.0440216064453125
