Feature,Dataset,T,CV,ML,Acc,b_Acc,Prec,Rec,F1,kap,ROC,tra-T,test-T
HH_jit_1_std,SD1T,0,0,DT,0.3817409469126726,0.16574107935511787,0.22956453481501293,0.16574107935511787,0.16178630006197728,0.11266126383502406,0,1.364272117614746,0.054999589920043945
HH_jit_1_std,SD1T,0,1,DT,0.3817409469126726,0.16574107935511787,0.22956453481501293,0.16574107935511787,0.16178630006197728,0.11266126383502406,0,1.362917184829712,0.05299830436706543
HH_jit_1_std,SD1T,0,2,DT,0.3817409469126726,0.16574107935511787,0.22956453481501293,0.16574107935511787,0.16178630006197728,0.11266126383502406,0,1.3439900875091553,0.05591154098510742
HH_jit_1_std,SD1T,0,3,DT,0.3817409469126726,0.16574107935511787,0.22956453481501293,0.16574107935511787,0.16178630006197728,0.11266126383502406,0,1.3658959865570068,0.0559992790222168
HH_jit_1_std,SD1T,0,4,DT,0.3817409469126726,0.16574107935511787,0.22956453481501293,0.16574107935511787,0.16178630006197728,0.11266126383502406,0,1.234527587890625,0.055095672607421875
