Feature,Dataset,T,CV,ML,Acc,b_Acc,Prec,Rec,F1,kap,ROC,tra-T,test-T
HpHp_5_pcc_0_1,SD2,0,0,DT,0.7445911876179186,0.11698249338085502,0.11937128510220929,0.11698249338085502,0.11281128765469554,0.06315530875855202,0,0.631000280380249,0.049131155014038086
HpHp_5_pcc_0_1,SD2,0,1,DT,0.7445911876179186,0.11698249338085502,0.11937128510220929,0.11698249338085502,0.11281128765469554,0.06315530875855202,0,0.6387591361999512,0.04689788818359375
HpHp_5_pcc_0_1,SD2,0,2,DT,0.7445911876179186,0.11698249338085502,0.11937128510220929,0.11698249338085502,0.11281128765469554,0.06315530875855202,0,0.6315839290618896,0.048882484436035156
HpHp_5_pcc_0_1,SD2,0,3,DT,0.7445911876179186,0.11698249338085502,0.11937128510220929,0.11698249338085502,0.11281128765469554,0.06315530875855202,0,0.6399431228637695,0.044976234436035156
HpHp_5_pcc_0_1,SD2,0,4,DT,0.7445911876179186,0.11698249338085502,0.11937128510220929,0.11698249338085502,0.11281128765469554,0.06315530875855202,0,0.6370749473571777,0.04694795608520508
