Feature,Dataset,T,CV,ML,Acc,b_Acc,Prec,Rec,F1,kap,ROC,tra-T,test-T
HH_jit_3_std,SD1,0,0,DT,0.4042476678924769,0.1608142278090327,0.18913558673568623,0.1608142278090327,0.14937881916391002,0.10105723114821097,0,0.8657495975494385,0.06209135055541992
HH_jit_3_std,SD1,0,1,DT,0.4042476678924769,0.1608142278090327,0.18913558673568623,0.1608142278090327,0.14937881916391002,0.10105723114821097,0,0.8680121898651123,0.061892032623291016
HH_jit_3_std,SD1,0,2,DT,0.4042476678924769,0.1608142278090327,0.18913558673568623,0.1608142278090327,0.14937881916391002,0.10105723114821097,0,0.8630049228668213,0.06389856338500977
HH_jit_3_std,SD1,0,3,DT,0.4042476678924769,0.1608142278090327,0.18913558673568623,0.1608142278090327,0.14937881916391002,0.10105723114821097,0,0.869905948638916,0.06299948692321777
HH_jit_3_std,SD1,0,4,DT,0.4042476678924769,0.1608142278090327,0.18913558673568623,0.1608142278090327,0.14937881916391002,0.10105723114821097,0,0.8706703186035156,0.062005043029785156
