Feature,Dataset,T,CV,ML,Acc,b_Acc,Prec,Rec,F1,kap,ROC,tra-T,test-T
HH_jit_5_weight,SD2T,0,0,DT,0.5502277658498904,0.1426238658655673,0.15085394121064385,0.1426238658655673,0.12412800636062848,0.09033671847466818,0,1.1070427894592285,0.03500699996948242
HH_jit_5_weight,SD2T,0,1,DT,0.5502277658498904,0.1426238658655673,0.15085394121064385,0.1426238658655673,0.12412800636062848,0.09033671847466818,0,1.1089015007019043,0.03210639953613281
HH_jit_5_weight,SD2T,0,2,DT,0.5502277658498904,0.1426238658655673,0.15085394121064385,0.1426238658655673,0.12412800636062848,0.09033671847466818,0,1.0987367630004883,0.034000396728515625
HH_jit_5_weight,SD2T,0,3,DT,0.5502277658498904,0.1426238658655673,0.15085394121064385,0.1426238658655673,0.12412800636062848,0.09033671847466818,0,1.094104528427124,0.03599810600280762
HH_jit_5_weight,SD2T,0,4,DT,0.5502277658498904,0.1426238658655673,0.15085394121064385,0.1426238658655673,0.12412800636062848,0.09033671847466818,0,1.0316872596740723,0.038010358810424805
