Feature,Dataset,T,CV,ML,Acc,b_Acc,Prec,Rec,F1,kap,ROC,tra-T,test-T
HpHp_3_mean_0,SD2T,0,0,DT,0.7099308182530757,0.5146736371070759,0.43521355490975777,0.5146736371070759,0.4304683984899225,0.5141502189077131,0,0.775895357131958,0.029091835021972656
HpHp_3_mean_0,SD2T,0,1,DT,0.7099308182530757,0.5146736371070759,0.43521355490975777,0.5146736371070759,0.4304683984899225,0.5141502189077131,0,0.7739987373352051,0.029000520706176758
HpHp_3_mean_0,SD2T,0,2,DT,0.7099308182530757,0.5146736371070759,0.43521355490975777,0.5146736371070759,0.4304683984899225,0.5141502189077131,0,0.8456034660339355,0.027997732162475586
HpHp_3_mean_0,SD2T,0,3,DT,0.7099308182530757,0.5146736371070759,0.43521355490975777,0.5146736371070759,0.4304683984899225,0.5141502189077131,0,0.8511397838592529,0.02800154685974121
HpHp_3_mean_0,SD2T,0,4,DT,0.7099308182530757,0.5146736371070759,0.43521355490975777,0.5146736371070759,0.4304683984899225,0.5141502189077131,0,0.8405022621154785,0.0291290283203125
