Feature,Dataset,T,CV,ML,Acc,b_Acc,Prec,Rec,F1,kap,ROC,tra-T,test-T
HpHp_0.01_covariance_0_1,SD2,0,0,DT,0.7183610772544371,0.1573261110414006,0.18895713773688372,0.1573261110414006,0.16359464978752952,0.0681339333736325,0,0.8590037822723389,0.061903953552246094
HpHp_0.01_covariance_0_1,SD2,0,1,DT,0.7183610772544371,0.1573261110414006,0.18895713773688372,0.1573261110414006,0.16359464978752952,0.0681339333736325,0,0.855905294418335,0.06209969520568848
HpHp_0.01_covariance_0_1,SD2,0,2,DT,0.7183610772544371,0.1573261110414006,0.18895713773688372,0.1573261110414006,0.16359464978752952,0.0681339333736325,0,0.7544245719909668,0.05908489227294922
HpHp_0.01_covariance_0_1,SD2,0,3,DT,0.7183610772544371,0.1573261110414006,0.18895713773688372,0.1573261110414006,0.16359464978752952,0.0681339333736325,0,0.8699965476989746,0.06000018119812012
HpHp_0.01_covariance_0_1,SD2,0,4,DT,0.7183610772544371,0.1573261110414006,0.18895713773688372,0.1573261110414006,0.16359464978752952,0.0681339333736325,0,0.8899893760681152,0.060961246490478516
