Feature,Dataset,T,CV,ML,Acc,b_Acc,Prec,Rec,F1,kap,ROC,tra-T,test-T
HH_5_mean_0,SD2T,0,0,DT,0.719694646082541,0.39504928599060113,0.41205265064238666,0.39504928599060113,0.38802778064105,0.49491051339161773,0,1.8130464553833008,0.041960716247558594
HH_5_mean_0,SD2T,0,1,DT,0.719694646082541,0.39504928599060113,0.41205265064238666,0.39504928599060113,0.38802778064105,0.49491051339161773,0,1.706514596939087,0.04109358787536621
HH_5_mean_0,SD2T,0,2,DT,0.719694646082541,0.39504928599060113,0.41205265064238666,0.39504928599060113,0.38802778064105,0.49491051339161773,0,1.7879934310913086,0.041979312896728516
HH_5_mean_0,SD2T,0,3,DT,0.719694646082541,0.39504928599060113,0.41205265064238666,0.39504928599060113,0.38802778064105,0.49491051339161773,0,1.8026058673858643,0.04001665115356445
HH_5_mean_0,SD2T,0,4,DT,0.719694646082541,0.39504928599060113,0.41205265064238666,0.39504928599060113,0.38802778064105,0.49491051339161773,0,1.7672784328460693,0.042999267578125
