Feature,Dataset,T,CV,ML,Acc,b_Acc,Prec,Rec,F1,kap,ROC,tra-T,test-T
HH_jit_5_std,SD2,0,0,DT,0.7024460287512732,0.12922667091798692,0.15596878824640495,0.12922667091798692,0.12227044018778739,0.07868696823600085,0,0.7240045070648193,0.05487251281738281
HH_jit_5_std,SD2,0,1,DT,0.7024460287512732,0.12922667091798692,0.15596878824640495,0.12922667091798692,0.12227044018778739,0.07868696823600085,0,0.629950761795044,0.05400228500366211
HH_jit_5_std,SD2,0,2,DT,0.7024460287512732,0.12922667091798692,0.15596878824640495,0.12922667091798692,0.12227044018778739,0.07868696823600085,0,0.7290313243865967,0.05492258071899414
HH_jit_5_std,SD2,0,3,DT,0.7024460287512732,0.12922667091798692,0.15596878824640495,0.12922667091798692,0.12227044018778739,0.07868696823600085,0,0.7229921817779541,0.05390524864196777
HH_jit_5_std,SD2,0,4,DT,0.7024460287512732,0.12922667091798692,0.15596878824640495,0.12922667091798692,0.12227044018778739,0.07868696823600085,0,0.6470293998718262,0.05399966239929199
