Feature,Dataset,T,CV,ML,Acc,b_Acc,Prec,Rec,F1,kap,ROC,tra-T,test-T
MI_dir_0.01_weight,SD2T,0,0,DT,0.4114098762907678,0.2918580291458151,0.36666195916763766,0.2918580291458151,0.29984142423894394,0.19762312765950563,0,4.457404136657715,0.050894737243652344
MI_dir_0.01_weight,SD2T,0,1,DT,0.4114098762907678,0.2918580291458151,0.36666195916763766,0.2918580291458151,0.29984142423894394,0.19762312765950563,0,4.177005052566528,0.05289506912231445
MI_dir_0.01_weight,SD2T,0,2,DT,0.4114098762907678,0.2918580291458151,0.36666195916763766,0.2918580291458151,0.29984142423894394,0.19762312765950563,0,4.329165935516357,0.0541231632232666
MI_dir_0.01_weight,SD2T,0,3,DT,0.4114098762907678,0.2918580291458151,0.36666195916763766,0.2918580291458151,0.29984142423894394,0.19762312765950563,0,4.364350318908691,0.052874088287353516
MI_dir_0.01_weight,SD2T,0,4,DT,0.4114098762907678,0.2918580291458151,0.36666195916763766,0.2918580291458151,0.29984142423894394,0.19762312765950563,0,4.38971734046936,0.050878286361694336
