Feature,Dataset,T,CV,ML,Acc,b_Acc,Prec,Rec,F1,kap,ROC,tra-T,test-T
HH_0.01_pcc_0_1,SD2,0,0,DT,0.6717613076653365,0.1413573956750768,0.12591381926287312,0.1413573956750768,0.1306400564182898,0.08841887749591093,0,1.1139986515045166,0.09900760650634766
HH_0.01_pcc_0_1,SD2,0,1,DT,0.6717613076653365,0.1413573956750768,0.12591381926287312,0.1413573956750768,0.1306400564182898,0.08841887749591093,0,1.108903408050537,0.09909272193908691
HH_0.01_pcc_0_1,SD2,0,2,DT,0.6717613076653365,0.1413573956750768,0.12591381926287312,0.1413573956750768,0.1306400564182898,0.08841887749591093,0,1.1099700927734375,0.0989530086517334
HH_0.01_pcc_0_1,SD2,0,3,DT,0.6717613076653365,0.1413573956750768,0.12591381926287312,0.1413573956750768,0.1306400564182898,0.08841887749591093,0,1.1209070682525635,0.09903645515441895
HH_0.01_pcc_0_1,SD2,0,4,DT,0.6717613076653365,0.1413573956750768,0.12591381926287312,0.1413573956750768,0.1306400564182898,0.08841887749591093,0,1.1120891571044922,0.09799861907958984
