Feature,Dataset,T,CV,ML,Acc,b_Acc,Prec,Rec,F1,kap,ROC,tra-T,test-T
HpHp_0.1_mean_0,SD2,0,0,DT,0.673708112801162,0.5197186057676187,0.4585005659131969,0.5197186057676187,0.44262746661019164,0.4125853594280221,0,0.6519966125488281,0.044998884201049805
HpHp_0.1_mean_0,SD2,0,1,DT,0.673708112801162,0.5197186057676187,0.4585005659131969,0.5197186057676187,0.44262746661019164,0.4125853594280221,0,0.652374267578125,0.044994354248046875
HpHp_0.1_mean_0,SD2,0,2,DT,0.673708112801162,0.5197186057676187,0.4585005659131969,0.5197186057676187,0.44262746661019164,0.4125853594280221,0,0.6520247459411621,0.045240163803100586
HpHp_0.1_mean_0,SD2,0,3,DT,0.673708112801162,0.5197186057676187,0.4585005659131969,0.5197186057676187,0.44262746661019164,0.4125853594280221,0,0.5525071620941162,0.04596543312072754
HpHp_0.1_mean_0,SD2,0,4,DT,0.673708112801162,0.5197186057676187,0.4585005659131969,0.5197186057676187,0.44262746661019164,0.4125853594280221,0,0.4907076358795166,0.04407358169555664
