Feature,Dataset,T,CV,ML,Acc,b_Acc,Prec,Rec,F1,kap,ROC,tra-T,test-T
MI_dir_0.1_weight,SD1,0,0,DT,0.3931725652540595,0.24933373024615726,0.21322327291756252,0.24933373024615726,0.223963863466734,0.16770704993623975,0,5.9452478885650635,0.1190788745880127
MI_dir_0.1_weight,SD1,0,1,DT,0.3931725652540595,0.24933373024615726,0.21322327291756252,0.24933373024615726,0.223963863466734,0.16770704993623975,0,6.35879921913147,0.15095114707946777
MI_dir_0.1_weight,SD1,0,2,DT,0.3931725652540595,0.24933373024615726,0.21322327291756252,0.24933373024615726,0.223963863466734,0.16770704993623975,0,6.1998066902160645,0.12599968910217285
MI_dir_0.1_weight,SD1,0,3,DT,0.3931725652540595,0.24933373024615726,0.21322327291756252,0.24933373024615726,0.223963863466734,0.16770704993623975,0,5.918879270553589,0.12989568710327148
MI_dir_0.1_weight,SD1,0,4,DT,0.3931725652540595,0.24933373024615726,0.21322327291756252,0.24933373024615726,0.223963863466734,0.16770704993623975,0,5.72336483001709,0.11992692947387695
