Feature,Dataset,T,CV,ML,Acc,b_Acc,Prec,Rec,F1,kap,ROC,tra-T,test-T
HpHp_5_mean_0,SD1,0,0,DT,0.6090236186089123,0.47712356611149637,0.5220595723554973,0.47712356611149637,0.4798750991171221,0.448109166498563,0,0.5049917697906494,0.035948991775512695
HpHp_5_mean_0,SD1,0,1,DT,0.6090236186089123,0.47712356611149637,0.5220595723554973,0.47712356611149637,0.4798750991171221,0.448109166498563,0,0.49301671981811523,0.0360262393951416
HpHp_5_mean_0,SD1,0,2,DT,0.6090236186089123,0.47712356611149637,0.5220595723554973,0.47712356611149637,0.4798750991171221,0.448109166498563,0,0.5079081058502197,0.03799891471862793
HpHp_5_mean_0,SD1,0,3,DT,0.6090236186089123,0.47712356611149637,0.5220595723554973,0.47712356611149637,0.4798750991171221,0.448109166498563,0,0.5148959159851074,0.05106067657470703
HpHp_5_mean_0,SD1,0,4,DT,0.6090236186089123,0.47712356611149637,0.5220595723554973,0.47712356611149637,0.4798750991171221,0.448109166498563,0,0.4170067310333252,0.03795051574707031
