Feature,Dataset,T,CV,ML,Acc,b_Acc,Prec,Rec,F1,kap,ROC,tra-T,test-T
HpHp_5_std_0,CS2D1,1,0,DT,0.5044950554390171,0.22677048739146743,0.4113491597992484,0.22677048739146743,0.23660867065286628,0.22983932680916552,0,0.29782557487487793,0.0066280364990234375
HpHp_5_std_0,CS2D1,2,0,DT,0.5066997731067254,0.21736430756972233,0.40750176487991424,0.21736430756972233,0.2248357426228893,0.2310998248657773,0,0.2962825298309326,0.0053479671478271484
HpHp_5_std_0,CS2D1,3,0,DT,0.5039707172977717,0.2243221539913454,0.4243360611906288,0.2243221539913454,0.23352607825273877,0.22670147455771916,0,0.2973966598510742,0.007000446319580078
HpHp_5_std_0,CS2D1,4,0,DT,0.5021084401823748,0.22691527654445795,0.40522986718663895,0.22691527654445795,0.2376893141804105,0.22443532149646084,0,0.3049936294555664,0.0060961246490478516
HpHp_5_std_0,CS2D1,5,0,DT,0.5049339640815977,0.22808725693112153,0.40464414272540056,0.22808725693112153,0.23775451243381152,0.2299241332950841,0,0.29497408866882324,0.0065288543701171875
