Feature,Dataset,T,CV,ML,Acc,b_Acc,Prec,Rec,F1,kap,ROC,tra-T,test-T
MI_dir_1_mean,CS2D2,1,0,DT,0.8219324461957157,0.5061601277958139,0.48808190455261674,0.5061601277958139,0.494250781144765,0.5840594521004825,0,1.6540708541870117,0.021230459213256836
MI_dir_1_mean,CS2D2,2,0,DT,0.82226637503548,0.4716197447748895,0.46191784419685505,0.4716197447748895,0.4648709044902819,0.5822582056639466,0,1.6613867282867432,0.022114992141723633
MI_dir_1_mean,CS2D2,3,0,DT,0.8220493212896332,0.47680251024676173,0.4631676147984137,0.47680251024676173,0.46668942501729654,0.5836564392374007,0,1.6373519897460938,0.023098230361938477
MI_dir_1_mean,CS2D2,4,0,DT,0.8215985173559515,0.49567726248722027,0.4793395763413438,0.49567726248722027,0.4846722737276146,0.5849508538804272,0,1.5602943897247314,0.0313572883605957
MI_dir_1_mean,CS2D2,5,0,DT,0.8232681615547727,0.4766744396789569,0.4729561710900881,0.4766744396789569,0.47242238058160374,0.5861526315201723,0,1.7286880016326904,0.0216064453125
