Feature,Dataset,T,CV,ML,Acc,b_Acc,Prec,Rec,F1,kap,ROC,tra-T,test-T
HpHp_1_radius_0_1,CS1D2,1,0,DT,0.6745711689196865,0.2292112608131377,0.3862036805941716,0.2292112608131377,0.25146539685163727,0.30276890357973507,0,0.5295994281768799,0.007112741470336914
HpHp_1_radius_0_1,CS1D2,2,0,DT,0.6740599795524254,0.2353864479444825,0.37542239762744495,0.2353864479444825,0.2567666437796064,0.2970791736033884,0,0.5057542324066162,0.015609979629516602
HpHp_1_radius_0_1,CS1D2,3,0,DT,0.6719868226740884,0.24488014431472094,0.41180876960843465,0.24488014431472094,0.2696325331422798,0.30196586192825203,0,0.5362534523010254,0.006041765213012695
HpHp_1_radius_0_1,CS1D2,4,0,DT,0.6720343074607367,0.24025509627892516,0.3999735807510092,0.24025509627892516,0.2640046217253042,0.3002169216458511,0,0.49204349517822266,0.009461641311645508
HpHp_1_radius_0_1,CS1D2,5,0,DT,0.6764647411320326,0.24049466526193466,0.4067908239891826,0.24049466526193466,0.2631337483876513,0.30644771808281857,0,0.4983096122741699,0.0
