Feature,Dataset,T,CV,ML,Acc,b_Acc,Prec,Rec,F1,kap,ROC,tra-T,test-T
HH_jit_1_weight,CS2D2,1,0,DT,0.8211143205382933,0.3566565924475051,0.43471754753077213,0.3566565924475051,0.3793387883094537,0.5121445158854188,0,1.3916645050048828,0.021246671676635742
HH_jit_1_weight,CS2D2,2,0,DT,0.8188603008698846,0.35355748706021545,0.4315975451075433,0.35355748706021545,0.3736560271440144,0.5100489565918828,0,1.2328424453735352,0.014506816864013672
HH_jit_1_weight,CS2D2,3,0,DT,0.8183093182842737,0.357094602849329,0.4325646923988749,0.357094602849329,0.3820980829435727,0.5092780168229716,0,1.4004058837890625,0.03002452850341797
HH_jit_1_weight,CS2D2,4,0,DT,0.8175746748367922,0.35197232074908197,0.42891565842299945,0.35197232074908197,0.37279181683410484,0.503250199574697,0,1.2052602767944336,0.029825925827026367
HH_jit_1_weight,CS2D2,5,0,DT,0.8198787838311655,0.35058258770864675,0.42850924911982063,0.35058258770864675,0.37101223427505553,0.5101656138900816,0,1.3484647274017334,0.01499032974243164
