Feature,Dataset,T,CV,ML,Acc,b_Acc,Prec,Rec,F1,kap,ROC,tra-T,test-T
HpHp_5_weight_0,CS2D1,1,0,DT,0.4718952009931932,0.18338714497381672,0.2649963213901307,0.18338714497381672,0.18796519224939012,0.18746490044141328,0,0.4890570640563965,0.013262510299682617
HpHp_5_weight_0,CS2D1,2,0,DT,0.46988312855858555,0.17814991588275966,0.2719070763407704,0.17814991588275966,0.1840443888440267,0.18209915437775726,0,0.5018200874328613,0.011639595031738281
HpHp_5_weight_0,CS2D1,3,0,DT,0.4641993278677997,0.17592934212357503,0.2613860097341418,0.17592934212357503,0.18172887589746825,0.176748252827284,0,0.4919776916503906,0.009768486022949219
HpHp_5_weight_0,CS2D1,4,0,DT,0.4703212963161162,0.18434408050844828,0.27397435560461064,0.18434408050844828,0.19080781313538456,0.18287978626000034,0,0.4759485721588135,0.00961923599243164
HpHp_5_weight_0,CS2D1,5,0,DT,0.46858745210522934,0.19228833350821128,0.2882402161749673,0.19228833350821128,0.20113080793909874,0.17972857812495047,0,0.5185108184814453,0.01336050033569336
