Feature,Dataset,T,CV,ML,Acc,b_Acc,Prec,Rec,F1,kap,ROC,tra-T,test-T
HH_jit_5_mean,CS2D1,1,0,DT,0.6533670105740828,0.386351262464988,0.4103838977247527,0.386351262464988,0.3966646272102252,0.5048475009809605,0,1.3059918880462646,0.021689176559448242
HH_jit_5_mean,CS2D1,2,0,DT,0.6577550408835995,0.3939069769505265,0.41452656758446493,0.3939069769505265,0.4025130988270938,0.5127488904620565,0,1.360034704208374,0.03125429153442383
HH_jit_5_mean,CS2D1,3,0,DT,0.6534452126634844,0.38342429315197224,0.4069416873101657,0.38342429315197224,0.3926907930150653,0.5043223555469429,0,1.369591474533081,0.02000880241394043
HH_jit_5_mean,CS2D1,4,0,DT,0.6546011088040756,0.382058857442755,0.40494884357923394,0.382058857442755,0.3910943942669063,0.5069550095981683,0,1.372894525527954,0.022263526916503906
HH_jit_5_mean,CS2D1,5,0,DT,0.654965002033521,0.38506476982803556,0.41160148278580383,0.38506476982803556,0.39623127859573604,0.508051614590638,0,1.2865440845489502,0.010607481002807617
