Feature,Dataset,T,CV,ML,Acc,b_Acc,Prec,Rec,F1,kap,ROC,tra-T,test-T
HH_1_std_0,CS2D2,1,0,DT,0.7753660694905915,0.33220719930426584,0.3779594881291619,0.33220719930426584,0.34946888864868314,0.41957811464546135,0,1.7103922367095947,0.021000385284423828
HH_1_std_0,CS2D2,2,0,DT,0.7739802648055699,0.32016047474804893,0.3798462307184907,0.32016047474804893,0.3434781931821235,0.413396124753715,0,1.6891670227050781,0.02139735221862793
HH_1_std_0,CS2D2,3,0,DT,0.7736463359658057,0.3088837242430226,0.3587764052130343,0.3088837242430226,0.32829271898077594,0.41004043248450195,0,1.574225664138794,0.020842552185058594
HH_1_std_0,CS2D2,4,0,DT,0.7779373215567762,0.32476403249947244,0.36589363278517933,0.32476403249947244,0.3394211535734595,0.4244945241782505,0,1.612187385559082,0.01989126205444336
HH_1_std_0,CS2D2,5,0,DT,0.7745479438331692,0.3151242756892844,0.3676456693375631,0.3151242756892844,0.3331834972211785,0.41115052862224244,0,1.749302625656128,0.025639772415161133
