Feature,Dataset,T,CV,ML,Acc,b_Acc,Prec,Rec,F1,kap,ROC,tra-T,test-T
MI_dir_1_std,CS1D1,1,0,DT,0.4916267942583732,0.31673399180757744,0.34413308395194653,0.31673399180757744,0.32699020283346253,0.3309167194528466,0,0.8851008415222168,0.01478266716003418
MI_dir_1_std,CS1D1,2,0,DT,0.4872797292566227,0.3190008180872304,0.32128862753671245,0.3190008180872304,0.31839686143899953,0.32753993440650475,0,0.9098656177520752,0.01593327522277832
MI_dir_1_std,CS1D1,3,0,DT,0.49209359318473567,0.3109855665576077,0.33364996677584213,0.3109855665576077,0.3187706203729465,0.33429165027053687,0,0.8932478427886963,0.015485286712646484
MI_dir_1_std,CS1D1,4,0,DT,0.48688548504741064,0.3138697686325523,0.3329180720726702,0.3138697686325523,0.32074514275975136,0.32508502386664406,0,0.8798525333404541,0.013907909393310547
MI_dir_1_std,CS1D1,5,0,DT,0.4875565280816922,0.3115980779395817,0.3301089368561347,0.3115980779395817,0.31849965102480177,0.3271398435343047,0,0.9556071758270264,0.020031452178955078
