Feature,Dataset,T,CV,ML,Acc,b_Acc,Prec,Rec,F1,kap,ROC,tra-T,test-T
HpHp_5_radius_0_1,CS2D2,1,0,DT,0.7733458000100178,0.20279600655503247,0.4009646731819194,0.20279600655503247,0.22643203914018215,0.1984382966255842,0,0.929882287979126,0.015036344528198242
HpHp_5_radius_0_1,CS2D2,2,0,DT,0.7728449067503715,0.19493637150909524,0.449821850871252,0.19493637150909524,0.22312665678931223,0.19068411837254895,0,1.0270280838012695,0.014909744262695312
HpHp_5_radius_0_1,CS2D2,3,0,DT,0.7729784782862772,0.20626657806736762,0.3973348832506894,0.20626657806736762,0.22599700964073158,0.19695910710760545,0,0.9398410320281982,0.0103759765625
HpHp_5_radius_0_1,CS2D2,4,0,DT,0.7724441921426544,0.2017619719585392,0.42019024228832724,0.2017619719585392,0.22937399519004878,0.19629000387839368,0,0.9549143314361572,0.014170169830322266
HpHp_5_radius_0_1,CS2D2,5,0,DT,0.7736129430818293,0.20237615597978842,0.40743971039455845,0.20237615597978842,0.22827629514159098,0.19837913102901905,0,1.1204197406768799,0.014656782150268555
