Feature,Dataset,T,CV,ML,Acc,b_Acc,Prec,Rec,F1,kap,ROC,tra-T,test-T
HH_3_covariance_0_1,CS1D1,1,0,DT,0.42618741976893454,0.14053805557912405,0.16030355047270858,0.14053805557912405,0.13347886904787845,0.12569676359002402,0,0.3933384418487549,0.0
HH_3_covariance_0_1,CS1D1,2,0,DT,0.4278795658769985,0.13764210166326876,0.15154580966430833,0.13764210166326876,0.12988728844192596,0.12716065611680316,0,0.3777000904083252,0.0
HH_3_covariance_0_1,CS1D1,3,0,DT,0.42362002567394097,0.1358180702407346,0.15182352164146537,0.1358180702407346,0.12838287756913683,0.12374613983009197,0,0.3303234577178955,0.0
HH_3_covariance_0_1,CS1D1,4,0,DT,0.42593727206418674,0.13555137538538695,0.16606739943181453,0.13555137538538695,0.12779404555643695,0.12373881117969454,0,0.37516069412231445,0.015633821487426758
HH_3_covariance_0_1,CS1D1,5,0,DT,0.4239533187454413,0.13484364560283332,0.15563603966150447,0.13484364560283332,0.1276852838691867,0.12574563893024215,0,0.38555479049682617,0.008109092712402344
