Feature,Dataset,T,CV,ML,Acc,b_Acc,Prec,Rec,F1,kap,ROC,tra-T,test-T
HpHp_0.01_mean_0,CS1D2,1,0,DT,0.818243780529365,0.6145551239689815,0.5728476842685843,0.6145551239689815,0.5739389798416257,0.7019105486382644,0,0.5813024044036865,0.015624523162841797
HpHp_0.01_mean_0,CS1D2,2,0,DT,0.8187265704873339,0.6263772746927607,0.5901188739863001,0.6263772746927607,0.5863602713353442,0.7015511498899849,0,0.5493137836456299,0.0
HpHp_0.01_mean_0,CS1D2,3,0,DT,0.818442576394411,0.6203212354361215,0.5920464957306534,0.6203212354361215,0.5696001943980847,0.704345844810087,0,0.5517878532409668,0.012511253356933594
HpHp_0.01_mean_0,CS1D2,4,0,DT,0.818749822498651,0.6136031443966837,0.6152664166747847,0.6136031443966837,0.5931767940994582,0.701173890934547,0,0.5449569225311279,0.007166862487792969
HpHp_0.01_mean_0,CS1D2,5,0,DT,0.8168186078214195,0.6110236024580535,0.5872252737154908,0.6110236024580535,0.5621828931021217,0.7006299786090067,0,0.5797133445739746,0.0
