Feature,Dataset,T,CV,ML,Acc,b_Acc,Prec,Rec,F1,kap,ROC,tra-T,test-T
HH_0.1_covariance_0_1,CS1D2,1,0,DT,0.5506645461774395,0.12845423959126676,0.1309610630006407,0.12845423959126676,0.12270367114738788,0.042908800535510605,0,0.7235143184661865,0.012205123901367188
HH_0.1_covariance_0_1,CS1D2,2,0,DT,0.5504373509031012,0.12765336299629723,0.12820605991441558,0.12765336299629723,0.12172181388775943,0.044672970828719016,0,0.8075017929077148,0.003577709197998047
HH_0.1_covariance_0_1,CS1D2,3,0,DT,0.5550096557991594,0.13422128769941627,0.13575687422075297,0.13422128769941627,0.12900239292015694,0.05301475919499021,0,0.779787540435791,0.023975133895874023
HH_0.1_covariance_0_1,CS1D2,4,0,DT,0.5553094203515947,0.13289696546080482,0.12979695134780356,0.13289696546080482,0.12560791018807857,0.049764098724343286,0,0.7521271705627441,0.011136531829833984
HH_0.1_covariance_0_1,CS1D2,5,0,DT,0.5528954020050553,0.12624118252232977,0.13009832489489775,0.12624118252232977,0.12040976215593614,0.04384490222966997,0,0.7879552841186523,0.011032819747924805
