Feature,Dataset,T,CV,ML,Acc,b_Acc,Prec,Rec,F1,kap,ROC,tra-T,test-T
HH_5_std_0,CS2D1,1,0,DT,0.4780598484524166,0.21736589223745192,0.26911303378698975,0.21736589223745192,0.2295325541971923,0.22169159648725034,0,1.0061123371124268,0.015741348266601562
HH_5_std_0,CS2D1,2,0,DT,0.4706751145168886,0.20410539992120844,0.24853686047094603,0.20410539992120844,0.21153211079810405,0.21411076824645758,0,1.052337408065796,0.015623807907104492
HH_5_std_0,CS2D1,3,0,DT,0.47400303957874007,0.20794940243301463,0.25854248894469517,0.20794940243301463,0.21755384404653053,0.2150512505086868,0,1.058814525604248,0.01563239097595215
HH_5_std_0,CS2D1,4,0,DT,0.4779202431662992,0.20149276126443005,0.23776809526001197,0.20149276126443005,0.20753283226335897,0.2208868523444384,0,0.8938474655151367,0.015764474868774414
HH_5_std_0,CS2D1,5,0,DT,0.47297557634265897,0.20519813885768082,0.24858904906586257,0.20519813885768082,0.2134078193449991,0.21545585392332134,0,1.0402734279632568,0.015625953674316406
