Feature,Dataset,T,CV,ML,Acc,b_Acc,Prec,Rec,F1,kap,ROC,tra-T,test-T
HH_0.01_mean_0,CS2D1,1,0,DT,0.4702898240506871,0.3906658715977524,0.4015045034340261,0.3906658715977524,0.3957386512821588,0.24977097119953495,0,2.0731546878814697,0.02798295021057129
HH_0.01_mean_0,CS2D1,2,0,DT,0.46446765700586495,0.38654256523268876,0.3988637900099706,0.38654256523268876,0.3918748484109324,0.24404580320739755,0,2.0910167694091797,0.031723737716674805
HH_0.01_mean_0,CS2D1,3,0,DT,0.46467024851767025,0.37697019961442596,0.4181514698442033,0.37697019961442596,0.388113638013013,0.24690467269420202,0,2.166640520095825,0.03113102912902832
HH_0.01_mean_0,CS2D1,4,0,DT,0.46441338270864996,0.38828531125368043,0.39789566197208237,0.38828531125368043,0.39240512091937657,0.24616924789042705,0,2.26646089553833,0.03127121925354004
HH_0.01_mean_0,CS2D1,5,0,DT,0.46657533660123723,0.3909251908194349,0.39092977365249526,0.3909251908194349,0.3907682925771481,0.24781283251922437,0,2.217740058898926,0.015758991241455078
