Feature,Dataset,T,CV,ML,Acc,b_Acc,Prec,Rec,F1,kap,ROC,tra-T,test-T
HpHp_3_covariance_0_1,CS2D2,1,0,DT,0.774063747015511,0.1602333931530636,0.2898644974121635,0.1602333931530636,0.17356782029300322,0.1644879727750227,0,0.7538180351257324,0.006036043167114258
HpHp_3_covariance_0_1,CS2D2,2,0,DT,0.7754328552585444,0.15689438856854906,0.28268316317662784,0.15689438856854906,0.1687840172345775,0.16882048340642264,0,0.6381328105926514,0.006028413772583008
HpHp_3_covariance_0_1,CS2D2,3,0,DT,0.7730786569382064,0.16356256588827137,0.28560541712285553,0.16356256588827137,0.17554589922657007,0.16117120079242253,0,0.7167873382568359,0.009522676467895508
HpHp_3_covariance_0_1,CS2D2,4,0,DT,0.7762843737999432,0.1641571793633912,0.28762890179976836,0.1641571793633912,0.17819137104368402,0.1683607625850726,0,0.6645011901855469,0.01076817512512207
HpHp_3_covariance_0_1,CS2D2,5,0,DT,0.7746648189270866,0.16027738987483273,0.28925470001850984,0.16027738987483273,0.17121715578546517,0.17113523045136125,0,0.681180477142334,0.007760286331176758
