Feature,Dataset,T,CV,ML,Acc,b_Acc,Prec,Rec,F1,kap,ROC,tra-T,test-T
srcport,DD21T,0,0,DT,0.23629811234811035,0.20297142872075608,0.3747105613423819,0.20297142872075608,0.1850791043533714,0.18694155454613282,0,0.028401613235473633,0.010472297668457031
srcport,DD21T,0,1,DT,0.23629811234811035,0.20297142872075608,0.3747105613423819,0.20297142872075608,0.1850791043533714,0.18694155454613282,0,0.03283071517944336,0.013882875442504883
srcport,DD21T,0,2,DT,0.23629811234811035,0.20297142872075608,0.3747105613423819,0.20297142872075608,0.1850791043533714,0.18694155454613282,0,0.0350039005279541,0.011444091796875
srcport,DD21T,0,3,DT,0.23629811234811035,0.20297142872075608,0.3747105613423819,0.20297142872075608,0.1850791043533714,0.18694155454613282,0,0.03470134735107422,0.015161275863647461
srcport,DD21T,0,4,DT,0.23629811234811035,0.20297142872075608,0.3747105613423819,0.20297142872075608,0.1850791043533714,0.18694155454613282,0,0.04050731658935547,0.010140419006347656
