Feature,Dataset,T,CV,ML,Acc,b_Acc,Prec,Rec,F1,kap,ROC,tra-T,test-T
tcp.flags.fin,DD11T,0,0,DT,0.08909855955392637,0.08141061182795135,0.017134212041830604,0.08141061182795135,0.01950095271274955,0.03779961407726051,0,0.015106916427612305,0.0156404972076416
tcp.flags.fin,DD11T,0,1,DT,0.08909855955392637,0.08141061182795135,0.017134212041830604,0.08141061182795135,0.01950095271274955,0.03779961407726051,0,0.015608072280883789,0.0
tcp.flags.fin,DD11T,0,2,DT,0.08909855955392637,0.08141061182795135,0.017134212041830604,0.08141061182795135,0.01950095271274955,0.03779961407726051,0,0.015622377395629883,0.015621185302734375
tcp.flags.fin,DD11T,0,3,DT,0.08909855955392637,0.08141061182795135,0.017134212041830604,0.08141061182795135,0.01950095271274955,0.03779961407726051,0,0.01610255241394043,0.015732526779174805
tcp.flags.fin,DD11T,0,4,DT,0.08909855955392637,0.08141061182795135,0.017134212041830604,0.08141061182795135,0.01950095271274955,0.03779961407726051,0,0.015626192092895508,0.016205549240112305
