Feature,Dataset,T,CV,ML,Acc,b_Acc,Prec,Rec,F1,kap,ROC,tra-T,test-T
icmp.type,DD11T,0,0,DT,0.032823067788734575,0.051274871398502224,0.07090144016453206,0.051274871398502224,0.009096288884662827,0.004405971096852035,0,0.015136241912841797,0.01634812355041504
icmp.type,DD11T,0,1,DT,0.032823067788734575,0.051274871398502224,0.07090144016453206,0.051274871398502224,0.009096288884662827,0.004405971096852035,0,0.02209615707397461,0.00913858413696289
icmp.type,DD11T,0,2,DT,0.032823067788734575,0.051274871398502224,0.07090144016453206,0.051274871398502224,0.009096288884662827,0.004405971096852035,0,0.015619516372680664,0.01563429832458496
icmp.type,DD11T,0,3,DT,0.032823067788734575,0.051274871398502224,0.07090144016453206,0.051274871398502224,0.009096288884662827,0.004405971096852035,0,0.019672155380249023,0.0
icmp.type,DD11T,0,4,DT,0.032823067788734575,0.051274871398502224,0.07090144016453206,0.051274871398502224,0.009096288884662827,0.004405971096852035,0,0.012633323669433594,0.015683650970458984
