Feature,Dataset,T,CV,ML,Acc,b_Acc,Prec,Rec,F1,kap,ROC,tra-T,test-T
tls.handshake.extensions_supported_groups,DD12,0,0,DT,0.059844724449535446,0.047887128162357524,0.00696556014542674,0.047887128162357524,0.005872060143233047,0.0003588833304449812,0,0.014307975769042969,0.010539531707763672
tls.handshake.extensions_supported_groups,DD12,0,1,DT,0.059844724449535446,0.047887128162357524,0.00696556014542674,0.047887128162357524,0.005872060143233047,0.0003588833304449812,0,0.009007453918457031,0.014195919036865234
tls.handshake.extensions_supported_groups,DD12,0,2,DT,0.059844724449535446,0.047887128162357524,0.00696556014542674,0.047887128162357524,0.005872060143233047,0.0003588833304449812,0,0.01249551773071289,0.011175394058227539
tls.handshake.extensions_supported_groups,DD12,0,3,DT,0.059844724449535446,0.047887128162357524,0.00696556014542674,0.047887128162357524,0.005872060143233047,0.0003588833304449812,0,0.010756969451904297,0.016186237335205078
tls.handshake.extensions_supported_groups,DD12,0,4,DT,0.059844724449535446,0.047887128162357524,0.00696556014542674,0.047887128162357524,0.005872060143233047,0.0003588833304449812,0,0.009813547134399414,0.008941411972045898
