Feature,Dataset,T,CV,ML,Acc,b_Acc,Prec,Rec,F1,kap,ROC,tra-T,test-T
udp.checksum,DD11,0,0,DT,0.07834459890320113,0.06426070244063063,0.08604141502802472,0.06426070244063063,0.027258161490698516,0.020727382474098666,0,0.0741434097290039,0.002493143081665039
udp.checksum,DD11,0,1,DT,0.07834459890320113,0.06426070244063063,0.08604141502802472,0.06426070244063063,0.027258161490698516,0.020727382474098666,0,0.07747912406921387,0.009845256805419922
udp.checksum,DD11,0,2,DT,0.07834459890320113,0.06426070244063063,0.08604141502802472,0.06426070244063063,0.027258161490698516,0.020727382474098666,0,0.06666016578674316,0.015108823776245117
udp.checksum,DD11,0,3,DT,0.07834459890320113,0.06426070244063063,0.08604141502802472,0.06426070244063063,0.027258161490698516,0.020727382474098666,0,0.07466411590576172,0.01573777198791504
udp.checksum,DD11,0,4,DT,0.07834459890320113,0.06426070244063063,0.08604141502802472,0.06426070244063063,0.027258161490698516,0.020727382474098666,0,0.07920694351196289,0.014791250228881836
