Feature,Dataset,T,CV,ML,Acc,b_Acc,Prec,Rec,F1,kap,ROC,tra-T,test-T
http.notification,DD21,0,0,DT,0.09080474429281979,0.07327734921932591,0.02608681838238705,0.07327734921932591,0.03009663136183077,0.0338310551107418,0,0.015621185302734375,0.0
http.notification,DD21,0,1,DT,0.09080474429281979,0.07327734921932591,0.02608681838238705,0.07327734921932591,0.03009663136183077,0.0338310551107418,0,0.015629291534423828,0.0
http.notification,DD21,0,2,DT,0.09080474429281979,0.07327734921932591,0.02608681838238705,0.07327734921932591,0.03009663136183077,0.0338310551107418,0,0.015619993209838867,0.0
http.notification,DD21,0,3,DT,0.09080474429281979,0.07327734921932591,0.02608681838238705,0.07327734921932591,0.03009663136183077,0.0338310551107418,0,0.0,0.015624046325683594
http.notification,DD21,0,4,DT,0.09080474429281979,0.07327734921932591,0.02608681838238705,0.07327734921932591,0.03009663136183077,0.0338310551107418,0,0.0157320499420166,0.015628337860107422
