Feature,Dataset,T,CV,ML,Acc,b_Acc,Prec,Rec,F1,kap,ROC,tra-T,test-T
eth.addr.oui,DD12T,0,0,DT,0.16331509112499354,0.14199771072175635,0.14329829447122527,0.14199771072175635,0.09230147957612553,0.1125282621673187,0,0.01575613021850586,0.015627622604370117
eth.addr.oui,DD12T,0,1,DT,0.16331509112499354,0.14199771072175635,0.14329829447122527,0.14199771072175635,0.09230147957612553,0.1125282621673187,0,0.0020155906677246094,0.015644073486328125
eth.addr.oui,DD12T,0,2,DT,0.16331509112499354,0.14199771072175635,0.14329829447122527,0.14199771072175635,0.09230147957612553,0.1125282621673187,0,0.021149396896362305,0.010127544403076172
eth.addr.oui,DD12T,0,3,DT,0.16331509112499354,0.14199771072175635,0.14329829447122527,0.14199771072175635,0.09230147957612553,0.1125282621673187,0,0.01512765884399414,0.015758514404296875
eth.addr.oui,DD12T,0,4,DT,0.16331509112499354,0.14199771072175635,0.14329829447122527,0.14199771072175635,0.09230147957612553,0.1125282621673187,0,0.031273841857910156,0.0
