Feature,Dataset,T,CV,ML,Acc,b_Acc,Prec,Rec,F1,kap,ROC,tra-T,test-T
stun.id,DD22T,0,0,DT,0.0655386305480755,0.04938562073328406,0.0590327255614302,0.04938562073328406,0.009101616009881438,0.002290192455498885,0,0.015619754791259766,0.03182625770568848
stun.id,DD22T,0,1,DT,0.0655386305480755,0.04938562073328406,0.0590327255614302,0.04938562073328406,0.009101616009881438,0.002290192455498885,0,0.03125309944152832,0.020740270614624023
stun.id,DD22T,0,2,DT,0.0655386305480755,0.04938562073328406,0.0590327255614302,0.04938562073328406,0.009101616009881438,0.002290192455498885,0,0.031360626220703125,0.031249523162841797
stun.id,DD22T,0,3,DT,0.0655386305480755,0.04938562073328406,0.0590327255614302,0.04938562073328406,0.009101616009881438,0.002290192455498885,0,0.015626907348632812,0.031249046325683594
stun.id,DD22T,0,4,DT,0.0655386305480755,0.04938562073328406,0.0590327255614302,0.04938562073328406,0.009101616009881438,0.002290192455498885,0,0.015636920928955078,0.03173494338989258
