Feature,Dataset,T,CV,ML,Acc,b_Acc,Prec,Rec,F1,kap,ROC,tra-T,test-T
tcp.options.mss_val,DD22T,0,0,DT,0.07373765791835805,0.057436240278340836,0.25426795148770076,0.057436240278340836,0.02255360326658591,0.010552458518664043,0,0.0,0.015625476837158203
tcp.options.mss_val,DD22T,0,1,DT,0.07373765791835805,0.057436240278340836,0.25426795148770076,0.057436240278340836,0.02255360326658591,0.010552458518664043,0,0.0,0.01573038101196289
tcp.options.mss_val,DD22T,0,2,DT,0.07373765791835805,0.057436240278340836,0.25426795148770076,0.057436240278340836,0.02255360326658591,0.010552458518664043,0,0.01574563980102539,0.0
tcp.options.mss_val,DD22T,0,3,DT,0.07373765791835805,0.057436240278340836,0.25426795148770076,0.057436240278340836,0.02255360326658591,0.010552458518664043,0,0.015732765197753906,0.0
tcp.options.mss_val,DD22T,0,4,DT,0.07373765791835805,0.057436240278340836,0.25426795148770076,0.057436240278340836,0.02255360326658591,0.010552458518664043,0,0.015733957290649414,0.015626907348632812
