Feature,Dataset,T,CV,ML,Acc,b_Acc,Prec,Rec,F1,kap,ROC,tra-T,test-T
stun.attributes,DD21,0,0,DT,0.05999234791480679,0.04787729891140424,0.022264264204310404,0.04787729891140424,0.005989479644635259,0.00033980632768715324,0,0.015631675720214844,0.0
stun.attributes,DD21,0,1,DT,0.05999234791480679,0.04787729891140424,0.022264264204310404,0.04787729891140424,0.005989479644635259,0.00033980632768715324,0,0.0,0.015613555908203125
stun.attributes,DD21,0,2,DT,0.05999234791480679,0.04787729891140424,0.022264264204310404,0.04787729891140424,0.005989479644635259,0.00033980632768715324,0,0.0,0.015781641006469727
stun.attributes,DD21,0,3,DT,0.05999234791480679,0.04787729891140424,0.022264264204310404,0.04787729891140424,0.005989479644635259,0.00033980632768715324,0,0.0156857967376709,0.0
stun.attributes,DD21,0,4,DT,0.05999234791480679,0.04787729891140424,0.022264264204310404,0.04787729891140424,0.005989479644635259,0.00033980632768715324,0,0.015613079071044922,0.01561427116394043
