Feature,Dataset,T,CV,ML,Acc,b_Acc,Prec,Rec,F1,kap,ROC,tra-T,test-T
dhcp.option.renewal_time_value,DD11T,0,0,DT,0.028266818111415147,0.047628628916355276,0.048964489312988836,0.047628628916355276,0.0026361022835745943,1.2805736353205255e-05,0,0.016178131103515625,0.0
dhcp.option.renewal_time_value,DD11T,0,1,DT,0.028266818111415147,0.047628628916355276,0.048964489312988836,0.047628628916355276,0.0026361022835745943,1.2805736353205255e-05,0,0.015613794326782227,0.015630722045898438
dhcp.option.renewal_time_value,DD11T,0,2,DT,0.028266818111415147,0.047628628916355276,0.048964489312988836,0.047628628916355276,0.0026361022835745943,1.2805736353205255e-05,0,0.0,0.015639066696166992
dhcp.option.renewal_time_value,DD11T,0,3,DT,0.028266818111415147,0.047628628916355276,0.048964489312988836,0.047628628916355276,0.0026361022835745943,1.2805736353205255e-05,0,0.01575326919555664,0.0
dhcp.option.renewal_time_value,DD11T,0,4,DT,0.028266818111415147,0.047628628916355276,0.048964489312988836,0.047628628916355276,0.0026361022835745943,1.2805736353205255e-05,0,0.01563882827758789,0.0
