Feature,Dataset,T,CV,ML,Acc,b_Acc,Prec,Rec,F1,kap,ROC,tra-T,test-T
dhcp.option.end,DD21T,0,0,DT,0.0488190453224013,0.06321436374418676,0.04480487001591277,0.06321436374418676,0.026761418666037592,0.009329064567006107,0,0.011967897415161133,0.008014440536499023
dhcp.option.end,DD21T,0,1,DT,0.0488190453224013,0.06321436374418676,0.04480487001591277,0.06321436374418676,0.026761418666037592,0.009329064567006107,0,0.011989831924438477,0.012000083923339844
dhcp.option.end,DD21T,0,2,DT,0.0488190453224013,0.06321436374418676,0.04480487001591277,0.06321436374418676,0.026761418666037592,0.009329064567006107,0,0.01599884033203125,0.008000612258911133
dhcp.option.end,DD21T,0,3,DT,0.0488190453224013,0.06321436374418676,0.04480487001591277,0.06321436374418676,0.026761418666037592,0.009329064567006107,0,0.012003660202026367,0.012116670608520508
dhcp.option.end,DD21T,0,4,DT,0.0488190453224013,0.06321436374418676,0.04480487001591277,0.06321436374418676,0.026761418666037592,0.009329064567006107,0,0.011996746063232422,0.011998653411865234
