Feature,Dataset,T,CV,ML,Acc,b_Acc,Prec,Rec,F1,kap,ROC,tra-T,test-T
ip.flags.df,DD12,0,0,DT,0.11313478426880488,0.09481026773393722,0.01705774897331234,0.09481026773393722,0.02781905621889821,0.05736582971276627,0,0.015431880950927734,0.012558221817016602
ip.flags.df,DD12,0,1,DT,0.11313478426880488,0.09481026773393722,0.01705774897331234,0.09481026773393722,0.02781905621889821,0.05736582971276627,0,0.018441438674926758,0.015699148178100586
ip.flags.df,DD12,0,2,DT,0.11313478426880488,0.09481026773393722,0.01705774897331234,0.09481026773393722,0.02781905621889821,0.05736582971276627,0,0.020004987716674805,0.014814138412475586
ip.flags.df,DD12,0,3,DT,0.11313478426880488,0.09481026773393722,0.01705774897331234,0.09481026773393722,0.02781905621889821,0.05736582971276627,0,0.014982938766479492,0.010564804077148438
ip.flags.df,DD12,0,4,DT,0.11313478426880488,0.09481026773393722,0.01705774897331234,0.09481026773393722,0.02781905621889821,0.05736582971276627,0,0.01859903335571289,0.011349201202392578
