Feature,Dataset,T,CV,ML,Acc,b_Acc,Prec,Rec,F1,kap,ROC,tra-T,test-T
http.time,DD21T,0,0,DT,0.042991305279798504,0.050494842168198405,0.0802081134754475,0.050494842168198405,0.00897916523498048,0.0030544043620770456,0,0.03029775619506836,0.013739585876464844
http.time,DD21T,0,1,DT,0.042991305279798504,0.050494842168198405,0.0802081134754475,0.050494842168198405,0.00897916523498048,0.0030544043620770456,0,0.019706010818481445,0.014821529388427734
http.time,DD21T,0,2,DT,0.042991305279798504,0.050494842168198405,0.0802081134754475,0.050494842168198405,0.00897916523498048,0.0030544043620770456,0,0.01593017578125,0.013840198516845703
http.time,DD21T,0,3,DT,0.042991305279798504,0.050494842168198405,0.0802081134754475,0.050494842168198405,0.00897916523498048,0.0030544043620770456,0,0.014976024627685547,0.010029077529907227
http.time,DD21T,0,4,DT,0.042991305279798504,0.050494842168198405,0.0802081134754475,0.050494842168198405,0.00897916523498048,0.0030544043620770456,0,0.014871835708618164,0.01509404182434082
