Feature,Dataset,T,CV,ML,Acc,b_Acc,Prec,Rec,F1,kap,ROC,tra-T,test-T
tcp.completeness,DD11T,0,0,DT,0.13853322319169808,0.14039068841489563,0.130189771094886,0.14039068841489563,0.056363633311730534,0.10035770968982649,0,0.015624761581420898,0.016211986541748047
tcp.completeness,DD11T,0,1,DT,0.13853322319169808,0.14039068841489563,0.130189771094886,0.14039068841489563,0.056363633311730534,0.10035770968982649,0,0.015624284744262695,0.015625
tcp.completeness,DD11T,0,2,DT,0.13853322319169808,0.14039068841489563,0.130189771094886,0.14039068841489563,0.056363633311730534,0.10035770968982649,0,0.0156402587890625,0.015612363815307617
tcp.completeness,DD11T,0,3,DT,0.13853322319169808,0.14039068841489563,0.130189771094886,0.14039068841489563,0.056363633311730534,0.10035770968982649,0,0.015633583068847656,0.009608983993530273
tcp.completeness,DD11T,0,4,DT,0.13853322319169808,0.14039068841489563,0.130189771094886,0.14039068841489563,0.056363633311730534,0.10035770968982649,0,0.015615701675415039,0.015628814697265625
