Feature,Dataset,T,CV,ML,Acc,b_Acc,Prec,Rec,F1,kap,ROC,tra-T,test-T
tcp.segment.overlap,DD11,0,0,DT,0.05967351103175615,0.047619047619047616,0.0028415957634169596,0.047619047619047616,0.005363153337012693,0.0,0,0.015637874603271484,0.015627145767211914
tcp.segment.overlap,DD11,0,1,DT,0.05967351103175615,0.047619047619047616,0.0028415957634169596,0.047619047619047616,0.005363153337012693,0.0,0,0.01562976837158203,0.0
tcp.segment.overlap,DD11,0,2,DT,0.05967351103175615,0.047619047619047616,0.0028415957634169596,0.047619047619047616,0.005363153337012693,0.0,0,0.015629291534423828,0.00806427001953125
tcp.segment.overlap,DD11,0,3,DT,0.05967351103175615,0.047619047619047616,0.0028415957634169596,0.047619047619047616,0.005363153337012693,0.0,0,0.01160120964050293,0.01573920249938965
tcp.segment.overlap,DD11,0,4,DT,0.05967351103175615,0.047619047619047616,0.0028415957634169596,0.047619047619047616,0.005363153337012693,0.0,0,0.015733957290649414,0.006108760833740234
