Feature,Dataset,T,CV,ML,Acc,b_Acc,Prec,Rec,F1,kap,ROC,tra-T,test-T
stun.cookie,DD22,0,0,DT,0.05987017945780832,0.04790570106274369,0.02043201620984151,0.04790570106274369,0.006011175591040035,0.0003905321436573628,0,0.01562976837158203,0.0
stun.cookie,DD22,0,1,DT,0.05987017945780832,0.04790570106274369,0.02043201620984151,0.04790570106274369,0.006011175591040035,0.0003905321436573628,0,0.0182187557220459,0.0
stun.cookie,DD22,0,2,DT,0.05987017945780832,0.04790570106274369,0.02043201620984151,0.04790570106274369,0.006011175591040035,0.0003905321436573628,0,0.015611410140991211,0.0
stun.cookie,DD22,0,3,DT,0.05987017945780832,0.04790570106274369,0.02043201620984151,0.04790570106274369,0.006011175591040035,0.0003905321436573628,0,0.0,0.015631437301635742
stun.cookie,DD22,0,4,DT,0.05987017945780832,0.04790570106274369,0.02043201620984151,0.04790570106274369,0.006011175591040035,0.0003905321436573628,0,0.014103174209594727,0.01573467254638672
