Feature,Dataset,T,CV,ML,Acc,b_Acc,Prec,Rec,F1,kap,ROC,tra-T,test-T
dhcp.flags,DD21,0,0,DT,0.0782298176253029,0.0666715984083886,0.04829773725552152,0.0666715984083886,0.03257639473587609,0.020004729104451724,0,0.010542154312133789,0.009821176528930664
dhcp.flags,DD21,0,1,DT,0.0782298176253029,0.0666715984083886,0.04829773725552152,0.0666715984083886,0.03257639473587609,0.020004729104451724,0,0.014524698257446289,0.009751319885253906
dhcp.flags,DD21,0,2,DT,0.0782298176253029,0.0666715984083886,0.04829773725552152,0.0666715984083886,0.03257639473587609,0.020004729104451724,0,0.012156009674072266,0.010660886764526367
dhcp.flags,DD21,0,3,DT,0.0782298176253029,0.0666715984083886,0.04829773725552152,0.0666715984083886,0.03257639473587609,0.020004729104451724,0,0.013667821884155273,0.0069200992584228516
dhcp.flags,DD21,0,4,DT,0.0782298176253029,0.0666715984083886,0.04829773725552152,0.0666715984083886,0.03257639473587609,0.020004729104451724,0,0.01439976692199707,0.01016688346862793
