Feature,Dataset,T,CV,ML,Acc,b_Acc,Prec,Rec,F1,kap,ROC,tra-T,test-T
tls.handshake.ciphersuites,DD21T,0,0,DT,0.04005733960317779,0.047464829882584374,0.009967982487560043,0.047464829882584374,0.005790666832221299,1.292053198931331e-05,0,0.010839462280273438,0.010680913925170898
tls.handshake.ciphersuites,DD21T,0,1,DT,0.04005733960317779,0.047464829882584374,0.009967982487560043,0.047464829882584374,0.005790666832221299,1.292053198931331e-05,0,0.011917829513549805,0.01240396499633789
tls.handshake.ciphersuites,DD21T,0,2,DT,0.04005733960317779,0.047464829882584374,0.009967982487560043,0.047464829882584374,0.005790666832221299,1.292053198931331e-05,0,0.010383367538452148,0.008700132369995117
tls.handshake.ciphersuites,DD21T,0,3,DT,0.04005733960317779,0.047464829882584374,0.009967982487560043,0.047464829882584374,0.005790666832221299,1.292053198931331e-05,0,0.010613679885864258,0.01076817512512207
tls.handshake.ciphersuites,DD21T,0,4,DT,0.04005733960317779,0.047464829882584374,0.009967982487560043,0.047464829882584374,0.005790666832221299,1.292053198931331e-05,0,0.010725259780883789,0.010717630386352539
