Feature,Dataset,T,CV,ML,Acc,b_Acc,Prec,Rec,F1,kap,ROC,tra-T,test-T
srcport,DD22,0,0,DT,0.13921344024436808,0.1312379819777978,0.32378029460533037,0.1312379819777978,0.11221889418043517,0.08506710192630473,0,0.03182387351989746,0.01572418212890625
srcport,DD22,0,1,DT,0.13921344024436808,0.1312379819777978,0.32378029460533037,0.1312379819777978,0.11221889418043517,0.08506710192630473,0,0.031197547912597656,0.01768946647644043
srcport,DD22,0,2,DT,0.13921344024436808,0.1312379819777978,0.32378029460533037,0.1312379819777978,0.11221889418043517,0.08506710192630473,0,0.03336691856384277,0.012198925018310547
srcport,DD22,0,3,DT,0.13921344024436808,0.1312379819777978,0.32378029460533037,0.1312379819777978,0.11221889418043517,0.08506710192630473,0,0.04744577407836914,0.015625715255737305
srcport,DD22,0,4,DT,0.13921344024436808,0.1312379819777978,0.32378029460533037,0.1312379819777978,0.11221889418043517,0.08506710192630473,0,0.03835272789001465,0.009097099304199219
