Feature,Dataset,T,CV,ML,Acc,b_Acc,Prec,Rec,F1,kap,ROC,tra-T,test-T
tls.handshake.extensions_server_name_len,DD21,0,0,DT,0.06246652212727968,0.050220770610673544,0.1212092844421863,0.050220770610673544,0.010434858367031357,0.0029970258426551544,0,0.017803668975830078,0.010002374649047852
tls.handshake.extensions_server_name_len,DD21,0,1,DT,0.06246652212727968,0.050220770610673544,0.1212092844421863,0.050220770610673544,0.010434858367031357,0.0029970258426551544,0,0.012999296188354492,0.011336326599121094
tls.handshake.extensions_server_name_len,DD21,0,2,DT,0.06246652212727968,0.050220770610673544,0.1212092844421863,0.050220770610673544,0.010434858367031357,0.0029970258426551544,0,0.010130882263183594,0.008941411972045898
tls.handshake.extensions_server_name_len,DD21,0,3,DT,0.06246652212727968,0.050220770610673544,0.1212092844421863,0.050220770610673544,0.010434858367031357,0.0029970258426551544,0,0.009994745254516602,0.010229349136352539
tls.handshake.extensions_server_name_len,DD21,0,4,DT,0.06246652212727968,0.050220770610673544,0.1212092844421863,0.050220770610673544,0.010434858367031357,0.0029970258426551544,0,0.009966135025024414,0.010868072509765625
