Feature,Dataset,T,CV,ML,Acc,b_Acc,Prec,Rec,F1,kap,ROC,tra-T,test-T
http.request_number,DD12,0,0,DT,0.06646302660048364,0.05305032674488424,0.07041348701183786,0.05305032674488424,0.01457211164272474,0.0074020302850758,0,0.010124683380126953,0.015722036361694336
http.request_number,DD12,0,1,DT,0.06646302660048364,0.05305032674488424,0.07041348701183786,0.05305032674488424,0.01457211164272474,0.0074020302850758,0,0.005522012710571289,0.018487930297851562
http.request_number,DD12,0,2,DT,0.06646302660048364,0.05305032674488424,0.07041348701183786,0.05305032674488424,0.01457211164272474,0.0074020302850758,0,0.015755176544189453,0.0
http.request_number,DD12,0,3,DT,0.06646302660048364,0.05305032674488424,0.07041348701183786,0.05305032674488424,0.01457211164272474,0.0074020302850758,0,0.01575613021850586,0.015628337860107422
http.request_number,DD12,0,4,DT,0.06646302660048364,0.05305032674488424,0.07041348701183786,0.05305032674488424,0.01457211164272474,0.0074020302850758,0,0.015682697296142578,0.01563239097595215
