Feature,Dataset,T,CV,ML,Acc,b_Acc,Prec,Rec,F1,kap,ROC,tra-T,test-T
dstport,DD12,0,0,DT,0.167430316914853,0.15589524668210106,0.39599321355844147,0.15589524668210106,0.1449021172059077,0.11426431113282809,0,0.02511000633239746,0.014760255813598633
dstport,DD12,0,1,DT,0.167430316914853,0.15589524668210106,0.39599321355844147,0.15589524668210106,0.1449021172059077,0.11426431113282809,0,0.033200979232788086,0.014570951461791992
dstport,DD12,0,2,DT,0.167430316914853,0.15589524668210106,0.39599321355844147,0.15589524668210106,0.1449021172059077,0.11426431113282809,0,0.024643421173095703,0.011739969253540039
dstport,DD12,0,3,DT,0.167430316914853,0.15589524668210106,0.39599321355844147,0.15589524668210106,0.1449021172059077,0.11426431113282809,0,0.02469015121459961,0.010094642639160156
dstport,DD12,0,4,DT,0.167430316914853,0.15589524668210106,0.39599321355844147,0.15589524668210106,0.1449021172059077,0.11426431113282809,0,0.021288394927978516,0.012043952941894531
