Feature,Dataset,T,CV,ML,Acc,b_Acc,Prec,Rec,F1,kap,ROC,tra-T,test-T
eth.padding_bad,DD11,0,0,DT,0.05967351103175615,0.047619047619047616,0.0028415957634169596,0.047619047619047616,0.005363153337012693,0.0,0,0.0,0.01660633087158203
eth.padding_bad,DD11,0,1,DT,0.05967351103175615,0.047619047619047616,0.0028415957634169596,0.047619047619047616,0.005363153337012693,0.0,0,0.016605854034423828,0.01262521743774414
eth.padding_bad,DD11,0,2,DT,0.05967351103175615,0.047619047619047616,0.0028415957634169596,0.047619047619047616,0.005363153337012693,0.0,0,0.004023313522338867,0.01290130615234375
eth.padding_bad,DD11,0,3,DT,0.05967351103175615,0.047619047619047616,0.0028415957634169596,0.047619047619047616,0.005363153337012693,0.0,0,0.0,0.01625800132751465
eth.padding_bad,DD11,0,4,DT,0.05967351103175615,0.047619047619047616,0.0028415957634169596,0.047619047619047616,0.005363153337012693,0.0,0,0.0,0.01575756072998047
