Feature,Dataset,T,CV,ML,Acc,b_Acc,Prec,Rec,F1,kap,ROC,tra-T,test-T
dhcp.option.padding,DD11,0,0,DT,0.0782298176253029,0.0666715984083886,0.048355926521537175,0.0666715984083886,0.03258641966666179,0.02000434339984547,0,0.015627145767211914,0.008110761642456055
dhcp.option.padding,DD11,0,1,DT,0.0782298176253029,0.0666715984083886,0.048355926521537175,0.0666715984083886,0.03258641966666179,0.02000434339984547,0,0.0,0.01771068572998047
dhcp.option.padding,DD11,0,2,DT,0.0782298176253029,0.0666715984083886,0.048355926521537175,0.0666715984083886,0.03258641966666179,0.02000434339984547,0,0.0,0.015728235244750977
dhcp.option.padding,DD11,0,3,DT,0.0782298176253029,0.0666715984083886,0.048355926521537175,0.0666715984083886,0.03258641966666179,0.02000434339984547,0,0.015630483627319336,0.016765117645263672
dhcp.option.padding,DD11,0,4,DT,0.0782298176253029,0.0666715984083886,0.048355926521537175,0.0666715984083886,0.03258641966666179,0.02000434339984547,0,0.015630483627319336,0.016108036041259766
