Feature,Dataset,T,CV,ML,Acc,b_Acc,Prec,Rec,F1,kap,ROC,tra-T,test-T
tcp.options.wscale,DD22T,0,0,DT,0.0796323834786919,0.059958260203829855,0.31561767547417036,0.059958260203829855,0.02824269518449406,0.01683934469144832,0,0.015635967254638672,0.01622629165649414
tcp.options.wscale,DD22T,0,1,DT,0.0796323834786919,0.059958260203829855,0.31561767547417036,0.059958260203829855,0.02824269518449406,0.01683934469144832,0,0.0,0.015624523162841797
tcp.options.wscale,DD22T,0,2,DT,0.0796323834786919,0.059958260203829855,0.31561767547417036,0.059958260203829855,0.02824269518449406,0.01683934469144832,0,0.015604734420776367,0.009603738784790039
tcp.options.wscale,DD22T,0,3,DT,0.0796323834786919,0.059958260203829855,0.31561767547417036,0.059958260203829855,0.02824269518449406,0.01683934469144832,0,0.0157315731048584,0.015629053115844727
tcp.options.wscale,DD22T,0,4,DT,0.0796323834786919,0.059958260203829855,0.31561767547417036,0.059958260203829855,0.02824269518449406,0.01683934469144832,0,0.01568126678466797,0.0
