Feature,Dataset,T,CV,ML,Acc,b_Acc,Prec,Rec,F1,kap,ROC,tra-T,test-T
eth.dst.lg,DD22,0,0,DT,0.06021382206949217,0.04693929308342285,0.0038336035728707522,0.04693929308342285,0.006569193446537653,-0.0010589124084410262,0,0.015617847442626953,0.015707731246948242
eth.dst.lg,DD22,0,1,DT,0.06021382206949217,0.04693929308342285,0.0038336035728707522,0.04693929308342285,0.006569193446537653,-0.0010589124084410262,0,0.01575446128845215,0.015568971633911133
eth.dst.lg,DD22,0,2,DT,0.06021382206949217,0.04693929308342285,0.0038336035728707522,0.04693929308342285,0.006569193446537653,-0.0010589124084410262,0,0.015551567077636719,0.0
eth.dst.lg,DD22,0,3,DT,0.06021382206949217,0.04693929308342285,0.0038336035728707522,0.04693929308342285,0.006569193446537653,-0.0010589124084410262,0,0.015542268753051758,0.0
eth.dst.lg,DD22,0,4,DT,0.06021382206949217,0.04693929308342285,0.0038336035728707522,0.04693929308342285,0.006569193446537653,-0.0010589124084410262,0,0.015631437301635742,0.0
