Feature,Dataset,T,CV,ML,Acc,b_Acc,Prec,Rec,F1,kap,ROC,tra-T,test-T
stun.type.class,DD21,0,0,DT,0.060068868766738934,0.04793836202012711,0.023932570219816287,0.04793836202012711,0.005996778565378238,0.0004211250704547753,0,0.013633489608764648,0.07919883728027344
stun.type.class,DD21,0,1,DT,0.060068868766738934,0.04793836202012711,0.023932570219816287,0.04793836202012711,0.005996778565378238,0.0004211250704547753,0,0.011095523834228516,0.05867123603820801
stun.type.class,DD21,0,2,DT,0.060068868766738934,0.04793836202012711,0.023932570219816287,0.04793836202012711,0.005996778565378238,0.0004211250704547753,0,0.008567333221435547,0.01117086410522461
stun.type.class,DD21,0,3,DT,0.060068868766738934,0.04793836202012711,0.023932570219816287,0.04793836202012711,0.005996778565378238,0.0004211250704547753,0,0.009992837905883789,0.00884699821472168
stun.type.class,DD21,0,4,DT,0.060068868766738934,0.04793836202012711,0.023932570219816287,0.04793836202012711,0.005996778565378238,0.0004211250704547753,0,0.009708881378173828,0.009001970291137695
