Feature,Dataset,T,CV,ML,Acc,b_Acc,Prec,Rec,F1,kap,ROC,tra-T,test-T
tcp.analysis.keep_alive,DD12T,0,0,DT,0.0820641230832774,0.06672868842917842,0.045468229362129256,0.06672868842917842,0.03210371620635281,0.020959038065646363,0,0.009918689727783203,0.01021265983581543
tcp.analysis.keep_alive,DD12T,0,1,DT,0.0820641230832774,0.06672868842917842,0.045468229362129256,0.06672868842917842,0.03210371620635281,0.020959038065646363,0,0.00990438461303711,0.010213851928710938
tcp.analysis.keep_alive,DD12T,0,2,DT,0.0820641230832774,0.06672868842917842,0.045468229362129256,0.06672868842917842,0.03210371620635281,0.020959038065646363,0,0.009911060333251953,0.010141611099243164
tcp.analysis.keep_alive,DD12T,0,3,DT,0.0820641230832774,0.06672868842917842,0.045468229362129256,0.06672868842917842,0.03210371620635281,0.020959038065646363,0,0.012020349502563477,0.008965730667114258
tcp.analysis.keep_alive,DD12T,0,4,DT,0.0820641230832774,0.06672868842917842,0.045468229362129256,0.06672868842917842,0.03210371620635281,0.020959038065646363,0,0.011552095413208008,0.008668184280395508
