Feature,Dataset,T,CV,ML,Acc,b_Acc,Prec,Rec,F1,kap,ROC,tra-T,test-T
dstport_class,DD11,0,0,DT,0.14820813671725544,0.12813266296476675,0.2244765945173805,0.12813266296476675,0.09990932750558133,0.0941316380884143,0,0.0,0.015640735626220703
dstport_class,DD11,0,1,DT,0.14820813671725544,0.12813266296476675,0.2244765945173805,0.12813266296476675,0.09990932750558133,0.0941316380884143,0,0.015744924545288086,0.015616416931152344
dstport_class,DD11,0,2,DT,0.14820813671725544,0.12813266296476675,0.2244765945173805,0.12813266296476675,0.09990932750558133,0.0941316380884143,0,0.020251989364624023,0.011616230010986328
dstport_class,DD11,0,3,DT,0.14820813671725544,0.12813266296476675,0.2244765945173805,0.12813266296476675,0.09990932750558133,0.0941316380884143,0,0.016218900680541992,0.015738248825073242
dstport_class,DD11,0,4,DT,0.14820813671725544,0.12813266296476675,0.2244765945173805,0.12813266296476675,0.09990932750558133,0.0941316380884143,0,0.015619993209838867,0.015633106231689453
