Feature,Dataset,T,CV,ML,Acc,b_Acc,Prec,Rec,F1,kap,ROC,tra-T,test-T
tcp.checksum.status,DD11,0,0,DT,0.09978319091952557,0.07879848127811127,0.009912349217559653,0.07879848127811127,0.017413724217530208,0.041885247910080525,0,0.0,0.01563262939453125
tcp.checksum.status,DD11,0,1,DT,0.09978319091952557,0.07879848127811127,0.009912349217559653,0.07879848127811127,0.017413724217530208,0.041885247910080525,0,0.01562952995300293,0.0
tcp.checksum.status,DD11,0,2,DT,0.09978319091952557,0.07879848127811127,0.009912349217559653,0.07879848127811127,0.017413724217530208,0.041885247910080525,0,0.00955343246459961,0.01575756072998047
tcp.checksum.status,DD11,0,3,DT,0.09978319091952557,0.07879848127811127,0.009912349217559653,0.07879848127811127,0.017413724217530208,0.041885247910080525,0,0.015625,0.01564478874206543
tcp.checksum.status,DD11,0,4,DT,0.09978319091952557,0.07879848127811127,0.009912349217559653,0.07879848127811127,0.017413724217530208,0.041885247910080525,0,0.015677452087402344,0.0
