Feature,Dataset,T,CV,ML,Acc,b_Acc,Prec,Rec,F1,kap,ROC,tra-T,test-T
tls.handshake.extensions_reneg_info_len,DD22,0,0,DT,0.05937380679648721,0.04751286160397174,0.01213648672199781,0.04751286160397174,0.005673662818047857,-0.0001371179819444901,0,0.015622615814208984,0.0
tls.handshake.extensions_reneg_info_len,DD22,0,1,DT,0.05937380679648721,0.04751286160397174,0.01213648672199781,0.04751286160397174,0.005673662818047857,-0.0001371179819444901,0,0.015609025955200195,0.015626192092895508
tls.handshake.extensions_reneg_info_len,DD22,0,2,DT,0.05937380679648721,0.04751286160397174,0.01213648672199781,0.04751286160397174,0.005673662818047857,-0.0001371179819444901,0,0.011100292205810547,0.005107402801513672
tls.handshake.extensions_reneg_info_len,DD22,0,3,DT,0.05937380679648721,0.04751286160397174,0.01213648672199781,0.04751286160397174,0.005673662818047857,-0.0001371179819444901,0,0.015729427337646484,0.01557612419128418
tls.handshake.extensions_reneg_info_len,DD22,0,4,DT,0.05937380679648721,0.04751286160397174,0.01213648672199781,0.04751286160397174,0.005673662818047857,-0.0001371179819444901,0,0.01552438735961914,0.0
