Feature,Dataset,T,CV,ML,Acc,b_Acc,Prec,Rec,F1,kap,ROC,tra-T,test-T
tcp.connection.fin_active,DD12T,0,0,DT,0.06660127007073158,0.051286300411081606,0.015541709917148282,0.051286300411081606,0.011847414711146873,0.004331086785030913,0,0.010234355926513672,0.014832735061645508
tcp.connection.fin_active,DD12T,0,1,DT,0.06660127007073158,0.051286300411081606,0.015541709917148282,0.051286300411081606,0.011847414711146873,0.004331086785030913,0,0.011961936950683594,0.009867429733276367
tcp.connection.fin_active,DD12T,0,2,DT,0.06660127007073158,0.051286300411081606,0.015541709917148282,0.051286300411081606,0.011847414711146873,0.004331086785030913,0,0.010664224624633789,0.009767770767211914
tcp.connection.fin_active,DD12T,0,3,DT,0.06660127007073158,0.051286300411081606,0.015541709917148282,0.051286300411081606,0.011847414711146873,0.004331086785030913,0,0.009796380996704102,0.010635852813720703
tcp.connection.fin_active,DD12T,0,4,DT,0.06660127007073158,0.051286300411081606,0.015541709917148282,0.051286300411081606,0.011847414711146873,0.004331086785030913,0,0.010235786437988281,0.0077130794525146484
