Feature,Dataset,T,CV,ML,Acc,b_Acc,Prec,Rec,F1,kap,ROC,tra-T,test-T
tcp.analysis,DD11T,0,0,DT,0.08428416541896845,0.07785443722943722,0.007624609365249663,0.07785443722943722,0.013886305352150418,0.03353053495613445,0,0.015618324279785156,0.0
tcp.analysis,DD11T,0,1,DT,0.08428416541896845,0.07785443722943722,0.007624609365249663,0.07785443722943722,0.013886305352150418,0.03353053495613445,0,0.0,0.015629053115844727
tcp.analysis,DD11T,0,2,DT,0.08428416541896845,0.07785443722943722,0.007624609365249663,0.07785443722943722,0.013886305352150418,0.03353053495613445,0,0.015627145767211914,0.015627145767211914
tcp.analysis,DD11T,0,3,DT,0.08428416541896845,0.07785443722943722,0.007624609365249663,0.07785443722943722,0.013886305352150418,0.03353053495613445,0,0.015618562698364258,0.0
tcp.analysis,DD11T,0,4,DT,0.08428416541896845,0.07785443722943722,0.007624609365249663,0.07785443722943722,0.013886305352150418,0.03353053495613445,0,0.015736818313598633,0.0
