Feature,Dataset,T,CV,ML,Acc,b_Acc,Prec,Rec,F1,kap,ROC,tra-T,test-T
igmp.num_grp_recs,DD12,0,0,DT,0.0595010818378516,0.047619047619047616,0.0028337815860569457,0.047619047619047616,0.005349233429104636,7.199530277501864e-07,0,0.028261899948120117,0.02232980728149414
igmp.num_grp_recs,DD12,0,1,DT,0.0595010818378516,0.047619047619047616,0.0028337815860569457,0.047619047619047616,0.005349233429104636,7.199530277501864e-07,0,0.014681100845336914,0.015866756439208984
igmp.num_grp_recs,DD12,0,2,DT,0.0595010818378516,0.047619047619047616,0.0028337815860569457,0.047619047619047616,0.005349233429104636,7.199530277501864e-07,0,0.013211250305175781,0.011166095733642578
igmp.num_grp_recs,DD12,0,3,DT,0.0595010818378516,0.047619047619047616,0.0028337815860569457,0.047619047619047616,0.005349233429104636,7.199530277501864e-07,0,0.007029294967651367,0.013801336288452148
igmp.num_grp_recs,DD12,0,4,DT,0.0595010818378516,0.047619047619047616,0.0028337815860569457,0.047619047619047616,0.005349233429104636,7.199530277501864e-07,0,0.012848854064941406,0.010401248931884766
