Feature,Dataset,T,CV,ML,Acc,b_Acc,Prec,Rec,F1,kap,ROC,tra-T,test-T
http.prev_request_in,DD11T,0,0,DT,0.061683618152718264,0.047975072410246386,0.012520064832236374,0.047975072410246386,0.006201213425063258,0.0005278057827017291,0,0.0,0.015633344650268555
http.prev_request_in,DD11T,0,1,DT,0.061683618152718264,0.047975072410246386,0.012520064832236374,0.047975072410246386,0.006201213425063258,0.0005278057827017291,0,0.0,0.015625
http.prev_request_in,DD11T,0,2,DT,0.061683618152718264,0.047975072410246386,0.012520064832236374,0.047975072410246386,0.006201213425063258,0.0005278057827017291,0,0.015619516372680664,0.0046215057373046875
http.prev_request_in,DD11T,0,3,DT,0.061683618152718264,0.047975072410246386,0.012520064832236374,0.047975072410246386,0.006201213425063258,0.0005278057827017291,0,0.0,0.01715540885925293
http.prev_request_in,DD11T,0,4,DT,0.061683618152718264,0.047975072410246386,0.012520064832236374,0.047975072410246386,0.006201213425063258,0.0005278057827017291,0,0.0,0.017473697662353516
