Feature,Dataset,T,CV,ML,Acc,b_Acc,Prec,Rec,F1,kap,ROC,tra-T,test-T
udp.checksum.status,DD22,0,0,DT,0.09564719358533791,0.07430882609362693,0.0414672909044472,0.07430882609362693,0.021968402297004187,0.036009464994100515,0,0.015728235244750977,0.0
udp.checksum.status,DD22,0,1,DT,0.09564719358533791,0.07430882609362693,0.0414672909044472,0.07430882609362693,0.021968402297004187,0.036009464994100515,0,0.015631914138793945,0.015622854232788086
udp.checksum.status,DD22,0,2,DT,0.09564719358533791,0.07430882609362693,0.0414672909044472,0.07430882609362693,0.021968402297004187,0.036009464994100515,0,0.012011528015136719,0.004014015197753906
udp.checksum.status,DD22,0,3,DT,0.09564719358533791,0.07430882609362693,0.0414672909044472,0.07430882609362693,0.021968402297004187,0.036009464994100515,0,0.01562643051147461,0.016208410263061523
udp.checksum.status,DD22,0,4,DT,0.09564719358533791,0.07430882609362693,0.0414672909044472,0.07430882609362693,0.021968402297004187,0.036009464994100515,0,0.0,0.015625476837158203
