Feature,Dataset,T,CV,ML,Acc,b_Acc,Prec,Rec,F1,kap,ROC,tra-T,test-T
eth.type,DD12,0,0,DT,0.07612320224004072,0.06275901462458307,0.02676090488332366,0.06275901462458307,0.025483497117924397,0.016626947068626108,0,0.012412309646606445,0.010760307312011719
eth.type,DD12,0,1,DT,0.07612320224004072,0.06275901462458307,0.02676090488332366,0.06275901462458307,0.025483497117924397,0.016626947068626108,0,0.013226032257080078,0.010590314865112305
eth.type,DD12,0,2,DT,0.07612320224004072,0.06275901462458307,0.02676090488332366,0.06275901462458307,0.025483497117924397,0.016626947068626108,0,0.0076885223388671875,0.013289451599121094
eth.type,DD12,0,3,DT,0.07612320224004072,0.06275901462458307,0.02676090488332366,0.06275901462458307,0.025483497117924397,0.016626947068626108,0,0.00951385498046875,0.012326717376708984
eth.type,DD12,0,4,DT,0.07612320224004072,0.06275901462458307,0.02676090488332366,0.06275901462458307,0.025483497117924397,0.016626947068626108,0,0.013744831085205078,0.010718822479248047
