Feature,Dataset,T,CV,ML,Acc,b_Acc,Prec,Rec,F1,kap,ROC,tra-T,test-T
ntp.refid,DD22,0,0,DT,0.06460481099656358,0.0505160201552905,0.07075558775028452,0.0505160201552905,0.010744633490233363,0.00381628308343529,0,0.015738964080810547,0.0
ntp.refid,DD22,0,1,DT,0.06460481099656358,0.0505160201552905,0.07075558775028452,0.0505160201552905,0.010744633490233363,0.00381628308343529,0,0.0,0.013113975524902344
ntp.refid,DD22,0,2,DT,0.06460481099656358,0.0505160201552905,0.07075558775028452,0.0505160201552905,0.010744633490233363,0.00381628308343529,0,0.015622377395629883,0.0
ntp.refid,DD22,0,3,DT,0.06460481099656358,0.0505160201552905,0.07075558775028452,0.0505160201552905,0.010744633490233363,0.00381628308343529,0,0.0,0.016214609146118164
ntp.refid,DD22,0,4,DT,0.06460481099656358,0.0505160201552905,0.07075558775028452,0.0505160201552905,0.010744633490233363,0.00381628308343529,0,0.015673398971557617,0.0
