Feature,Dataset,T,CV,ML,Acc,b_Acc,Prec,Rec,F1,kap,ROC,tra-T,test-T
ip.proto,DD21T,0,0,DT,0.12257010034430556,0.10379860432946372,0.04456729885794726,0.10379860432946372,0.04133327291753921,0.06538477170066259,0,0.014753341674804688,0.015244245529174805
ip.proto,DD21T,0,1,DT,0.12257010034430556,0.10379860432946372,0.04456729885794726,0.10379860432946372,0.04133327291753921,0.06538477170066259,0,0.010190486907958984,0.01486515998840332
ip.proto,DD21T,0,2,DT,0.12257010034430556,0.10379860432946372,0.04456729885794726,0.10379860432946372,0.04133327291753921,0.06538477170066259,0,0.015290260314941406,0.06487560272216797
ip.proto,DD21T,0,3,DT,0.12257010034430556,0.10379860432946372,0.04456729885794726,0.10379860432946372,0.04133327291753921,0.06538477170066259,0,0.013512134552001953,0.05143117904663086
ip.proto,DD21T,0,4,DT,0.12257010034430556,0.10379860432946372,0.04456729885794726,0.10379860432946372,0.04133327291753921,0.06538477170066259,0,0.01001119613647461,0.09482622146606445
