Feature,Dataset,T,CV,ML,Acc,b_Acc,Prec,Rec,F1,kap,ROC,tra-T,test-T
dns.flags.recdesired,DD22T,0,0,DT,0.06949077609420844,0.05191257090308198,0.019094174959668545,0.05191257090308198,0.01261657702573962,0.006209929639685585,0,0.004602909088134766,0.011604547500610352
dns.flags.recdesired,DD22T,0,1,DT,0.06949077609420844,0.05191257090308198,0.019094174959668545,0.05191257090308198,0.01261657702573962,0.006209929639685585,0,0.0,0.02223992347717285
dns.flags.recdesired,DD22T,0,2,DT,0.06949077609420844,0.05191257090308198,0.019094174959668545,0.05191257090308198,0.01261657702573962,0.006209929639685585,0,0.00660395622253418,0.009609699249267578
dns.flags.recdesired,DD22T,0,3,DT,0.06949077609420844,0.05191257090308198,0.019094174959668545,0.05191257090308198,0.01261657702573962,0.006209929639685585,0,0.018216371536254883,0.0
dns.flags.recdesired,DD22T,0,4,DT,0.06949077609420844,0.05191257090308198,0.019094174959668545,0.05191257090308198,0.01261657702573962,0.006209929639685585,0,0.013108253479003906,0.0
