Feature,Dataset,T,CV,ML,Acc,b_Acc,Prec,Rec,F1,kap,ROC,tra-T,test-T
ip.flags.mf,DD21,0,0,DT,0.05915061854355312,0.047769006734383265,0.004154275760435226,0.047769006734383265,0.007066843293969953,0.0001887535564517595,0,0.023641586303710938,0.012678861618041992
ip.flags.mf,DD21,0,1,DT,0.05915061854355312,0.047769006734383265,0.004154275760435226,0.047769006734383265,0.007066843293969953,0.0001887535564517595,0,0.009335041046142578,0.0076198577880859375
ip.flags.mf,DD21,0,2,DT,0.05915061854355312,0.047769006734383265,0.004154275760435226,0.047769006734383265,0.007066843293969953,0.0001887535564517595,0,0.009161233901977539,0.007738351821899414
ip.flags.mf,DD21,0,3,DT,0.05915061854355312,0.047769006734383265,0.004154275760435226,0.047769006734383265,0.007066843293969953,0.0001887535564517595,0,0.012412071228027344,0.009717464447021484
ip.flags.mf,DD21,0,4,DT,0.05915061854355312,0.047769006734383265,0.004154275760435226,0.047769006734383265,0.007066843293969953,0.0001887535564517595,0,0.013673067092895508,0.011079788208007812
