Feature,Dataset,T,CV,ML,Acc,b_Acc,Prec,Rec,F1,kap,ROC,tra-T,test-T
dns.count.queries,DD12T,0,0,DT,0.06514275388507408,0.05157072949714717,0.08183242831364572,0.05157072949714717,0.01168866784445333,0.004451812044448111,0,0.015311717987060547,0.012685298919677734
dns.count.queries,DD12T,0,1,DT,0.06514275388507408,0.05157072949714717,0.08183242831364572,0.05157072949714717,0.01168866784445333,0.004451812044448111,0,0.013535022735595703,0.01263570785522461
dns.count.queries,DD12T,0,2,DT,0.06514275388507408,0.05157072949714717,0.08183242831364572,0.05157072949714717,0.01168866784445333,0.004451812044448111,0,0.011777877807617188,0.010180473327636719
dns.count.queries,DD12T,0,3,DT,0.06514275388507408,0.05157072949714717,0.08183242831364572,0.05157072949714717,0.01168866784445333,0.004451812044448111,0,0.013820648193359375,0.012686491012573242
dns.count.queries,DD12T,0,4,DT,0.06514275388507408,0.05157072949714717,0.08183242831364572,0.05157072949714717,0.01168866784445333,0.004451812044448111,0,0.01239633560180664,0.009891986846923828
