Feature,Dataset,T,CV,ML,Acc,b_Acc,Prec,Rec,F1,kap,ROC,tra-T,test-T
tcp.analysis.ack_rtt,DD11T,0,0,DT,0.10693634157674635,0.09250349951663957,0.21196496186760025,0.09250349951663957,0.0729709784888189,0.05219067457399462,0,0.1260850429534912,0.015623807907104492
tcp.analysis.ack_rtt,DD11T,0,1,DT,0.10693634157674635,0.09250349951663957,0.21196496186760025,0.09250349951663957,0.0729709784888189,0.05219067457399462,0,0.14084625244140625,0.015539407730102539
tcp.analysis.ack_rtt,DD11T,0,2,DT,0.10693634157674635,0.09250349951663957,0.21196496186760025,0.09250349951663957,0.0729709784888189,0.05219067457399462,0,0.12518644332885742,0.015752315521240234
tcp.analysis.ack_rtt,DD11T,0,3,DT,0.10693634157674635,0.09250349951663957,0.21196496186760025,0.09250349951663957,0.0729709784888189,0.05219067457399462,0,0.14176297187805176,0.015544414520263672
tcp.analysis.ack_rtt,DD11T,0,4,DT,0.10693634157674635,0.09250349951663957,0.21196496186760025,0.09250349951663957,0.0729709784888189,0.05219067457399462,0,0.12568902969360352,0.031317949295043945
