Feature,Dataset,T,CV,ML,Acc,b_Acc,Prec,Rec,F1,kap,ROC,tra-T,test-T
tls.handshake.session_ticket_lifetime_hint,DD21,0,0,DT,0.05967351103175615,0.047619047619047616,0.0028415957634169596,0.047619047619047616,0.005363153337012693,0.0,0,0.00699925422668457,0.011136054992675781
tls.handshake.session_ticket_lifetime_hint,DD21,0,1,DT,0.05967351103175615,0.047619047619047616,0.0028415957634169596,0.047619047619047616,0.005363153337012693,0.0,0,0.004405021667480469,0.07822751998901367
tls.handshake.session_ticket_lifetime_hint,DD21,0,2,DT,0.05967351103175615,0.047619047619047616,0.0028415957634169596,0.047619047619047616,0.005363153337012693,0.0,0,0.012119293212890625,0.0569310188293457
tls.handshake.session_ticket_lifetime_hint,DD21,0,3,DT,0.05967351103175615,0.047619047619047616,0.0028415957634169596,0.047619047619047616,0.005363153337012693,0.0,0,0.015067338943481445,0.07920575141906738
tls.handshake.session_ticket_lifetime_hint,DD21,0,4,DT,0.05967351103175615,0.047619047619047616,0.0028415957634169596,0.047619047619047616,0.005363153337012693,0.0,0,0.013034343719482422,0.0781857967376709
