Feature,Dataset,T,CV,ML,Acc,b_Acc,Prec,Rec,F1,kap,ROC,tra-T,test-T
stun.att.crc32.status,DD21T,0,0,DT,0.04045925270956419,0.04795479835769924,0.04952424353829029,0.04795479835769924,0.004330606224211912,0.0004754876057352364,0,0.015628814697265625,0.015618562698364258
stun.att.crc32.status,DD21T,0,1,DT,0.04045925270956419,0.04795479835769924,0.04952424353829029,0.04795479835769924,0.004330606224211912,0.0004754876057352364,0,0.015619277954101562,0.015628814697265625
stun.att.crc32.status,DD21T,0,2,DT,0.04045925270956419,0.04795479835769924,0.04952424353829029,0.04795479835769924,0.004330606224211912,0.0004754876057352364,0,0.015732765197753906,0.01563096046447754
stun.att.crc32.status,DD21T,0,3,DT,0.04045925270956419,0.04795479835769924,0.04952424353829029,0.04795479835769924,0.004330606224211912,0.0004754876057352364,0,0.0051116943359375,0.011117219924926758
stun.att.crc32.status,DD21T,0,4,DT,0.04045925270956419,0.04795479835769924,0.04952424353829029,0.04795479835769924,0.004330606224211912,0.0004754876057352364,0,0.015627622604370117,0.015615224838256836
