Feature,Dataset,T,CV,ML,Acc,b_Acc,Prec,Rec,F1,kap,ROC,tra-T,test-T
tcp.analysis.acks_frame,DD21,0,0,DT,0.07890575181737024,0.06476629478003598,0.04682751886848045,0.06476629478003598,0.029744420510703907,0.022469418549971976,0,0.12705373764038086,0.01033639907836914
tcp.analysis.acks_frame,DD21,0,1,DT,0.07890575181737024,0.06476629478003598,0.04682751886848045,0.06476629478003598,0.029744420510703907,0.022469418549971976,0,0.1349642276763916,0.014974117279052734
tcp.analysis.acks_frame,DD21,0,2,DT,0.07890575181737024,0.06476629478003598,0.04682751886848045,0.06476629478003598,0.029744420510703907,0.022469418549971976,0,0.12206721305847168,0.011301755905151367
tcp.analysis.acks_frame,DD21,0,3,DT,0.07890575181737024,0.06476629478003598,0.04682751886848045,0.06476629478003598,0.029744420510703907,0.022469418549971976,0,0.12077617645263672,0.012525796890258789
tcp.analysis.acks_frame,DD21,0,4,DT,0.07890575181737024,0.06476629478003598,0.04682751886848045,0.06476629478003598,0.029744420510703907,0.022469418549971976,0,0.12485456466674805,0.015091896057128906
