Feature,Dataset,T,CV,ML,Acc,b_Acc,Prec,Rec,F1,kap,ROC,tra-T,test-T
eth.fcs,DD22T,0,0,DT,0.06343528529132002,0.047619047619047616,0.003020727871015239,0.047619047619047616,0.0056810751209703065,0.0,0,0.015628814697265625,0.0
eth.fcs,DD22T,0,1,DT,0.06343528529132002,0.047619047619047616,0.003020727871015239,0.047619047619047616,0.0056810751209703065,0.0,0,0.015611648559570312,0.0
eth.fcs,DD22T,0,2,DT,0.06343528529132002,0.047619047619047616,0.003020727871015239,0.047619047619047616,0.0056810751209703065,0.0,0,0.0,0.015525579452514648
eth.fcs,DD22T,0,3,DT,0.06343528529132002,0.047619047619047616,0.003020727871015239,0.047619047619047616,0.0056810751209703065,0.0,0,0.015623092651367188,0.003614664077758789
eth.fcs,DD22T,0,4,DT,0.06343528529132002,0.047619047619047616,0.003020727871015239,0.047619047619047616,0.0056810751209703065,0.0,0,0.015651226043701172,0.0
