Feature,Dataset,T,CV,ML,Acc,b_Acc,Prec,Rec,F1,kap,ROC,tra-T,test-T
ntp.stratum,DD11T,0,0,DT,0.034642986215085964,0.052536739558396675,0.0693121534566337,0.052536739558396675,0.011781174143519747,0.006226605151811726,0,0.003100156784057617,0.015729188919067383
ntp.stratum,DD11T,0,1,DT,0.034642986215085964,0.052536739558396675,0.0693121534566337,0.052536739558396675,0.011781174143519747,0.006226605151811726,0,0.01562809944152832,0.0
ntp.stratum,DD11T,0,2,DT,0.034642986215085964,0.052536739558396675,0.0693121534566337,0.052536739558396675,0.011781174143519747,0.006226605151811726,0,0.015617132186889648,0.016103029251098633
ntp.stratum,DD11T,0,3,DT,0.034642986215085964,0.052536739558396675,0.0693121534566337,0.052536739558396675,0.011781174143519747,0.006226605151811726,0,0.015732765197753906,0.015623807907104492
ntp.stratum,DD11T,0,4,DT,0.034642986215085964,0.052536739558396675,0.0693121534566337,0.052536739558396675,0.011781174143519747,0.006226605151811726,0,0.007609128952026367,0.015732288360595703
