Feature,Dataset,T,CV,ML,Acc,b_Acc,Prec,Rec,F1,kap,ROC,tra-T,test-T
tls.handshake.server_named_curve,DD11,0,0,DT,0.05908685116694299,0.04772081946691906,0.05042699222546161,0.04772081946691906,0.005506287212928966,0.00013542844974090418,0,0.015643596649169922,0.016032934188842773
tls.handshake.server_named_curve,DD11,0,1,DT,0.05908685116694299,0.04772081946691906,0.05042699222546161,0.04772081946691906,0.005506287212928966,0.00013542844974090418,0,0.015732526779174805,0.015552520751953125
tls.handshake.server_named_curve,DD11,0,2,DT,0.05908685116694299,0.04772081946691906,0.05042699222546161,0.04772081946691906,0.005506287212928966,0.00013542844974090418,0,0.01022648811340332,0.01735234260559082
tls.handshake.server_named_curve,DD11,0,3,DT,0.05908685116694299,0.04772081946691906,0.05042699222546161,0.04772081946691906,0.005506287212928966,0.00013542844974090418,0,0.007734060287475586,0.018385887145996094
tls.handshake.server_named_curve,DD11,0,4,DT,0.05908685116694299,0.04772081946691906,0.05042699222546161,0.04772081946691906,0.005506287212928966,0.00013542844974090418,0,0.010020732879638672,0.010042667388916016
