Feature,Dataset,T,CV,ML,Acc,b_Acc,Prec,Rec,F1,kap,ROC,tra-T,test-T
arp.opcode,DD12T,0,0,DT,0.06272910320615416,0.047619047619047616,0.0029871001526740075,0.047619047619047616,0.005621564599411471,0.0,0,0.015936851501464844,0.009998798370361328
arp.opcode,DD12T,0,1,DT,0.06272910320615416,0.047619047619047616,0.0029871001526740075,0.047619047619047616,0.005621564599411471,0.0,0,0.009722709655761719,0.010530948638916016
arp.opcode,DD12T,0,2,DT,0.06272910320615416,0.047619047619047616,0.0029871001526740075,0.047619047619047616,0.005621564599411471,0.0,0,0.010162115097045898,0.01030111312866211
arp.opcode,DD12T,0,3,DT,0.06272910320615416,0.047619047619047616,0.0029871001526740075,0.047619047619047616,0.005621564599411471,0.0,0,0.009641885757446289,0.00825190544128418
arp.opcode,DD12T,0,4,DT,0.06272910320615416,0.047619047619047616,0.0029871001526740075,0.047619047619047616,0.005621564599411471,0.0,0,0.01477193832397461,0.0050199031829833984
