Feature,Dataset,T,CV,ML,Acc,b_Acc,Prec,Rec,F1,kap,ROC,tra-T,test-T
tcp.ack_raw,DD22,0,0,DT,0.08323787705231005,0.06886519499144039,0.0440592179941047,0.06886519499144039,0.03832712365620536,0.026784132257603788,0,0.17305588722229004,0.03135275840759277
tcp.ack_raw,DD22,0,1,DT,0.08323787705231005,0.06886519499144039,0.0440592179941047,0.06886519499144039,0.03832712365620536,0.026784132257603788,0,0.18877935409545898,0.015617132186889648
tcp.ack_raw,DD22,0,2,DT,0.08323787705231005,0.06886519499144039,0.0440592179941047,0.06886519499144039,0.03832712365620536,0.026784132257603788,0,0.17267441749572754,0.016212940216064453
tcp.ack_raw,DD22,0,3,DT,0.08323787705231005,0.06886519499144039,0.0440592179941047,0.06886519499144039,0.03832712365620536,0.026784132257603788,0,0.18855834007263184,0.015568017959594727
tcp.ack_raw,DD22,0,4,DT,0.08323787705231005,0.06886519499144039,0.0440592179941047,0.06886519499144039,0.03832712365620536,0.026784132257603788,0,0.18888616561889648,0.015536308288574219
