Feature,Dataset,T,CV,ML,Acc,b_Acc,Prec,Rec,F1,kap,ROC,tra-T,test-T
tcp.seq_raw,DD12T,0,0,DT,0.06849863183437452,0.10512805754576664,0.12264852200752367,0.10512805754576664,0.08135213225329539,0.021953026385060026,0,0.2946460247039795,0.02044534683227539
tcp.seq_raw,DD12T,0,1,DT,0.06849863183437452,0.10512805754576664,0.12264852200752367,0.10512805754576664,0.08135213225329539,0.021953026385060026,0,0.38485145568847656,0.024649620056152344
tcp.seq_raw,DD12T,0,2,DT,0.06849863183437452,0.10512805754576664,0.12264852200752367,0.10512805754576664,0.08135213225329539,0.021953026385060026,0,0.26794981956481934,0.024678468704223633
tcp.seq_raw,DD12T,0,3,DT,0.06849863183437452,0.10512805754576664,0.12264852200752367,0.10512805754576664,0.08135213225329539,0.021953026385060026,0,0.2772090435028076,0.029726266860961914
tcp.seq_raw,DD12T,0,4,DT,0.06849863183437452,0.10512805754576664,0.12264852200752367,0.10512805754576664,0.08135213225329539,0.021953026385060026,0,0.3193535804748535,0.03503990173339844
