Feature,Dataset,T,CV,ML,Acc,b_Acc,Prec,Rec,F1,kap,ROC,tra-T,test-T
icmpv6.opt.type,DD11,0,0,DT,0.06089784466267058,0.048836830597650496,0.040126367216638016,0.048836830597650496,0.007819591536848932,0.001321818570378941,0,0.01563286781311035,0.01554727554321289
icmpv6.opt.type,DD11,0,1,DT,0.06089784466267058,0.048836830597650496,0.040126367216638016,0.048836830597650496,0.007819591536848932,0.001321818570378941,0,0.0,0.0156252384185791
icmpv6.opt.type,DD11,0,2,DT,0.06089784466267058,0.048836830597650496,0.040126367216638016,0.048836830597650496,0.007819591536848932,0.001321818570378941,0,0.0,0.015631914138793945
icmpv6.opt.type,DD11,0,3,DT,0.06089784466267058,0.048836830597650496,0.040126367216638016,0.048836830597650496,0.007819591536848932,0.001321818570378941,0,0.0,0.015759944915771484
icmpv6.opt.type,DD11,0,4,DT,0.06089784466267058,0.048836830597650496,0.040126367216638016,0.048836830597650496,0.007819591536848932,0.001321818570378941,0,0.01563239097595215,0.0
