Feature,Dataset,T,CV,ML,Acc,b_Acc,Prec,Rec,F1,kap,ROC,tra-T,test-T
tcp.options.wscale,DD21,0,0,DT,0.07728606045147303,0.06193285154037211,0.2373559742675907,0.06193285154037211,0.03138882887638604,0.018778673002815105,0,0.015543937683105469,0.0
tcp.options.wscale,DD21,0,1,DT,0.07728606045147303,0.06193285154037211,0.2373559742675907,0.06193285154037211,0.03138882887638604,0.018778673002815105,0,0.0,0.015625
tcp.options.wscale,DD21,0,2,DT,0.07728606045147303,0.06193285154037211,0.2373559742675907,0.06193285154037211,0.03138882887638604,0.018778673002815105,0,0.015615224838256836,0.0
tcp.options.wscale,DD21,0,3,DT,0.07728606045147303,0.06193285154037211,0.2373559742675907,0.06193285154037211,0.03138882887638604,0.018778673002815105,0,0.009734153747558594,0.008417606353759766
tcp.options.wscale,DD21,0,4,DT,0.07728606045147303,0.06193285154037211,0.2373559742675907,0.06193285154037211,0.03138882887638604,0.018778673002815105,0,0.012835979461669922,0.011577606201171875
