Feature,Dataset,T,CV,ML,Acc,b_Acc,Prec,Rec,F1,kap,ROC,tra-T,test-T
tcp.window_size_value,DD21T,0,0,DT,0.40703079994105273,0.44558799525997983,0.663470859670861,0.44558799525997983,0.4580566949593323,0.3786412012145699,0,0.06489944458007812,0.012198448181152344
tcp.window_size_value,DD21T,0,1,DT,0.40703079994105273,0.44558799525997983,0.663470859670861,0.44558799525997983,0.4580566949593323,0.3786412012145699,0,0.05701160430908203,0.013617277145385742
tcp.window_size_value,DD21T,0,2,DT,0.40703079994105273,0.44558799525997983,0.663470859670861,0.44558799525997983,0.4580566949593323,0.3786412012145699,0,0.04927420616149902,0.012204647064208984
tcp.window_size_value,DD21T,0,3,DT,0.40703079994105273,0.44558799525997983,0.663470859670861,0.44558799525997983,0.4580566949593323,0.3786412012145699,0,0.05182218551635742,0.012492656707763672
tcp.window_size_value,DD21T,0,4,DT,0.40703079994105273,0.44558799525997983,0.663470859670861,0.44558799525997983,0.4580566949593323,0.3786412012145699,0,0.05419802665710449,0.011264324188232422
