Feature,Dataset,T,CV,ML,Acc,b_Acc,Prec,Rec,F1,kap,ROC,tra-T,test-T
dhcp.option.padding,DD12T,0,0,DT,0.07102844751923176,0.06282214971390741,0.04726119941838053,0.06282214971390741,0.028299698024655033,0.009201635908486216,0,0.013562440872192383,0.010763883590698242
dhcp.option.padding,DD12T,0,1,DT,0.07102844751923176,0.06282214971390741,0.04726119941838053,0.06282214971390741,0.028299698024655033,0.009201635908486216,0,0.013254165649414062,0.014767885208129883
dhcp.option.padding,DD12T,0,2,DT,0.07102844751923176,0.06282214971390741,0.04726119941838053,0.06282214971390741,0.028299698024655033,0.009201635908486216,0,0.009053707122802734,0.008491039276123047
dhcp.option.padding,DD12T,0,3,DT,0.07102844751923176,0.06282214971390741,0.04726119941838053,0.06282214971390741,0.028299698024655033,0.009201635908486216,0,0.009728670120239258,0.008367061614990234
dhcp.option.padding,DD12T,0,4,DT,0.07102844751923176,0.06282214971390741,0.04726119941838053,0.06282214971390741,0.028299698024655033,0.009201635908486216,0,0.008679389953613281,0.007885932922363281
