Feature,Dataset,T,CV,ML,Acc,b_Acc,Prec,Rec,F1,kap,ROC,tra-T,test-T
http.response_number,DD11,0,0,DT,0.06718530799642902,0.05446190338712577,0.05915554186774248,0.05446190338712577,0.01792947901502466,0.008768372566522409,0,0.015620231628417969,0.0
http.response_number,DD11,0,1,DT,0.06718530799642902,0.05446190338712577,0.05915554186774248,0.05446190338712577,0.01792947901502466,0.008768372566522409,0,0.01662898063659668,0.014643430709838867
http.response_number,DD11,0,2,DT,0.06718530799642902,0.05446190338712577,0.05915554186774248,0.05446190338712577,0.01792947901502466,0.008768372566522409,0,0.017253398895263672,0.014129161834716797
http.response_number,DD11,0,3,DT,0.06718530799642902,0.05446190338712577,0.05915554186774248,0.05446190338712577,0.01792947901502466,0.008768372566522409,0,0.011627912521362305,0.016436100006103516
http.response_number,DD11,0,4,DT,0.06718530799642902,0.05446190338712577,0.05915554186774248,0.05446190338712577,0.01792947901502466,0.008768372566522409,0,0.016034603118896484,0.015639305114746094
