Feature,Dataset,T,CV,ML,Acc,b_Acc,Prec,Rec,F1,kap,ROC,tra-T,test-T
tls.handshake.extensions_reneg_info_len,DD21,0,0,DT,0.059903073587552605,0.04778986341110437,0.020203722727520627,0.04778986341110437,0.005949568106158277,0.0002413231516561476,0,0.002126932144165039,0.012629270553588867
tls.handshake.extensions_reneg_info_len,DD21,0,1,DT,0.059903073587552605,0.04778986341110437,0.020203722727520627,0.04778986341110437,0.005949568106158277,0.0002413231516561476,0,0.011728525161743164,0.011239051818847656
tls.handshake.extensions_reneg_info_len,DD21,0,2,DT,0.059903073587552605,0.04778986341110437,0.020203722727520627,0.04778986341110437,0.005949568106158277,0.0002413231516561476,0,0.011738777160644531,0.010373830795288086
tls.handshake.extensions_reneg_info_len,DD21,0,3,DT,0.059903073587552605,0.04778986341110437,0.020203722727520627,0.04778986341110437,0.005949568106158277,0.0002413231516561476,0,0.010999917984008789,0.014205694198608398
tls.handshake.extensions_reneg_info_len,DD21,0,4,DT,0.059903073587552605,0.04778986341110437,0.020203722727520627,0.04778986341110437,0.005949568106158277,0.0002413231516561476,0,0.012943029403686523,0.006963253021240234
