Feature,Dataset,T,CV,ML,Acc,b_Acc,Prec,Rec,F1,kap,ROC,tra-T,test-T
tls.handshake.comp_methods,DD21T,0,0,DT,0.04005733960317779,0.047464829882584374,0.009967982487560043,0.047464829882584374,0.005790666832221299,1.292053198931331e-05,0,0.01186060905456543,0.011316299438476562
tls.handshake.comp_methods,DD21T,0,1,DT,0.04005733960317779,0.047464829882584374,0.009967982487560043,0.047464829882584374,0.005790666832221299,1.292053198931331e-05,0,0.010675430297851562,0.009267568588256836
tls.handshake.comp_methods,DD21T,0,2,DT,0.04005733960317779,0.047464829882584374,0.009967982487560043,0.047464829882584374,0.005790666832221299,1.292053198931331e-05,0,0.01519632339477539,0.01217341423034668
tls.handshake.comp_methods,DD21T,0,3,DT,0.04005733960317779,0.047464829882584374,0.009967982487560043,0.047464829882584374,0.005790666832221299,1.292053198931331e-05,0,0.012169837951660156,0.010132312774658203
tls.handshake.comp_methods,DD21T,0,4,DT,0.04005733960317779,0.047464829882584374,0.009967982487560043,0.047464829882584374,0.005790666832221299,1.292053198931331e-05,0,0.010800838470458984,0.008597850799560547
