Feature,Dataset,T,CV,ML,Acc,b_Acc,Prec,Rec,F1,kap,ROC,tra-T,test-T
dns.flags.authoritative,DD11,0,0,DT,0.060285677847213365,0.048677474836910616,0.04997835687479531,0.048677474836910616,0.007382272370068747,0.001408857932329255,0,0.015624523162841797,0.0
dns.flags.authoritative,DD11,0,1,DT,0.060285677847213365,0.048677474836910616,0.04997835687479531,0.048677474836910616,0.007382272370068747,0.001408857932329255,0,0.013602018356323242,0.015746355056762695
dns.flags.authoritative,DD11,0,2,DT,0.060285677847213365,0.048677474836910616,0.04997835687479531,0.048677474836910616,0.007382272370068747,0.001408857932329255,0,0.0,0.015628814697265625
dns.flags.authoritative,DD11,0,3,DT,0.060285677847213365,0.048677474836910616,0.04997835687479531,0.048677474836910616,0.007382272370068747,0.001408857932329255,0,0.015640735626220703,0.0
dns.flags.authoritative,DD11,0,4,DT,0.060285677847213365,0.048677474836910616,0.04997835687479531,0.048677474836910616,0.007382272370068747,0.001408857932329255,0,0.0,0.01563739776611328
