Feature,Dataset,T,CV,ML,Acc,b_Acc,Prec,Rec,F1,kap,ROC,tra-T,test-T
dhcp.option.dhcp_max_message_size,DD11T,0,0,DT,0.03592080128039651,0.06158793837827139,0.089813360991346,0.06158793837827139,0.024242892924615362,0.007905848017941142,0,0.01160430908203125,0.015731096267700195
dhcp.option.dhcp_max_message_size,DD11T,0,1,DT,0.03592080128039651,0.06158793837827139,0.089813360991346,0.06158793837827139,0.024242892924615362,0.007905848017941142,0,0.0011074542999267578,0.015105962753295898
dhcp.option.dhcp_max_message_size,DD11T,0,2,DT,0.03592080128039651,0.06158793837827139,0.089813360991346,0.06158793837827139,0.024242892924615362,0.007905848017941142,0,0.015630006790161133,0.0
dhcp.option.dhcp_max_message_size,DD11T,0,3,DT,0.03592080128039651,0.06158793837827139,0.089813360991346,0.06158793837827139,0.024242892924615362,0.007905848017941142,0,0.0,0.015624284744262695
dhcp.option.dhcp_max_message_size,DD11T,0,4,DT,0.03592080128039651,0.06158793837827139,0.089813360991346,0.06158793837827139,0.024242892924615362,0.007905848017941142,0,0.01621699333190918,0.0
