Feature,Dataset,T,CV,ML,Acc,b_Acc,Prec,Rec,F1,kap,ROC,tra-T,test-T
eapol.keydes.key_len,DD22T,0,0,DT,0.06923623112683037,0.057766174581669105,0.05846171589713446,0.057766174581669105,0.022336790748685276,0.006430500829002539,0,0.01624464988708496,0.0
eapol.keydes.key_len,DD22T,0,1,DT,0.06923623112683037,0.057766174581669105,0.05846171589713446,0.057766174581669105,0.022336790748685276,0.006430500829002539,0,0.01562190055847168,0.015633583068847656
eapol.keydes.key_len,DD22T,0,2,DT,0.06923623112683037,0.057766174581669105,0.05846171589713446,0.057766174581669105,0.022336790748685276,0.006430500829002539,0,0.015633583068847656,0.0
eapol.keydes.key_len,DD22T,0,3,DT,0.06923623112683037,0.057766174581669105,0.05846171589713446,0.057766174581669105,0.022336790748685276,0.006430500829002539,0,0.0,0.015629053115844727
eapol.keydes.key_len,DD22T,0,4,DT,0.06923623112683037,0.057766174581669105,0.05846171589713446,0.057766174581669105,0.022336790748685276,0.006430500829002539,0,0.015734195709228516,0.0
