Feature,Dataset,T,CV,ML,Acc,b_Acc,Prec,Rec,F1,kap,ROC,tra-T,test-T
eth.ig,DD21,0,0,DT,0.057008034689452876,0.046413817188240926,0.0037356072889157634,0.046413817188240926,0.006786996477058972,-0.0001983867654160587,0,0.009217500686645508,0.011377334594726562
eth.ig,DD21,0,1,DT,0.057008034689452876,0.046413817188240926,0.0037356072889157634,0.046413817188240926,0.006786996477058972,-0.0001983867654160587,0,0.00990152359008789,0.01011347770690918
eth.ig,DD21,0,2,DT,0.057008034689452876,0.046413817188240926,0.0037356072889157634,0.046413817188240926,0.006786996477058972,-0.0001983867654160587,0,0.013425827026367188,0.01226043701171875
eth.ig,DD21,0,3,DT,0.057008034689452876,0.046413817188240926,0.0037356072889157634,0.046413817188240926,0.006786996477058972,-0.0001983867654160587,0,0.013710975646972656,0.009608745574951172
eth.ig,DD21,0,4,DT,0.057008034689452876,0.046413817188240926,0.0037356072889157634,0.046413817188240926,0.006786996477058972,-0.0001983867654160587,0,0.01374363899230957,0.012104272842407227
