Feature,Dataset,T,CV,ML,Acc,b_Acc,Prec,Rec,F1,kap,ROC,tra-T,test-T
tls.alert_message,DD21,0,0,DT,0.059775538834332356,0.04770206773427427,0.006713410923474822,0.04770206773427427,0.005626611930657155,0.0001100521973538271,0,0.012082338333129883,0.014222145080566406
tls.alert_message,DD21,0,1,DT,0.059775538834332356,0.04770206773427427,0.006713410923474822,0.04770206773427427,0.005626611930657155,0.0001100521973538271,0,0.012103557586669922,0.015718698501586914
tls.alert_message,DD21,0,2,DT,0.059775538834332356,0.04770206773427427,0.006713410923474822,0.04770206773427427,0.005626611930657155,0.0001100521973538271,0,0.01199650764465332,0.01611185073852539
tls.alert_message,DD21,0,3,DT,0.059775538834332356,0.04770206773427427,0.006713410923474822,0.04770206773427427,0.005626611930657155,0.0001100521973538271,0,0.01600360870361328,0.01210927963256836
tls.alert_message,DD21,0,4,DT,0.059775538834332356,0.04770206773427427,0.006713410923474822,0.04770206773427427,0.005626611930657155,0.0001100521973538271,0,0.014188766479492188,0.011584281921386719
