Feature,Dataset,T,CV,ML,Acc,b_Acc,Prec,Rec,F1,kap,ROC,tra-T,test-T
tcp.flags.res,DD22T,0,0,DT,0.0826467317765899,0.08055712403538491,0.0073193784981232315,0.08055712403538491,0.013369881852743166,0.035392809956766635,0,0.015619039535522461,0.015548229217529297
tcp.flags.res,DD22T,0,1,DT,0.0826467317765899,0.08055712403538491,0.0073193784981232315,0.08055712403538491,0.013369881852743166,0.035392809956766635,0,0.0,0.015729427337646484
tcp.flags.res,DD22T,0,2,DT,0.0826467317765899,0.08055712403538491,0.0073193784981232315,0.08055712403538491,0.013369881852743166,0.035392809956766635,0,0.015567779541015625,0.015694618225097656
tcp.flags.res,DD22T,0,3,DT,0.0826467317765899,0.08055712403538491,0.0073193784981232315,0.08055712403538491,0.013369881852743166,0.035392809956766635,0,0.015734434127807617,0.0
tcp.flags.res,DD22T,0,4,DT,0.0826467317765899,0.08055712403538491,0.0073193784981232315,0.08055712403538491,0.013369881852743166,0.035392809956766635,0,0.00761103630065918,0.015726327896118164
