Feature,Dataset,T,CV,ML,Acc,b_Acc,Prec,Rec,F1,kap,ROC,tra-T,test-T
udp.stream,DD22,0,0,DT,0.07231767850324551,0.056104242880583396,0.02960268315377467,0.056104242880583396,0.01770243517419794,0.012090976524784192,0,0.046866416931152344,0.0
udp.stream,DD22,0,1,DT,0.07231767850324551,0.056104242880583396,0.02960268315377467,0.056104242880583396,0.01770243517419794,0.012090976524784192,0,0.04745888710021973,0.0
udp.stream,DD22,0,2,DT,0.07231767850324551,0.056104242880583396,0.02960268315377467,0.056104242880583396,0.01770243517419794,0.012090976524784192,0,0.046881914138793945,0.015616416931152344
udp.stream,DD22,0,3,DT,0.07231767850324551,0.056104242880583396,0.02960268315377467,0.056104242880583396,0.01770243517419794,0.012090976524784192,0,0.0474553108215332,0.015644073486328125
udp.stream,DD22,0,4,DT,0.07231767850324551,0.056104242880583396,0.02960268315377467,0.056104242880583396,0.01770243517419794,0.012090976524784192,0,0.05347394943237305,0.009599924087524414
