Feature,Dataset,T,CV,ML,Acc,b_Acc,Prec,Rec,F1,kap,ROC,tra-T,test-T
tcp.options.timestamp.tsecr,DD21,0,0,DT,0.07303915316923862,0.06815640238464889,0.03991247135893298,0.06815640238464889,0.041785811985586924,0.01877917324758316,0,0.06309723854064941,0.015642166137695312
tcp.options.timestamp.tsecr,DD21,0,1,DT,0.07303915316923862,0.06815640238464889,0.03991247135893298,0.06815640238464889,0.041785811985586924,0.01877917324758316,0,0.0787200927734375,0.0
tcp.options.timestamp.tsecr,DD21,0,2,DT,0.07303915316923862,0.06815640238464889,0.03991247135893298,0.06815640238464889,0.041785811985586924,0.01877917324758316,0,0.07872533798217773,0.01576995849609375
tcp.options.timestamp.tsecr,DD21,0,3,DT,0.07303915316923862,0.06815640238464889,0.03991247135893298,0.06815640238464889,0.041785811985586924,0.01877917324758316,0,0.07873034477233887,0.015542030334472656
tcp.options.timestamp.tsecr,DD21,0,4,DT,0.07303915316923862,0.06815640238464889,0.03991247135893298,0.06815640238464889,0.041785811985586924,0.01877917324758316,0,0.0717158317565918,0.01562047004699707
