Feature,Dataset,T,CV,ML,Acc,b_Acc,Prec,Rec,F1,kap,ROC,tra-T,test-T
tcp.fin_retransmission,DD22,0,0,DT,0.05956471935853379,0.047674483064471425,0.05045261278953126,0.047674483064471425,0.005459589823658976,6.7990806058571e-05,0,0.015538692474365234,0.0
tcp.fin_retransmission,DD22,0,1,DT,0.05956471935853379,0.047674483064471425,0.05045261278953126,0.047674483064471425,0.005459589823658976,6.7990806058571e-05,0,0.0,0.01563262939453125
tcp.fin_retransmission,DD22,0,2,DT,0.05956471935853379,0.047674483064471425,0.05045261278953126,0.047674483064471425,0.005459589823658976,6.7990806058571e-05,0,0.0,0.015624523162841797
tcp.fin_retransmission,DD22,0,3,DT,0.05956471935853379,0.047674483064471425,0.05045261278953126,0.047674483064471425,0.005459589823658976,6.7990806058571e-05,0,0.015553474426269531,0.0
tcp.fin_retransmission,DD22,0,4,DT,0.05956471935853379,0.047674483064471425,0.05045261278953126,0.047674483064471425,0.005459589823658976,6.7990806058571e-05,0,0.015711069107055664,0.0
