Feature,Dataset,T,CV,ML,Acc,b_Acc,Prec,Rec,F1,kap,ROC,tra-T,test-T
udp.time_relative,DD21,0,0,DT,0.1002550695064405,0.08317009624338449,0.1416621221554601,0.08317009624338449,0.05309064229445082,0.04298150226426911,0,0.2363572120666504,0.0
udp.time_relative,DD21,0,1,DT,0.1002550695064405,0.08317009624338449,0.1416621221554601,0.08317009624338449,0.05309064229445082,0.04298150226426911,0,0.23558425903320312,0.0
udp.time_relative,DD21,0,2,DT,0.1002550695064405,0.08317009624338449,0.1416621221554601,0.08317009624338449,0.05309064229445082,0.04298150226426911,0,0.21968340873718262,0.0
udp.time_relative,DD21,0,3,DT,0.1002550695064405,0.08317009624338449,0.1416621221554601,0.08317009624338449,0.05309064229445082,0.04298150226426911,0,0.23626446723937988,0.015628814697265625
udp.time_relative,DD21,0,4,DT,0.1002550695064405,0.08317009624338449,0.1416621221554601,0.08317009624338449,0.05309064229445082,0.04298150226426911,0,0.22015953063964844,0.015617132186889648
