Feature,Dataset,T,CV,ML,Acc,b_Acc,Prec,Rec,F1,kap,ROC,tra-T,test-T
tcp.options.sack.dsack,DD11T,0,0,DT,0.028292632557179,0.04758866392962801,0.011924985788622151,0.04758866392962801,0.0027677314798545388,2.3362892297651427e-05,0,0.015630245208740234,0.0
tcp.options.sack.dsack,DD11T,0,1,DT,0.028292632557179,0.04758866392962801,0.011924985788622151,0.04758866392962801,0.0027677314798545388,2.3362892297651427e-05,0,0.0,0.01563739776611328
tcp.options.sack.dsack,DD11T,0,2,DT,0.028292632557179,0.04758866392962801,0.011924985788622151,0.04758866392962801,0.0027677314798545388,2.3362892297651427e-05,0,0.03134870529174805,0.015621423721313477
tcp.options.sack.dsack,DD11T,0,3,DT,0.028292632557179,0.04758866392962801,0.011924985788622151,0.04758866392962801,0.0027677314798545388,2.3362892297651427e-05,0,0.01562952995300293,0.016885042190551758
tcp.options.sack.dsack,DD11T,0,4,DT,0.028292632557179,0.04758866392962801,0.011924985788622151,0.04758866392962801,0.0027677314798545388,2.3362892297651427e-05,0,0.015738248825073242,0.015530824661254883
