Feature,Dataset,T,CV,ML,Acc,b_Acc,Prec,Rec,F1,kap,ROC,tra-T,test-T
dhcp.secs,DD12T,0,0,DT,0.07102844751923176,0.06282214971390741,0.04713388221424855,0.06282214971390741,0.02828333143626887,0.009202617557197201,0,0.010531187057495117,0.009513616561889648
dhcp.secs,DD12T,0,1,DT,0.07102844751923176,0.06282214971390741,0.04713388221424855,0.06282214971390741,0.02828333143626887,0.009202617557197201,0,0.008944034576416016,0.011782407760620117
dhcp.secs,DD12T,0,2,DT,0.07102844751923176,0.06282214971390741,0.04713388221424855,0.06282214971390741,0.02828333143626887,0.009202617557197201,0,0.009516716003417969,0.005608558654785156
dhcp.secs,DD12T,0,3,DT,0.07102844751923176,0.06282214971390741,0.04713388221424855,0.06282214971390741,0.02828333143626887,0.009202617557197201,0,0.013799905776977539,0.012343645095825195
dhcp.secs,DD12T,0,4,DT,0.07102844751923176,0.06282214971390741,0.04713388221424855,0.06282214971390741,0.02828333143626887,0.009202617557197201,0,0.011835813522338867,0.010200262069702148
