Feature,Dataset,T,CV,ML,Acc,b_Acc,Prec,Rec,F1,kap,ROC,tra-T,test-T
http.time,DD21,0,0,DT,0.06298941461548271,0.05036755519796025,0.05606071449553797,0.05036755519796025,0.01073275920198594,0.0035394928168586137,0,0.015727519989013672,0.015639543533325195
http.time,DD21,0,1,DT,0.06298941461548271,0.05036755519796025,0.05606071449553797,0.05036755519796025,0.01073275920198594,0.0035394928168586137,0,0.016230106353759766,0.0
http.time,DD21,0,2,DT,0.06298941461548271,0.05036755519796025,0.05606071449553797,0.05036755519796025,0.01073275920198594,0.0035394928168586137,0,0.01562047004699707,0.015627384185791016
http.time,DD21,0,3,DT,0.06298941461548271,0.05036755519796025,0.05606071449553797,0.05036755519796025,0.01073275920198594,0.0035394928168586137,0,0.025223255157470703,0.006611347198486328
http.time,DD21,0,4,DT,0.06298941461548271,0.05036755519796025,0.05606071449553797,0.05036755519796025,0.01073275920198594,0.0035394928168586137,0,0.015624046325683594,0.015629053115844727
