Feature,Dataset,T,CV,ML,Acc,b_Acc,Prec,Rec,F1,kap,ROC,tra-T,test-T
tcp.options.wscale.shift,DD22T,0,0,DT,0.0796323834786919,0.059958260203829855,0.31561767547417036,0.059958260203829855,0.02824269518449406,0.01683934469144832,0,0.015627145767211914,0.0
tcp.options.wscale.shift,DD22T,0,1,DT,0.0796323834786919,0.059958260203829855,0.31561767547417036,0.059958260203829855,0.02824269518449406,0.01683934469144832,0,0.015614748001098633,0.016154766082763672
tcp.options.wscale.shift,DD22T,0,2,DT,0.0796323834786919,0.059958260203829855,0.31561767547417036,0.059958260203829855,0.02824269518449406,0.01683934469144832,0,0.015620231628417969,0.0
tcp.options.wscale.shift,DD22T,0,3,DT,0.0796323834786919,0.059958260203829855,0.31561767547417036,0.059958260203829855,0.02824269518449406,0.01683934469144832,0,0.0,0.015734434127807617
tcp.options.wscale.shift,DD22T,0,4,DT,0.0796323834786919,0.059958260203829855,0.31561767547417036,0.059958260203829855,0.02824269518449406,0.01683934469144832,0,0.016724348068237305,0.0
