Feature,Dataset,T,CV,ML,Acc,b_Acc,Prec,Rec,F1,kap,ROC,tra-T,test-T
stun.length,DD22T,0,0,DT,0.0643328912289163,0.04850743812006267,0.016358903421551056,0.04850743812006267,0.007368284641550303,0.0010101637763845206,0,0.015631437301635742,0.015624523162841797
stun.length,DD22T,0,1,DT,0.0643328912289163,0.04850743812006267,0.016358903421551056,0.04850743812006267,0.007368284641550303,0.0010101637763845206,0,0.01360630989074707,0.015737295150756836
stun.length,DD22T,0,2,DT,0.0643328912289163,0.04850743812006267,0.016358903421551056,0.04850743812006267,0.007368284641550303,0.0010101637763845206,0,0.01562952995300293,0.015587091445922852
stun.length,DD22T,0,3,DT,0.0643328912289163,0.04850743812006267,0.016358903421551056,0.04850743812006267,0.007368284641550303,0.0010101637763845206,0,0.015737533569335938,0.015625953674316406
stun.length,DD22T,0,4,DT,0.0643328912289163,0.04850743812006267,0.016358903421551056,0.04850743812006267,0.007368284641550303,0.0010101637763845206,0,0.015616416931152344,0.0
