Feature,Dataset,T,CV,ML,Acc,b_Acc,Prec,Rec,F1,kap,ROC,tra-T,test-T
ip.opt.len,DD11T,0,0,DT,0.0693246940988177,0.0901879303911507,0.06864974607658958,0.0901879303911507,0.04583356581879515,0.04022016376311632,0,0.015634775161743164,0.0
ip.opt.len,DD11T,0,1,DT,0.0693246940988177,0.0901879303911507,0.06864974607658958,0.0901879303911507,0.04583356581879515,0.04022016376311632,0,0.0,0.015766382217407227
ip.opt.len,DD11T,0,2,DT,0.0693246940988177,0.0901879303911507,0.06864974607658958,0.0901879303911507,0.04583356581879515,0.04022016376311632,0,0.015692949295043945,0.0
ip.opt.len,DD11T,0,3,DT,0.0693246940988177,0.0901879303911507,0.06864974607658958,0.0901879303911507,0.04583356581879515,0.04022016376311632,0,0.015705347061157227,0.015626907348632812
ip.opt.len,DD11T,0,4,DT,0.0693246940988177,0.0901879303911507,0.06864974607658958,0.0901879303911507,0.04583356581879515,0.04022016376311632,0,0.015692710876464844,0.01718616485595703
