Feature,Dataset,T,CV,ML,Acc,b_Acc,Prec,Rec,F1,kap,ROC,tra-T,test-T
tls.handshake.comp_methods_length,DD12,0,0,DT,0.059844724449535446,0.047887128162357524,0.006753245266592441,0.047887128162357524,0.005871491005352015,0.00035852916223710896,0,0.009714365005493164,0.010239124298095703
tls.handshake.comp_methods_length,DD12,0,1,DT,0.059844724449535446,0.047887128162357524,0.006753245266592441,0.047887128162357524,0.005871491005352015,0.00035852916223710896,0,0.005615711212158203,0.009922027587890625
tls.handshake.comp_methods_length,DD12,0,2,DT,0.059844724449535446,0.047887128162357524,0.006753245266592441,0.047887128162357524,0.005871491005352015,0.00035852916223710896,0,0.0106964111328125,0.009219169616699219
tls.handshake.comp_methods_length,DD12,0,3,DT,0.059844724449535446,0.047887128162357524,0.006753245266592441,0.047887128162357524,0.005871491005352015,0.00035852916223710896,0,0.015086889266967773,0.005087614059448242
tls.handshake.comp_methods_length,DD12,0,4,DT,0.059844724449535446,0.047887128162357524,0.006753245266592441,0.047887128162357524,0.005871491005352015,0.00035852916223710896,0,0.00973963737487793,0.010261774063110352
