Feature,Dataset,T,CV,ML,Acc,b_Acc,Prec,Rec,F1,kap,ROC,tra-T,test-T
tls.handshake.ys_len,DD21T,0,0,DT,0.039990354085446725,0.047619047619047616,0.0019043025754974631,0.047619047619047616,0.003662154303675404,0.0,0,0.011014938354492188,0.01035308837890625
tls.handshake.ys_len,DD21T,0,1,DT,0.039990354085446725,0.047619047619047616,0.0019043025754974631,0.047619047619047616,0.003662154303675404,0.0,0,0.007172584533691406,0.009177684783935547
tls.handshake.ys_len,DD21T,0,2,DT,0.039990354085446725,0.047619047619047616,0.0019043025754974631,0.047619047619047616,0.003662154303675404,0.0,0,0.011585474014282227,0.012837409973144531
tls.handshake.ys_len,DD21T,0,3,DT,0.039990354085446725,0.047619047619047616,0.0019043025754974631,0.047619047619047616,0.003662154303675404,0.0,0,0.01216745376586914,0.01102590560913086
tls.handshake.ys_len,DD21T,0,4,DT,0.039990354085446725,0.047619047619047616,0.0019043025754974631,0.047619047619047616,0.003662154303675404,0.0,0,0.012828588485717773,0.01009058952331543
