Feature,Dataset,T,CV,ML,Acc,b_Acc,Prec,Rec,F1,kap,ROC,tra-T,test-T
eth.type,DD21T,0,0,DT,0.04963626863872031,0.06404471571496628,0.04706856424658902,0.06404471571496628,0.02750969797195009,0.01035394431217651,0,0.011895418167114258,0.012350320816040039
eth.type,DD21T,0,1,DT,0.04963626863872031,0.06404471571496628,0.04706856424658902,0.06404471571496628,0.02750969797195009,0.01035394431217651,0,0.009324073791503906,0.009766578674316406
eth.type,DD21T,0,2,DT,0.04963626863872031,0.06404471571496628,0.04706856424658902,0.06404471571496628,0.02750969797195009,0.01035394431217651,0,0.013327598571777344,0.013786554336547852
eth.type,DD21T,0,3,DT,0.04963626863872031,0.06404471571496628,0.04706856424658902,0.06404471571496628,0.02750969797195009,0.01035394431217651,0,0.011275529861450195,0.010741949081420898
eth.type,DD21T,0,4,DT,0.04963626863872031,0.06404471571496628,0.04706856424658902,0.06404471571496628,0.02750969797195009,0.01035394431217651,0,0.011070728302001953,0.011061668395996094
