Feature,Dataset,T,CV,ML,Acc,b_Acc,Prec,Rec,F1,kap,ROC,tra-T,test-T
http.response,DD12T,0,0,DT,0.07771438897206877,0.059374777669186724,0.03153292592987189,0.059374777669186724,0.022894348734690238,0.01604159864234367,0,0.009434938430786133,0.009728193283081055
http.response,DD12T,0,1,DT,0.07771438897206877,0.059374777669186724,0.03153292592987189,0.059374777669186724,0.022894348734690238,0.01604159864234367,0,0.00990152359008789,0.009980440139770508
http.response,DD12T,0,2,DT,0.07771438897206877,0.059374777669186724,0.03153292592987189,0.059374777669186724,0.022894348734690238,0.01604159864234367,0,0.009710550308227539,0.01023411750793457
http.response,DD12T,0,3,DT,0.07771438897206877,0.059374777669186724,0.03153292592987189,0.059374777669186724,0.022894348734690238,0.01604159864234367,0,0.015058755874633789,0.004805564880371094
http.response,DD12T,0,4,DT,0.07771438897206877,0.059374777669186724,0.03153292592987189,0.059374777669186724,0.022894348734690238,0.01604159864234367,0,0.01015782356262207,0.010179281234741211
