Feature,Dataset,T,CV,ML,Acc,b_Acc,Prec,Rec,F1,kap,ROC,tra-T,test-T
stun.att.port,DD22T,0,0,DT,0.06343528529132002,0.047619047619047616,0.003020727871015239,0.047619047619047616,0.0056810751209703065,0.0,0,0.0,0.015629291534423828
stun.att.port,DD22T,0,1,DT,0.06343528529132002,0.047619047619047616,0.003020727871015239,0.047619047619047616,0.0056810751209703065,0.0,0,0.006613492965698242,0.0
stun.att.port,DD22T,0,2,DT,0.06343528529132002,0.047619047619047616,0.003020727871015239,0.047619047619047616,0.0056810751209703065,0.0,0,0.015636205673217773,0.006602287292480469
stun.att.port,DD22T,0,3,DT,0.06343528529132002,0.047619047619047616,0.003020727871015239,0.047619047619047616,0.0056810751209703065,0.0,0,0.0,0.01573038101196289
stun.att.port,DD22T,0,4,DT,0.06343528529132002,0.047619047619047616,0.003020727871015239,0.047619047619047616,0.0056810751209703065,0.0,0,0.0,0.015684843063354492
