Feature,Dataset,T,CV,ML,Acc,b_Acc,Prec,Rec,F1,kap,ROC,tra-T,test-T
ntp.precision,DD12T,0,0,DT,0.06714337343177242,0.05132041295351259,0.10560210806237749,0.05132041295351259,0.012620475726844623,0.004878368260368915,0,0.014337778091430664,0.010096311569213867
ntp.precision,DD12T,0,1,DT,0.06714337343177242,0.05132041295351259,0.10560210806237749,0.05132041295351259,0.012620475726844623,0.004878368260368915,0,0.010276317596435547,0.009730339050292969
ntp.precision,DD12T,0,2,DT,0.06714337343177242,0.05132041295351259,0.10560210806237749,0.05132041295351259,0.012620475726844623,0.004878368260368915,0,0.010381937026977539,0.004746675491333008
ntp.precision,DD12T,0,3,DT,0.06714337343177242,0.05132041295351259,0.10560210806237749,0.05132041295351259,0.012620475726844623,0.004878368260368915,0,0.009744882583618164,0.009834527969360352
ntp.precision,DD12T,0,4,DT,0.06714337343177242,0.05132041295351259,0.10560210806237749,0.05132041295351259,0.012620475726844623,0.004878368260368915,0,0.010357856750488281,0.004815816879272461
