Feature,Dataset,T,CV,ML,Acc,b_Acc,Prec,Rec,F1,kap,ROC,tra-T,test-T
ipv6.flow,DD11,0,0,DT,0.05904859074097692,0.047687140936063986,0.004489057747101296,0.047687140936063986,0.007084316573325778,8.52888946574204e-05,0,0.012997150421142578,0.010900020599365234
ipv6.flow,DD11,0,1,DT,0.05904859074097692,0.047687140936063986,0.004489057747101296,0.047687140936063986,0.007084316573325778,8.52888946574204e-05,0,0.010993003845214844,0.010033845901489258
ipv6.flow,DD11,0,2,DT,0.05904859074097692,0.047687140936063986,0.004489057747101296,0.047687140936063986,0.007084316573325778,8.52888946574204e-05,0,0.010999202728271484,0.009963750839233398
ipv6.flow,DD11,0,3,DT,0.05904859074097692,0.047687140936063986,0.004489057747101296,0.047687140936063986,0.007084316573325778,8.52888946574204e-05,0,0.01010584831237793,0.010918855667114258
ipv6.flow,DD11,0,4,DT,0.05904859074097692,0.047687140936063986,0.004489057747101296,0.047687140936063986,0.007084316573325778,8.52888946574204e-05,0,0.015737295150756836,0.0
