Feature,Dataset,T,CV,ML,Acc,b_Acc,Prec,Rec,F1,kap,ROC,tra-T,test-T
udp.time_delta,DD12T,0,0,DT,0.13032422943879396,0.1093883953012839,0.2062919036950077,0.1093883953012839,0.08243596163677396,0.07603777707724224,0,0.05105471611022949,0.013039588928222656
udp.time_delta,DD12T,0,1,DT,0.13032422943879396,0.1093883953012839,0.2062919036950077,0.1093883953012839,0.08243596163677396,0.07603777707724224,0,0.04949164390563965,0.01566767692565918
udp.time_delta,DD12T,0,2,DT,0.13032422943879396,0.1093883953012839,0.2062919036950077,0.1093883953012839,0.08243596163677396,0.07603777707724224,0,0.07479095458984375,0.015235424041748047
udp.time_delta,DD12T,0,3,DT,0.13032422943879396,0.1093883953012839,0.2062919036950077,0.1093883953012839,0.08243596163677396,0.07603777707724224,0,0.05609440803527832,0.009898185729980469
udp.time_delta,DD12T,0,4,DT,0.13032422943879396,0.1093883953012839,0.2062919036950077,0.1093883953012839,0.08243596163677396,0.07603777707724224,0,0.06106090545654297,0.013848066329956055
