Feature,Dataset,T,CV,ML,Acc,b_Acc,Prec,Rec,F1,kap,ROC,tra-T,test-T
dhcp.flags.bc,DD22,0,0,DT,0.07826142293496245,0.06624157829541677,0.04842013370038142,0.06624157829541677,0.03201242164702195,0.020183211574507642,0,0.01562952995300293,0.008111000061035156
dhcp.flags.bc,DD22,0,1,DT,0.07826142293496245,0.06624157829541677,0.04842013370038142,0.06624157829541677,0.03201242164702195,0.020183211574507642,0,0.0,0.016207456588745117
dhcp.flags.bc,DD22,0,2,DT,0.07826142293496245,0.06624157829541677,0.04842013370038142,0.06624157829541677,0.03201242164702195,0.020183211574507642,0,0.0,0.015740633010864258
dhcp.flags.bc,DD22,0,3,DT,0.07826142293496245,0.06624157829541677,0.04842013370038142,0.06624157829541677,0.03201242164702195,0.020183211574507642,0,0.007102251052856445,0.015744924545288086
dhcp.flags.bc,DD22,0,4,DT,0.07826142293496245,0.06624157829541677,0.04842013370038142,0.06624157829541677,0.03201242164702195,0.020183211574507642,0,0.015624523162841797,0.0
