Feature,Dataset,T,CV,ML,Acc,b_Acc,Prec,Rec,F1,kap,ROC,tra-T,test-T
tcp.flags.ece,DD11,0,0,DT,0.0998469582961357,0.07884737147073864,0.05753181180996617,0.07884737147073864,0.017512101039240432,0.04195305018104023,0,0.016213178634643555,0.0
tcp.flags.ece,DD11,0,1,DT,0.0998469582961357,0.07884737147073864,0.05753181180996617,0.07884737147073864,0.017512101039240432,0.04195305018104023,0,0.0,0.015749692916870117
tcp.flags.ece,DD11,0,2,DT,0.0998469582961357,0.07884737147073864,0.05753181180996617,0.07884737147073864,0.017512101039240432,0.04195305018104023,0,0.015630245208740234,0.01563262939453125
tcp.flags.ece,DD11,0,3,DT,0.0998469582961357,0.07884737147073864,0.05753181180996617,0.07884737147073864,0.017512101039240432,0.04195305018104023,0,0.0,0.015735149383544922
tcp.flags.ece,DD11,0,4,DT,0.0998469582961357,0.07884737147073864,0.05753181180996617,0.07884737147073864,0.017512101039240432,0.04195305018104023,0,0.0,0.015623331069946289
