Feature,Dataset,T,CV,ML,Acc,b_Acc,Prec,Rec,F1,kap,ROC,tra-T,test-T
ipv6.flow,DD12,0,0,DT,0.06045564464808451,0.04719735349117959,0.004225771206263922,0.04719735349117959,0.0068346321499177225,-0.0005145219702986648,0,0.01505589485168457,0.01464223861694336
ipv6.flow,DD12,0,1,DT,0.06045564464808451,0.04719735349117959,0.004225771206263922,0.04719735349117959,0.0068346321499177225,-0.0005145219702986648,0,0.009943962097167969,0.009905338287353516
ipv6.flow,DD12,0,2,DT,0.06045564464808451,0.04719735349117959,0.004225771206263922,0.04719735349117959,0.0068346321499177225,-0.0005145219702986648,0,0.010086774826049805,0.009942293167114258
ipv6.flow,DD12,0,3,DT,0.06045564464808451,0.04719735349117959,0.004225771206263922,0.04719735349117959,0.0068346321499177225,-0.0005145219702986648,0,0.012444257736206055,0.012015819549560547
ipv6.flow,DD12,0,4,DT,0.06045564464808451,0.04719735349117959,0.004225771206263922,0.04719735349117959,0.0068346321499177225,-0.0005145219702986648,0,0.01056671142578125,0.014342308044433594
