Feature,Dataset,T,CV,ML,Acc,b_Acc,Prec,Rec,F1,kap,ROC,tra-T,test-T
ntp.stratum,DD22,0,0,DT,0.06461753850070001,0.05052620604782933,0.06101798441416129,0.05052620604782933,0.010772702058285047,0.0038296808054738563,0,0.015630483627319336,0.01557469367980957
ntp.stratum,DD22,0,1,DT,0.06461753850070001,0.05052620604782933,0.06101798441416129,0.05052620604782933,0.010772702058285047,0.0038296808054738563,0,0.0,0.015623331069946289
ntp.stratum,DD22,0,2,DT,0.06461753850070001,0.05052620604782933,0.06101798441416129,0.05052620604782933,0.010772702058285047,0.0038296808054738563,0,0.01622486114501953,0.0
ntp.stratum,DD22,0,3,DT,0.06461753850070001,0.05052620604782933,0.06101798441416129,0.05052620604782933,0.010772702058285047,0.0038296808054738563,0,0.015703916549682617,0.015636682510375977
ntp.stratum,DD22,0,4,DT,0.06461753850070001,0.05052620604782933,0.06101798441416129,0.05052620604782933,0.010772702058285047,0.0038296808054738563,0,0.015706539154052734,0.0
