Feature,Dataset,T,CV,ML,Acc,b_Acc,Prec,Rec,F1,kap,ROC,tra-T,test-T
tcp.completeness,DD11,0,0,DT,0.18417293712536667,0.1525819632054844,0.14639378945934176,0.1525819632054844,0.08040514088046716,0.1338900006203887,0,0.016219139099121094,0.014514923095703125
tcp.completeness,DD11,0,1,DT,0.18417293712536667,0.1525819632054844,0.14639378945934176,0.1525819632054844,0.08040514088046716,0.1338900006203887,0,0.012015342712402344,0.01564168930053711
tcp.completeness,DD11,0,2,DT,0.18417293712536667,0.1525819632054844,0.14639378945934176,0.1525819632054844,0.08040514088046716,0.1338900006203887,0,0.01630997657775879,0.015012264251708984
tcp.completeness,DD11,0,3,DT,0.18417293712536667,0.1525819632054844,0.14639378945934176,0.1525819632054844,0.08040514088046716,0.1338900006203887,0,0.0,0.015620231628417969
tcp.completeness,DD11,0,4,DT,0.18417293712536667,0.1525819632054844,0.14639378945934176,0.1525819632054844,0.08040514088046716,0.1338900006203887,0,0.014007329940795898,0.015763044357299805
