Feature,Dataset,T,CV,ML,Acc,b_Acc,Prec,Rec,F1,kap,ROC,tra-T,test-T
dstport_class,DD12,0,0,DT,0.1520936744304442,0.13976797796943471,0.234244348443592,0.13976797796943471,0.11175325793069175,0.09783563952009278,0,0.017124652862548828,0.013080358505249023
dstport_class,DD12,0,1,DT,0.1520936744304442,0.13976797796943471,0.234244348443592,0.13976797796943471,0.11175325793069175,0.09783563952009278,0,0.013887405395507812,0.01088571548461914
dstport_class,DD12,0,2,DT,0.1520936744304442,0.13976797796943471,0.234244348443592,0.13976797796943471,0.11175325793069175,0.09783563952009278,0,0.009255647659301758,0.014750242233276367
dstport_class,DD12,0,3,DT,0.1520936744304442,0.13976797796943471,0.234244348443592,0.13976797796943471,0.11175325793069175,0.09783563952009278,0,0.015366077423095703,0.00973057746887207
dstport_class,DD12,0,4,DT,0.1520936744304442,0.13976797796943471,0.234244348443592,0.13976797796943471,0.11175325793069175,0.09783563952009278,0,0.014541387557983398,0.010219335556030273
