Feature,Dataset,T,CV,ML,Acc,b_Acc,Prec,Rec,F1,kap,ROC,tra-T,test-T
eth.padding,DD11T,0,0,DT,0.05430068666425732,0.07335424796592445,0.029053973338783463,0.07335424796592445,0.02939240234880799,0.0259072430810825,0,0.01764655113220215,0.014087438583374023
eth.padding,DD11T,0,1,DT,0.05430068666425732,0.07335424796592445,0.029053973338783463,0.07335424796592445,0.02939240234880799,0.0259072430810825,0,0.015670299530029297,0.0
eth.padding,DD11T,0,2,DT,0.05430068666425732,0.07335424796592445,0.029053973338783463,0.07335424796592445,0.02939240234880799,0.0259072430810825,0,0.016028404235839844,0.0
eth.padding,DD11T,0,3,DT,0.05430068666425732,0.07335424796592445,0.029053973338783463,0.07335424796592445,0.02939240234880799,0.0259072430810825,0,0.015642404556274414,0.0
eth.padding,DD11T,0,4,DT,0.05430068666425732,0.07335424796592445,0.029053973338783463,0.07335424796592445,0.02939240234880799,0.0259072430810825,0,0.0,0.023143768310546875
