Feature,Dataset,T,CV,ML,Acc,b_Acc,Prec,Rec,F1,kap,ROC,tra-T,test-T
eth.lg,DD11,0,0,DT,0.05904859074097692,0.047687140936063986,0.004047229070523408,0.047687140936063986,0.00692056137276565,8.074244274924869e-05,0,0.010239362716674805,0.00978398323059082
eth.lg,DD11,0,1,DT,0.05904859074097692,0.047687140936063986,0.004047229070523408,0.047687140936063986,0.00692056137276565,8.074244274924869e-05,0,0.014687061309814453,0.020430803298950195
eth.lg,DD11,0,2,DT,0.05904859074097692,0.047687140936063986,0.004047229070523408,0.047687140936063986,0.00692056137276565,8.074244274924869e-05,0,0.015623807907104492,0.021749258041381836
eth.lg,DD11,0,3,DT,0.05904859074097692,0.047687140936063986,0.004047229070523408,0.047687140936063986,0.00692056137276565,8.074244274924869e-05,0,0.0076830387115478516,0.011374711990356445
eth.lg,DD11,0,4,DT,0.05904859074097692,0.047687140936063986,0.004047229070523408,0.047687140936063986,0.00692056137276565,8.074244274924869e-05,0,0.015619277954101562,0.0
