Feature,Dataset,T,CV,ML,Acc,b_Acc,Prec,Rec,F1,kap,ROC,tra-T,test-T
tls.handshake.extensions_server_name_list_len,DD11,0,0,DT,0.062122178293585004,0.04995958076652594,0.11042114613491531,0.04995958076652594,0.009921732056346463,0.002632080007060944,0,0.014628887176513672,0.0
tls.handshake.extensions_server_name_list_len,DD11,0,1,DT,0.062122178293585004,0.04995958076652594,0.11042114613491531,0.04995958076652594,0.009921732056346463,0.002632080007060944,0,0.016293048858642578,0.0
tls.handshake.extensions_server_name_list_len,DD11,0,2,DT,0.062122178293585004,0.04995958076652594,0.11042114613491531,0.04995958076652594,0.009921732056346463,0.002632080007060944,0,0.0,0.01575326919555664
tls.handshake.extensions_server_name_list_len,DD11,0,3,DT,0.062122178293585004,0.04995958076652594,0.11042114613491531,0.04995958076652594,0.009921732056346463,0.002632080007060944,0,0.015265941619873047,0.0
tls.handshake.extensions_server_name_list_len,DD11,0,4,DT,0.062122178293585004,0.04995958076652594,0.11042114613491531,0.04995958076652594,0.009921732056346463,0.002632080007060944,0,0.015627622604370117,0.0
