Feature,Dataset,T,CV,ML,Acc,b_Acc,Prec,Rec,F1,kap,ROC,tra-T,test-T
icmpv6.checksum.status,DD21,0,0,DT,0.05889554903711261,0.04998564921384592,0.0031148068640710147,0.04998564921384592,0.005864075265622234,0.0020166648933727105,0,0.01621389389038086,0.0
icmpv6.checksum.status,DD21,0,1,DT,0.05889554903711261,0.04998564921384592,0.0031148068640710147,0.04998564921384592,0.005864075265622234,0.0020166648933727105,0,0.015625476837158203,0.0
icmpv6.checksum.status,DD21,0,2,DT,0.05889554903711261,0.04998564921384592,0.0031148068640710147,0.04998564921384592,0.005864075265622234,0.0020166648933727105,0,0.0,0.01562952995300293
icmpv6.checksum.status,DD21,0,3,DT,0.05889554903711261,0.04998564921384592,0.0031148068640710147,0.04998564921384592,0.005864075265622234,0.0020166648933727105,0,0.017225027084350586,0.0
icmpv6.checksum.status,DD21,0,4,DT,0.05889554903711261,0.04998564921384592,0.0031148068640710147,0.04998564921384592,0.005864075265622234,0.0020166648933727105,0,0.0,0.01574563980102539
