Feature,Dataset,T,CV,ML,Acc,b_Acc,Prec,Rec,F1,kap,ROC,tra-T,test-T
dhcp.flags,DD21T,0,0,DT,0.0488190453224013,0.06321436374418676,0.04515309005880456,0.06321436374418676,0.026811535154196015,0.009327356741905768,0,0.010131359100341797,0.010279655456542969
dhcp.flags,DD21T,0,1,DT,0.0488190453224013,0.06321436374418676,0.04515309005880456,0.06321436374418676,0.026811535154196015,0.009327356741905768,0,0.009226322174072266,0.010768651962280273
dhcp.flags,DD21T,0,2,DT,0.0488190453224013,0.06321436374418676,0.04515309005880456,0.06321436374418676,0.026811535154196015,0.009327356741905768,0,0.012105464935302734,0.009087562561035156
dhcp.flags,DD21T,0,3,DT,0.0488190453224013,0.06321436374418676,0.04515309005880456,0.06321436374418676,0.026811535154196015,0.009327356741905768,0,0.00870203971862793,0.010673761367797852
dhcp.flags,DD21T,0,4,DT,0.0488190453224013,0.06321436374418676,0.04515309005880456,0.06321436374418676,0.026811535154196015,0.009327356741905768,0,0.008090972900390625,0.014324665069580078
