Feature,Dataset,T,CV,ML,Acc,b_Acc,Prec,Rec,F1,kap,ROC,tra-T,test-T
arp.proto.size,DD11T,0,0,DT,0.028253910888533223,0.047619047619047616,0.0013454243280253916,0.047619047619047616,0.0026169106944855395,0.0,0,0.0,0.015738964080810547
arp.proto.size,DD11T,0,1,DT,0.028253910888533223,0.047619047619047616,0.0013454243280253916,0.047619047619047616,0.0026169106944855395,0.0,0,0.01561880111694336,0.0
arp.proto.size,DD11T,0,2,DT,0.028253910888533223,0.047619047619047616,0.0013454243280253916,0.047619047619047616,0.0026169106944855395,0.0,0,0.016213655471801758,0.0
arp.proto.size,DD11T,0,3,DT,0.028253910888533223,0.047619047619047616,0.0013454243280253916,0.047619047619047616,0.0026169106944855395,0.0,0,0.0,0.016217947006225586
arp.proto.size,DD11T,0,4,DT,0.028253910888533223,0.047619047619047616,0.0013454243280253916,0.047619047619047616,0.0026169106944855395,0.0,0,0.0,0.018227577209472656
