Feature,Dataset,T,CV,ML,Acc,b_Acc,Prec,Rec,F1,kap,ROC,tra-T,test-T
tcp.connection.fin,DD11,0,0,DT,0.06466011988266802,0.051830880234736094,0.010955959674711599,0.051830880234736094,0.011406406185327435,0.005406515062577499,0,0.01680588722229004,0.015032529830932617
tcp.connection.fin,DD11,0,1,DT,0.06466011988266802,0.051830880234736094,0.010955959674711599,0.051830880234736094,0.011406406185327435,0.005406515062577499,0,0.015680313110351562,0.0
tcp.connection.fin,DD11,0,2,DT,0.06466011988266802,0.051830880234736094,0.010955959674711599,0.051830880234736094,0.011406406185327435,0.005406515062577499,0,0.015737056732177734,0.0
tcp.connection.fin,DD11,0,3,DT,0.06466011988266802,0.051830880234736094,0.010955959674711599,0.051830880234736094,0.011406406185327435,0.005406515062577499,0,0.015730619430541992,0.015635251998901367
tcp.connection.fin,DD11,0,4,DT,0.06466011988266802,0.051830880234736094,0.010955959674711599,0.051830880234736094,0.011406406185327435,0.005406515062577499,0,0.015737533569335938,0.0
