Feature,Dataset,T,CV,ML,Acc,b_Acc,Prec,Rec,F1,kap,ROC,tra-T,test-T
eapol.len,DD22T,0,0,DT,0.06618169151829374,0.052442123094297,0.044936414804632105,0.052442123094297,0.014365177423932174,0.003107423665352105,0,0.015703678131103516,0.0
eapol.len,DD22T,0,1,DT,0.06618169151829374,0.052442123094297,0.044936414804632105,0.052442123094297,0.014365177423932174,0.003107423665352105,0,0.015631675720214844,0.0
eapol.len,DD22T,0,2,DT,0.06618169151829374,0.052442123094297,0.044936414804632105,0.052442123094297,0.014365177423932174,0.003107423665352105,0,0.016215085983276367,0.01565241813659668
eapol.len,DD22T,0,3,DT,0.06618169151829374,0.052442123094297,0.044936414804632105,0.052442123094297,0.014365177423932174,0.003107423665352105,0,0.0,0.01562809944152832
eapol.len,DD22T,0,4,DT,0.06618169151829374,0.052442123094297,0.044936414804632105,0.052442123094297,0.014365177423932174,0.003107423665352105,0,0.0,0.015622854232788086
