Feature,Dataset,T,CV,ML,Acc,b_Acc,Prec,Rec,F1,kap,ROC,tra-T,test-T
icmpv6.mldr.nb_mcast_records,DD11T,0,0,DT,0.028253910888533223,0.047619047619047616,0.001345476427117773,0.047619047619047616,0.002617009245012559,-1.3737526933788047e-06,0,0.015674352645874023,0.0
icmpv6.mldr.nb_mcast_records,DD11T,0,1,DT,0.028253910888533223,0.047619047619047616,0.001345476427117773,0.047619047619047616,0.002617009245012559,-1.3737526933788047e-06,0,0.00955057144165039,0.0065593719482421875
icmpv6.mldr.nb_mcast_records,DD11T,0,2,DT,0.028253910888533223,0.047619047619047616,0.001345476427117773,0.047619047619047616,0.002617009245012559,-1.3737526933788047e-06,0,0.015674591064453125,0.0
icmpv6.mldr.nb_mcast_records,DD11T,0,3,DT,0.028253910888533223,0.047619047619047616,0.001345476427117773,0.047619047619047616,0.002617009245012559,-1.3737526933788047e-06,0,0.0,0.015627145767211914
icmpv6.mldr.nb_mcast_records,DD11T,0,4,DT,0.028253910888533223,0.047619047619047616,0.001345476427117773,0.047619047619047616,0.002617009245012559,-1.3737526933788047e-06,0,0.01571059226989746,0.015568256378173828
