Feature,Dataset,T,CV,ML,Acc,b_Acc,Prec,Rec,F1,kap,ROC,tra-T,test-T
tls.handshake.extension.heartbeat.mode,DD22T,0,0,DT,0.06470801012821029,0.048900580062053146,0.027349830489074748,0.048900580062053146,0.008129192081812144,0.0014018207298274188,0,0.01573777198791504,0.01563858985900879
tls.handshake.extension.heartbeat.mode,DD22T,0,1,DT,0.06470801012821029,0.048900580062053146,0.027349830489074748,0.048900580062053146,0.008129192081812144,0.0014018207298274188,0,0.015616893768310547,0.015627384185791016
tls.handshake.extension.heartbeat.mode,DD22T,0,2,DT,0.06470801012821029,0.048900580062053146,0.027349830489074748,0.048900580062053146,0.008129192081812144,0.0014018207298274188,0,0.01570606231689453,0.0
tls.handshake.extension.heartbeat.mode,DD22T,0,3,DT,0.06470801012821029,0.048900580062053146,0.027349830489074748,0.048900580062053146,0.008129192081812144,0.0014018207298274188,0,0.0076105594635009766,0.0
tls.handshake.extension.heartbeat.mode,DD22T,0,4,DT,0.06470801012821029,0.048900580062053146,0.027349830489074748,0.048900580062053146,0.008129192081812144,0.0014018207298274188,0,0.015614986419677734,0.015628814697265625
