Feature,Dataset,T,CV,ML,Acc,b_Acc,Prec,Rec,F1,kap,ROC,tra-T,test-T
arp.isprobe,DD21,0,0,DT,0.05967351103175615,0.047619047619047616,0.0028415957634169596,0.047619047619047616,0.005363153337012693,0.0,0,0.0,0.01562643051147461
arp.isprobe,DD21,0,1,DT,0.05967351103175615,0.047619047619047616,0.0028415957634169596,0.047619047619047616,0.005363153337012693,0.0,0,0.015624761581420898,0.0
arp.isprobe,DD21,0,2,DT,0.05967351103175615,0.047619047619047616,0.0028415957634169596,0.047619047619047616,0.005363153337012693,0.0,0,0.015629291534423828,0.00661158561706543
arp.isprobe,DD21,0,3,DT,0.05967351103175615,0.047619047619047616,0.0028415957634169596,0.047619047619047616,0.005363153337012693,0.0,0,0.015620946884155273,0.0
arp.isprobe,DD21,0,4,DT,0.05967351103175615,0.047619047619047616,0.0028415957634169596,0.047619047619047616,0.005363153337012693,0.0,0,0.0,0.015729904174804688
