Feature,Dataset,T,CV,ML,Acc,b_Acc,Prec,Rec,F1,kap,ROC,tra-T,test-T
ntp.precision,DD21T,0,0,DT,0.048269764077006554,0.054209083267128685,0.1037597355935665,0.054209083267128685,0.016160442249235206,0.008428431425828165,0,0.0,0.015683650970458984
ntp.precision,DD21T,0,1,DT,0.048269764077006554,0.054209083267128685,0.1037597355935665,0.054209083267128685,0.016160442249235206,0.008428431425828165,0,0.01573491096496582,0.01562809944152832
ntp.precision,DD21T,0,2,DT,0.048269764077006554,0.054209083267128685,0.1037597355935665,0.054209083267128685,0.016160442249235206,0.008428431425828165,0,0.015733003616333008,0.0
ntp.precision,DD21T,0,3,DT,0.048269764077006554,0.054209083267128685,0.1037597355935665,0.054209083267128685,0.016160442249235206,0.008428431425828165,0,0.0,0.01573324203491211
ntp.precision,DD21T,0,4,DT,0.048269764077006554,0.054209083267128685,0.1037597355935665,0.054209083267128685,0.016160442249235206,0.008428431425828165,0,0.0051097869873046875,0.01574087142944336
