Feature,Dataset,T,CV,ML,Acc,b_Acc,Prec,Rec,F1,kap,ROC,tra-T,test-T
eth.dst.lg,DD21,0,0,DT,0.05870424690728224,0.0477227424038333,0.00387418542507061,0.0477227424038333,0.006788664806689329,0.0007965647512314655,0,0.0,0.015628337860107422
eth.dst.lg,DD21,0,1,DT,0.05870424690728224,0.0477227424038333,0.00387418542507061,0.0477227424038333,0.006788664806689329,0.0007965647512314655,0,0.0,0.015625715255737305
eth.dst.lg,DD21,0,2,DT,0.05870424690728224,0.0477227424038333,0.00387418542507061,0.0477227424038333,0.006788664806689329,0.0007965647512314655,0,0.015615224838256836,0.01563405990600586
eth.dst.lg,DD21,0,3,DT,0.05870424690728224,0.0477227424038333,0.00387418542507061,0.0477227424038333,0.006788664806689329,0.0007965647512314655,0,0.0,0.015613079071044922
eth.dst.lg,DD21,0,4,DT,0.05870424690728224,0.0477227424038333,0.00387418542507061,0.0477227424038333,0.006788664806689329,0.0007965647512314655,0,0.0,0.015714645385742188
