Feature,Dataset,T,CV,ML,Acc,b_Acc,Prec,Rec,F1,kap,ROC,tra-T,test-T
eth.fcs.status,DD21,0,0,DT,0.05967351103175615,0.047619047619047616,0.0028415957634169596,0.047619047619047616,0.005363153337012693,0.0,0,0.0,0.015619277954101562
eth.fcs.status,DD21,0,1,DT,0.05967351103175615,0.047619047619047616,0.0028415957634169596,0.047619047619047616,0.005363153337012693,0.0,0,0.015630006790161133,0.0
eth.fcs.status,DD21,0,2,DT,0.05967351103175615,0.047619047619047616,0.0028415957634169596,0.047619047619047616,0.005363153337012693,0.0,0,0.015628337860107422,0.0
eth.fcs.status,DD21,0,3,DT,0.05967351103175615,0.047619047619047616,0.0028415957634169596,0.047619047619047616,0.005363153337012693,0.0,0,0.0,0.01872539520263672
eth.fcs.status,DD21,0,4,DT,0.05967351103175615,0.047619047619047616,0.0028415957634169596,0.047619047619047616,0.005363153337012693,0.0,0,0.007616996765136719,0.0
