Feature,Dataset,T,CV,ML,Acc,b_Acc,Prec,Rec,F1,kap,ROC,tra-T,test-T
stun.att.family,DD12T,0,0,DT,0.06272910320615416,0.047619047619047616,0.0029871001526740075,0.047619047619047616,0.005621564599411471,0.0,0,0.015748262405395508,0.0
stun.att.family,DD12T,0,1,DT,0.06272910320615416,0.047619047619047616,0.0029871001526740075,0.047619047619047616,0.005621564599411471,0.0,0,0.0,0.009543895721435547
stun.att.family,DD12T,0,2,DT,0.06272910320615416,0.047619047619047616,0.0029871001526740075,0.047619047619047616,0.005621564599411471,0.0,0,0.004548549652099609,0.015682458877563477
stun.att.family,DD12T,0,3,DT,0.06272910320615416,0.047619047619047616,0.0029871001526740075,0.047619047619047616,0.005621564599411471,0.0,0,0.015619993209838867,0.0
stun.att.family,DD12T,0,4,DT,0.06272910320615416,0.047619047619047616,0.0029871001526740075,0.047619047619047616,0.005621564599411471,0.0,0,0.015697240829467773,0.0
