Feature,Dataset,T,CV,ML,Acc,b_Acc,Prec,Rec,F1,kap,ROC,tra-T,test-T
eth.padding,DD11,0,0,DT,0.09547251626068104,0.08411008411008411,0.05053231993234581,0.08411008411008411,0.046856949525914696,0.03854545223039396,0,0.015516042709350586,0.0
eth.padding,DD11,0,1,DT,0.09547251626068104,0.08411008411008411,0.05053231993234581,0.08411008411008411,0.046856949525914696,0.03854545223039396,0,0.0007512569427490234,0.015910863876342773
eth.padding,DD11,0,2,DT,0.09547251626068104,0.08411008411008411,0.05053231993234581,0.08411008411008411,0.046856949525914696,0.03854545223039396,0,0.016483306884765625,0.0
eth.padding,DD11,0,3,DT,0.09547251626068104,0.08411008411008411,0.05053231993234581,0.08411008411008411,0.046856949525914696,0.03854545223039396,0,0.014137029647827148,0.0027403831481933594
eth.padding,DD11,0,4,DT,0.09547251626068104,0.08411008411008411,0.05053231993234581,0.08411008411008411,0.046856949525914696,0.03854545223039396,0,0.0,0.015639305114746094
