Feature,Dataset,T,CV,ML,Acc,b_Acc,Prec,Rec,F1,kap,ROC,tra-T,test-T
ip.checksum.status,DD22T,0,0,DT,0.06520370295942017,0.04933662828399671,0.004293795714355561,0.04933662828399671,0.007366421789315862,0.0031278304088239173,0,0.015628814697265625,0.0
ip.checksum.status,DD22T,0,1,DT,0.06520370295942017,0.04933662828399671,0.004293795714355561,0.04933662828399671,0.007366421789315862,0.0031278304088239173,0,0.0,0.01563429832458496
ip.checksum.status,DD22T,0,2,DT,0.06520370295942017,0.04933662828399671,0.004293795714355561,0.04933662828399671,0.007366421789315862,0.0031278304088239173,0,0.0,0.015630006790161133
ip.checksum.status,DD22T,0,3,DT,0.06520370295942017,0.04933662828399671,0.004293795714355561,0.04933662828399671,0.007366421789315862,0.0031278304088239173,0,0.015624761581420898,0.0
ip.checksum.status,DD22T,0,4,DT,0.06520370295942017,0.04933662828399671,0.004293795714355561,0.04933662828399671,0.007366421789315862,0.0031278304088239173,0,0.015619516372680664,0.010110139846801758
