Feature,Dataset,T,CV,ML,Acc,b_Acc,Prec,Rec,F1,kap,ROC,tra-T,test-T
tcp.flags.ece,DD21T,0,0,DT,0.0878716021596131,0.07881651981096573,0.05539046021405019,0.07881651981096573,0.01752450766650763,0.03711341796094736,0,0.01126551628112793,0.01789999008178711
tcp.flags.ece,DD21T,0,1,DT,0.0878716021596131,0.07881651981096573,0.05539046021405019,0.07881651981096573,0.01752450766650763,0.03711341796094736,0,0.01563096046447754,0.01561737060546875
tcp.flags.ece,DD21T,0,2,DT,0.0878716021596131,0.07881651981096573,0.05539046021405019,0.07881651981096573,0.01752450766650763,0.03711341796094736,0,0.013245105743408203,0.012908697128295898
tcp.flags.ece,DD21T,0,3,DT,0.0878716021596131,0.07881651981096573,0.05539046021405019,0.07881651981096573,0.01752450766650763,0.03711341796094736,0,0.0040743350982666016,0.01506352424621582
tcp.flags.ece,DD21T,0,4,DT,0.0878716021596131,0.07881651981096573,0.05539046021405019,0.07881651981096573,0.01752450766650763,0.03711341796094736,0,0.013090133666992188,0.011276960372924805
