Feature,Dataset,T,CV,ML,Acc,b_Acc,Prec,Rec,F1,kap,ROC,tra-T,test-T
http.prev_request_in,DD12,0,0,DT,0.059628356879215985,0.04771499592330677,0.022750263094773418,0.04771499592330677,0.005805399851938171,0.00016176446184834603,0,0.01574850082397461,0.01734614372253418
http.prev_request_in,DD12,0,1,DT,0.059628356879215985,0.04771499592330677,0.022750263094773418,0.04771499592330677,0.005805399851938171,0.00016176446184834603,0,0.015535354614257812,0.01711249351501465
http.prev_request_in,DD12,0,2,DT,0.059628356879215985,0.04771499592330677,0.022750263094773418,0.04771499592330677,0.005805399851938171,0.00016176446184834603,0,0.015554428100585938,0.0015416145324707031
http.prev_request_in,DD12,0,3,DT,0.059628356879215985,0.04771499592330677,0.022750263094773418,0.04771499592330677,0.005805399851938171,0.00016176446184834603,0,0.015755653381347656,0.0
http.prev_request_in,DD12,0,4,DT,0.059628356879215985,0.04771499592330677,0.022750263094773418,0.04771499592330677,0.005805399851938171,0.00016176446184834603,0,0.02047133445739746,0.01103520393371582
