Feature,Dataset,T,CV,ML,Acc,b_Acc,Prec,Rec,F1,kap,ROC,tra-T,test-T
Payload_Entropy,DD22,0,0,DT,0.2998981799669085,0.2882270482893551,0.42513594586975756,0.2882270482893551,0.2984334838943436,0.2586239778609143,0,0.12627339363098145,0.03133344650268555
Payload_Entropy,DD22,0,1,DT,0.2998981799669085,0.2882270482893551,0.42513594586975756,0.2882270482893551,0.2984334838943436,0.2586239778609143,0,0.12569808959960938,0.031165599822998047
Payload_Entropy,DD22,0,2,DT,0.2998981799669085,0.2882270482893551,0.42513594586975756,0.2882270482893551,0.2984334838943436,0.2586239778609143,0,0.14124107360839844,0.016210317611694336
Payload_Entropy,DD22,0,3,DT,0.2998981799669085,0.2882270482893551,0.42513594586975756,0.2882270482893551,0.2984334838943436,0.2586239778609143,0,0.14137506484985352,0.015619516372680664
Payload_Entropy,DD22,0,4,DT,0.2998981799669085,0.2882270482893551,0.42513594586975756,0.2882270482893551,0.2984334838943436,0.2586239778609143,0,0.12635540962219238,0.0312809944152832
