Feature,Dataset,T,CV,ML,Acc,b_Acc,Prec,Rec,F1,kap,ROC,tra-T,test-T
stun.length,DD11T,0,0,DT,0.028808921472455985,0.048126427506081274,0.011115661509050053,0.048126427506081274,0.0035907323858494463,0.00045191917171572005,0,0.02172064781188965,0.010107994079589844
stun.length,DD11T,0,1,DT,0.028808921472455985,0.048126427506081274,0.011115661509050053,0.048126427506081274,0.0035907323858494463,0.00045191917171572005,0,0.015620231628417969,0.015591144561767578
stun.length,DD11T,0,2,DT,0.028808921472455985,0.048126427506081274,0.011115661509050053,0.048126427506081274,0.0035907323858494463,0.00045191917171572005,0,0.015611886978149414,0.0
stun.length,DD11T,0,3,DT,0.028808921472455985,0.048126427506081274,0.011115661509050053,0.048126427506081274,0.0035907323858494463,0.00045191917171572005,0,0.015728473663330078,0.015625715255737305
stun.length,DD11T,0,4,DT,0.028808921472455985,0.048126427506081274,0.011115661509050053,0.048126427506081274,0.0035907323858494463,0.00045191917171572005,0,0.018720626831054688,0.0
