Feature,Dataset,T,CV,ML,Acc,b_Acc,Prec,Rec,F1,kap,ROC,tra-T,test-T
tcp.nxtseq,DD12T,0,0,DT,0.23937735556817596,0.2684928215859963,0.3241937479764288,0.2684928215859963,0.2405243728461508,0.20500804785796856,0,0.3701014518737793,0.025492191314697266
tcp.nxtseq,DD12T,0,1,DT,0.23937735556817596,0.2684928215859963,0.3241937479764288,0.2684928215859963,0.2405243728461508,0.20500804785796856,0,0.31037139892578125,0.03456568717956543
tcp.nxtseq,DD12T,0,2,DT,0.23937735556817596,0.2684928215859963,0.3241937479764288,0.2684928215859963,0.2405243728461508,0.20500804785796856,0,0.3702530860900879,0.024890899658203125
tcp.nxtseq,DD12T,0,3,DT,0.23937735556817596,0.2684928215859963,0.3241937479764288,0.2684928215859963,0.2405243728461508,0.20500804785796856,0,0.3294548988342285,0.025170564651489258
tcp.nxtseq,DD12T,0,4,DT,0.23937735556817596,0.2684928215859963,0.3241937479764288,0.2684928215859963,0.2405243728461508,0.20500804785796856,0,0.325411319732666,0.03315472602844238
