Feature,Dataset,T,CV,ML,Acc,b_Acc,Prec,Rec,F1,kap,ROC,tra-T,test-T
Payload_Entropy,DD12T,0,0,DT,0.2944782900511126,0.2873553226451595,0.39011750345526497,0.2873553226451595,0.30007808514328077,0.2530292015918888,0,0.12638044357299805,0.015626907348632812
Payload_Entropy,DD12T,0,1,DT,0.2944782900511126,0.2873553226451595,0.39011750345526497,0.2873553226451595,0.30007808514328077,0.2530292015918888,0,0.1442430019378662,0.013108491897583008
Payload_Entropy,DD12T,0,2,DT,0.2944782900511126,0.2873553226451595,0.39011750345526497,0.2873553226451595,0.30007808514328077,0.2530292015918888,0,0.14210271835327148,0.031232118606567383
Payload_Entropy,DD12T,0,3,DT,0.2944782900511126,0.2873553226451595,0.39011750345526497,0.2873553226451595,0.30007808514328077,0.2530292015918888,0,0.13883185386657715,0.015622138977050781
Payload_Entropy,DD12T,0,4,DT,0.2944782900511126,0.2873553226451595,0.39011750345526497,0.2873553226451595,0.30007808514328077,0.2530292015918888,0,0.14127826690673828,0.017235279083251953
