Feature,Dataset,T,CV,ML,Acc,b_Acc,Prec,Rec,F1,kap,ROC,tra-T,test-T
dns.retransmit_response,DD22,0,0,DT,0.059526536846124474,0.04763893861638222,0.014738435278900135,0.04763893861638222,0.005388756269875762,2.6909731996593855e-05,0,0.0,0.015730619430541992
dns.retransmit_response,DD22,0,1,DT,0.059526536846124474,0.04763893861638222,0.014738435278900135,0.04763893861638222,0.005388756269875762,2.6909731996593855e-05,0,0.0,0.015621662139892578
dns.retransmit_response,DD22,0,2,DT,0.059526536846124474,0.04763893861638222,0.014738435278900135,0.04763893861638222,0.005388756269875762,2.6909731996593855e-05,0,0.012604713439941406,0.01572704315185547
dns.retransmit_response,DD22,0,3,DT,0.059526536846124474,0.04763893861638222,0.014738435278900135,0.04763893861638222,0.005388756269875762,2.6909731996593855e-05,0,0.0,0.019722700119018555
dns.retransmit_response,DD22,0,4,DT,0.059526536846124474,0.04763893861638222,0.014738435278900135,0.04763893861638222,0.005388756269875762,2.6909731996593855e-05,0,0.0,0.015643835067749023
