Feature,Dataset,T,CV,ML,Acc,b_Acc,Prec,Rec,F1,kap,ROC,tra-T,test-T
tls.handshake.extensions_server_name_type,DD11T,0,0,DT,0.028460426454644017,0.04718094240856652,0.01589501246002145,0.04718094240856652,0.004886633092644765,0.00014110129841848895,0,0.0,0.015630483627319336
tls.handshake.extensions_server_name_type,DD11T,0,1,DT,0.028460426454644017,0.04718094240856652,0.01589501246002145,0.04718094240856652,0.004886633092644765,0.00014110129841848895,0,0.0,0.01874399185180664
tls.handshake.extensions_server_name_type,DD11T,0,2,DT,0.028460426454644017,0.04718094240856652,0.01589501246002145,0.04718094240856652,0.004886633092644765,0.00014110129841848895,0,0.01610398292541504,0.015737056732177734
tls.handshake.extensions_server_name_type,DD11T,0,3,DT,0.028460426454644017,0.04718094240856652,0.01589501246002145,0.04718094240856652,0.004886633092644765,0.00014110129841848895,0,0.015609264373779297,0.015639066696166992
tls.handshake.extensions_server_name_type,DD11T,0,4,DT,0.028460426454644017,0.04718094240856652,0.01589501246002145,0.04718094240856652,0.004886633092644765,0.00014110129841848895,0,0.015631914138793945,0.016208171844482422
