Feature,Dataset,T,CV,ML,Acc,b_Acc,Prec,Rec,F1,kap,ROC,tra-T,test-T
eth.src.oui,DD22T,0,0,DT,0.9251771766943987,0.9047619047619048,0.8685711996512451,0.9047619047619048,0.8823437214630826,0.9209173030125821,0,0.031242847442626953,0.01554107666015625
eth.src.oui,DD22T,0,1,DT,0.9251771766943987,0.9047619047619048,0.8685711996512451,0.9047619047619048,0.8823437214630826,0.9209173030125821,0,0.02733445167541504,0.015635251998901367
eth.src.oui,DD22T,0,2,DT,0.9251771766943987,0.9047619047619048,0.8685711996512451,0.9047619047619048,0.8823437214630826,0.9209173030125821,0,0.031900882720947266,0.01572561264038086
eth.src.oui,DD22T,0,3,DT,0.9251771766943987,0.9047619047619048,0.8685711996512451,0.9047619047619048,0.8823437214630826,0.9209173030125821,0,0.03125166893005371,0.01563262939453125
eth.src.oui,DD22T,0,4,DT,0.9251771766943987,0.9047619047619048,0.8685711996512451,0.9047619047619048,0.8823437214630826,0.9209173030125821,0,0.031853437423706055,0.015746116638183594
