Feature,Dataset,T,CV,ML,Acc,b_Acc,Prec,Rec,F1,kap,ROC,tra-T,test-T
stun.att.transp,DD22T,0,0,DT,0.06343528529132002,0.047619047619047616,0.003020727871015239,0.047619047619047616,0.0056810751209703065,0.0,0,0.015627622604370117,0.01562952995300293
stun.att.transp,DD22T,0,1,DT,0.06343528529132002,0.047619047619047616,0.003020727871015239,0.047619047619047616,0.0056810751209703065,0.0,0,0.0,0.015547990798950195
stun.att.transp,DD22T,0,2,DT,0.06343528529132002,0.047619047619047616,0.003020727871015239,0.047619047619047616,0.0056810751209703065,0.0,0,0.0,0.015633821487426758
stun.att.transp,DD22T,0,3,DT,0.06343528529132002,0.047619047619047616,0.003020727871015239,0.047619047619047616,0.0056810751209703065,0.0,0,0.0,0.015622138977050781
stun.att.transp,DD22T,0,4,DT,0.06343528529132002,0.047619047619047616,0.003020727871015239,0.047619047619047616,0.0056810751209703065,0.0,0,0.015523433685302734,0.0
