Feature,Dataset,T,CV,ML,Acc,b_Acc,Prec,Rec,F1,kap,ROC,tra-T,test-T
tcp.options.sack_perm,DD21,0,0,DT,0.06624155082259915,0.052931060368852124,0.013639901056451263,0.052931060368852124,0.013089340697542426,0.0070093296573756625,0,0.01172494888305664,0.011998891830444336
tcp.options.sack_perm,DD21,0,1,DT,0.06624155082259915,0.052931060368852124,0.013639901056451263,0.052931060368852124,0.013089340697542426,0.0070093296573756625,0,0.011995315551757812,0.011884212493896484
tcp.options.sack_perm,DD21,0,2,DT,0.06624155082259915,0.052931060368852124,0.013639901056451263,0.052931060368852124,0.013089340697542426,0.0070093296573756625,0,0.012009143829345703,0.00878763198852539
tcp.options.sack_perm,DD21,0,3,DT,0.06624155082259915,0.052931060368852124,0.013639901056451263,0.052931060368852124,0.013089340697542426,0.0070093296573756625,0,0.008000373840332031,0.011486053466796875
tcp.options.sack_perm,DD21,0,4,DT,0.06624155082259915,0.052931060368852124,0.013639901056451263,0.052931060368852124,0.013089340697542426,0.0070093296573756625,0,0.009998083114624023,0.011394262313842773
