Feature,Dataset,T,CV,ML,Acc,b_Acc,Prec,Rec,F1,kap,ROC,tra-T,test-T
tcp.nxtseq,DD21,0,0,DT,0.2675296518301237,0.27200523008072974,0.3272155895243642,0.27200523008072974,0.23863645752955392,0.2258598574190266,0,0.1963198184967041,0.02384328842163086
tcp.nxtseq,DD21,0,1,DT,0.2675296518301237,0.27200523008072974,0.3272155895243642,0.27200523008072974,0.23863645752955392,0.2258598574190266,0,0.18886375427246094,0.03125309944152832
tcp.nxtseq,DD21,0,2,DT,0.2675296518301237,0.27200523008072974,0.3272155895243642,0.27200523008072974,0.23863645752955392,0.2258598574190266,0,0.20442795753479004,0.015630722045898438
tcp.nxtseq,DD21,0,3,DT,0.2675296518301237,0.27200523008072974,0.3272155895243642,0.27200523008072974,0.23863645752955392,0.2258598574190266,0,0.2044215202331543,0.01563119888305664
tcp.nxtseq,DD21,0,4,DT,0.2675296518301237,0.27200523008072974,0.3272155895243642,0.27200523008072974,0.23863645752955392,0.2258598574190266,0,0.18888258934020996,0.01573348045349121
