Feature,Dataset,T,CV,ML,Acc,b_Acc,Prec,Rec,F1,kap,ROC,tra-T,test-T
tls.handshake.server_curve_type,DD21T,0,0,DT,0.0403654729847407,0.04788764820996892,0.04952406480249408,0.04788764820996892,0.004197663733746209,0.0003803890993897552,0,0.010831832885742188,0.007035970687866211
tls.handshake.server_curve_type,DD21T,0,1,DT,0.0403654729847407,0.04788764820996892,0.04952406480249408,0.04788764820996892,0.004197663733746209,0.0003803890993897552,0,0.011285066604614258,0.009645223617553711
tls.handshake.server_curve_type,DD21T,0,2,DT,0.0403654729847407,0.04788764820996892,0.04952406480249408,0.04788764820996892,0.004197663733746209,0.0003803890993897552,0,0.007312774658203125,0.008498907089233398
tls.handshake.server_curve_type,DD21T,0,3,DT,0.0403654729847407,0.04788764820996892,0.04952406480249408,0.04788764820996892,0.004197663733746209,0.0003803890993897552,0,0.00929880142211914,0.007833480834960938
tls.handshake.server_curve_type,DD21T,0,4,DT,0.0403654729847407,0.04788764820996892,0.04952406480249408,0.04788764820996892,0.004197663733746209,0.0003803890993897552,0,0.007922172546386719,0.008406877517700195
