Feature,Dataset,T,CV,ML,Acc,b_Acc,Prec,Rec,F1,kap,ROC,tra-T,test-T
tcp.options.timestamp.tsecr,DD12,0,0,DT,0.07832506045564465,0.06490982687849346,0.03422996846003114,0.06490982687849346,0.037080250368880616,0.025276845846267992,0,0.14085769653320312,0.015630006790161133
tcp.options.timestamp.tsecr,DD12,0,1,DT,0.07832506045564465,0.06490982687849346,0.03422996846003114,0.06490982687849346,0.037080250368880616,0.025276845846267992,0,0.14087867736816406,0.01568436622619629
tcp.options.timestamp.tsecr,DD12,0,2,DT,0.07832506045564465,0.06490982687849346,0.03422996846003114,0.06490982687849346,0.037080250368880616,0.025276845846267992,0,0.1409444808959961,0.015689849853515625
tcp.options.timestamp.tsecr,DD12,0,3,DT,0.07832506045564465,0.06490982687849346,0.03422996846003114,0.06490982687849346,0.037080250368880616,0.025276845846267992,0,0.13845229148864746,0.015629053115844727
tcp.options.timestamp.tsecr,DD12,0,4,DT,0.07832506045564465,0.06490982687849346,0.03422996846003114,0.06490982687849346,0.037080250368880616,0.025276845846267992,0,0.14543652534484863,0.011129140853881836
