Feature,Dataset,T,CV,ML,Acc,b_Acc,Prec,Rec,F1,kap,ROC,tra-T,test-T
arp.duplicate-address-detected,DD22,0,0,DT,0.0595010818378516,0.047619047619047616,0.0028333848494215045,0.047619047619047616,0.005348526581033038,0.0,0,0.01973891258239746,0.012106895446777344
arp.duplicate-address-detected,DD22,0,1,DT,0.0595010818378516,0.047619047619047616,0.0028333848494215045,0.047619047619047616,0.005348526581033038,0.0,0,0.015728235244750977,0.0
arp.duplicate-address-detected,DD22,0,2,DT,0.0595010818378516,0.047619047619047616,0.0028333848494215045,0.047619047619047616,0.005348526581033038,0.0,0,0.015621662139892578,0.0
arp.duplicate-address-detected,DD22,0,3,DT,0.0595010818378516,0.047619047619047616,0.0028333848494215045,0.047619047619047616,0.005348526581033038,0.0,0,0.0,0.015619993209838867
arp.duplicate-address-detected,DD22,0,4,DT,0.0595010818378516,0.047619047619047616,0.0028333848494215045,0.047619047619047616,0.005348526581033038,0.0,0,0.0,0.016204833984375
