Feature,Dataset,T,CV,ML,Acc,b_Acc,Prec,Rec,F1,kap,ROC,tra-T,test-T
tcp.reassembled.length,DD22,0,0,DT,0.0699885452462772,0.05635052197506452,0.17882686530978953,0.05635052197506452,0.02281874388062918,0.01117361164636932,0,0.015735864639282227,0.0
tcp.reassembled.length,DD22,0,1,DT,0.0699885452462772,0.05635052197506452,0.17882686530978953,0.05635052197506452,0.02281874388062918,0.01117361164636932,0,0.015629291534423828,0.0
tcp.reassembled.length,DD22,0,2,DT,0.0699885452462772,0.05635052197506452,0.17882686530978953,0.05635052197506452,0.02281874388062918,0.01117361164636932,0,0.015620231628417969,0.0
tcp.reassembled.length,DD22,0,3,DT,0.0699885452462772,0.05635052197506452,0.17882686530978953,0.05635052197506452,0.02281874388062918,0.01117361164636932,0,0.015630245208740234,0.0
tcp.reassembled.length,DD22,0,4,DT,0.0699885452462772,0.05635052197506452,0.17882686530978953,0.05635052197506452,0.02281874388062918,0.01117361164636932,0,0.009104251861572266,0.0
