Feature,Dataset,T,CV,ML,Acc,b_Acc,Prec,Rec,F1,kap,ROC,tra-T,test-T
tcp.flags.reset,DD11T,0,0,DT,0.0849295265630647,0.07831589706589706,0.01695117557566463,0.07831589706589706,0.015056261167438675,0.03346011395223225,0,0.03328704833984375,0.013236522674560547
tcp.flags.reset,DD11T,0,1,DT,0.0849295265630647,0.07831589706589706,0.01695117557566463,0.07831589706589706,0.015056261167438675,0.03346011395223225,0,0.015636205673217773,0.0
tcp.flags.reset,DD11T,0,2,DT,0.0849295265630647,0.07831589706589706,0.01695117557566463,0.07831589706589706,0.015056261167438675,0.03346011395223225,0,0.0,0.015730857849121094
tcp.flags.reset,DD11T,0,3,DT,0.0849295265630647,0.07831589706589706,0.01695117557566463,0.07831589706589706,0.015056261167438675,0.03346011395223225,0,0.01562666893005371,0.0
tcp.flags.reset,DD11T,0,4,DT,0.0849295265630647,0.07831589706589706,0.01695117557566463,0.07831589706589706,0.015056261167438675,0.03346011395223225,0,0.015622615814208984,0.015618324279785156
