Feature,Dataset,T,CV,ML,Acc,b_Acc,Prec,Rec,F1,kap,ROC,tra-T,test-T
dns.flags.recavail,DD22T,0,0,DT,0.07543909006872714,0.057348750603341554,0.05980540749290337,0.057348750603341554,0.022265074721731254,0.013069722785793658,0,0.011607885360717773,0.0
dns.flags.recavail,DD22T,0,1,DT,0.07543909006872714,0.057348750603341554,0.05980540749290337,0.057348750603341554,0.022265074721731254,0.013069722785793658,0,0.015613317489624023,0.0
dns.flags.recavail,DD22T,0,2,DT,0.07543909006872714,0.057348750603341554,0.05980540749290337,0.057348750603341554,0.022265074721731254,0.013069722785793658,0,0.01573967933654785,0.0
dns.flags.recavail,DD22T,0,3,DT,0.07543909006872714,0.057348750603341554,0.05980540749290337,0.057348750603341554,0.022265074721731254,0.013069722785793658,0,0.0,0.015616178512573242
dns.flags.recavail,DD22T,0,4,DT,0.07543909006872714,0.057348750603341554,0.05980540749290337,0.057348750603341554,0.022265074721731254,0.013069722785793658,0,0.01561737060546875,0.004615068435668945
