Feature,Dataset,T,CV,ML,Acc,b_Acc,Prec,Rec,F1,kap,ROC,tra-T,test-T
http.response,DD22T,0,0,DT,0.0797261632035154,0.059740622227538696,0.03260040984648901,0.059740622227538696,0.023007551181018354,0.01737876434599306,0,0.016210556030273438,0.015761613845825195
http.response,DD22T,0,1,DT,0.0797261632035154,0.059740622227538696,0.03260040984648901,0.059740622227538696,0.023007551181018354,0.01737876434599306,0,0.0,0.01563286781311035
http.response,DD22T,0,2,DT,0.0797261632035154,0.059740622227538696,0.03260040984648901,0.059740622227538696,0.023007551181018354,0.01737876434599306,0,0.0,0.015617132186889648
http.response,DD22T,0,3,DT,0.0797261632035154,0.059740622227538696,0.03260040984648901,0.059740622227538696,0.023007551181018354,0.01737876434599306,0,0.014600753784179688,0.015741586685180664
http.response,DD22T,0,4,DT,0.0797261632035154,0.059740622227538696,0.03260040984648901,0.059740622227538696,0.023007551181018354,0.01737876434599306,0,0.015624046325683594,0.0
