Feature,Dataset,T,CV,ML,Acc,b_Acc,Prec,Rec,F1,kap,ROC,tra-T,test-T
udp.length,DD12,0,0,DT,0.19541809851088202,0.1796823337801285,0.4411599021742196,0.1796823337801285,0.1894183302388583,0.1437160401885006,0,0.025370121002197266,0.010823726654052734
udp.length,DD12,0,1,DT,0.19541809851088202,0.1796823337801285,0.4411599021742196,0.1796823337801285,0.1894183302388583,0.1437160401885006,0,0.02507615089416504,0.015526533126831055
udp.length,DD12,0,2,DT,0.19541809851088202,0.1796823337801285,0.4411599021742196,0.1796823337801285,0.1894183302388583,0.1437160401885006,0,0.028389453887939453,0.012273311614990234
udp.length,DD12,0,3,DT,0.19541809851088202,0.1796823337801285,0.4411599021742196,0.1796823337801285,0.1894183302388583,0.1437160401885006,0,0.029344797134399414,0.011707782745361328
udp.length,DD12,0,4,DT,0.19541809851088202,0.1796823337801285,0.4411599021742196,0.1796823337801285,0.1894183302388583,0.1437160401885006,0,0.0285186767578125,0.008107423782348633
