Feature,Dataset,T,CV,ML,Acc,b_Acc,Prec,Rec,F1,kap,ROC,tra-T,test-T
tls.handshake.comp_methods_length,DD22,0,0,DT,0.059844724449535446,0.047887128162357524,0.006753245266592441,0.047887128162357524,0.005871491005352015,0.00035852916223710896,0,0.01562666893005371,0.0
tls.handshake.comp_methods_length,DD22,0,1,DT,0.059844724449535446,0.047887128162357524,0.006753245266592441,0.047887128162357524,0.005871491005352015,0.00035852916223710896,0,0.0,0.01563239097595215
tls.handshake.comp_methods_length,DD22,0,2,DT,0.059844724449535446,0.047887128162357524,0.006753245266592441,0.047887128162357524,0.005871491005352015,0.00035852916223710896,0,0.0,0.01564192771911621
tls.handshake.comp_methods_length,DD22,0,3,DT,0.059844724449535446,0.047887128162357524,0.006753245266592441,0.047887128162357524,0.005871491005352015,0.00035852916223710896,0,0.0,0.015623807907104492
tls.handshake.comp_methods_length,DD22,0,4,DT,0.059844724449535446,0.047887128162357524,0.006753245266592441,0.047887128162357524,0.005871491005352015,0.00035852916223710896,0,0.010112524032592773,0.0
