Feature,Dataset,T,CV,ML,Acc,b_Acc,Prec,Rec,F1,kap,ROC,tra-T,test-T
ntp.rootdelay,DD11T,0,0,DT,0.032035727192937166,0.051089295293770286,0.08473677498609929,0.051089295293770286,0.008934083709634413,0.003603880816108296,0,0.0202329158782959,0.011513233184814453
ntp.rootdelay,DD11T,0,1,DT,0.032035727192937166,0.051089295293770286,0.08473677498609929,0.051089295293770286,0.008934083709634413,0.003603880816108296,0,0.015614032745361328,0.0
ntp.rootdelay,DD11T,0,2,DT,0.032035727192937166,0.051089295293770286,0.08473677498609929,0.051089295293770286,0.008934083709634413,0.003603880816108296,0,0.0,0.015731334686279297
ntp.rootdelay,DD11T,0,3,DT,0.032035727192937166,0.051089295293770286,0.08473677498609929,0.051089295293770286,0.008934083709634413,0.003603880816108296,0,0.0,0.014102935791015625
ntp.rootdelay,DD11T,0,4,DT,0.032035727192937166,0.051089295293770286,0.08473677498609929,0.051089295293770286,0.008934083709634413,0.003603880816108296,0,0.0,0.015729665756225586
