Feature,Dataset,T,CV,ML,Acc,b_Acc,Prec,Rec,F1,kap,ROC,tra-T,test-T
stun.type,DD12,0,0,DT,0.060175639557082855,0.048181644481243235,0.0318458305854654,0.048181644481243235,0.00645790945580259,0.0007200639780325924,0,0.01041269302368164,0.009956836700439453
stun.type,DD12,0,1,DT,0.060175639557082855,0.048181644481243235,0.0318458305854654,0.048181644481243235,0.00645790945580259,0.0007200639780325924,0,0.009763479232788086,0.005656719207763672
stun.type,DD12,0,2,DT,0.060175639557082855,0.048181644481243235,0.0318458305854654,0.048181644481243235,0.00645790945580259,0.0007200639780325924,0,0.012440204620361328,0.016418933868408203
stun.type,DD12,0,3,DT,0.060175639557082855,0.048181644481243235,0.0318458305854654,0.048181644481243235,0.00645790945580259,0.0007200639780325924,0,0.010737180709838867,0.008979082107543945
stun.type,DD12,0,4,DT,0.060175639557082855,0.048181644481243235,0.0318458305854654,0.048181644481243235,0.00645790945580259,0.0007200639780325924,0,0.015182018280029297,0.01028132438659668
