Feature,Dataset,T,CV,ML,Acc,b_Acc,Prec,Rec,F1,kap,ROC,tra-T,test-T
ntp.rootdispersion,DD22,0,0,DT,0.06609392898052692,0.052044654980934114,0.11519104121732474,0.052044654980934114,0.013861504813103892,0.005420340738308882,0,0.015615463256835938,0.016126155853271484
ntp.rootdispersion,DD22,0,1,DT,0.06609392898052692,0.052044654980934114,0.11519104121732474,0.052044654980934114,0.013861504813103892,0.005420340738308882,0,0.005101442337036133,0.011010885238647461
ntp.rootdispersion,DD22,0,2,DT,0.06609392898052692,0.052044654980934114,0.11519104121732474,0.052044654980934114,0.013861504813103892,0.005420340738308882,0,0.015510320663452148,0.0
ntp.rootdispersion,DD22,0,3,DT,0.06609392898052692,0.052044654980934114,0.11519104121732474,0.052044654980934114,0.013861504813103892,0.005420340738308882,0,0.0,0.015638113021850586
ntp.rootdispersion,DD22,0,4,DT,0.06609392898052692,0.052044654980934114,0.11519104121732474,0.052044654980934114,0.013861504813103892,0.005420340738308882,0,0.01561880111694336,0.002101421356201172
