Feature,Dataset,T,CV,ML,Acc,b_Acc,Prec,Rec,F1,kap,ROC,tra-T,test-T
tcp.analysis.rto_frame,DD21T,0,0,DT,0.04107551947269,0.04847502973499519,0.039406680351185074,0.04847502973499519,0.005900207013126623,0.0009154164776671303,0,0.018026113510131836,0.00885772705078125
tcp.analysis.rto_frame,DD21T,0,1,DT,0.04107551947269,0.04847502973499519,0.039406680351185074,0.04847502973499519,0.005900207013126623,0.0009154164776671303,0,0.011111259460449219,0.009943962097167969
tcp.analysis.rto_frame,DD21T,0,2,DT,0.04107551947269,0.04847502973499519,0.039406680351185074,0.04847502973499519,0.005900207013126623,0.0009154164776671303,0,0.015971660614013672,0.009620189666748047
tcp.analysis.rto_frame,DD21T,0,3,DT,0.04107551947269,0.04847502973499519,0.039406680351185074,0.04847502973499519,0.005900207013126623,0.0009154164776671303,0,0.01842808723449707,0.014656543731689453
tcp.analysis.rto_frame,DD21T,0,4,DT,0.04107551947269,0.04847502973499519,0.039406680351185074,0.04847502973499519,0.005900207013126623,0.0009154164776671303,0,0.014013528823852539,0.009111642837524414
