Feature,Dataset,T,CV,ML,Acc,b_Acc,Prec,Rec,F1,kap,ROC,tra-T,test-T
udp.checksum.status,DD22T,0,0,DT,0.12227536406628887,0.09085185983526232,0.04198386678831859,0.09085185983526232,0.023921816320181807,0.0621588749230475,0,0.0,0.015629053115844727
udp.checksum.status,DD22T,0,1,DT,0.12227536406628887,0.09085185983526232,0.04198386678831859,0.09085185983526232,0.023921816320181807,0.0621588749230475,0,0.0,0.015625953674316406
udp.checksum.status,DD22T,0,2,DT,0.12227536406628887,0.09085185983526232,0.04198386678831859,0.09085185983526232,0.023921816320181807,0.0621588749230475,0,0.01562809944152832,0.015531301498413086
udp.checksum.status,DD22T,0,3,DT,0.12227536406628887,0.09085185983526232,0.04198386678831859,0.09085185983526232,0.023921816320181807,0.0621588749230475,0,0.0,0.01561880111694336
udp.checksum.status,DD22T,0,4,DT,0.12227536406628887,0.09085185983526232,0.04198386678831859,0.09085185983526232,0.023921816320181807,0.0621588749230475,0,0.015726327896118164,0.015547990798950195
