Feature,Dataset,T,CV,ML,Acc,b_Acc,Prec,Rec,F1,kap,ROC,tra-T,test-T
igmp.type,DD21,0,0,DT,0.07360030608340773,0.060743431673678266,0.08617029071719631,0.060743431673678266,0.02782445940236948,0.014952166530496025,0,0.008481264114379883,0.012509822845458984
igmp.type,DD21,0,1,DT,0.07360030608340773,0.060743431673678266,0.08617029071719631,0.060743431673678266,0.02782445940236948,0.014952166530496025,0,0.013703584671020508,0.0371851921081543
igmp.type,DD21,0,2,DT,0.07360030608340773,0.060743431673678266,0.08617029071719631,0.060743431673678266,0.02782445940236948,0.014952166530496025,0,0.012288570404052734,0.013242006301879883
igmp.type,DD21,0,3,DT,0.07360030608340773,0.060743431673678266,0.08617029071719631,0.060743431673678266,0.02782445940236948,0.014952166530496025,0,0.014246702194213867,0.006834268569946289
igmp.type,DD21,0,4,DT,0.07360030608340773,0.060743431673678266,0.08617029071719631,0.060743431673678266,0.02782445940236948,0.014952166530496025,0,0.00754237174987793,0.016721010208129883
