Feature,Dataset,T,CV,ML,Acc,b_Acc,Prec,Rec,F1,kap,ROC,tra-T,test-T
icmp.unused,DD12T,0,0,DT,0.06274201042903609,0.047640801409645626,0.006650605116969703,0.047640801409645626,0.0056657030507392845,1.9942830260633038e-05,0,0.010615110397338867,0.014049291610717773
icmp.unused,DD12T,0,1,DT,0.06274201042903609,0.047640801409645626,0.006650605116969703,0.047640801409645626,0.0056657030507392845,1.9942830260633038e-05,0,0.009707450866699219,0.012450695037841797
icmp.unused,DD12T,0,2,DT,0.06274201042903609,0.047640801409645626,0.006650605116969703,0.047640801409645626,0.0056657030507392845,1.9942830260633038e-05,0,0.010544300079345703,0.011305570602416992
icmp.unused,DD12T,0,3,DT,0.06274201042903609,0.047640801409645626,0.006650605116969703,0.047640801409645626,0.0056657030507392845,1.9942830260633038e-05,0,0.013662576675415039,0.01310420036315918
icmp.unused,DD12T,0,4,DT,0.06274201042903609,0.047640801409645626,0.006650605116969703,0.047640801409645626,0.0056657030507392845,1.9942830260633038e-05,0,0.01222372055053711,0.015087366104125977
