Feature,Dataset,T,CV,ML,Acc,b_Acc,Prec,Rec,F1,kap,ROC,tra-T,test-T
eth.fcs.status,DD11T,0,0,DT,0.028253910888533223,0.047619047619047616,0.0013454243280253916,0.047619047619047616,0.0026169106944855395,0.0,0,0.0,0.02284407615661621
eth.fcs.status,DD11T,0,1,DT,0.028253910888533223,0.047619047619047616,0.0013454243280253916,0.047619047619047616,0.0026169106944855395,0.0,0,0.0,0.01563549041748047
eth.fcs.status,DD11T,0,2,DT,0.028253910888533223,0.047619047619047616,0.0013454243280253916,0.047619047619047616,0.0026169106944855395,0.0,0,0.0,0.017760515213012695
eth.fcs.status,DD11T,0,3,DT,0.028253910888533223,0.047619047619047616,0.0013454243280253916,0.047619047619047616,0.0026169106944855395,0.0,0,0.0,0.015686750411987305
eth.fcs.status,DD11T,0,4,DT,0.028253910888533223,0.047619047619047616,0.0013454243280253916,0.047619047619047616,0.0026169106944855395,0.0,0,0.009630680084228516,0.0068895816802978516
