Feature,Dataset,T,CV,ML,Acc,b_Acc,Prec,Rec,F1,kap,ROC,tra-T,test-T
eth.padding_bad,DD12T,0,0,DT,0.06272910320615416,0.047619047619047616,0.0029871001526740075,0.047619047619047616,0.005621564599411471,0.0,0,0.009797334671020508,0.010551214218139648
eth.padding_bad,DD12T,0,1,DT,0.06272910320615416,0.047619047619047616,0.0029871001526740075,0.047619047619047616,0.005621564599411471,0.0,0,0.00922250747680664,0.010034322738647461
eth.padding_bad,DD12T,0,2,DT,0.06272910320615416,0.047619047619047616,0.0029871001526740075,0.047619047619047616,0.005621564599411471,0.0,0,0.015187978744506836,0.009544610977172852
eth.padding_bad,DD12T,0,3,DT,0.06272910320615416,0.047619047619047616,0.0029871001526740075,0.047619047619047616,0.005621564599411471,0.0,0,0.007386207580566406,0.008122920989990234
eth.padding_bad,DD12T,0,4,DT,0.06272910320615416,0.047619047619047616,0.0029871001526740075,0.047619047619047616,0.005621564599411471,0.0,0,0.006157636642456055,0.006534099578857422
