Feature,Dataset,T,CV,ML,Acc,b_Acc,Prec,Rec,F1,kap,ROC,tra-T,test-T
tcp.connection.rst,DD21T,0,0,DT,0.03990997146416945,0.0474466834768873,0.004477650030752728,0.0474466834768873,0.0038989924603759006,-0.00016226655123174893,0,0.012227296829223633,0.010498762130737305
tcp.connection.rst,DD21T,0,1,DT,0.03990997146416945,0.0474466834768873,0.004477650030752728,0.0474466834768873,0.0038989924603759006,-0.00016226655123174893,0,0.01151895523071289,0.011527538299560547
tcp.connection.rst,DD21T,0,2,DT,0.03990997146416945,0.0474466834768873,0.004477650030752728,0.0474466834768873,0.0038989924603759006,-0.00016226655123174893,0,0.007544755935668945,0.013442277908325195
tcp.connection.rst,DD21T,0,3,DT,0.03990997146416945,0.0474466834768873,0.004477650030752728,0.0474466834768873,0.0038989924603759006,-0.00016226655123174893,0,0.009592771530151367,0.011612176895141602
tcp.connection.rst,DD21T,0,4,DT,0.03990997146416945,0.0474466834768873,0.004477650030752728,0.0474466834768873,0.0038989924603759006,-0.00016226655123174893,0,0.012615680694580078,0.020424365997314453
