Feature,Dataset,T,CV,ML,Acc,b_Acc,Prec,Rec,F1,kap,ROC,tra-T,test-T
stun.att.reserved,DD11T,0,0,DT,0.028253910888533223,0.047619047619047616,0.0013454243280253916,0.047619047619047616,0.0026169106944855395,0.0,0,0.0,0.01305246353149414
stun.att.reserved,DD11T,0,1,DT,0.028253910888533223,0.047619047619047616,0.0013454243280253916,0.047619047619047616,0.0026169106944855395,0.0,0,0.0,0.015694141387939453
stun.att.reserved,DD11T,0,2,DT,0.028253910888533223,0.047619047619047616,0.0013454243280253916,0.047619047619047616,0.0026169106944855395,0.0,0,0.015706539154052734,0.006551265716552734
stun.att.reserved,DD11T,0,3,DT,0.028253910888533223,0.047619047619047616,0.0013454243280253916,0.047619047619047616,0.0026169106944855395,0.0,0,0.0,0.0157010555267334
stun.att.reserved,DD11T,0,4,DT,0.028253910888533223,0.047619047619047616,0.0013454243280253916,0.047619047619047616,0.0026169106944855395,0.0,0,0.0,0.015681028366088867
