Feature,Dataset,T,CV,ML,Acc,b_Acc,Prec,Rec,F1,kap,ROC,tra-T,test-T
tcp.analysis.acks_frame,DD12,0,0,DT,0.07448135420644011,0.0624099981958812,0.05162571728039917,0.0624099981958812,0.030979196267771316,0.019565006248060235,0,0.14340925216674805,0.015900135040283203
tcp.analysis.acks_frame,DD12,0,1,DT,0.07448135420644011,0.0624099981958812,0.05162571728039917,0.0624099981958812,0.030979196267771316,0.019565006248060235,0,0.17897248268127441,0.019517898559570312
tcp.analysis.acks_frame,DD12,0,2,DT,0.07448135420644011,0.0624099981958812,0.05162571728039917,0.0624099981958812,0.030979196267771316,0.019565006248060235,0,0.1538698673248291,0.019223451614379883
tcp.analysis.acks_frame,DD12,0,3,DT,0.07448135420644011,0.0624099981958812,0.05162571728039917,0.0624099981958812,0.030979196267771316,0.019565006248060235,0,0.18242859840393066,0.018530845642089844
tcp.analysis.acks_frame,DD12,0,4,DT,0.07448135420644011,0.0624099981958812,0.05162571728039917,0.0624099981958812,0.030979196267771316,0.019565006248060235,0,0.1464376449584961,0.023015737533569336
