Feature,Dataset,T,CV,ML,Acc,b_Acc,Prec,Rec,F1,kap,ROC,tra-T,test-T
dhcp.secs,DD21,0,0,DT,0.07824257110062492,0.06668137644691406,0.09588763403327585,0.06668137644691406,0.032590737510253716,0.020018521863676808,0,0.0,0.015683889389038086
dhcp.secs,DD21,0,1,DT,0.07824257110062492,0.06668137644691406,0.09588763403327585,0.06668137644691406,0.032590737510253716,0.020018521863676808,0,0.0,0.015626192092895508
dhcp.secs,DD21,0,2,DT,0.07824257110062492,0.06668137644691406,0.09588763403327585,0.06668137644691406,0.032590737510253716,0.020018521863676808,0,0.016121625900268555,0.0
dhcp.secs,DD21,0,3,DT,0.07824257110062492,0.06668137644691406,0.09588763403327585,0.06668137644691406,0.032590737510253716,0.020018521863676808,0,0.015620231628417969,0.0
dhcp.secs,DD21,0,4,DT,0.07824257110062492,0.06668137644691406,0.09588763403327585,0.06668137644691406,0.032590737510253716,0.020018521863676808,0,0.01573657989501953,0.015624761581420898
