Feature,Dataset,T,CV,ML,Acc,b_Acc,Prec,Rec,F1,kap,ROC,tra-T,test-T
stun.response-to,DD12T,0,0,DT,0.06318085600702153,0.04795439302481556,0.050607497812466755,0.04795439302481556,0.006289955938198366,0.0004813034470259048,0,0.009688615798950195,0.010599613189697266
stun.response-to,DD12T,0,1,DT,0.06318085600702153,0.04795439302481556,0.050607497812466755,0.04795439302481556,0.006289955938198366,0.0004813034470259048,0,0.009072303771972656,0.007692575454711914
stun.response-to,DD12T,0,2,DT,0.06318085600702153,0.04795439302481556,0.050607497812466755,0.04795439302481556,0.006289955938198366,0.0004813034470259048,0,0.00993490219116211,0.010150909423828125
stun.response-to,DD12T,0,3,DT,0.06318085600702153,0.04795439302481556,0.050607497812466755,0.04795439302481556,0.006289955938198366,0.0004813034470259048,0,0.010130882263183594,0.009714365005493164
stun.response-to,DD12T,0,4,DT,0.06318085600702153,0.04795439302481556,0.050607497812466755,0.04795439302481556,0.006289955938198366,0.0004813034470259048,0,0.009010076522827148,0.006863117218017578
