Feature,Dataset,T,CV,ML,Acc,b_Acc,Prec,Rec,F1,kap,ROC,tra-T,test-T
stun.network_version,DD22,0,0,DT,0.05987017945780832,0.04790570106274369,0.02043201620984151,0.04790570106274369,0.006011175591040035,0.0003905321436573628,0,0.015729427337646484,0.0
stun.network_version,DD22,0,1,DT,0.05987017945780832,0.04790570106274369,0.02043201620984151,0.04790570106274369,0.006011175591040035,0.0003905321436573628,0,0.015583515167236328,0.01563239097595215
stun.network_version,DD22,0,2,DT,0.05987017945780832,0.04790570106274369,0.02043201620984151,0.04790570106274369,0.006011175591040035,0.0003905321436573628,0,0.0,0.011106252670288086
stun.network_version,DD22,0,3,DT,0.05987017945780832,0.04790570106274369,0.02043201620984151,0.04790570106274369,0.006011175591040035,0.0003905321436573628,0,0.015623807907104492,0.0
stun.network_version,DD22,0,4,DT,0.05987017945780832,0.04790570106274369,0.02043201620984151,0.04790570106274369,0.006011175591040035,0.0003905321436573628,0,0.0,0.015650272369384766
