Feature,Dataset,T,CV,ML,Acc,b_Acc,Prec,Rec,F1,kap,ROC,tra-T,test-T
tcp.seq,DD21T,0,0,DT,0.24283589887866244,0.2681772849221594,0.37148300916052174,0.2681772849221594,0.257583867133579,0.2068772549342658,0,0.35464930534362793,0.01816105842590332
tcp.seq,DD21T,0,1,DT,0.24283589887866244,0.2681772849221594,0.37148300916052174,0.2681772849221594,0.257583867133579,0.2068772549342658,0,0.33374929428100586,0.020648479461669922
tcp.seq,DD21T,0,2,DT,0.24283589887866244,0.2681772849221594,0.37148300916052174,0.2681772849221594,0.257583867133579,0.2068772549342658,0,0.3051168918609619,0.01869058609008789
tcp.seq,DD21T,0,3,DT,0.24283589887866244,0.2681772849221594,0.37148300916052174,0.2681772849221594,0.257583867133579,0.2068772549342658,0,0.3008437156677246,0.01914238929748535
tcp.seq,DD21T,0,4,DT,0.24283589887866244,0.2681772849221594,0.37148300916052174,0.2681772849221594,0.257583867133579,0.2068772549342658,0,0.2958872318267822,0.024379730224609375
