Feature,Dataset,T,CV,ML,Acc,b_Acc,Prec,Rec,F1,kap,ROC,tra-T,test-T
tls.handshake.certificates_length,DD21T,0,0,DT,0.041598006510992325,0.04952493471154201,0.14476451181897823,0.04952493471154201,0.0073658821928858365,0.0016700077701260474,0,0.011109113693237305,0.011500120162963867
tls.handshake.certificates_length,DD21T,0,1,DT,0.041598006510992325,0.04952493471154201,0.14476451181897823,0.04952493471154201,0.0073658821928858365,0.0016700077701260474,0,0.015805721282958984,0.010816812515258789
tls.handshake.certificates_length,DD21T,0,2,DT,0.041598006510992325,0.04952493471154201,0.14476451181897823,0.04952493471154201,0.0073658821928858365,0.0016700077701260474,0,0.012032032012939453,0.011126041412353516
tls.handshake.certificates_length,DD21T,0,3,DT,0.041598006510992325,0.04952493471154201,0.14476451181897823,0.04952493471154201,0.0073658821928858365,0.0016700077701260474,0,0.010410785675048828,0.010950565338134766
tls.handshake.certificates_length,DD21T,0,4,DT,0.041598006510992325,0.04952493471154201,0.14476451181897823,0.04952493471154201,0.0073658821928858365,0.0016700077701260474,0,0.009675979614257812,0.012655496597290039
