Feature,Dataset,T,CV,ML,Acc,b_Acc,Prec,Rec,F1,kap,ROC,tra-T,test-T
tcp.segment.count,DD21T,0,0,DT,0.044116661977680424,0.05092487699485814,0.07008398634463593,0.05092487699485814,0.010226305481012445,0.003949100560629026,0,0.012112617492675781,0.017624616622924805
tcp.segment.count,DD21T,0,1,DT,0.044116661977680424,0.05092487699485814,0.07008398634463593,0.05092487699485814,0.010226305481012445,0.003949100560629026,0,0.021498441696166992,0.10072088241577148
tcp.segment.count,DD21T,0,2,DT,0.044116661977680424,0.05092487699485814,0.07008398634463593,0.05092487699485814,0.010226305481012445,0.003949100560629026,0,0.013379096984863281,0.07288336753845215
tcp.segment.count,DD21T,0,3,DT,0.044116661977680424,0.05092487699485814,0.07008398634463593,0.05092487699485814,0.010226305481012445,0.003949100560629026,0,0.016177654266357422,0.009288787841796875
tcp.segment.count,DD21T,0,4,DT,0.044116661977680424,0.05092487699485814,0.07008398634463593,0.05092487699485814,0.010226305481012445,0.003949100560629026,0,0.018929719924926758,0.012900114059448242
