Feature,Dataset,T,CV,ML,Acc,b_Acc,Prec,Rec,F1,kap,ROC,tra-T,test-T
dhcp.hw.type,DD12T,0,0,DT,0.07102844751923176,0.06282214971390741,0.0467558314354188,0.06282214971390741,0.028233546182896845,0.009205644177778471,0,0.011049747467041016,0.005053043365478516
dhcp.hw.type,DD12T,0,1,DT,0.07102844751923176,0.06282214971390741,0.0467558314354188,0.06282214971390741,0.028233546182896845,0.009205644177778471,0,0.022175073623657227,0.009556770324707031
dhcp.hw.type,DD12T,0,2,DT,0.07102844751923176,0.06282214971390741,0.0467558314354188,0.06282214971390741,0.028233546182896845,0.009205644177778471,0,0.012552022933959961,0.01563572883605957
dhcp.hw.type,DD12T,0,3,DT,0.07102844751923176,0.06282214971390741,0.0467558314354188,0.06282214971390741,0.028233546182896845,0.009205644177778471,0,0.015555620193481445,0.0
dhcp.hw.type,DD12T,0,4,DT,0.07102844751923176,0.06282214971390741,0.0467558314354188,0.06282214971390741,0.028233546182896845,0.009205644177778471,0,0.015620708465576172,0.013054370880126953
