Feature,Dataset,T,CV,ML,Acc,b_Acc,Prec,Rec,F1,kap,ROC,tra-T,test-T
tls.handshake.client_point_len,DD21T,0,0,DT,0.03940088152941334,0.046781518258225976,0.0043229716370076325,0.046781518258225976,0.004023397438704321,-0.0007603875774209179,0,0.01613450050354004,0.013144493103027344
tls.handshake.client_point_len,DD21T,0,1,DT,0.03940088152941334,0.046781518258225976,0.0043229716370076325,0.046781518258225976,0.004023397438704321,-0.0007603875774209179,0,0.009651422500610352,0.009694099426269531
tls.handshake.client_point_len,DD21T,0,2,DT,0.03940088152941334,0.046781518258225976,0.0043229716370076325,0.046781518258225976,0.004023397438704321,-0.0007603875774209179,0,0.009661674499511719,0.009792089462280273
tls.handshake.client_point_len,DD21T,0,3,DT,0.03940088152941334,0.046781518258225976,0.0043229716370076325,0.046781518258225976,0.004023397438704321,-0.0007603875774209179,0,0.014715433120727539,0.012307405471801758
tls.handshake.client_point_len,DD21T,0,4,DT,0.03940088152941334,0.046781518258225976,0.0043229716370076325,0.046781518258225976,0.004023397438704321,-0.0007603875774209179,0,0.010445833206176758,0.011767387390136719
