Feature,Dataset,T,CV,ML,Acc,b_Acc,Prec,Rec,F1,kap,ROC,tra-T,test-T
tcp.analysis.ack_lost_segment,DD22T,0,0,DT,0.06343528529132002,0.047619047619047616,0.0030209707045592733,0.047619047619047616,0.005681504572801251,2.336457984641882e-06,0,0.0,0.01510000228881836
tcp.analysis.ack_lost_segment,DD22T,0,1,DT,0.06343528529132002,0.047619047619047616,0.0030209707045592733,0.047619047619047616,0.005681504572801251,2.336457984641882e-06,0,0.0,0.015711545944213867
tcp.analysis.ack_lost_segment,DD22T,0,2,DT,0.06343528529132002,0.047619047619047616,0.0030209707045592733,0.047619047619047616,0.005681504572801251,2.336457984641882e-06,0,0.01563096046447754,0.0
tcp.analysis.ack_lost_segment,DD22T,0,3,DT,0.06343528529132002,0.047619047619047616,0.0030209707045592733,0.047619047619047616,0.005681504572801251,2.336457984641882e-06,0,0.016152620315551758,0.015528202056884766
tcp.analysis.ack_lost_segment,DD22T,0,4,DT,0.06343528529132002,0.047619047619047616,0.0030209707045592733,0.047619047619047616,0.005681504572801251,2.336457984641882e-06,0,0.0,0.01561594009399414
