Feature,Dataset,T,CV,ML,Acc,b_Acc,Prec,Rec,F1,kap,ROC,tra-T,test-T
tcp.analysis.push_bytes_sent,DD12,0,0,DT,0.2640448008145603,0.25385533631568896,0.4670989479503093,0.25385533631568896,0.25503206020806396,0.21936818093953747,0,0.05276203155517578,0.027056217193603516
tcp.analysis.push_bytes_sent,DD12,0,1,DT,0.2640448008145603,0.25385533631568896,0.4670989479503093,0.25385533631568896,0.25503206020806396,0.21936818093953747,0,0.04571127891540527,0.03226470947265625
tcp.analysis.push_bytes_sent,DD12,0,2,DT,0.2640448008145603,0.25385533631568896,0.4670989479503093,0.25385533631568896,0.25503206020806396,0.21936818093953747,0,0.04509162902832031,0.018088102340698242
tcp.analysis.push_bytes_sent,DD12,0,3,DT,0.2640448008145603,0.25385533631568896,0.4670989479503093,0.25385533631568896,0.25503206020806396,0.21936818093953747,0,0.051120758056640625,0.008728742599487305
tcp.analysis.push_bytes_sent,DD12,0,4,DT,0.2640448008145603,0.25385533631568896,0.4670989479503093,0.25385533631568896,0.25503206020806396,0.21936818093953747,0,0.05635428428649902,0.02097153663635254
