Feature,Dataset,T,CV,ML,Acc,b_Acc,Prec,Rec,F1,kap,ROC,tra-T,test-T
icmpv6.opt.length,DD11,0,0,DT,0.06089784466267058,0.048836830597650496,0.040126367216638016,0.048836830597650496,0.007819591536848932,0.001321818570378941,0,0.0,0.015636205673217773
icmpv6.opt.length,DD11,0,1,DT,0.06089784466267058,0.048836830597650496,0.040126367216638016,0.048836830597650496,0.007819591536848932,0.001321818570378941,0,0.015675067901611328,0.015587568283081055
icmpv6.opt.length,DD11,0,2,DT,0.06089784466267058,0.048836830597650496,0.040126367216638016,0.048836830597650496,0.007819591536848932,0.001321818570378941,0,0.0,0.015619516372680664
icmpv6.opt.length,DD11,0,3,DT,0.06089784466267058,0.048836830597650496,0.040126367216638016,0.048836830597650496,0.007819591536848932,0.001321818570378941,0,0.0,0.015622615814208984
icmpv6.opt.length,DD11,0,4,DT,0.06089784466267058,0.048836830597650496,0.040126367216638016,0.048836830597650496,0.007819591536848932,0.001321818570378941,0,0.015627145767211914,0.0
