Feature,Dataset,T,CV,ML,Acc,b_Acc,Prec,Rec,F1,kap,ROC,tra-T,test-T
tcp.window_size_scalefactor,DD12,0,0,DT,0.34565355733740616,0.2790644231693668,0.29821486423010435,0.2790644231693668,0.23229262587318159,0.30503989350165606,0,0.01531362533569336,0.014426231384277344
tcp.window_size_scalefactor,DD12,0,1,DT,0.34565355733740616,0.2790644231693668,0.29821486423010435,0.2790644231693668,0.23229262587318159,0.30503989350165606,0,0.02102184295654297,0.010454654693603516
tcp.window_size_scalefactor,DD12,0,2,DT,0.34565355733740616,0.2790644231693668,0.29821486423010435,0.2790644231693668,0.23229262587318159,0.30503989350165606,0,0.015305280685424805,0.009713411331176758
tcp.window_size_scalefactor,DD12,0,3,DT,0.34565355733740616,0.2790644231693668,0.29821486423010435,0.2790644231693668,0.23229262587318159,0.30503989350165606,0,0.015129327774047852,0.01483297348022461
tcp.window_size_scalefactor,DD12,0,4,DT,0.34565355733740616,0.2790644231693668,0.29821486423010435,0.2790644231693668,0.23229262587318159,0.30503989350165606,0,0.018641948699951172,0.009855031967163086
