Feature,Dataset,T,CV,ML,Acc,b_Acc,Prec,Rec,F1,kap,ROC,tra-T,test-T
dns.flags.recavail,DD12T,0,0,DT,0.071673808663328,0.05504307636947224,0.059999460383400746,0.05504307636947224,0.018776748279534152,0.00972808483174481,0,0.012731313705444336,0.010999202728271484
dns.flags.recavail,DD12T,0,1,DT,0.071673808663328,0.05504307636947224,0.059999460383400746,0.05504307636947224,0.018776748279534152,0.00972808483174481,0,0.013354301452636719,0.010410547256469727
dns.flags.recavail,DD12T,0,2,DT,0.071673808663328,0.05504307636947224,0.059999460383400746,0.05504307636947224,0.018776748279534152,0.00972808483174481,0,0.012284278869628906,0.010223388671875
dns.flags.recavail,DD12T,0,3,DT,0.071673808663328,0.05504307636947224,0.059999460383400746,0.05504307636947224,0.018776748279534152,0.00972808483174481,0,0.016536951065063477,0.011587381362915039
dns.flags.recavail,DD12T,0,4,DT,0.071673808663328,0.05504307636947224,0.059999460383400746,0.05504307636947224,0.018776748279534152,0.00972808483174481,0,0.01094961166381836,0.011444568634033203
