Feature,Dataset,T,CV,ML,Acc,b_Acc,Prec,Rec,F1,kap,ROC,tra-T,test-T
dns.soa.serial_number,DD22,0,0,DT,0.0595010818378516,0.047619047619047616,0.0028333848494215045,0.047619047619047616,0.005348526581033038,0.0,0,0.015630245208740234,0.0
dns.soa.serial_number,DD22,0,1,DT,0.0595010818378516,0.047619047619047616,0.0028333848494215045,0.047619047619047616,0.005348526581033038,0.0,0,0.015631914138793945,0.015611648559570312
dns.soa.serial_number,DD22,0,2,DT,0.0595010818378516,0.047619047619047616,0.0028333848494215045,0.047619047619047616,0.005348526581033038,0.0,0,0.015633106231689453,0.0
dns.soa.serial_number,DD22,0,3,DT,0.0595010818378516,0.047619047619047616,0.0028333848494215045,0.047619047619047616,0.005348526581033038,0.0,0,0.0161287784576416,0.0
dns.soa.serial_number,DD22,0,4,DT,0.0595010818378516,0.047619047619047616,0.0028333848494215045,0.047619047619047616,0.005348526581033038,0.0,0,0.015630722045898438,0.015524625778198242
