Feature,Dataset,T,CV,ML,Acc,b_Acc,Prec,Rec,F1,kap,ROC,tra-T,test-T
ip.dsfield,DD21T,0,0,DT,0.06314054901330332,0.07037298178540856,0.08697265857534701,0.07037298178540856,0.035280257285016284,0.024076183451956168,0,0.01647329330444336,0.014300346374511719
ip.dsfield,DD21T,0,1,DT,0.06314054901330332,0.07037298178540856,0.08697265857534701,0.07037298178540856,0.035280257285016284,0.024076183451956168,0,0.010123014450073242,0.2298116683959961
ip.dsfield,DD21T,0,2,DT,0.06314054901330332,0.07037298178540856,0.08697265857534701,0.07037298178540856,0.035280257285016284,0.024076183451956168,0,0.01056528091430664,0.14748620986938477
ip.dsfield,DD21T,0,3,DT,0.06314054901330332,0.07037298178540856,0.08697265857534701,0.07037298178540856,0.035280257285016284,0.024076183451956168,0,0.009753704071044922,0.16516447067260742
ip.dsfield,DD21T,0,4,DT,0.06314054901330332,0.07037298178540856,0.08697265857534701,0.07037298178540856,0.035280257285016284,0.024076183451956168,0,0.019978046417236328,0.010036945343017578
