Feature,Dataset,T,CV,ML,Acc,b_Acc,Prec,Rec,F1,kap,ROC,tra-T,test-T
tcp.segment.count,DD12,0,0,DT,0.06222476772304951,0.049857231958195684,0.09665380998507678,0.049857231958195684,0.011756643895829023,0.0029221181054205347,0,0.015256166458129883,0.010568857192993164
tcp.segment.count,DD12,0,1,DT,0.06222476772304951,0.049857231958195684,0.09665380998507678,0.049857231958195684,0.011756643895829023,0.0029221181054205347,0,0.009603738784790039,0.010274887084960938
tcp.segment.count,DD12,0,2,DT,0.06222476772304951,0.049857231958195684,0.09665380998507678,0.049857231958195684,0.011756643895829023,0.0029221181054205347,0,0.010196685791015625,0.009720802307128906
tcp.segment.count,DD12,0,3,DT,0.06222476772304951,0.049857231958195684,0.09665380998507678,0.049857231958195684,0.011756643895829023,0.0029221181054205347,0,0.010498762130737305,0.005377054214477539
tcp.segment.count,DD12,0,4,DT,0.06222476772304951,0.049857231958195684,0.09665380998507678,0.049857231958195684,0.011756643895829023,0.0029221181054205347,0,0.014880657196044922,0.010057926177978516
