Feature,Dataset,T,CV,ML,Acc,b_Acc,Prec,Rec,F1,kap,ROC,tra-T,test-T
tcp.connection.fin_passive,DD22,0,0,DT,0.06592847142675322,0.052626979065187374,0.02319529903038335,0.052626979065187374,0.01374959105887962,0.0068083753478888065,0,0.0,0.01563096046447754
tcp.connection.fin_passive,DD22,0,1,DT,0.06592847142675322,0.052626979065187374,0.02319529903038335,0.052626979065187374,0.01374959105887962,0.0068083753478888065,0,0.0,0.015725135803222656
tcp.connection.fin_passive,DD22,0,2,DT,0.06592847142675322,0.052626979065187374,0.02319529903038335,0.052626979065187374,0.01374959105887962,0.0068083753478888065,0,0.014119386672973633,0.0
tcp.connection.fin_passive,DD22,0,3,DT,0.06592847142675322,0.052626979065187374,0.02319529903038335,0.052626979065187374,0.01374959105887962,0.0068083753478888065,0,0.0,0.015649795532226562
tcp.connection.fin_passive,DD22,0,4,DT,0.06592847142675322,0.052626979065187374,0.02319529903038335,0.052626979065187374,0.01374959105887962,0.0068083753478888065,0,0.00560760498046875,0.015738248825073242
