Feature,Dataset,T,CV,ML,Acc,b_Acc,Prec,Rec,F1,kap,ROC,tra-T,test-T
tcp.analysis.keep_alive,DD22,0,0,DT,0.08818887616138475,0.0736687050753547,0.04334431983907342,0.0736687050753547,0.03781538351559062,0.030749514083378116,0,0.015623331069946289,0.01610422134399414
tcp.analysis.keep_alive,DD22,0,1,DT,0.08818887616138475,0.0736687050753547,0.04334431983907342,0.0736687050753547,0.03781538351559062,0.030749514083378116,0,0.0,0.015735626220703125
tcp.analysis.keep_alive,DD22,0,2,DT,0.08818887616138475,0.0736687050753547,0.04334431983907342,0.0736687050753547,0.03781538351559062,0.030749514083378116,0,0.0,0.015634536743164062
tcp.analysis.keep_alive,DD22,0,3,DT,0.08818887616138475,0.0736687050753547,0.04334431983907342,0.0736687050753547,0.03781538351559062,0.030749514083378116,0,0.018730878829956055,0.01311802864074707
tcp.analysis.keep_alive,DD22,0,4,DT,0.08818887616138475,0.0736687050753547,0.04334431983907342,0.0736687050753547,0.03781538351559062,0.030749514083378116,0,0.0,0.018268108367919922
