Feature,Dataset,T,CV,ML,Acc,b_Acc,Prec,Rec,F1,kap,ROC,tra-T,test-T
tcp.analysis.reused_ports,DD21T,0,0,DT,0.04232145010248784,0.04931624431829266,0.047940651892950346,0.04931624431829266,0.006944357597528804,0.00236451256891268,0,0.01230621337890625,0.008579492568969727
tcp.analysis.reused_ports,DD21T,0,1,DT,0.04232145010248784,0.04931624431829266,0.047940651892950346,0.04931624431829266,0.006944357597528804,0.00236451256891268,0,0.011733531951904297,0.010011911392211914
tcp.analysis.reused_ports,DD21T,0,2,DT,0.04232145010248784,0.04931624431829266,0.047940651892950346,0.04931624431829266,0.006944357597528804,0.00236451256891268,0,0.010857105255126953,0.010215044021606445
tcp.analysis.reused_ports,DD21T,0,3,DT,0.04232145010248784,0.04931624431829266,0.047940651892950346,0.04931624431829266,0.006944357597528804,0.00236451256891268,0,0.007638216018676758,0.009043693542480469
tcp.analysis.reused_ports,DD21T,0,4,DT,0.04232145010248784,0.04931624431829266,0.047940651892950346,0.04931624431829266,0.006944357597528804,0.00236451256891268,0,0.00852203369140625,0.0083160400390625
