Feature,Dataset,T,CV,ML,Acc,b_Acc,Prec,Rec,F1,kap,ROC,tra-T,test-T
dhcp.hw.type,DD12,0,0,DT,0.07826142293496245,0.06624157829541677,0.04830336957333451,0.06624157829541677,0.03199249805400119,0.020183899954660522,0,0.010114908218383789,0.009825468063354492
dhcp.hw.type,DD12,0,1,DT,0.07826142293496245,0.06624157829541677,0.04830336957333451,0.06624157829541677,0.03199249805400119,0.020183899954660522,0,0.005698680877685547,0.009907245635986328
dhcp.hw.type,DD12,0,2,DT,0.07826142293496245,0.06624157829541677,0.04830336957333451,0.06624157829541677,0.03199249805400119,0.020183899954660522,0,0.010596275329589844,0.009656906127929688
dhcp.hw.type,DD12,0,3,DT,0.07826142293496245,0.06624157829541677,0.04830336957333451,0.06624157829541677,0.03199249805400119,0.020183899954660522,0,0.005788087844848633,0.011373519897460938
dhcp.hw.type,DD12,0,4,DT,0.07826142293496245,0.06624157829541677,0.04830336957333451,0.06624157829541677,0.03199249805400119,0.020183899954660522,0,0.010182619094848633,0.009728670120239258
