Feature,Dataset,T,CV,ML,Acc,b_Acc,Prec,Rec,F1,kap,ROC,tra-T,test-T
dns.flags.recdesired,DD21,0,0,DT,0.05968626450707818,0.04808146604064287,0.004939074810293029,0.04808146604064287,0.0068095724469678905,0.000605858688498051,0,0.01563715934753418,0.0
dns.flags.recdesired,DD21,0,1,DT,0.05968626450707818,0.04808146604064287,0.004939074810293029,0.04808146604064287,0.0068095724469678905,0.000605858688498051,0,0.015576601028442383,0.015679597854614258
dns.flags.recdesired,DD21,0,2,DT,0.05968626450707818,0.04808146604064287,0.004939074810293029,0.04808146604064287,0.0068095724469678905,0.000605858688498051,0,0.0,0.01563429832458496
dns.flags.recdesired,DD21,0,3,DT,0.05968626450707818,0.04808146604064287,0.004939074810293029,0.04808146604064287,0.0068095724469678905,0.000605858688498051,0,0.015611886978149414,0.0
dns.flags.recdesired,DD21,0,4,DT,0.05968626450707818,0.04808146604064287,0.004939074810293029,0.04808146604064287,0.0068095724469678905,0.000605858688498051,0,0.01562952995300293,0.0
