Feature,Dataset,T,CV,ML,Acc,b_Acc,Prec,Rec,F1,kap,ROC,tra-T,test-T
tcp.analysis.spurious_retransmission,DD21,0,0,DT,0.05966075755643413,0.04760887043426047,0.0028583404516886696,0.04760887043426047,0.005392901958817735,7.938620874869962e-05,0,0.012173652648925781,0.017601728439331055
tcp.analysis.spurious_retransmission,DD21,0,1,DT,0.05966075755643413,0.04760887043426047,0.0028583404516886696,0.04760887043426047,0.005392901958817735,7.938620874869962e-05,0,0.012821197509765625,0.01199793815612793
tcp.analysis.spurious_retransmission,DD21,0,2,DT,0.05966075755643413,0.04760887043426047,0.0028583404516886696,0.04760887043426047,0.005392901958817735,7.938620874869962e-05,0,0.011847972869873047,0.012726545333862305
tcp.analysis.spurious_retransmission,DD21,0,3,DT,0.05966075755643413,0.04760887043426047,0.0028583404516886696,0.04760887043426047,0.005392901958817735,7.938620874869962e-05,0,0.01894235610961914,0.005700349807739258
tcp.analysis.spurious_retransmission,DD21,0,4,DT,0.05966075755643413,0.04760887043426047,0.0028583404516886696,0.04760887043426047,0.005392901958817735,7.938620874869962e-05,0,0.012348413467407227,0.010136604309082031
