Feature,Dataset,T,CV,ML,Acc,b_Acc,Prec,Rec,F1,kap,ROC,tra-T,test-T
ntp.flags.vn,DD22,0,0,DT,0.06431207840142548,0.050281744626897315,0.03775107411513713,0.050281744626897315,0.010464352164494475,0.0035014446274695965,0,0.01573801040649414,0.015622377395629883
ntp.flags.vn,DD22,0,1,DT,0.06431207840142548,0.050281744626897315,0.03775107411513713,0.050281744626897315,0.010464352164494475,0.0035014446274695965,0,0.015729188919067383,0.0
ntp.flags.vn,DD22,0,2,DT,0.06431207840142548,0.050281744626897315,0.03775107411513713,0.050281744626897315,0.010464352164494475,0.0035014446274695965,0,0.015741348266601562,0.0
ntp.flags.vn,DD22,0,3,DT,0.06431207840142548,0.050281744626897315,0.03775107411513713,0.050281744626897315,0.010464352164494475,0.0035014446274695965,0,0.006615877151489258,0.009608030319213867
ntp.flags.vn,DD22,0,4,DT,0.06431207840142548,0.050281744626897315,0.03775107411513713,0.050281744626897315,0.010464352164494475,0.0035014446274695965,0,0.0,0.015628337860107422
