Feature,Dataset,T,CV,ML,Acc,b_Acc,Prec,Rec,F1,kap,ROC,tra-T,test-T
dns.count.queries,DD12,0,0,DT,0.06085019727631411,0.04929171840692469,0.0923002001561494,0.04929171840692469,0.008523386079989672,0.002270105020642732,0,0.01911020278930664,0.018376588821411133
dns.count.queries,DD12,0,1,DT,0.06085019727631411,0.04929171840692469,0.0923002001561494,0.04929171840692469,0.008523386079989672,0.002270105020642732,0,0.015697956085205078,0.015012741088867188
dns.count.queries,DD12,0,2,DT,0.06085019727631411,0.04929171840692469,0.0923002001561494,0.04929171840692469,0.008523386079989672,0.002270105020642732,0,0.015677690505981445,0.0
dns.count.queries,DD12,0,3,DT,0.06085019727631411,0.04929171840692469,0.0923002001561494,0.04929171840692469,0.008523386079989672,0.002270105020642732,0,0.0,0.01575303077697754
dns.count.queries,DD12,0,4,DT,0.06085019727631411,0.04929171840692469,0.0923002001561494,0.04929171840692469,0.008523386079989672,0.002270105020642732,0,0.015622138977050781,0.01567387580871582
