Feature,Dataset,T,CV,ML,Acc,b_Acc,Prec,Rec,F1,kap,ROC,tra-T,test-T
eapol.type,DD21,0,0,DT,0.07172554521107001,0.059937689830928266,0.022094561575410537,0.059937689830928266,0.020516617688107957,0.013228049519739549,0,0.0,0.016213655471801758
eapol.type,DD21,0,1,DT,0.07172554521107001,0.059937689830928266,0.022094561575410537,0.059937689830928266,0.020516617688107957,0.013228049519739549,0,0.0156252384185791,0.0
eapol.type,DD21,0,2,DT,0.07172554521107001,0.059937689830928266,0.022094561575410537,0.059937689830928266,0.020516617688107957,0.013228049519739549,0,0.0,0.015730857849121094
eapol.type,DD21,0,3,DT,0.07172554521107001,0.059937689830928266,0.022094561575410537,0.059937689830928266,0.020516617688107957,0.013228049519739549,0,0.015536308288574219,0.00860595703125
eapol.type,DD21,0,4,DT,0.07172554521107001,0.059937689830928266,0.022094561575410537,0.059937689830928266,0.020516617688107957,0.013228049519739549,0,0.015628814697265625,0.015615701675415039
