Feature,Dataset,T,CV,ML,Acc,b_Acc,Prec,Rec,F1,kap,ROC,tra-T,test-T
Pkt Len Var,SD2T,0,0,DT,0.3061750421250867,0.26703478550455123,0.2791760755346069,0.26703478550455123,0.2178766085657126,0.08039348996771067,0,0.006933689117431641,0.0019927024841308594
Pkt Len Var,SD2T,0,1,DT,0.3061750421250867,0.26703478550455123,0.2791760755346069,0.26703478550455123,0.2178766085657126,0.08039348996771067,0,0.007091999053955078,0.000997304916381836
Pkt Len Var,SD2T,0,2,DT,0.3061750421250867,0.26703478550455123,0.2791760755346069,0.26703478550455123,0.2178766085657126,0.08039348996771067,0,0.007915258407592773,0.00099945068359375
Pkt Len Var,SD2T,0,3,DT,0.3061750421250867,0.26703478550455123,0.2791760755346069,0.26703478550455123,0.2178766085657126,0.08039348996771067,0,0.007149934768676758,0.0009481906890869141
Pkt Len Var,SD2T,0,4,DT,0.3061750421250867,0.26703478550455123,0.2791760755346069,0.26703478550455123,0.2178766085657126,0.08039348996771067,0,0.006856441497802734,0.0010230541229248047
