Feature,Dataset,T,CV,ML,Acc,b_Acc,Prec,Rec,F1,kap,ROC,tra-T,test-T
Flow Duration,SD1T,0,0,DT,0.7464825429911413,0.5008654037632811,0.4656032844684331,0.5008654037632811,0.47761243047957486,0.6590181497183053,0,0.06313586235046387,0.015630722045898438
Flow Duration,SD1T,0,1,DT,0.7464825429911413,0.5008654037632811,0.4656032844684331,0.5008654037632811,0.47761243047957486,0.6590181497183053,0,0.05647563934326172,0.0
Flow Duration,SD1T,0,2,DT,0.7464825429911413,0.5008654037632811,0.4656032844684331,0.5008654037632811,0.47761243047957486,0.6590181497183053,0,0.06264233589172363,0.0
Flow Duration,SD1T,0,3,DT,0.7464825429911413,0.5008654037632811,0.4656032844684331,0.5008654037632811,0.47761243047957486,0.6590181497183053,0,0.0625922679901123,0.013555526733398438
Flow Duration,SD1T,0,4,DT,0.7464825429911413,0.5008654037632811,0.4656032844684331,0.5008654037632811,0.47761243047957486,0.6590181497183053,0,0.06258654594421387,0.0
