Feature,Dataset,T,CV,ML,Acc,b_Acc,Prec,Rec,F1,kap,ROC,tra-T,test-T
Bwd IAT Max,SD2,0,0,DT,0.5983122362869199,0.2732294069138774,0.2825937799642662,0.2732294069138774,0.2622077420042913,0.2772568901968231,0,0.013997554779052734,0.002332925796508789
Bwd IAT Max,SD2,0,1,DT,0.5983122362869199,0.2732294069138774,0.2825937799642662,0.2732294069138774,0.2622077420042913,0.2772568901968231,0,0.008165597915649414,0.0
Bwd IAT Max,SD2,0,2,DT,0.5983122362869199,0.2732294069138774,0.2825937799642662,0.2732294069138774,0.2622077420042913,0.2772568901968231,0,0.015021562576293945,0.0019881725311279297
Bwd IAT Max,SD2,0,3,DT,0.5983122362869199,0.2732294069138774,0.2825937799642662,0.2732294069138774,0.2622077420042913,0.2772568901968231,0,0.013102531433105469,0.002009868621826172
Bwd IAT Max,SD2,0,4,DT,0.5983122362869199,0.2732294069138774,0.2825937799642662,0.2732294069138774,0.2622077420042913,0.2772568901968231,0,0.01360177993774414,0.003941535949707031
