Feature,Dataset,T,CV,ML,Acc,b_Acc,Prec,Rec,F1,kap,ROC,tra-T,test-T
Pkt Len Var,SD2,0,0,DT,0.6040506329113924,0.33323168398190994,0.4744801967348029,0.33323168398190994,0.33137889750437716,0.39612749103633893,0,0.0062448978424072266,0.0028214454650878906
Pkt Len Var,SD2,0,1,DT,0.6040506329113924,0.33323168398190994,0.4744801967348029,0.33323168398190994,0.33137889750437716,0.39612749103633893,0,0.00601506233215332,0.0019872188568115234
Pkt Len Var,SD2,0,2,DT,0.6040506329113924,0.33323168398190994,0.4744801967348029,0.33323168398190994,0.33137889750437716,0.39612749103633893,0,0.007930994033813477,0.0020072460174560547
Pkt Len Var,SD2,0,3,DT,0.6040506329113924,0.33323168398190994,0.4744801967348029,0.33323168398190994,0.33137889750437716,0.39612749103633893,0,0.008100748062133789,0.002101898193359375
Pkt Len Var,SD2,0,4,DT,0.6040506329113924,0.33323168398190994,0.4744801967348029,0.33323168398190994,0.33137889750437716,0.39612749103633893,0,0.00804591178894043,0.0021631717681884766
