Feature,Dataset,T,CV,ML,Acc,b_Acc,Prec,Rec,F1,kap,ROC,tra-T,test-T
Fwd Blk Rate Avg,SD2T,0,0,DT,0.4432550302309446,0.08333333333333333,0.03693791918591205,0.08333333333333333,0.05118696060252272,0.0,0,0.0,0.0
Fwd Blk Rate Avg,SD2T,0,1,DT,0.4432550302309446,0.08333333333333333,0.03693791918591205,0.08333333333333333,0.05118696060252272,0.0,0,0.0020568370819091797,0.0010066032409667969
Fwd Blk Rate Avg,SD2T,0,2,DT,0.4432550302309446,0.08333333333333333,0.03693791918591205,0.08333333333333333,0.05118696060252272,0.0,0,0.001569509506225586,0.0011069774627685547
Fwd Blk Rate Avg,SD2T,0,3,DT,0.4432550302309446,0.08333333333333333,0.03693791918591205,0.08333333333333333,0.05118696060252272,0.0,0,0.0019905567169189453,0.0010159015655517578
Fwd Blk Rate Avg,SD2T,0,4,DT,0.4432550302309446,0.08333333333333333,0.03693791918591205,0.08333333333333333,0.05118696060252272,0.0,0,0.001980304718017578,0.0009961128234863281
