Feature,Dataset,T,CV,ML,Acc,b_Acc,Prec,Rec,F1,kap,ROC,tra-T,test-T
Bwd Seg Size Avg,SD1T,0,0,DT,0.7331943720687858,0.5082282170515371,0.6243654037270981,0.5082282170515371,0.49513505473748487,0.6348112016102043,0,0.005911588668823242,0.005106687545776367
Bwd Seg Size Avg,SD1T,0,1,DT,0.7331943720687858,0.5082282170515371,0.6243654037270981,0.5082282170515371,0.49513505473748487,0.6348112016102043,0,0.0,0.0
Bwd Seg Size Avg,SD1T,0,2,DT,0.7331943720687858,0.5082282170515371,0.6243654037270981,0.5082282170515371,0.49513505473748487,0.6348112016102043,0,0.0,0.0
Bwd Seg Size Avg,SD1T,0,3,DT,0.7331943720687858,0.5082282170515371,0.6243654037270981,0.5082282170515371,0.49513505473748487,0.6348112016102043,0,0.01510310173034668,0.0011022090911865234
Bwd Seg Size Avg,SD1T,0,4,DT,0.7331943720687858,0.5082282170515371,0.6243654037270981,0.5082282170515371,0.49513505473748487,0.6348112016102043,0,0.015624046325683594,0.0
