Feature,Dataset,T,CV,ML,Acc,b_Acc,Prec,Rec,F1,kap,ROC,tra-T,test-T
SYN Flag Cnt,SD1,0,0,DT,0.42384267146960036,0.10512724163144747,0.0966516997946915,0.10512724163144747,0.07676735410092539,0.14419725210272916,0,0.002069711685180664,0.0009431838989257812
SYN Flag Cnt,SD1,0,1,DT,0.42384267146960036,0.10512724163144747,0.0966516997946915,0.10512724163144747,0.07676735410092539,0.14419725210272916,0,0.0019865036010742188,0.0030012130737304688
SYN Flag Cnt,SD1,0,2,DT,0.42384267146960036,0.10512724163144747,0.0966516997946915,0.10512724163144747,0.07676735410092539,0.14419725210272916,0,0.0029959678649902344,0.0019989013671875
SYN Flag Cnt,SD1,0,3,DT,0.42384267146960036,0.10512724163144747,0.0966516997946915,0.10512724163144747,0.07676735410092539,0.14419725210272916,0,0.0020101070404052734,0.0011262893676757812
SYN Flag Cnt,SD1,0,4,DT,0.42384267146960036,0.10512724163144747,0.0966516997946915,0.10512724163144747,0.07676735410092539,0.14419725210272916,0,0.0016658306121826172,0.0010492801666259766
