Feature,Dataset,T,CV,ML,Acc,b_Acc,Prec,Rec,F1,kap,ROC,tra-T,test-T
Bwd IAT Mean,SD2T,0,0,DT,0.591832689067301,0.28876436336960964,0.325574233798323,0.28876436336960964,0.2941044173355599,0.40295991269001386,0,0.01496267318725586,0.001001119613647461
Bwd IAT Mean,SD2T,0,1,DT,0.591832689067301,0.28876436336960964,0.325574233798323,0.28876436336960964,0.2941044173355599,0.40295991269001386,0,0.020238161087036133,0.0014040470123291016
Bwd IAT Mean,SD2T,0,2,DT,0.591832689067301,0.28876436336960964,0.325574233798323,0.28876436336960964,0.2941044173355599,0.40295991269001386,0,0.019659042358398438,0.002173185348510742
Bwd IAT Mean,SD2T,0,3,DT,0.591832689067301,0.28876436336960964,0.325574233798323,0.28876436336960964,0.2941044173355599,0.40295991269001386,0,0.020648479461669922,0.0014925003051757812
Bwd IAT Mean,SD2T,0,4,DT,0.591832689067301,0.28876436336960964,0.325574233798323,0.28876436336960964,0.2941044173355599,0.40295991269001386,0,0.018687725067138672,0.0023980140686035156
