Feature,Dataset,T,CV,ML,Acc,b_Acc,Prec,Rec,F1,kap,ROC,tra-T,test-T
Fwd Blk Rate Avg,SD2,0,0,DT,0.6657665260196906,0.08333333333333333,0.055480543834974215,0.08333333333333333,0.06661262904297117,0.0,0,0.0,0.0
Fwd Blk Rate Avg,SD2,0,1,DT,0.6657665260196906,0.08333333333333333,0.055480543834974215,0.08333333333333333,0.06661262904297117,0.0,0,0.0,0.0
Fwd Blk Rate Avg,SD2,0,2,DT,0.6657665260196906,0.08333333333333333,0.055480543834974215,0.08333333333333333,0.06661262904297117,0.0,0,0.0,0.015602827072143555
Fwd Blk Rate Avg,SD2,0,3,DT,0.6657665260196906,0.08333333333333333,0.055480543834974215,0.08333333333333333,0.06661262904297117,0.0,0,0.0,0.0
Fwd Blk Rate Avg,SD2,0,4,DT,0.6657665260196906,0.08333333333333333,0.055480543834974215,0.08333333333333333,0.06661262904297117,0.0,0,0.01561737060546875,0.0
