Feature,Dataset,T,CV,ML,Acc,b_Acc,Prec,Rec,F1,kap,ROC,tra-T,test-T
Flow IAT Std,SD2T,0,0,DT,0.6050153632669244,0.3656173018475393,0.3990349414137097,0.3656173018475393,0.3729134107351541,0.4762357565032116,0,0.04863739013671875,0.003100872039794922
Flow IAT Std,SD2T,0,1,DT,0.6050153632669244,0.3656173018475393,0.3990349414137097,0.3656173018475393,0.3729134107351541,0.4762357565032116,0,0.05212211608886719,0.0020952224731445312
Flow IAT Std,SD2T,0,2,DT,0.6050153632669244,0.3656173018475393,0.3990349414137097,0.3656173018475393,0.3729134107351541,0.4762357565032116,0,0.04673647880554199,0.001994609832763672
Flow IAT Std,SD2T,0,3,DT,0.6050153632669244,0.3656173018475393,0.3990349414137097,0.3656173018475393,0.3729134107351541,0.4762357565032116,0,0.0427553653717041,0.0018477439880371094
Flow IAT Std,SD2T,0,4,DT,0.6050153632669244,0.3656173018475393,0.3990349414137097,0.3656173018475393,0.3729134107351541,0.4762357565032116,0,0.043463945388793945,0.001880645751953125
