Feature,Dataset,T,CV,ML,Acc,b_Acc,Prec,Rec,F1,kap,ROC,tra-T,test-T
Bwd IAT Max,SD1,0,0,DT,0.4530983790098817,0.31274485488831694,0.35425365650886204,0.31274485488831694,0.2854450113718239,0.2837346146877838,0,0.016812801361083984,0.005122661590576172
Bwd IAT Max,SD1,0,1,DT,0.4530983790098817,0.31274485488831694,0.35425365650886204,0.31274485488831694,0.2854450113718239,0.2837346146877838,0,0.021804332733154297,0.003297567367553711
Bwd IAT Max,SD1,0,2,DT,0.4530983790098817,0.31274485488831694,0.35425365650886204,0.31274485488831694,0.2854450113718239,0.2837346146877838,0,0.0260007381439209,0.0036878585815429688
Bwd IAT Max,SD1,0,3,DT,0.4530983790098817,0.31274485488831694,0.35425365650886204,0.31274485488831694,0.2854450113718239,0.2837346146877838,0,0.019243717193603516,0.00397801399230957
Bwd IAT Max,SD1,0,4,DT,0.4530983790098817,0.31274485488831694,0.35425365650886204,0.31274485488831694,0.2854450113718239,0.2837346146877838,0,0.018802881240844727,0.0046231746673583984
