Feature,Dataset,T,CV,ML,Acc,b_Acc,Prec,Rec,F1,kap,ROC,tra-T,test-T
HpHp_1_pcc_0_1,SD2,0,0,DT,0.7290167465313142,0.12832553218742246,0.14320252870897518,0.12832553218742246,0.12684815305982441,0.046342342631569555,0,0.6320087909698486,0.050954580307006836
HpHp_1_pcc_0_1,SD2,0,1,DT,0.7290167465313142,0.12832553218742246,0.14320252870897518,0.12832553218742246,0.12684815305982441,0.046342342631569555,0,0.6369988918304443,0.0489957332611084
HpHp_1_pcc_0_1,SD2,0,2,DT,0.7290167465313142,0.12832553218742246,0.14320252870897518,0.12832553218742246,0.12684815305982441,0.046342342631569555,0,0.6350059509277344,0.049904584884643555
HpHp_1_pcc_0_1,SD2,0,3,DT,0.7290167465313142,0.12832553218742246,0.14320252870897518,0.12832553218742246,0.12684815305982441,0.046342342631569555,0,0.6449999809265137,0.05091547966003418
HpHp_1_pcc_0_1,SD2,0,4,DT,0.7290167465313142,0.12832553218742246,0.14320252870897518,0.12832553218742246,0.12684815305982441,0.046342342631569555,0,0.645007848739624,0.05099964141845703
