Feature,Dataset,T,CV,ML,Acc,b_Acc,Prec,Rec,F1,kap,ROC,tra-T,test-T
HpHp_0.1_covariance_0_1,SD1,0,0,DT,0.43192900289827774,0.16822129753375561,0.2337911417944735,0.16822129753375561,0.16567348388870448,0.11847238370229896,0,0.43999361991882324,0.028001070022583008
HpHp_0.1_covariance_0_1,SD1,0,1,DT,0.43192900289827774,0.16822129753375561,0.2337911417944735,0.16822129753375561,0.16567348388870448,0.11847238370229896,0,0.4449152946472168,0.030087709426879883
HpHp_0.1_covariance_0_1,SD1,0,2,DT,0.43192900289827774,0.16822129753375561,0.2337911417944735,0.16822129753375561,0.16567348388870448,0.11847238370229896,0,0.4355897903442383,0.04211592674255371
HpHp_0.1_covariance_0_1,SD1,0,3,DT,0.43192900289827774,0.16822129753375561,0.2337911417944735,0.16822129753375561,0.16567348388870448,0.11847238370229896,0,0.44240808486938477,0.031002044677734375
HpHp_0.1_covariance_0_1,SD1,0,4,DT,0.43192900289827774,0.16822129753375561,0.2337911417944735,0.16822129753375561,0.16567348388870448,0.11847238370229896,0,0.4446446895599365,0.03687238693237305
