Feature,Dataset,T,CV,ML,Acc,b_Acc,Prec,Rec,F1,kap,ROC,tra-T,test-T
MI_dir_3_std,SD2,0,0,DT,0.6145459402601305,0.23004572505782286,0.16508805513882277,0.23004572505782286,0.181618646936453,0.2794693065186944,0,1.0219945907592773,0.10700249671936035
MI_dir_3_std,SD2,0,1,DT,0.6145459402601305,0.23004572505782286,0.16508805513882277,0.23004572505782286,0.181618646936453,0.2794693065186944,0,1.1340103149414062,0.10499310493469238
MI_dir_3_std,SD2,0,2,DT,0.6145459402601305,0.23004572505782286,0.16508805513882277,0.23004572505782286,0.181618646936453,0.2794693065186944,0,0.8129940032958984,0.1060020923614502
MI_dir_3_std,SD2,0,3,DT,0.6145459402601305,0.23004572505782286,0.16508805513882277,0.23004572505782286,0.181618646936453,0.2794693065186944,0,1.1310040950775146,0.10599017143249512
MI_dir_3_std,SD2,0,4,DT,0.6145459402601305,0.23004572505782286,0.16508805513882277,0.23004572505782286,0.181618646936453,0.2794693065186944,0,1.1089837551116943,0.10799980163574219
