Feature,Dataset,T,CV,ML,Acc,b_Acc,Prec,Rec,F1,kap,ROC,tra-T,test-T
HpHp_1_weight_0,SD2,0,0,DT,0.7180939341826257,0.2793871226045041,0.2902207438329512,0.2793871226045041,0.27046197804714334,0.28953576339438636,0,0.8874037265777588,0.05801105499267578
HpHp_1_weight_0,SD2,0,1,DT,0.7180939341826257,0.2793871226045041,0.2902207438329512,0.2793871226045041,0.27046197804714334,0.28953576339438636,0,0.8651254177093506,0.05990791320800781
HpHp_1_weight_0,SD2,0,2,DT,0.7180939341826257,0.2793871226045041,0.2902207438329512,0.2793871226045041,0.27046197804714334,0.28953576339438636,0,0.8485097885131836,0.05887961387634277
HpHp_1_weight_0,SD2,0,3,DT,0.7180939341826257,0.2793871226045041,0.2902207438329512,0.2793871226045041,0.27046197804714334,0.28953576339438636,0,0.8689987659454346,0.05795788764953613
HpHp_1_weight_0,SD2,0,4,DT,0.7180939341826257,0.2793871226045041,0.2902207438329512,0.2793871226045041,0.27046197804714334,0.28953576339438636,0,0.6190943717956543,0.056999921798706055
