Feature,Dataset,T,CV,ML,Acc,b_Acc,Prec,Rec,F1,kap,ROC,tra-T,test-T
HpHp_0.1_magnitude_0_1,SD2,0,0,DT,0.6963551667139732,0.5434075165725364,0.5070041489728402,0.5434075165725364,0.4521946670763712,0.42799912099135196,0,0.6129536628723145,0.058898210525512695
HpHp_0.1_magnitude_0_1,SD2,0,1,DT,0.6963551667139732,0.5434075165725364,0.5070041489728402,0.5434075165725364,0.4521946670763712,0.42799912099135196,0,0.7981016635894775,0.06189751625061035
HpHp_0.1_magnitude_0_1,SD2,0,2,DT,0.6963551667139732,0.5434075165725364,0.5070041489728402,0.5434075165725364,0.4521946670763712,0.42799912099135196,0,0.6448938846588135,0.05839204788208008
HpHp_0.1_magnitude_0_1,SD2,0,3,DT,0.6963551667139732,0.5434075165725364,0.5070041489728402,0.5434075165725364,0.4521946670763712,0.42799912099135196,0,0.799950361251831,0.06199812889099121
HpHp_0.1_magnitude_0_1,SD2,0,4,DT,0.6963551667139732,0.5434075165725364,0.5070041489728402,0.5434075165725364,0.4521946670763712,0.42799912099135196,0,0.8004977703094482,0.05999946594238281
