Feature,Dataset,T,CV,ML,Acc,b_Acc,Prec,Rec,F1,kap,ROC,tra-T,test-T
HpHp_3_std_0,SD1T,0,0,DT,0.4390761941439391,0.21189704215008306,0.2305361266924906,0.21189704215008306,0.17415280134944203,0.17789989516641846,0,0.46262454986572266,0.027872800827026367
HpHp_3_std_0,SD1T,0,1,DT,0.4390761941439391,0.21189704215008306,0.2305361266924906,0.21189704215008306,0.17415280134944203,0.17789989516641846,0,0.478179931640625,0.026999235153198242
HpHp_3_std_0,SD1T,0,2,DT,0.4390761941439391,0.21189704215008306,0.2305361266924906,0.21189704215008306,0.17415280134944203,0.17789989516641846,0,0.4831881523132324,0.02607274055480957
HpHp_3_std_0,SD1T,0,3,DT,0.4390761941439391,0.21189704215008306,0.2305361266924906,0.21189704215008306,0.17415280134944203,0.17789989516641846,0,0.47399258613586426,0.025994062423706055
HpHp_3_std_0,SD1T,0,4,DT,0.4390761941439391,0.21189704215008306,0.2305361266924906,0.21189704215008306,0.17415280134944203,0.17789989516641846,0,0.47191596031188965,0.026999235153198242
