Feature,Dataset,T,CV,ML,Acc,b_Acc,Prec,Rec,F1,kap,ROC,tra-T,test-T
MI_dir_1_std,SD2T,0,0,DT,0.6157118676799691,0.20717110628912816,0.24480679514275394,0.20717110628912816,0.2092902434680345,0.25383224256228754,0,2.20111346244812,0.05493783950805664
MI_dir_1_std,SD2T,0,1,DT,0.6157118676799691,0.20717110628912816,0.24480679514275394,0.20717110628912816,0.2092902434680345,0.25383224256228754,0,2.3177683353424072,0.05597877502441406
MI_dir_1_std,SD2T,0,2,DT,0.6157118676799691,0.20717110628912816,0.24480679514275394,0.20717110628912816,0.2092902434680345,0.25383224256228754,0,2.291902780532837,0.05602097511291504
MI_dir_1_std,SD2T,0,3,DT,0.6157118676799691,0.20717110628912816,0.24480679514275394,0.20717110628912816,0.2092902434680345,0.25383224256228754,0,2.283454418182373,0.05532550811767578
MI_dir_1_std,SD2T,0,4,DT,0.6157118676799691,0.20717110628912816,0.24480679514275394,0.20717110628912816,0.2092902434680345,0.25383224256228754,0,2.3810079097747803,0.05612587928771973
