Feature,Dataset,T,CV,ML,Acc,b_Acc,Prec,Rec,F1,kap,ROC,tra-T,test-T
HpHp_0.01_covariance_0_1,SD2T,0,0,DT,0.5862613456928967,0.19208580335764605,0.15845445547330522,0.19208580335764605,0.156053036941706,0.11885055630991737,0,1.3359882831573486,0.031005382537841797
HpHp_0.01_covariance_0_1,SD2T,0,1,DT,0.5862613456928967,0.19208580335764605,0.15845445547330522,0.19208580335764605,0.156053036941706,0.11885055630991737,0,1.3594329357147217,0.031002044677734375
HpHp_0.01_covariance_0_1,SD2T,0,2,DT,0.5862613456928967,0.19208580335764605,0.15845445547330522,0.19208580335764605,0.156053036941706,0.11885055630991737,0,1.3545823097229004,0.03107285499572754
HpHp_0.01_covariance_0_1,SD2T,0,3,DT,0.5862613456928967,0.19208580335764605,0.15845445547330522,0.19208580335764605,0.156053036941706,0.11885055630991737,0,1.3529975414276123,0.032001495361328125
HpHp_0.01_covariance_0_1,SD2T,0,4,DT,0.5862613456928967,0.19208580335764605,0.15845445547330522,0.19208580335764605,0.156053036941706,0.11885055630991737,0,1.3485937118530273,0.0318753719329834
