Feature,Dataset,T,CV,ML,Acc,b_Acc,Prec,Rec,F1,kap,ROC,tra-T,test-T
HH_3_weight_0,SD2T,0,0,DT,0.5682275159322496,0.198253531783298,0.16637235208763188,0.198253531783298,0.15152388425936394,0.2821617497154131,0,1.9478509426116943,0.05307817459106445
HH_3_weight_0,SD2T,0,1,DT,0.5682275159322496,0.198253531783298,0.16637235208763188,0.198253531783298,0.15152388425936394,0.2821617497154131,0,2.0554537773132324,0.05299687385559082
HH_3_weight_0,SD2T,0,2,DT,0.5682275159322496,0.198253531783298,0.16637235208763188,0.198253531783298,0.15152388425936394,0.2821617497154131,0,2.0441620349884033,0.053999900817871094
HH_3_weight_0,SD2T,0,3,DT,0.5682275159322496,0.198253531783298,0.16637235208763188,0.198253531783298,0.15152388425936394,0.2821617497154131,0,2.0573031902313232,0.0540006160736084
HH_3_weight_0,SD2T,0,4,DT,0.5682275159322496,0.198253531783298,0.16637235208763188,0.198253531783298,0.15152388425936394,0.2821617497154131,0,2.091972827911377,0.052934885025024414
