Feature,Dataset,T,CV,ML,Acc,b_Acc,Prec,Rec,F1,kap,ROC,tra-T,test-T
HpHp_3_mean_0,SD2,0,0,DT,0.6580969395421835,0.4685240269311813,0.4416373263734328,0.4685240269311813,0.40645834946296105,0.38310637896329414,0,0.5710849761962891,0.04799985885620117
HpHp_3_mean_0,SD2,0,1,DT,0.6580969395421835,0.4685240269311813,0.4416373263734328,0.4685240269311813,0.40645834946296105,0.38310637896329414,0,0.5820817947387695,0.048952341079711914
HpHp_3_mean_0,SD2,0,2,DT,0.6580969395421835,0.4685240269311813,0.4416373263734328,0.4685240269311813,0.40645834946296105,0.38310637896329414,0,0.5919966697692871,0.04599356651306152
HpHp_3_mean_0,SD2,0,3,DT,0.6580969395421835,0.4685240269311813,0.4416373263734328,0.4685240269311813,0.40645834946296105,0.38310637896329414,0,0.5819904804229736,0.048000335693359375
HpHp_3_mean_0,SD2,0,4,DT,0.6580969395421835,0.4685240269311813,0.4416373263734328,0.4685240269311813,0.40645834946296105,0.38310637896329414,0,0.5809905529022217,0.04700112342834473
