Feature,Dataset,T,CV,ML,Acc,b_Acc,Prec,Rec,F1,kap,ROC,tra-T,test-T
HH_jit_0.01_std,SD2T,0,0,DT,0.6291676606572834,0.28893912193388666,0.26440626089093405,0.28893912193388666,0.2615835106476559,0.3881301235739115,0,3.0390357971191406,0.05088639259338379
HH_jit_0.01_std,SD2T,0,1,DT,0.6291676606572834,0.28893912193388666,0.26440626089093405,0.28893912193388666,0.2615835106476559,0.3881301235739115,0,3.0201237201690674,0.04904580116271973
HH_jit_0.01_std,SD2T,0,2,DT,0.6291676606572834,0.28893912193388666,0.26440626089093405,0.28893912193388666,0.2615835106476559,0.3881301235739115,0,3.046232223510742,0.04790496826171875
HH_jit_0.01_std,SD2T,0,3,DT,0.6291676606572834,0.28893912193388666,0.26440626089093405,0.28893912193388666,0.2615835106476559,0.3881301235739115,0,3.0391342639923096,0.04990077018737793
HH_jit_0.01_std,SD2T,0,4,DT,0.6291676606572834,0.28893912193388666,0.26440626089093405,0.28893912193388666,0.2615835106476559,0.3881301235739115,0,3.0608065128326416,0.052092552185058594
