Feature,Dataset,T,CV,ML,Acc,b_Acc,Prec,Rec,F1,kap,ROC,tra-T,test-T
HH_jit_5_std,SD2T,0,0,DT,0.5942530302513944,0.12721228231792547,0.17503170567985224,0.12721228231792547,0.12440744323095865,0.08989660210107542,0,1.1327276229858398,0.03206944465637207
HH_jit_5_std,SD2T,0,1,DT,0.5942530302513944,0.12721228231792547,0.17503170567985224,0.12721228231792547,0.12440744323095865,0.08989660210107542,0,1.1309301853179932,0.031954288482666016
HH_jit_5_std,SD2T,0,2,DT,0.5942530302513944,0.12721228231792547,0.17503170567985224,0.12721228231792547,0.12440744323095865,0.08989660210107542,0,1.1330046653747559,0.032050132751464844
HH_jit_5_std,SD2T,0,3,DT,0.5942530302513944,0.12721228231792547,0.17503170567985224,0.12721228231792547,0.12440744323095865,0.08989660210107542,0,1.1479003429412842,0.03099656105041504
HH_jit_5_std,SD2T,0,4,DT,0.5942530302513944,0.12721228231792547,0.17503170567985224,0.12721228231792547,0.12440744323095865,0.08989660210107542,0,1.129988193511963,0.031999826431274414
