Feature,Dataset,T,CV,ML,Acc,b_Acc,Prec,Rec,F1,kap,ROC,tra-T,test-T
HpHp_3_mean_0,SD1T,0,0,DT,0.5773903301473935,0.4959431410495163,0.35002809105955657,0.4959431410495163,0.3565534871093627,0.454439397787041,0,0.5069277286529541,0.028023719787597656
HpHp_3_mean_0,SD1T,0,1,DT,0.5773903301473935,0.4959431410495163,0.35002809105955657,0.4959431410495163,0.3565534871093627,0.454439397787041,0,0.517988920211792,0.02896571159362793
HpHp_3_mean_0,SD1T,0,2,DT,0.5773903301473935,0.4959431410495163,0.35002809105955657,0.4959431410495163,0.3565534871093627,0.454439397787041,0,0.44549131393432617,0.027992725372314453
HpHp_3_mean_0,SD1T,0,3,DT,0.5773903301473935,0.4959431410495163,0.35002809105955657,0.4959431410495163,0.3565534871093627,0.454439397787041,0,0.520085334777832,0.028006553649902344
HpHp_3_mean_0,SD1T,0,4,DT,0.5773903301473935,0.4959431410495163,0.35002809105955657,0.4959431410495163,0.3565534871093627,0.454439397787041,0,0.5125646591186523,0.028946876525878906
