Feature,Dataset,T,CV,ML,Acc,b_Acc,Prec,Rec,F1,kap,ROC,tra-T,test-T
ipv6.opt.type.action,AD-S1-2,0,0,DT,0.0667443698672347,0.0497096399535424,0.04212879270838826,0.0497096399535424,0.009908593287998955,0.00027758516091258567,0,0.009711503982543945,0.010006189346313477
ipv6.opt.type.action,AD-S1-2,0,1,DT,0.0667443698672347,0.0497096399535424,0.04212879270838826,0.0497096399535424,0.009908593287998955,0.00027758516091258567,0,0.010004281997680664,0.009990215301513672
ipv6.opt.type.action,AD-S1-2,0,2,DT,0.0667443698672347,0.0497096399535424,0.04212879270838826,0.0497096399535424,0.009908593287998955,0.00027758516091258567,0,0.010011911392211914,0.009996891021728516
ipv6.opt.type.action,AD-S1-2,0,3,DT,0.0667443698672347,0.0497096399535424,0.04212879270838826,0.0497096399535424,0.009908593287998955,0.00027758516091258567,0,0.010002613067626953,0.005006074905395508
ipv6.opt.type.action,AD-S1-2,0,4,DT,0.0667443698672347,0.0497096399535424,0.04212879270838826,0.0497096399535424,0.009908593287998955,0.00027758516091258567,0,0.010021686553955078,0.010001420974731445
