Feature,Dataset,T,CV,ML,Acc,b_Acc,Prec,Rec,F1,kap,ROC,tra-T,test-T
dhcp.id,AD-S1-2,0,0,DT,0.0743807188885763,0.06162396705073894,0.2121364698621059,0.06162396705073894,0.028063024797693154,0.008834496120038171,0,0.0,0.01572561264038086
dhcp.id,AD-S1-2,0,1,DT,0.0743807188885763,0.06162396705073894,0.2121364698621059,0.06162396705073894,0.028063024797693154,0.008834496120038171,0,0.017740964889526367,0.014059305191040039
dhcp.id,AD-S1-2,0,2,DT,0.0743807188885763,0.06162396705073894,0.2121364698621059,0.06162396705073894,0.028063024797693154,0.008834496120038171,0,0.015622138977050781,0.0
dhcp.id,AD-S1-2,0,3,DT,0.0743807188885763,0.06162396705073894,0.2121364698621059,0.06162396705073894,0.028063024797693154,0.008834496120038171,0,0.015637874603271484,0.003118276596069336
dhcp.id,AD-S1-2,0,4,DT,0.0743807188885763,0.06162396705073894,0.2121364698621059,0.06162396705073894,0.028063024797693154,0.008834496120038171,0,0.013104677200317383,0.01573634147644043
