Feature,Dataset,T,CV,ML,Acc,b_Acc,Prec,Rec,F1,kap,ROC,tra-T,test-T
udp.srcport,AD-S2-1,0,0,DT,0.2836362228302958,0.24428756486514505,0.6163186899634193,0.24428756486514505,0.26126025177542456,0.2381436494516168,0,0.07825231552124023,0.016712188720703125
udp.srcport,AD-S2-1,0,1,DT,0.2836362228302958,0.24428756486514505,0.6163186899634193,0.24428756486514505,0.26126025177542456,0.2381436494516168,0,0.06755328178405762,0.011049747467041016
udp.srcport,AD-S2-1,0,2,DT,0.2836362228302958,0.24428756486514505,0.6163186899634193,0.24428756486514505,0.26126025177542456,0.2381436494516168,0,0.03188681602478027,0.015583992004394531
udp.srcport,AD-S2-1,0,3,DT,0.2836362228302958,0.24428756486514505,0.6163186899634193,0.24428756486514505,0.26126025177542456,0.2381436494516168,0,0.03163647651672363,0.015686750411987305
udp.srcport,AD-S2-1,0,4,DT,0.2836362228302958,0.24428756486514505,0.6163186899634193,0.24428756486514505,0.26126025177542456,0.2381436494516168,0,0.03126645088195801,0.025181055068969727
