Feature,Dataset,T,CV,ML,Acc,b_Acc,Prec,Rec,F1,kap,ROC,tra-T,test-T
dns.extraneous.length,AD-S2-1,0,0,DT,0.06414889772316588,0.047619047619047616,0.003054709415388852,0.047619047619047616,0.0057411315689461385,0.0,0,0.009505510330200195,0.010430097579956055
dns.extraneous.length,AD-S2-1,0,1,DT,0.06414889772316588,0.047619047619047616,0.003054709415388852,0.047619047619047616,0.0057411315689461385,0.0,0,0.009738922119140625,0.004920005798339844
dns.extraneous.length,AD-S2-1,0,2,DT,0.06414889772316588,0.047619047619047616,0.003054709415388852,0.047619047619047616,0.0057411315689461385,0.0,0,0.015117883682250977,0.009957313537597656
dns.extraneous.length,AD-S2-1,0,3,DT,0.06414889772316588,0.047619047619047616,0.003054709415388852,0.047619047619047616,0.0057411315689461385,0.0,0,0.005461454391479492,0.009755611419677734
dns.extraneous.length,AD-S2-1,0,4,DT,0.06414889772316588,0.047619047619047616,0.003054709415388852,0.047619047619047616,0.0057411315689461385,0.0,0,0.009490013122558594,0.009990215301513672
