Feature,Dataset,T,CV,ML,Acc,b_Acc,Prec,Rec,F1,kap,ROC,tra-T,test-T
tcp.options.wscale.multiplier,AD-S1-2,0,0,DT,0.08156156638934663,0.05946902341322321,0.2681202508243895,0.05946902341322321,0.027600367557912016,0.016222534855615867,0,0.01563239097595215,0.0
tcp.options.wscale.multiplier,AD-S1-2,0,1,DT,0.08156156638934663,0.05946902341322321,0.2681202508243895,0.05946902341322321,0.027600367557912016,0.016222534855615867,0,0.01604318618774414,0.015763282775878906
tcp.options.wscale.multiplier,AD-S1-2,0,2,DT,0.08156156638934663,0.05946902341322321,0.2681202508243895,0.05946902341322321,0.027600367557912016,0.016222534855615867,0,0.01563715934753418,0.015616893768310547
tcp.options.wscale.multiplier,AD-S1-2,0,3,DT,0.08156156638934663,0.05946902341322321,0.2681202508243895,0.05946902341322321,0.027600367557912016,0.016222534855615867,0,0.015607357025146484,0.015533685684204102
tcp.options.wscale.multiplier,AD-S1-2,0,4,DT,0.08156156638934663,0.05946902341322321,0.2681202508243895,0.05946902341322321,0.027600367557912016,0.016222534855615867,0,0.0,0.015741348266601562
