Feature,Dataset,T,CV,ML,Acc,b_Acc,Prec,Rec,F1,kap,ROC,tra-T,test-T
stun.att.reserved,AD-S1-2,0,0,DT,0.06911565719491446,0.04952671780468541,0.044485434483339116,0.04952671780468541,0.01017235147516161,0.0028027139186355132,0,0.010000467300415039,0.009996652603149414
stun.att.reserved,AD-S1-2,0,1,DT,0.06911565719491446,0.04952671780468541,0.044485434483339116,0.04952671780468541,0.01017235147516161,0.0028027139186355132,0,0.010135173797607422,0.009996891021728516
stun.att.reserved,AD-S1-2,0,2,DT,0.06911565719491446,0.04952671780468541,0.044485434483339116,0.04952671780468541,0.01017235147516161,0.0028027139186355132,0,0.012543916702270508,0.010014533996582031
stun.att.reserved,AD-S1-2,0,3,DT,0.06911565719491446,0.04952671780468541,0.044485434483339116,0.04952671780468541,0.01017235147516161,0.0028027139186355132,0,0.014886856079101562,0.010271787643432617
stun.att.reserved,AD-S1-2,0,4,DT,0.06911565719491446,0.04952671780468541,0.044485434483339116,0.04952671780468541,0.01017235147516161,0.0028027139186355132,0,0.0048732757568359375,0.01003265380859375
