Feature,Dataset,T,CV,ML,Acc,b_Acc,Prec,Rec,F1,kap,ROC,tra-T,test-T
ip.checksum.status,AD-S1-2,0,0,DT,0.09214527819085513,0.06734010172171527,0.025048106289052425,0.06734010172171527,0.026926726797140404,0.02866285127874979,0,0.010462522506713867,0.009321928024291992
ip.checksum.status,AD-S1-2,0,1,DT,0.09214527819085513,0.06734010172171527,0.025048106289052425,0.06734010172171527,0.026926726797140404,0.02866285127874979,0,0.009804487228393555,0.009853363037109375
ip.checksum.status,AD-S1-2,0,2,DT,0.09214527819085513,0.06734010172171527,0.025048106289052425,0.06734010172171527,0.026926726797140404,0.02866285127874979,0,0.014638662338256836,0.010124683380126953
ip.checksum.status,AD-S1-2,0,3,DT,0.09214527819085513,0.06734010172171527,0.025048106289052425,0.06734010172171527,0.026926726797140404,0.02866285127874979,0,0.005013704299926758,0.010242223739624023
ip.checksum.status,AD-S1-2,0,4,DT,0.09214527819085513,0.06734010172171527,0.025048106289052425,0.06734010172171527,0.026926726797140404,0.02866285127874979,0,0.0073108673095703125,0.015143871307373047
