Feature,Dataset,T,CV,ML,Acc,b_Acc,Prec,Rec,F1,kap,ROC,tra-T,test-T
ip.flags.rb,AD-S2-1,0,0,DT,0.08955031235479374,0.06748808166858435,0.024657472357273797,0.06748808166858435,0.026714710506559068,0.02750910026562914,0,0.010928153991699219,0.010891199111938477
ip.flags.rb,AD-S2-1,0,1,DT,0.08955031235479374,0.06748808166858435,0.024657472357273797,0.06748808166858435,0.026714710506559068,0.02750910026562914,0,0.008709430694580078,0.008877038955688477
ip.flags.rb,AD-S2-1,0,2,DT,0.08955031235479374,0.06748808166858435,0.024657472357273797,0.06748808166858435,0.026714710506559068,0.02750910026562914,0,0.01012277603149414,0.01110219955444336
ip.flags.rb,AD-S2-1,0,3,DT,0.08955031235479374,0.06748808166858435,0.024657472357273797,0.06748808166858435,0.026714710506559068,0.02750910026562914,0,0.00839090347290039,0.009468555450439453
ip.flags.rb,AD-S2-1,0,4,DT,0.08955031235479374,0.06748808166858435,0.024657472357273797,0.06748808166858435,0.026714710506559068,0.02750910026562914,0,0.012896537780761719,0.011969327926635742
