Feature,Dataset,T,CV,ML,Acc,b_Acc,Prec,Rec,F1,kap,ROC,tra-T,test-T
eth.padding,AD-S2-1,0,0,DT,0.09019567349888997,0.07335424796592445,0.030843548628358756,0.07335424796592445,0.03264993665512692,0.028575140914415265,0,0.015009641647338867,0.005009889602661133
eth.padding,AD-S2-1,0,1,DT,0.09019567349888997,0.07335424796592445,0.030843548628358756,0.07335424796592445,0.03264993665512692,0.028575140914415265,0,0.005086183547973633,0.009992837905883789
eth.padding,AD-S2-1,0,2,DT,0.09019567349888997,0.07335424796592445,0.030843548628358756,0.07335424796592445,0.03264993665512692,0.028575140914415265,0,0.010008811950683594,0.009998083114624023
eth.padding,AD-S2-1,0,3,DT,0.09019567349888997,0.07335424796592445,0.030843548628358756,0.07335424796592445,0.03264993665512692,0.028575140914415265,0,0.010011434555053711,0.00991058349609375
eth.padding,AD-S2-1,0,4,DT,0.09019567349888997,0.07335424796592445,0.030843548628358756,0.07335424796592445,0.03264993665512692,0.028575140914415265,0,0.010003805160522461,0.010009050369262695
