Feature,Dataset,T,CV,ML,Acc,b_Acc,Prec,Rec,F1,kap,ROC,tra-T,test-T
arp.proto.size,AD-S1-2,0,0,DT,0.06650322200340286,0.047619047619047616,0.0031668200954001365,0.047619047619047616,0.00593869766178734,0.0,0,0.0,0.015627145767211914
arp.proto.size,AD-S1-2,0,1,DT,0.06650322200340286,0.047619047619047616,0.0031668200954001365,0.047619047619047616,0.00593869766178734,0.0,0,0.015616893768310547,0.01623082160949707
arp.proto.size,AD-S1-2,0,2,DT,0.06650322200340286,0.047619047619047616,0.0031668200954001365,0.047619047619047616,0.00593869766178734,0.0,0,0.011115312576293945,0.0
arp.proto.size,AD-S1-2,0,3,DT,0.06650322200340286,0.047619047619047616,0.0031668200954001365,0.047619047619047616,0.00593869766178734,0.0,0,0.01562356948852539,0.015630006790161133
arp.proto.size,AD-S1-2,0,4,DT,0.06650322200340286,0.047619047619047616,0.0031668200954001365,0.047619047619047616,0.00593869766178734,0.0,0,0.015736103057861328,0.01562786102294922
