Feature,Dataset,T,CV,ML,Acc,b_Acc,Prec,Rec,F1,kap,ROC,tra-T,test-T
http.notification,AD-S2-1,0,0,DT,0.11358356136093758,0.08615000727668558,0.028154940596919528,0.08615000727668558,0.03658622893617986,0.05328202949737948,0,0.010609149932861328,0.014719724655151367
http.notification,AD-S2-1,0,1,DT,0.11358356136093758,0.08615000727668558,0.028154940596919528,0.08615000727668558,0.03658622893617986,0.05328202949737948,0,0.010009050369262695,0.009999990463256836
http.notification,AD-S2-1,0,2,DT,0.11358356136093758,0.08615000727668558,0.028154940596919528,0.08615000727668558,0.03658622893617986,0.05328202949737948,0,0.010004281997680664,0.010115385055541992
http.notification,AD-S2-1,0,3,DT,0.11358356136093758,0.08615000727668558,0.028154940596919528,0.08615000727668558,0.03658622893617986,0.05328202949737948,0,0.009999990463256836,0.010002613067626953
http.notification,AD-S2-1,0,4,DT,0.11358356136093758,0.08615000727668558,0.028154940596919528,0.08615000727668558,0.03658622893617986,0.05328202949737948,0,0.01499795913696289,0.009880542755126953
