Feature,Dataset,T,CV,ML,Acc,b_Acc,Prec,Rec,F1,kap,ROC,tra-T,test-T
tls.handshake.certificates_length,AD-S1-2,0,0,DT,0.06701231193815897,0.04952493471154201,0.14597666556122335,0.04952493471154201,0.009553512748297514,0.0017590601954712293,0,0.01814889907836914,0.010956764221191406
tls.handshake.certificates_length,AD-S1-2,0,1,DT,0.06701231193815897,0.04952493471154201,0.14597666556122335,0.04952493471154201,0.009553512748297514,0.0017590601954712293,0,0.01610875129699707,0.009889364242553711
tls.handshake.certificates_length,AD-S1-2,0,2,DT,0.06701231193815897,0.04952493471154201,0.14597666556122335,0.04952493471154201,0.009553512748297514,0.0017590601954712293,0,0.0141448974609375,0.015313863754272461
tls.handshake.certificates_length,AD-S1-2,0,3,DT,0.06701231193815897,0.04952493471154201,0.14597666556122335,0.04952493471154201,0.009553512748297514,0.0017590601954712293,0,0.015092134475708008,0.013588905334472656
tls.handshake.certificates_length,AD-S1-2,0,4,DT,0.06701231193815897,0.04952493471154201,0.14597666556122335,0.04952493471154201,0.009553512748297514,0.0017590601954712293,0,0.011785268783569336,0.01138925552368164
