Feature,Dataset,T,CV,ML,Acc,b_Acc,Prec,Rec,F1,kap,ROC,tra-T,test-T
udp.time_delta,AD-S2-1,0,0,DT,0.19616397335949198,0.1653906870485343,0.48068296418791256,0.1653906870485343,0.16303917914076133,0.1448461073202142,0,0.07877135276794434,0.015110015869140625
udp.time_delta,AD-S2-1,0,1,DT,0.19616397335949198,0.1653906870485343,0.48068296418791256,0.1653906870485343,0.16303917914076133,0.1448461073202142,0,0.0788259506225586,0.01564168930053711
udp.time_delta,AD-S2-1,0,2,DT,0.19616397335949198,0.1653906870485343,0.48068296418791256,0.1653906870485343,0.16303917914076133,0.1448461073202142,0,0.06342768669128418,0.015736103057861328
udp.time_delta,AD-S2-1,0,3,DT,0.19616397335949198,0.1653906870485343,0.48068296418791256,0.1653906870485343,0.16303917914076133,0.1448461073202142,0,0.0631861686706543,0.015622854232788086
udp.time_delta,AD-S2-1,0,4,DT,0.19616397335949198,0.1653906870485343,0.48068296418791256,0.1653906870485343,0.16303917914076133,0.1448461073202142,0,0.07883334159851074,0.0
