Feature,Dataset,T,CV,ML,Acc,b_Acc,Prec,Rec,F1,kap,ROC,tra-T,test-T
udp.dstport,AD-S1-2,0,0,DT,0.25167798721916324,0.2188984686049212,0.4793360990792621,0.2188984686049212,0.20537614513639502,0.20226068230936312,0,0.031281232833862305,0.015607595443725586
udp.dstport,AD-S1-2,0,1,DT,0.25167798721916324,0.2188984686049212,0.4793360990792621,0.2188984686049212,0.20537614513639502,0.20226068230936312,0,0.03368687629699707,0.017725229263305664
udp.dstport,AD-S1-2,0,2,DT,0.25167798721916324,0.2188984686049212,0.4793360990792621,0.2188984686049212,0.20537614513639502,0.20226068230936312,0,0.015717506408691406,0.015622377395629883
udp.dstport,AD-S1-2,0,3,DT,0.25167798721916324,0.2188984686049212,0.4793360990792621,0.2188984686049212,0.20537614513639502,0.20226068230936312,0,0.03170657157897949,0.015746116638183594
udp.dstport,AD-S1-2,0,4,DT,0.25167798721916324,0.2188984686049212,0.4793360990792621,0.2188984686049212,0.20537614513639502,0.20226068230936312,0,0.015646934509277344,0.01794600486755371
