Feature,Dataset,T,CV,ML,Acc,b_Acc,Prec,Rec,F1,kap,ROC,tra-T,test-T
dhcp.secs,AD-S1-2,0,0,DT,0.07562664951837413,0.06357301780010462,0.15173039151636827,0.06357301780010462,0.029550787073672053,0.010187220067926495,0,0.01562643051147461,0.015711069107055664
dhcp.secs,AD-S1-2,0,1,DT,0.07562664951837413,0.06357301780010462,0.15173039151636827,0.06357301780010462,0.029550787073672053,0.010187220067926495,0,0.015630006790161133,0.0
dhcp.secs,AD-S1-2,0,2,DT,0.07562664951837413,0.06357301780010462,0.15173039151636827,0.06357301780010462,0.029550787073672053,0.010187220067926495,0,0.0,0.01563239097595215
dhcp.secs,AD-S1-2,0,3,DT,0.07562664951837413,0.06357301780010462,0.15173039151636827,0.06357301780010462,0.029550787073672053,0.010187220067926495,0,0.01562356948852539,0.0
dhcp.secs,AD-S1-2,0,4,DT,0.07562664951837413,0.06357301780010462,0.15173039151636827,0.06357301780010462,0.029550787073672053,0.010187220067926495,0,0.01610112190246582,0.0
