Feature,Dataset,T,CV,ML,Acc,b_Acc,Prec,Rec,F1,kap,ROC,tra-T,test-T
tcp.connection.synack,AD-S2-1,0,0,DT,0.0672337239919459,0.050078755822774074,0.020978694607962384,0.050078755822774074,0.011201849383126275,0.0033355814814155504,0,0.010507822036743164,0.009243249893188477
tcp.connection.synack,AD-S2-1,0,1,DT,0.0672337239919459,0.050078755822774074,0.020978694607962384,0.050078755822774074,0.011201849383126275,0.0033355814814155504,0,0.011762380599975586,0.008214950561523438
tcp.connection.synack,AD-S2-1,0,2,DT,0.0672337239919459,0.050078755822774074,0.020978694607962384,0.050078755822774074,0.011201849383126275,0.0033355814814155504,0,0.009952545166015625,0.014854907989501953
tcp.connection.synack,AD-S2-1,0,3,DT,0.0672337239919459,0.050078755822774074,0.020978694607962384,0.050078755822774074,0.011201849383126275,0.0033355814814155504,0,0.010543107986450195,0.009439706802368164
tcp.connection.synack,AD-S2-1,0,4,DT,0.0672337239919459,0.050078755822774074,0.020978694607962384,0.050078755822774074,0.011201849383126275,0.0033355814814155504,0,0.009415626525878906,0.009736061096191406
