Feature,Dataset,T,CV,ML,Acc,b_Acc,Prec,Rec,F1,kap,ROC,tra-T,test-T
tls.handshake.extensions_supported_groups,AD-S2-1,0,0,DT,0.06569776446899685,0.04877251667724013,0.015414944036150426,0.04877251667724013,0.007883314958523648,0.0016563520030365986,0,0.015223503112792969,0.010260581970214844
tls.handshake.extensions_supported_groups,AD-S2-1,0,1,DT,0.06569776446899685,0.04877251667724013,0.015414944036150426,0.04877251667724013,0.007883314958523648,0.0016563520030365986,0,0.010027647018432617,0.010260581970214844
tls.handshake.extensions_supported_groups,AD-S2-1,0,2,DT,0.06569776446899685,0.04877251667724013,0.015414944036150426,0.04877251667724013,0.007883314958523648,0.0016563520030365986,0,0.01282048225402832,0.008129119873046875
tls.handshake.extensions_supported_groups,AD-S2-1,0,3,DT,0.06569776446899685,0.04877251667724013,0.015414944036150426,0.04877251667724013,0.007883314958523648,0.0016563520030365986,0,0.005211353302001953,0.010459661483764648
tls.handshake.extensions_supported_groups,AD-S2-1,0,4,DT,0.06569776446899685,0.04877251667724013,0.015414944036150426,0.04877251667724013,0.007883314958523648,0.0016563520030365986,0,0.00931549072265625,0.010376453399658203
