Feature,Dataset,T,CV,ML,Acc,b_Acc,Prec,Rec,F1,kap,ROC,tra-T,test-T
tls.handshake.certificates,AD-S1-2,0,0,DT,0.06666398724595743,0.049275055934323415,0.04073452686318476,0.049275055934323415,0.009027734244235011,0.0013971850846468126,0,0.017228364944458008,0.013792753219604492
tls.handshake.certificates,AD-S1-2,0,1,DT,0.06666398724595743,0.049275055934323415,0.04073452686318476,0.049275055934323415,0.009027734244235011,0.0013971850846468126,0,0.013013839721679688,0.01223611831665039
tls.handshake.certificates,AD-S1-2,0,2,DT,0.06666398724595743,0.049275055934323415,0.04073452686318476,0.049275055934323415,0.009027734244235011,0.0013971850846468126,0,0.02122044563293457,0.012101888656616211
tls.handshake.certificates,AD-S1-2,0,3,DT,0.06666398724595743,0.049275055934323415,0.04073452686318476,0.049275055934323415,0.009027734244235011,0.0013971850846468126,0,0.011092662811279297,0.011890888214111328
tls.handshake.certificates,AD-S1-2,0,4,DT,0.06666398724595743,0.049275055934323415,0.04073452686318476,0.049275055934323415,0.009027734244235011,0.0013971850846468126,0,0.013353824615478516,0.011497735977172852
