Feature,Dataset,T,CV,ML,Acc,b_Acc,Prec,Rec,F1,kap,ROC,tra-T,test-T
tls.handshake.challenge_length,AD-S1-2,0,0,DT,0.06650322200340286,0.047619047619047616,0.0031668200954001365,0.047619047619047616,0.00593869766178734,0.0,0,0.010477066040039062,0.013583183288574219
tls.handshake.challenge_length,AD-S1-2,0,1,DT,0.06650322200340286,0.047619047619047616,0.0031668200954001365,0.047619047619047616,0.00593869766178734,0.0,0,0.005638599395751953,0.018461227416992188
tls.handshake.challenge_length,AD-S1-2,0,2,DT,0.06650322200340286,0.047619047619047616,0.0031668200954001365,0.047619047619047616,0.00593869766178734,0.0,0,0.009531974792480469,0.011821746826171875
tls.handshake.challenge_length,AD-S1-2,0,3,DT,0.06650322200340286,0.047619047619047616,0.0031668200954001365,0.047619047619047616,0.00593869766178734,0.0,0,0.014696121215820312,0.01065969467163086
tls.handshake.challenge_length,AD-S1-2,0,4,DT,0.06650322200340286,0.047619047619047616,0.0031668200954001365,0.047619047619047616,0.00593869766178734,0.0,0,0.011612653732299805,0.012616872787475586
