Feature,Dataset,T,CV,ML,Acc,b_Acc,Prec,Rec,F1,kap,ROC,tra-T,test-T
dns.srv.weight,AD-S2-1,0,0,DT,0.06882131240642263,0.05139188527238429,0.0356619014971806,0.05139188527238429,0.012540895779229724,0.005030262646433137,0,0.009344100952148438,0.013000249862670898
dns.srv.weight,AD-S2-1,0,1,DT,0.06882131240642263,0.05139188527238429,0.0356619014971806,0.05139188527238429,0.012540895779229724,0.005030262646433137,0,0.011654138565063477,0.01149296760559082
dns.srv.weight,AD-S2-1,0,2,DT,0.06882131240642263,0.05139188527238429,0.0356619014971806,0.05139188527238429,0.012540895779229724,0.005030262646433137,0,0.009595394134521484,0.011590242385864258
dns.srv.weight,AD-S2-1,0,3,DT,0.06882131240642263,0.05139188527238429,0.0356619014971806,0.05139188527238429,0.012540895779229724,0.005030262646433137,0,0.007480621337890625,0.011641263961791992
dns.srv.weight,AD-S2-1,0,4,DT,0.06882131240642263,0.05139188527238429,0.0356619014971806,0.05139188527238429,0.012540895779229724,0.005030262646433137,0,0.0101165771484375,0.010026216506958008
