Feature,Dataset,T,CV,ML,Acc,b_Acc,Prec,Rec,F1,kap,ROC,tra-T,test-T
icmpv6.reserved,AD-S1-2,0,0,DT,0.06706590035234382,0.05313640324155055,0.03535916279021912,0.05313640324155055,0.015440823980353251,0.0006648898369481238,0,0.01227879524230957,0.006101369857788086
icmpv6.reserved,AD-S1-2,0,1,DT,0.06706590035234382,0.05313640324155055,0.03535916279021912,0.05313640324155055,0.015440823980353251,0.0006648898369481238,0,0.012217521667480469,0.012014150619506836
icmpv6.reserved,AD-S1-2,0,2,DT,0.06706590035234382,0.05313640324155055,0.03535916279021912,0.05313640324155055,0.015440823980353251,0.0006648898369481238,0,0.01181173324584961,0.013217926025390625
icmpv6.reserved,AD-S1-2,0,3,DT,0.06706590035234382,0.05313640324155055,0.03535916279021912,0.05313640324155055,0.015440823980353251,0.0006648898369481238,0,0.014538764953613281,0.009481191635131836
icmpv6.reserved,AD-S1-2,0,4,DT,0.06706590035234382,0.05313640324155055,0.03535916279021912,0.05313640324155055,0.015440823980353251,0.0006648898369481238,0,0.011014461517333984,0.014128684997558594
