Feature,Dataset,T,CV,ML,Acc,b_Acc,Prec,Rec,F1,kap,ROC,tra-T,test-T
tcp.options.wscale.shift,AD-S1-2,0,0,DT,0.08156156638934663,0.05946902341322321,0.2681202508243895,0.05946902341322321,0.027600367557912016,0.016222534855615867,0,0.015622854232788086,0.015624046325683594
tcp.options.wscale.shift,AD-S1-2,0,1,DT,0.08156156638934663,0.05946902341322321,0.2681202508243895,0.05946902341322321,0.027600367557912016,0.016222534855615867,0,0.015619754791259766,0.004120349884033203
tcp.options.wscale.shift,AD-S1-2,0,2,DT,0.08156156638934663,0.05946902341322321,0.2681202508243895,0.05946902341322321,0.027600367557912016,0.016222534855615867,0,0.015622138977050781,0.015523672103881836
tcp.options.wscale.shift,AD-S1-2,0,3,DT,0.08156156638934663,0.05946902341322321,0.2681202508243895,0.05946902341322321,0.027600367557912016,0.016222534855615867,0,0.05458664894104004,0.0
tcp.options.wscale.shift,AD-S1-2,0,4,DT,0.08156156638934663,0.05946902341322321,0.2681202508243895,0.05946902341322321,0.027600367557912016,0.016222534855615867,0,0.015628576278686523,0.017243146896362305
