Feature,Dataset,T,CV,ML,Acc,b_Acc,Prec,Rec,F1,kap,ROC,tra-T,test-T
icmp.ident,AD-S1-2,0,0,DT,0.07735487587583564,0.0583728095012278,0.10398678037211755,0.0583728095012278,0.025197278582557697,0.012946938666645202,0,0.018133878707885742,0.012142419815063477
icmp.ident,AD-S1-2,0,1,DT,0.07735487587583564,0.0583728095012278,0.10398678037211755,0.0583728095012278,0.025197278582557697,0.012946938666645202,0,0.01382303237915039,0.010555505752563477
icmp.ident,AD-S1-2,0,2,DT,0.07735487587583564,0.0583728095012278,0.10398678037211755,0.0583728095012278,0.025197278582557697,0.012946938666645202,0,0.010849952697753906,0.01384115219116211
icmp.ident,AD-S1-2,0,3,DT,0.07735487587583564,0.0583728095012278,0.10398678037211755,0.0583728095012278,0.025197278582557697,0.012946938666645202,0,0.016573190689086914,0.011899471282958984
icmp.ident,AD-S1-2,0,4,DT,0.07735487587583564,0.0583728095012278,0.10398678037211755,0.0583728095012278,0.025197278582557697,0.012946938666645202,0,0.01638650894165039,0.011319637298583984
