Feature,Dataset,T,CV,ML,Acc,b_Acc,Prec,Rec,F1,kap,ROC,tra-T,test-T
srcport_class,AD-S1-2,0,0,DT,0.22231153624586364,0.18069106799639592,0.192081012153526,0.18069106799639592,0.14745994478958183,0.16964921584566683,0,0.014340639114379883,0.011034250259399414
srcport_class,AD-S1-2,0,1,DT,0.22231153624586364,0.18069106799639592,0.192081012153526,0.18069106799639592,0.14745994478958183,0.16964921584566683,0,0.009418249130249023,0.010514974594116211
srcport_class,AD-S1-2,0,2,DT,0.22231153624586364,0.18069106799639592,0.192081012153526,0.18069106799639592,0.14745994478958183,0.16964921584566683,0,0.015219926834106445,0.009707927703857422
srcport_class,AD-S1-2,0,3,DT,0.22231153624586364,0.18069106799639592,0.192081012153526,0.18069106799639592,0.14745994478958183,0.16964921584566683,0,0.014924287796020508,0.010659217834472656
srcport_class,AD-S1-2,0,4,DT,0.22231153624586364,0.18069106799639592,0.192081012153526,0.18069106799639592,0.14745994478958183,0.16964921584566683,0,0.010664939880371094,0.014230728149414062
