Feature,Dataset,T,CV,ML,Acc,b_Acc,Prec,Rec,F1,kap,ROC,tra-T,test-T
tls.handshake.sig_hash_alg,AD-S1-2,0,0,DT,0.06697212062752032,0.04923385334083539,0.06275223593762178,0.04923385334083539,0.008857914272538509,0.001783829179209162,0,0.009063720703125,0.011637210845947266
tls.handshake.sig_hash_alg,AD-S1-2,0,1,DT,0.06697212062752032,0.04923385334083539,0.06275223593762178,0.04923385334083539,0.008857914272538509,0.001783829179209162,0,0.013210773468017578,0.0065877437591552734
tls.handshake.sig_hash_alg,AD-S1-2,0,2,DT,0.06697212062752032,0.04923385334083539,0.06275223593762178,0.04923385334083539,0.008857914272538509,0.001783829179209162,0,0.010790824890136719,0.008180379867553711
tls.handshake.sig_hash_alg,AD-S1-2,0,3,DT,0.06697212062752032,0.04923385334083539,0.06275223593762178,0.04923385334083539,0.008857914272538509,0.001783829179209162,0,0.008482217788696289,0.00742793083190918
tls.handshake.sig_hash_alg,AD-S1-2,0,4,DT,0.06697212062752032,0.04923385334083539,0.06275223593762178,0.04923385334083539,0.008857914272538509,0.001783829179209162,0,0.010078668594360352,0.0061130523681640625
