Feature,Dataset,T,CV,ML,Acc,b_Acc,Prec,Rec,F1,kap,ROC,tra-T,test-T
tcp.options.sack_le,AD-S1-2,0,0,DT,0.06689173800624305,0.047970996843717986,0.07040340886556733,0.047970996843717986,0.006661404740343697,0.0004910277712588673,0,0.016236066818237305,0.015740156173706055
tcp.options.sack_le,AD-S1-2,0,1,DT,0.06689173800624305,0.047970996843717986,0.07040340886556733,0.047970996843717986,0.006661404740343697,0.0004910277712588673,0,0.015747547149658203,0.01552891731262207
tcp.options.sack_le,AD-S1-2,0,2,DT,0.06689173800624305,0.047970996843717986,0.07040340886556733,0.047970996843717986,0.006661404740343697,0.0004910277712588673,0,0.015732526779174805,0.021231412887573242
tcp.options.sack_le,AD-S1-2,0,3,DT,0.06689173800624305,0.047970996843717986,0.07040340886556733,0.047970996843717986,0.006661404740343697,0.0004910277712588673,0,0.015625715255737305,0.020723342895507812
tcp.options.sack_le,AD-S1-2,0,4,DT,0.06689173800624305,0.047970996843717986,0.07040340886556733,0.047970996843717986,0.006661404740343697,0.0004910277712588673,0,0.015737295150756836,0.027161836624145508
