Feature,Dataset,T,CV,ML,Acc,b_Acc,Prec,Rec,F1,kap,ROC,tra-T,test-T
tcp.connection.synack,AD-S1-2,0,0,DT,0.06933001085165387,0.050553939015369614,0.023079117770452098,0.050553939015369614,0.011900009993313967,0.004217242492961848,0,0.0,0.015630006790161133
tcp.connection.synack,AD-S1-2,0,1,DT,0.06933001085165387,0.050553939015369614,0.023079117770452098,0.050553939015369614,0.011900009993313967,0.004217242492961848,0,0.01574420928955078,0.031240224838256836
tcp.connection.synack,AD-S1-2,0,2,DT,0.06933001085165387,0.050553939015369614,0.023079117770452098,0.050553939015369614,0.011900009993313967,0.004217242492961848,0,0.01573777198791504,0.016489744186401367
tcp.connection.synack,AD-S1-2,0,3,DT,0.06933001085165387,0.050553939015369614,0.023079117770452098,0.050553939015369614,0.011900009993313967,0.004217242492961848,0,0.015625715255737305,0.015627384185791016
tcp.connection.synack,AD-S1-2,0,4,DT,0.06933001085165387,0.050553939015369614,0.023079117770452098,0.050553939015369614,0.011900009993313967,0.004217242492961848,0,0.01573967933654785,0.015619039535522461
