Feature,Dataset,T,CV,ML,Acc,b_Acc,Prec,Rec,F1,kap,ROC,tra-T,test-T
dns.time,AD-S2-1,0,0,DT,0.07148020032009912,0.053251042726589475,0.06829989269251976,0.053251042726589475,0.015858001444037737,0.008054984341179905,0,0.010258674621582031,0.009912490844726562
dns.time,AD-S2-1,0,1,DT,0.07148020032009912,0.053251042726589475,0.06829989269251976,0.053251042726589475,0.015858001444037737,0.008054984341179905,0,0.009729385375976562,0.01050424575805664
dns.time,AD-S2-1,0,2,DT,0.07148020032009912,0.053251042726589475,0.06829989269251976,0.053251042726589475,0.015858001444037737,0.008054984341179905,0,0.015087366104125977,0.0051364898681640625
dns.time,AD-S2-1,0,3,DT,0.07148020032009912,0.053251042726589475,0.06829989269251976,0.053251042726589475,0.015858001444037737,0.008054984341179905,0,0.010416746139526367,0.009946823120117188
dns.time,AD-S2-1,0,4,DT,0.07148020032009912,0.053251042726589475,0.06829989269251976,0.053251042726589475,0.015858001444037737,0.008054984341179905,0,0.009806394577026367,0.009945392608642578
