Feature,Dataset,T,CV,ML,Acc,b_Acc,Prec,Rec,F1,kap,ROC,tra-T,test-T
dns.count.answers,DI-S1-2,0,0,DT,0.0655975563192058,0.052870497788542845,0.10191411053174952,0.052870497788542845,0.01157578892221731,0.004473713524601242,0,0.010996341705322266,0.011049270629882812
dns.count.answers,DI-S1-2,0,1,DT,0.0655975563192058,0.052870497788542845,0.10191411053174952,0.052870497788542845,0.01157578892221731,0.004473713524601242,0,0.01101231575012207,0.013999700546264648
dns.count.answers,DI-S1-2,0,2,DT,0.0655975563192058,0.052870497788542845,0.10191411053174952,0.052870497788542845,0.01157578892221731,0.004473713524601242,0,0.01407313346862793,0.013807296752929688
dns.count.answers,DI-S1-2,0,3,DT,0.0655975563192058,0.052870497788542845,0.10191411053174952,0.052870497788542845,0.01157578892221731,0.004473713524601242,0,0.009761810302734375,0.010867834091186523
dns.count.answers,DI-S1-2,0,4,DT,0.0655975563192058,0.052870497788542845,0.10191411053174952,0.052870497788542845,0.01157578892221731,0.004473713524601242,0,0.012975692749023438,0.011482000350952148
