Feature,Dataset,T,CV,ML,Acc,b_Acc,Prec,Rec,F1,kap,ROC,tra-T,test-T
eapol.keydes.type,DI-S1-2,0,0,DT,0.07771414025709558,0.0697522946914965,0.06238312595670878,0.0697522946914965,0.03617932384655997,0.018715853223073897,0,0.01447916030883789,0.013164758682250977
eapol.keydes.type,DI-S1-2,0,1,DT,0.07771414025709558,0.0697522946914965,0.06238312595670878,0.0697522946914965,0.03617932384655997,0.018715853223073897,0,0.016165733337402344,0.014494895935058594
eapol.keydes.type,DI-S1-2,0,2,DT,0.07771414025709558,0.0697522946914965,0.06238312595670878,0.0697522946914965,0.03617932384655997,0.018715853223073897,0,0.01767277717590332,0.013189315795898438
eapol.keydes.type,DI-S1-2,0,3,DT,0.07771414025709558,0.0697522946914965,0.06238312595670878,0.0697522946914965,0.03617932384655997,0.018715853223073897,0,0.016602039337158203,0.016700029373168945
eapol.keydes.type,DI-S1-2,0,4,DT,0.07771414025709558,0.0697522946914965,0.06238312595670878,0.0697522946914965,0.03617932384655997,0.018715853223073897,0,0.046549320220947266,0.013461589813232422
