Feature,Dataset,T,CV,ML,Acc,b_Acc,Prec,Rec,F1,kap,ROC,tra-T,test-T
dhcp.option.padding,DI-S1-2,0,0,DT,0.07987781596029019,0.06638418079096045,0.048763091318207184,0.06638418079096045,0.03219683324566591,0.02043206471278447,0,0.009009361267089844,0.00900578498840332
dhcp.option.padding,DI-S1-2,0,1,DT,0.07987781596029019,0.06638418079096045,0.048763091318207184,0.06638418079096045,0.03219683324566591,0.02043206471278447,0,0.011871337890625,0.011002063751220703
dhcp.option.padding,DI-S1-2,0,2,DT,0.07987781596029019,0.06638418079096045,0.048763091318207184,0.06638418079096045,0.03219683324566591,0.02043206471278447,0,0.009027481079101562,0.017126798629760742
dhcp.option.padding,DI-S1-2,0,3,DT,0.07987781596029019,0.06638418079096045,0.048763091318207184,0.06638418079096045,0.03219683324566591,0.02043206471278447,0,0.010045766830444336,0.010943889617919922
dhcp.option.padding,DI-S1-2,0,4,DT,0.07987781596029019,0.06638418079096045,0.048763091318207184,0.06638418079096045,0.03219683324566591,0.02043206471278447,0,0.011505603790283203,0.009000539779663086
