Feature,Dataset,T,CV,ML,Acc,b_Acc,Prec,Rec,F1,kap,ROC,tra-T,test-T
tcp.connection.syn,DI-S1-2,0,0,DT,0.06894488990708922,0.05270264903292426,0.01561554283725757,0.05270264903292426,0.012968353852520148,0.0069866633328210526,0,0.016506195068359375,0.013745784759521484
tcp.connection.syn,DI-S1-2,0,1,DT,0.06894488990708922,0.05270264903292426,0.01561554283725757,0.05270264903292426,0.012968353852520148,0.0069866633328210526,0,0.015734195709228516,0.0
tcp.connection.syn,DI-S1-2,0,2,DT,0.06894488990708922,0.05270264903292426,0.01561554283725757,0.05270264903292426,0.012968353852520148,0.0069866633328210526,0,0.013066530227661133,0.08514237403869629
tcp.connection.syn,DI-S1-2,0,3,DT,0.06894488990708922,0.05270264903292426,0.01561554283725757,0.05270264903292426,0.012968353852520148,0.0069866633328210526,0,0.014686346054077148,0.015653610229492188
tcp.connection.syn,DI-S1-2,0,4,DT,0.06894488990708922,0.05270264903292426,0.01561554283725757,0.05270264903292426,0.012968353852520148,0.0069866633328210526,0,0.008264303207397461,0.01335597038269043
