Feature,Dataset,T,CV,ML,Acc,b_Acc,Prec,Rec,F1,kap,ROC,tra-T,test-T
dns.retransmit_response_in,DI-S1-2,0,0,DT,0.060939289805269185,0.047619047619047616,0.0029018709431080565,0.047619047619047616,0.0054703807672928815,0.0,0,0.01618170738220215,0.0
dns.retransmit_response_in,DI-S1-2,0,1,DT,0.060939289805269185,0.047619047619047616,0.0029018709431080565,0.047619047619047616,0.0054703807672928815,0.0,0,0.015027046203613281,0.0
dns.retransmit_response_in,DI-S1-2,0,2,DT,0.060939289805269185,0.047619047619047616,0.0029018709431080565,0.047619047619047616,0.0054703807672928815,0.0,0,0.005636930465698242,0.010129213333129883
dns.retransmit_response_in,DI-S1-2,0,3,DT,0.060939289805269185,0.047619047619047616,0.0029018709431080565,0.047619047619047616,0.0054703807672928815,0.0,0,0.0,0.018249988555908203
dns.retransmit_response_in,DI-S1-2,0,4,DT,0.060939289805269185,0.047619047619047616,0.0029018709431080565,0.047619047619047616,0.0054703807672928815,0.0,0,0.0,0.015627145767211914
