Feature,Dataset,T,CV,ML,Acc,b_Acc,Prec,Rec,F1,kap,ROC,tra-T,test-T
dhcp.type,DI-S1-2,0,0,DT,0.08005600101820033,0.06652678328650412,0.09641226537649492,0.06652678328650412,0.03248707497868345,0.02062185793207172,0,0.007999897003173828,0.01454472541809082
dhcp.type,DI-S1-2,0,1,DT,0.08005600101820033,0.06652678328650412,0.09641226537649492,0.06652678328650412,0.03248707497868345,0.02062185793207172,0,0.008458375930786133,0.009880781173706055
dhcp.type,DI-S1-2,0,2,DT,0.08005600101820033,0.06652678328650412,0.09641226537649492,0.06652678328650412,0.03248707497868345,0.02062185793207172,0,0.009093046188354492,0.009999990463256836
dhcp.type,DI-S1-2,0,3,DT,0.08005600101820033,0.06652678328650412,0.09641226537649492,0.06652678328650412,0.03248707497868345,0.02062185793207172,0,0.014068841934204102,0.009901762008666992
dhcp.type,DI-S1-2,0,4,DT,0.08005600101820033,0.06652678328650412,0.09641226537649492,0.06652678328650412,0.03248707497868345,0.02062185793207172,0,0.009985208511352539,0.009931325912475586
