Feature,Dataset,T,CV,ML,Acc,b_Acc,Prec,Rec,F1,kap,ROC,tra-T,test-T
icmpv6.code,DI-S1-2,0,0,DT,0.08518518518518518,0.06913138748473531,0.03474509120193543,0.06913138748473531,0.031380443818104155,0.026093745385915357,0,0.012895584106445312,0.011699199676513672
icmpv6.code,DI-S1-2,0,1,DT,0.08518518518518518,0.06913138748473531,0.03474509120193543,0.06913138748473531,0.031380443818104155,0.026093745385915357,0,0.011873483657836914,0.016820669174194336
icmpv6.code,DI-S1-2,0,2,DT,0.08518518518518518,0.06913138748473531,0.03474509120193543,0.06913138748473531,0.031380443818104155,0.026093745385915357,0,0.01846480369567871,0.011497259140014648
icmpv6.code,DI-S1-2,0,3,DT,0.08518518518518518,0.06913138748473531,0.03474509120193543,0.06913138748473531,0.031380443818104155,0.026093745385915357,0,0.01389169692993164,0.014599323272705078
icmpv6.code,DI-S1-2,0,4,DT,0.08518518518518518,0.06913138748473531,0.03474509120193543,0.06913138748473531,0.031380443818104155,0.026093745385915357,0,0.011591911315917969,0.018973350524902344
