Dataset,T,CV,ML,Acc,b_Acc,Prec,Rec,F1,kap,ROC,tra-T,test-T,Al-Time
AD-S1-DI-S2,0,1,CNN,0.44589916356877324,0.4088445801112467,0.3589209410032175,0.4088445801112467,0.3432864925819639,0.41373553534513574,0,174.87825679779053,14.935784101486206,0
AD-S1-DI-S2,1,2,CNN,0.4665020910780669,0.43067313797313794,0.40111004988327564,0.43067313797313794,0.3897815787336275,0.4345825217961524,0,164.99897694587708,14.580508947372437,0
AD-S1-DI-S2,2,3,CNN,0.42835734200743497,0.371885985619319,0.4011526943885543,0.371885985619319,0.3290048880180818,0.3937916514803902,0,155.1303870677948,14.279095649719238,0
AD-S1-DI-S2,3,4,CNN,0.4554774628252788,0.42490638990638985,0.3868234870193674,0.42490638990638985,0.3744950904339931,0.42256676087423073,0,147.14748668670654,14.582492113113403,0
AD-S1-DI-S2,4,5,CNN,0.5001277881040892,0.456732736399403,0.34166765989431236,0.456732736399403,0.36614308294974507,0.4708232921884866,0,162.92906379699707,20.66710352897644,0
