Dataset,T,CV,ML,Acc,b_Acc,Prec,Rec,F1,kap,ROC,tra-T,test-T,Al-Time
DI-S1-AD-S2,0,0,LSTM,0.520763522836378,0.49667431064300255,0.35144967707904906,0.49667431064300255,0.39805895973878913,0.49311952169749784,0,2355.9731991291046,94.53729224205017,0
