Dataset,T,CV,ML,Acc,b_Acc,Prec,Rec,F1,kap,ROC,tra-T,test-T,Al-Time
DI-S1-AD-S2,0,1,SVM,0.5295254687768247,0.5881289119468985,0.7910665476388699,0.5881289119468985,0.6126645943508711,0.500845340025142,0,654.221538066864,1083.1320958137512,0
