Dataset,T,CV,ML,Acc,b_Acc,Prec,Rec,F1,kap,ROC,tra-T,test-T,Al-Time
US@USVPN,0,1,DT,0.4942461974080662,0.5577757413259326,0.5226444822360483,0.5577757413259326,0.4871978038180805,0.458175146309312,0,1.7628538608551025,0.013633012771606445,0
US@USVPN,1,2,DT,0.48998076015537084,0.5403456349305005,0.526877178213739,0.5403456349305005,0.4740881577785141,0.4543681454856746,0,1.6767659187316895,0.019924402236938477,0
US@USVPN,2,3,DT,0.4948814752967655,0.5539788755055658,0.5545322187827156,0.5539788755055658,0.4999970423297569,0.46320946480980696,0,1.7169866561889648,0.017116308212280273,0
US@USVPN,3,4,DT,0.4945184593603659,0.5540788011169425,0.5116600226813162,0.5540788011169425,0.4803711676853177,0.45845822254707147,0,1.780195951461792,0.016386985778808594,0
US@USVPN,4,5,DT,0.489799252187171,0.5427468336964858,0.5332030489390315,0.5427468336964858,0.4768352382460334,0.45326377410159413,0,1.7225267887115479,0.015292882919311523,0
