Feature,Dataset,T,CV,ML,Acc,b_Acc,Prec,Rec,F1,kap,ROC,tra-T,test-T
Flow IAT Min,DD2T,0,0,DT,0.5687095360950202,0.3486025503744665,0.3725956613082915,0.3486025503744665,0.3412733601114573,0.3874899955723582,0,0.022870302200317383,0.0033674240112304688
Flow IAT Min,DD2T,0,1,DT,0.5687095360950202,0.3486025503744665,0.3725956613082915,0.3486025503744665,0.3412733601114573,0.3874899955723582,0,0.02304697036743164,0.0041103363037109375
Flow IAT Min,DD2T,0,2,DT,0.5687095360950202,0.3486025503744665,0.3725956613082915,0.3486025503744665,0.3412733601114573,0.3874899955723582,0,0.02686452865600586,0.003494739532470703
Flow IAT Min,DD2T,0,3,DT,0.5687095360950202,0.3486025503744665,0.3725956613082915,0.3486025503744665,0.3412733601114573,0.3874899955723582,0,0.022467851638793945,0.0030181407928466797
Flow IAT Min,DD2T,0,4,DT,0.5687095360950202,0.3486025503744665,0.3725956613082915,0.3486025503744665,0.3412733601114573,0.3874899955723582,0,0.028205156326293945,0.004749298095703125
