Feature,Dataset,T,CV,ML,Acc,b_Acc,Prec,Rec,F1,kap,ROC,tra-T,test-T
Fwd Pkt Len Max,DD1,0,0,DT,0.36174402250351617,0.43230107275148694,0.45291054429079053,0.43230107275148694,0.34228899719842437,0.2660421797867242,0,0.0037031173706054688,0.0015981197357177734
Fwd Pkt Len Max,DD1,0,1,DT,0.36174402250351617,0.43230107275148694,0.45291054429079053,0.43230107275148694,0.34228899719842437,0.2660421797867242,0,0.005411863327026367,0.001068115234375
Fwd Pkt Len Max,DD1,0,2,DT,0.36174402250351617,0.43230107275148694,0.45291054429079053,0.43230107275148694,0.34228899719842437,0.2660421797867242,0,0.004385471343994141,9.059906005859375e-05
Fwd Pkt Len Max,DD1,0,3,DT,0.36174402250351617,0.43230107275148694,0.45291054429079053,0.43230107275148694,0.34228899719842437,0.2660421797867242,0,0.004904031753540039,0.002119302749633789
Fwd Pkt Len Max,DD1,0,4,DT,0.36174402250351617,0.43230107275148694,0.45291054429079053,0.43230107275148694,0.34228899719842437,0.2660421797867242,0,0.00611114501953125,0.001878976821899414
