Feature,Dataset,T,CV,ML,Acc,b_Acc,Prec,Rec,F1,kap,ROC,tra-T,test-T
Bwd URG Flags,DD1,0,0,DT,0.09187060478199718,0.08333333333333333,0.007655883731833099,0.08333333333333333,0.014023426765594945,0.0,0,0.0028030872344970703,0.0
Bwd URG Flags,DD1,0,1,DT,0.09187060478199718,0.08333333333333333,0.007655883731833099,0.08333333333333333,0.014023426765594945,0.0,0,0.0012607574462890625,0.0010275840759277344
Bwd URG Flags,DD1,0,2,DT,0.09187060478199718,0.08333333333333333,0.007655883731833099,0.08333333333333333,0.014023426765594945,0.0,0,0.0009970664978027344,0.0010075569152832031
Bwd URG Flags,DD1,0,3,DT,0.09187060478199718,0.08333333333333333,0.007655883731833099,0.08333333333333333,0.014023426765594945,0.0,0,0.0037446022033691406,0.001996755599975586
Bwd URG Flags,DD1,0,4,DT,0.09187060478199718,0.08333333333333333,0.007655883731833099,0.08333333333333333,0.014023426765594945,0.0,0,0.001977205276489258,0.0
