Feature,Dataset,T,CV,ML,Acc,b_Acc,Prec,Rec,F1,kap,ROC,tra-T,test-T
Flow Duration,DD1T,0,0,DT,0.5960135487232934,0.43841339375289157,0.4020738559850973,0.43841339375289157,0.39986961773083013,0.48251787300050375,0,0.06026101112365723,0.009961366653442383
Flow Duration,DD1T,0,1,DT,0.5960135487232934,0.43841339375289157,0.4020738559850973,0.43841339375289157,0.39986961773083013,0.48251787300050375,0,0.06003856658935547,0.0050127506256103516
Flow Duration,DD1T,0,2,DT,0.5960135487232934,0.43841339375289157,0.4020738559850973,0.43841339375289157,0.39986961773083013,0.48251787300050375,0,0.059954166412353516,0.005013465881347656
Flow Duration,DD1T,0,3,DT,0.5960135487232934,0.43841339375289157,0.4020738559850973,0.43841339375289157,0.39986961773083013,0.48251787300050375,0,0.07540750503540039,0.005059480667114258
Flow Duration,DD1T,0,4,DT,0.5960135487232934,0.43841339375289157,0.4020738559850973,0.43841339375289157,0.39986961773083013,0.48251787300050375,0,0.07967495918273926,0.004452705383300781
