Feature,Dataset,T,CV,ML,Acc,b_Acc,Prec,Rec,F1,kap,ROC,tra-T,test-T
Pkt Len Var,DD1T,0,0,DT,0.16421313183949973,0.19788304983510208,0.2274191040144076,0.19788304983510208,0.15853757752914838,-0.009508489423076139,0,0.00691986083984375,0.002072572708129883
Pkt Len Var,DD1T,0,1,DT,0.16421313183949973,0.19788304983510208,0.2274191040144076,0.19788304983510208,0.15853757752914838,-0.009508489423076139,0,0.006989479064941406,0.00107574462890625
Pkt Len Var,DD1T,0,2,DT,0.16421313183949973,0.19788304983510208,0.2274191040144076,0.19788304983510208,0.15853757752914838,-0.009508489423076139,0,0.00802922248840332,0.002003908157348633
Pkt Len Var,DD1T,0,3,DT,0.16421313183949973,0.19788304983510208,0.2274191040144076,0.19788304983510208,0.15853757752914838,-0.009508489423076139,0,0.007305145263671875,0.0010178089141845703
Pkt Len Var,DD1T,0,4,DT,0.16421313183949973,0.19788304983510208,0.2274191040144076,0.19788304983510208,0.15853757752914838,-0.009508489423076139,0,0.007781505584716797,0.003217935562133789
