Feature,Dataset,T,CV,ML,Acc,b_Acc,Prec,Rec,F1,kap,ROC,tra-T,test-T
Src Port,DD2T,0,0,DT,0.4114296840773013,0.22845396791029735,0.2592051044093832,0.22845396791029735,0.22350703478069692,0.20367939358868792,0,0.021159648895263672,0.003366231918334961
Src Port,DD2T,0,1,DT,0.4114296840773013,0.22845396791029735,0.2592051044093832,0.22845396791029735,0.22350703478069692,0.20367939358868792,0,0.019867897033691406,0.0032393932342529297
Src Port,DD2T,0,2,DT,0.4114296840773013,0.22845396791029735,0.2592051044093832,0.22845396791029735,0.22350703478069692,0.20367939358868792,0,0.019840478897094727,0.0037729740142822266
Src Port,DD2T,0,3,DT,0.4114296840773013,0.22845396791029735,0.2592051044093832,0.22845396791029735,0.22350703478069692,0.20367939358868792,0,0.02151966094970703,0.004002809524536133
Src Port,DD2T,0,4,DT,0.4114296840773013,0.22845396791029735,0.2592051044093832,0.22845396791029735,0.22350703478069692,0.20367939358868792,0,0.02186131477355957,0.0039958953857421875
