Feature,Dataset,T,CV,ML,Acc,b_Acc,Prec,Rec,F1,kap,ROC,tra-T,test-T
Fwd IAT Tot,DD1,0,0,DT,0.44455696202531647,0.39373705989499985,0.36399942084214126,0.39373705989499985,0.3330896048637152,0.27415728173330345,0,0.040180206298828125,0.0002052783966064453
Fwd IAT Tot,DD1,0,1,DT,0.44455696202531647,0.39373705989499985,0.36399942084214126,0.39373705989499985,0.3330896048637152,0.27415728173330345,0,0.038385629653930664,0.0029778480529785156
Fwd IAT Tot,DD1,0,2,DT,0.44455696202531647,0.39373705989499985,0.36399942084214126,0.39373705989499985,0.3330896048637152,0.27415728173330345,0,0.031234025955200195,0.01558995246887207
Fwd IAT Tot,DD1,0,3,DT,0.44455696202531647,0.39373705989499985,0.36399942084214126,0.39373705989499985,0.3330896048637152,0.27415728173330345,0,0.03108358383178711,0.0029969215393066406
Fwd IAT Tot,DD1,0,4,DT,0.44455696202531647,0.39373705989499985,0.36399942084214126,0.39373705989499985,0.3330896048637152,0.27415728173330345,0,0.028548479080200195,0.003026723861694336
