Dataset,T,CV,ML,Acc,b_Acc,Prec,Rec,F1,kap,ROC,tra-T,test-T,Al-Time
AD-S1-DI-S2,0,1,CNN,0.18175121543976822,0.17640522104158468,0.09545633865602919,0.17640522104158468,0.10703382515865908,0.13970827534129981,0,22.320464849472046,1.4115910530090332,0
AD-S1-DI-S2,1,2,CNN,0.18990325590531848,0.18430998294634657,0.16317598563129282,0.18430998294634657,0.10393078659315924,0.14920674522619082,0,22.895931243896484,1.4413483142852783,0
AD-S1-DI-S2,2,3,CNN,0.15312085645533566,0.14847619047619048,0.07787512587114238,0.14847619047619048,0.0833737900107873,0.10988575220809649,0,21.84697937965393,1.387493371963501,0
AD-S1-DI-S2,3,4,CNN,0.17335363158670136,0.16834592680047225,0.09042402587738618,0.16834592680047225,0.09304341436875353,0.1308707873973345,0,21.78168272972107,1.387427806854248,0
AD-S1-DI-S2,4,5,CNN,0.15577272504051465,0.15113118194936376,0.08137353748377515,0.15113118194936376,0.07755651222648138,0.11228743325529844,0,21.725263118743896,1.2549984455108643,0
