Dataset,T,CV,ML,Acc,b_Acc,Prec,Rec,F1,kap,ROC,tra-T,test-T,Al-Time
DI-S1-AD-S1,0,1,NB,0.1393479011493119,0.15760317460317458,0.2061768309603871,0.15760317460317458,0.1174419926856294,0.09783778512297947,0,0.0533757209777832,0.4638831615447998,0
DI-S1-AD-S1,1,2,NB,0.1393479011493119,0.15760317460317458,0.2061768309603871,0.15760317460317458,0.1174419926856294,0.09783778512297947,0,0.04686307907104492,0.4694197177886963,0
DI-S1-AD-S1,2,3,NB,0.1393479011493119,0.15760317460317458,0.2061768309603871,0.15760317460317458,0.1174419926856294,0.09783778512297947,0,0.03775787353515625,0.5009822845458984,0
DI-S1-AD-S1,3,4,NB,0.1393479011493119,0.15760317460317458,0.2061768309603871,0.15760317460317458,0.1174419926856294,0.09783778512297947,0,0.04687047004699707,0.4699275493621826,0
DI-S1-AD-S1,4,5,NB,0.1393479011493119,0.15760317460317458,0.2061768309603871,0.15760317460317458,0.1174419926856294,0.09783778512297947,0,0.04686331748962402,0.48529863357543945,0
