Dataset,T,CV,ML,Acc,b_Acc,Prec,Rec,F1,kap,ROC,tra-T,test-T,Al-Time
AD-S1-DI-S2,0,1,RF,0.6785345970633011,0.6836897546897547,0.6911111319966268,0.6836897546897547,0.6609059214109549,0.6623547599294514,0,33.937039375305176,0.9712538719177246,0
AD-S1-DI-S2,1,2,RF,0.6780435102882679,0.6822108093926276,0.7000237380679317,0.6822108093926276,0.6582256047806482,0.6618231317298582,0,29.86539316177368,0.8325591087341309,0
AD-S1-DI-S2,2,3,RF,0.6831017040711094,0.6851936245572608,0.6900826720876856,0.6851936245572608,0.6590089000117068,0.6671667735018697,0,31.089878797531128,0.9998486042022705,0
AD-S1-DI-S2,3,4,RF,0.6784363797082944,0.6820068214613668,0.6823255321452791,0.6820068214613668,0.6563624137426991,0.6622733966913836,0,33.80428743362427,0.9863038063049316,0
AD-S1-DI-S2,4,5,RF,0.6754407503805923,0.6798541256723074,0.6815383237382728,0.6798541256723074,0.6524985798431404,0.6591546926615839,0,33.772417068481445,0.9791772365570068,0
