Feature,Dataset,T,CV,ML,Acc,b_Acc,Prec,Rec,F1,kap,ROC,tra-T,test-T
HpHp_0.1_covariance_0_1,ADS2,1,0,DT,0.38041761712581157,0.27462129007215197,0.46804908489556674,0.27462129007215197,0.2920706585317133,0.3239363753645197,0,0.4403846263885498,0.015614509582519531
HpHp_0.1_covariance_0_1,ADS2,2,0,DT,0.38160203544481486,0.27891724229941783,0.44166056115645075,0.27891724229941783,0.29601363364115585,0.32561696217473013,0,0.48430705070495605,0.0
HpHp_0.1_covariance_0_1,ADS2,3,0,DT,0.37826811721354625,0.27495726958316535,0.4391639100213708,0.27495726958316535,0.2925613666764938,0.32272576294722055,0,0.4564657211303711,0.0
HpHp_0.1_covariance_0_1,ADS2,4,0,DT,0.3752851377434638,0.2773947109643088,0.4605331187057596,0.2773947109643088,0.2969720669204064,0.3183319288849076,0,0.4560213088989258,0.015619993209838867
HpHp_0.1_covariance_0_1,ADS2,5,0,DT,0.3789866198727791,0.2751260780996024,0.44534345770339323,0.2751260780996024,0.29324761266007815,0.323202780191176,0,0.4565901756286621,0.015633344650268555
