Feature,Dataset,T,CV,ML,Acc,b_Acc,Prec,Rec,F1,kap,ROC,tra-T,test-T
HH_5_pcc_0_1,ADS2,1,0,DT,0.20806281803825233,0.13500334805497077,0.1819330276628072,0.13500334805497077,0.12721381787146777,0.13730748143948202,0,0.33023738861083984,0.01562047004699707
HH_5_pcc_0_1,ADS2,2,0,DT,0.2097736444990349,0.1350955153483999,0.1800469110893547,0.1350955153483999,0.12657030610152353,0.14008440905546726,0,0.3465688228607178,0.0
HH_5_pcc_0_1,ADS2,3,0,DT,0.21437971573960343,0.14269628323234654,0.19713809278434463,0.14269628323234654,0.13668678928624212,0.1434544017709075,0,0.36209559440612793,0.0
HH_5_pcc_0_1,ADS2,4,0,DT,0.20771187927706616,0.1355879728012653,0.1853159657130983,0.1355879728012653,0.12747301391193877,0.1362508478657457,0,0.346280574798584,0.0
HH_5_pcc_0_1,ADS2,5,0,DT,0.21166922570739197,0.13692238154922318,0.18436257096924843,0.13692238154922318,0.12917132585195165,0.14118665926865215,0,0.34671902656555176,0.015625715255737305
