Feature,Dataset,T,CV,ML,Acc,b_Acc,Prec,Rec,F1,kap,ROC,tra-T,test-T
HpHp_0.01_weight_0,ADS1,1,0,DT,0.47565017848036717,0.483812096248706,0.49398967786720555,0.483812096248706,0.4877753844876364,0.44350139153449586,0,1.1245861053466797,0.021428585052490234
HpHp_0.01_weight_0,ADS1,2,0,DT,0.4785504844467109,0.48155302127153565,0.4908649946640018,0.48155302127153565,0.4854877924895923,0.44655191649789217,0,1.0885353088378906,0.02342963218688965
HpHp_0.01_weight_0,ADS1,3,0,DT,0.47937914329423764,0.48056301716182487,0.4861263212021445,0.48056301716182487,0.48269054316146026,0.44747941006112646,0,0.9999513626098633,0.028021812438964844
HpHp_0.01_weight_0,ADS1,4,0,DT,0.4803505976095618,0.4831175951247881,0.49111191521766484,0.4831175951247881,0.4864365443241529,0.4483567293782682,0,0.9362444877624512,0.024975061416625977
HpHp_0.01_weight_0,ADS1,5,0,DT,0.4797131474103586,0.48317514424400454,0.49223470904076844,0.48317514424400454,0.48671749207600695,0.44767847616386824,0,0.9851961135864258,0.02789783477783203
