Feature,Dataset,T,CV,ML,Acc,b_Acc,Prec,Rec,F1,kap,ROC,tra-T,test-T
HpHp_0.1_magnitude_0_1,ADS2,1,0,DT,0.6277855764169152,0.5771028106049236,0.6299540359632944,0.5771028106049236,0.5893855799760997,0.59744363299999,0,0.5034487247467041,0.0
HpHp_0.1_magnitude_0_1,ADS2,2,0,DT,0.6315581680996666,0.5856809086669598,0.6273815603400795,0.5856809086669598,0.5958441329997158,0.6016649799155631,0,0.47219419479370117,0.015635251998901367
HpHp_0.1_magnitude_0_1,ADS2,3,0,DT,0.6341902088085629,0.5812277950904902,0.6329844967031958,0.5812277950904902,0.5945888246725313,0.6044171147181258,0,0.48842430114746094,0.0
HpHp_0.1_magnitude_0_1,ADS2,4,0,DT,0.6300228110194771,0.5838184906688658,0.6275226031189742,0.5838184906688658,0.5920059841369268,0.600196420883968,0,0.4747459888458252,0.01563239097595215
HpHp_0.1_magnitude_0_1,ADS2,5,0,DT,0.634612853695986,0.5880538002898993,0.63815803564883,0.5880538002898993,0.5999966980981485,0.6050012973863284,0,0.4739811420440674,0.016713857650756836
