Feature,Dataset,T,CV,ML,Acc,b_Acc,Prec,Rec,F1,kap,ROC,tra-T,test-T
HH_1_weight_0,ADS2,1,0,DT,0.36585365853658536,0.3010888159955773,0.30813779300646227,0.3010888159955773,0.3000811522901107,0.3139759051534621,0,0.7079906463623047,0.015628814697265625
HH_1_weight_0,ADS2,2,0,DT,0.36620459729777155,0.2975895580305262,0.3094788956943145,0.2975895580305262,0.2983809392974593,0.3144618460493742,0,0.6857442855834961,0.0
HH_1_weight_0,ADS2,3,0,DT,0.3665555360589577,0.30767051436679177,0.31392000696026773,0.30767051436679177,0.30647716921121376,0.3146471796367657,0,0.6918282508850098,0.0
HH_1_weight_0,ADS2,4,0,DT,0.3670380768555887,0.30719438142647437,0.31569569565998296,0.30719438142647437,0.30638323274094337,0.3150490431726728,0,0.7240238189697266,0.02225494384765625
HH_1_weight_0,ADS2,5,0,DT,0.36078087299846456,0.29774202931967353,0.30852452112740064,0.29774202931967353,0.2983901361187897,0.30814097324163237,0,0.6775574684143066,0.0
