Feature,Dataset,T,CV,ML,Acc,b_Acc,Prec,Rec,F1,kap,ROC,tra-T,test-T
HpHp_5_pcc_0_1,ADS2,1,0,DT,0.20990524653447973,0.13326045309219703,0.22311983219435305,0.13326045309219703,0.12855500813107537,0.13783736218288578,0,0.23586297035217285,0.01561737060546875
HpHp_5_pcc_0_1,ADS2,2,0,DT,0.20635199157746972,0.13272584922059502,0.2451076519526542,0.13272584922059502,0.12736805614825114,0.134205657476286,0,0.24035978317260742,0.013550043106079102
HpHp_5_pcc_0_1,ADS2,3,0,DT,0.2047288998069837,0.13199715315867022,0.23740064785359982,0.13199715315867022,0.12591490059777036,0.13283870605047554,0,0.251492977142334,0.0
HpHp_5_pcc_0_1,ADS2,4,0,DT,0.20714160379013863,0.1350818752324938,0.22238226517856624,0.1350818752324938,0.13106953118361075,0.13515890821439347,0,0.2520029544830322,0.0
HpHp_5_pcc_0_1,ADS2,5,0,DT,0.20451853476639614,0.13164465257561,0.24654762842744812,0.13164465257561,0.12627886490386786,0.13285871991431353,0,0.2489922046661377,0.015626907348632812
