Feature,Dataset,T,CV,ML,Acc,b_Acc,Prec,Rec,F1,kap,ROC,tra-T,test-T
MI_dir_3_mean,ADS2,1,0,DT,0.6517371468678715,0.5335097287782461,0.5584210533387376,0.5335097287782461,0.5420118647003752,0.6229081716276121,0,0.4843933582305908,0.015639781951904297
MI_dir_3_mean,ADS2,2,0,DT,0.64923670819442,0.5366252595052337,0.5502836139508411,0.5366252595052337,0.5418461116105819,0.6202446844905622,0,0.47803783416748047,0.012021064758300781
MI_dir_3_mean,ADS2,3,0,DT,0.650026320407089,0.5405155614778293,0.5484090567888824,0.5405155614778293,0.5438996383136051,0.6212037115488229,0,0.5619409084320068,0.01563715934753418
MI_dir_3_mean,ADS2,4,0,DT,0.6467362695209686,0.5389712182361583,0.5568638334037999,0.5389712182361583,0.5461303444378374,0.617403127135173,0,0.48108720779418945,0.015625476837158203
MI_dir_3_mean,ADS2,5,0,DT,0.6558017109015135,0.5393368501009453,0.5580586871932519,0.5393368501009453,0.5463652769848606,0.6273585784484628,0,0.6602542400360107,0.015617132186889648
