Feature,Dataset,T,CV,ML,Acc,b_Acc,Prec,Rec,F1,kap,ROC,tra-T,test-T
HH_jit_3_weight,ADS2,1,0,DT,0.40318476925776453,0.27160572129204325,0.3455581812883859,0.27160572129204325,0.2798060586796383,0.3499217019727707,0,0.4788093566894531,0.0
HH_jit_3_weight,ADS2,2,0,DT,0.4032725039480611,0.27755073371625477,0.34213893678360124,0.27755073371625477,0.284634164302538,0.3512513078706062,0,0.4722559452056885,0.01562190055847168
HH_jit_3_weight,ADS2,3,0,DT,0.40007018775223724,0.2731009957220056,0.3384659127342153,0.2731009957220056,0.28080356871245543,0.3477164874326695,0,0.47226643562316895,0.0
HH_jit_3_weight,ADS2,4,0,DT,0.4072644323565538,0.2762718258015475,0.3467662441800011,0.2762718258015475,0.2833786690544303,0.3553318648892837,0,0.4721553325653076,0.015629053115844727
HH_jit_3_weight,ADS2,5,0,DT,0.39899100679973676,0.2763284659931501,0.35175060237847067,0.2763284659931501,0.2860734112609524,0.34634476025096306,0,0.4721395969390869,0.0
