Feature,Dataset,T,CV,ML,Acc,b_Acc,Prec,Rec,F1,kap,ROC,tra-T,test-T
HpHp_0.01_radius_0_1,ADS2,1,0,DT,0.5847078434813126,0.47424732052117635,0.5624458749572024,0.47424732052117635,0.4987041690588342,0.5490557070391431,0,0.5192091464996338,0.015621423721313477
HpHp_0.01_radius_0_1,ADS2,2,0,DT,0.5879101596771363,0.4807429323631302,0.573742189381322,0.4807429323631302,0.5067882545761057,0.5525962695239048,0,0.51873779296875,0.015627622604370117
HpHp_0.01_radius_0_1,ADS2,3,0,DT,0.580101772240744,0.46676832217019976,0.5524538658949348,0.46676832217019976,0.49044611071001,0.5440506367085763,0,0.534339427947998,0.01563715934753418
HpHp_0.01_radius_0_1,ADS2,4,0,DT,0.5909808738375154,0.47801705894741625,0.5671005740563153,0.47801705894741625,0.5028540903713903,0.5558205452502438,0,0.519101619720459,0.015625953674316406
HpHp_0.01_radius_0_1,ADS2,5,0,DT,0.5896907216494846,0.47523561719752533,0.5727649805283888,0.47523561719752533,0.5019151113739868,0.5542128220218148,0,0.5376255512237549,0.0
