Feature,Dataset,T,CV,ML,Acc,b_Acc,Prec,Rec,F1,kap,ROC,tra-T,test-T
MI_dir_5_mean,ADS1,1,0,DT,0.5656552779194288,0.5223224731797972,0.5335471683504419,0.5223224731797972,0.5205280927692686,0.5391257043092681,0,0.9165472984313965,0.019837141036987305
MI_dir_5_mean,ADS1,2,0,DT,0.5618625701172871,0.5179286090491824,0.5315786761504212,0.5179286090491824,0.5148052669281026,0.5351809564062173,0,0.7653241157531738,0.014377355575561523
MI_dir_5_mean,ADS1,3,0,DT,0.5579423763386028,0.5129651357937367,0.5243727802978017,0.5129651357937367,0.5120488508884433,0.5309369706281852,0,0.7850785255432129,0.01983332633972168
MI_dir_5_mean,ADS1,4,0,DT,0.5586932270916335,0.5173217898446136,0.5299022495092942,0.5173217898446136,0.5161043541065349,0.5318060124064707,0,0.7650942802429199,0.02007746696472168
MI_dir_5_mean,ADS1,5,0,DT,0.5606374501992032,0.5168905513673947,0.5244364377732051,0.5168905513673947,0.5138685251140086,0.5337544399792142,0,0.8757843971252441,0.019335508346557617
