Feature,Dataset,T,CV,ML,Acc,b_Acc,Prec,Rec,F1,kap,ROC,tra-T,test-T
HH_3_radius_0_1,ADS2,1,0,DT,0.3379978943674329,0.26448087462628916,0.29256634930254616,0.26448087462628916,0.270678083511639,0.2823859083194683,0,0.5411343574523926,0.01262521743774414
HH_3_radius_0_1,ADS2,2,0,DT,0.3447095981751184,0.27372998310458974,0.29970436088919206,0.27372998310458974,0.2802510378435351,0.28967906792811093,0,0.5822727680206299,0.0
HH_3_radius_0_1,ADS2,3,0,DT,0.3378224249868398,0.2657159467610469,0.28245993238963873,0.2657159467610469,0.2684337641291431,0.28170413134929895,0,0.5706601142883301,0.011608600616455078
HH_3_radius_0_1,ADS2,4,0,DT,0.343832251272153,0.2775893030300624,0.2981860721570915,0.2775893030300624,0.2820656917377008,0.28841113936578655,0,0.5662825107574463,0.015633583068847656
HH_3_radius_0_1,ADS2,5,0,DT,0.340118447027857,0.26466934918242363,0.2909655276609796,0.26466934918242363,0.27061186024334316,0.28428109256702083,0,0.5784285068511963,0.015612363815307617
