Feature,Dataset,T,CV,ML,Acc,b_Acc,Prec,Rec,F1,kap,ROC,tra-T,test-T
HH_0.01_covariance_0_1,ADS2,1,0,DT,0.40353570801895067,0.26910216521145625,0.2661315804913072,0.26910216521145625,0.25807970678683134,0.35265711280691814,0,0.638986349105835,0.015994787216186523
HH_0.01_covariance_0_1,ADS2,2,0,DT,0.40353570801895067,0.2651515179288009,0.2643042280395623,0.2651515179288009,0.25561460000752206,0.3519488136151351,0,0.6447343826293945,0.01562809944152832
HH_0.01_covariance_0_1,ADS2,3,0,DT,0.3997631163361993,0.2654812125561322,0.2634604342362174,0.2654812125561322,0.2549966497641962,0.3483813357588079,0,0.6611897945404053,0.0156400203704834
HH_0.01_covariance_0_1,ADS2,4,0,DT,0.4008597999649061,0.26359021764219265,0.2608133442897892,0.26359021764219265,0.25199592151297867,0.3496240050928012,0,0.6452867984771729,0.01573944091796875
HH_0.01_covariance_0_1,ADS2,5,0,DT,0.39846457556481685,0.260583248177498,0.25488258539865705,0.260583248177498,0.24810679328540847,0.346788228359036,0,0.6306917667388916,0.015629291534423828
