Feature,Dataset,T,CV,ML,Acc,b_Acc,Prec,Rec,F1,kap,ROC,tra-T,test-T
HH_0.01_magnitude_0_1,ADS2,1,0,DT,0.4691173890156168,0.34556844861256464,0.3443770835153731,0.34556844861256464,0.34472587923186004,0.42534613410830935,0,0.7711215019226074,0.016743183135986328
HH_0.01_magnitude_0_1,ADS2,2,0,DT,0.4763555009650816,0.35230182158914936,0.35492862845592116,0.35230182158914936,0.35340875153462353,0.4333322893316326,0,0.7549760341644287,0.0
HH_0.01_magnitude_0_1,ADS2,3,0,DT,0.4727583786629233,0.35933079851419314,0.35710919051771367,0.35933079851419314,0.3580748901733208,0.4295319098490551,0,0.8059399127960205,0.01563739776611328
HH_0.01_magnitude_0_1,ADS2,4,0,DT,0.47065274609580626,0.34872370425183685,0.34812042034555396,0.34872370425183685,0.3481458564451605,0.4272939300995595,0,0.7706217765808105,0.0
HH_0.01_magnitude_0_1,ADS2,5,0,DT,0.47352489581048474,0.35982629686384154,0.36334831918767,0.35982629686384154,0.3612675741139416,0.4304697862166228,0,0.8024687767028809,0.02022862434387207
