Feature,Dataset,T,CV,ML,Acc,b_Acc,Prec,Rec,F1,kap,ROC,tra-T,test-T
HH_jit_0.01_mean,ADS2,1,0,DT,0.5687401298473417,0.5294844115189713,0.5264405221380319,0.5294844115189713,0.5274725188758997,0.5333768117524456,0,0.6800861358642578,0.011610984802246094
HH_jit_0.01_mean,ADS2,2,0,DT,0.5703632216178277,0.526321991266306,0.5283831224617017,0.526321991266306,0.5269259112218994,0.535145821644434,0,0.6750679016113281,0.015633344650268555
HH_jit_0.01_mean,ADS2,3,0,DT,0.565888752412704,0.5273036983492349,0.5272343035477135,0.5273036983492349,0.526924057629739,0.5303429410746332,0,0.7125918865203857,0.011630058288574219
HH_jit_0.01_mean,ADS2,4,0,DT,0.5692226706439726,0.5295239740011374,0.5291735881842131,0.5295239740011374,0.5290702283521947,0.5338000120652309,0,0.6761903762817383,0.0
HH_jit_0.01_mean,ADS2,5,0,DT,0.5726694450537398,0.5300996807532193,0.5352559037022719,0.5300996807532193,0.5322859576075972,0.5375916901468394,0,0.6970429420471191,0.015601158142089844
