Feature,Dataset,T,CV,ML,Acc,b_Acc,Prec,Rec,F1,kap,ROC,tra-T,test-T
HpHp_5_covariance_0_1,ADS1,1,0,DT,0.17229729729729729,0.1365192302907103,0.23181633813582656,0.1365192302907103,0.12774327778181405,0.11742682122913206,0,0.9320733547210693,0.014473438262939453
HpHp_5_covariance_0_1,ADS1,2,0,DT,0.17277536970933197,0.13618583210844964,0.24914708293550478,0.13618583210844964,0.12795360468095981,0.11761917535898514,0,0.82012939453125,0.015978574752807617
HpHp_5_covariance_0_1,ADS1,3,0,DT,0.172233554309026,0.13497465678095877,0.23963520044079806,0.13497465678095877,0.12653669540825946,0.11609567255227982,0,0.7760143280029297,0.014701604843139648
HpHp_5_covariance_0_1,ADS1,4,0,DT,0.172398406374502,0.13635102559688925,0.23427132531150546,0.13635102559688925,0.12755367260147232,0.11718371145557516,0,0.7361807823181152,0.014908552169799805
HpHp_5_covariance_0_1,ADS1,5,0,DT,0.1733227091633466,0.13783136319361106,0.23658999274350226,0.13783136319361106,0.12927993800203527,0.11860590904696444,0,0.9299695491790771,0.014130115509033203
