Feature,Dataset,T,CV,ML,Acc,b_Acc,Prec,Rec,F1,kap,ROC,tra-T,test-T
HpHp_1_magnitude_0_1,ADS1,1,0,DT,0.606418918918919,0.5890196184591245,0.6027477176720618,0.5890196184591245,0.5843804343490143,0.5828256743778177,0,0.8732280731201172,0.020000934600830078
HpHp_1_magnitude_0_1,ADS1,2,0,DT,0.6037098419173891,0.5828703856414501,0.5989165311062847,0.5828703856414501,0.5788859664504078,0.5800017559371717,0,1.3866503238677979,0.017616987228393555
HpHp_1_magnitude_0_1,ADS1,3,0,DT,0.6043154003059663,0.583152330899645,0.5952821836189859,0.583152330899645,0.5781742970525234,0.5805413048041679,0,0.6975328922271729,0.016957998275756836
HpHp_1_magnitude_0_1,ADS1,4,0,DT,0.60200796812749,0.5808077411941686,0.5954945741368012,0.5808077411941686,0.5771099803610306,0.5780306645553905,0,0.7605862617492676,0.016520261764526367
HpHp_1_magnitude_0_1,ADS1,5,0,DT,0.6047490039840637,0.5826887739346297,0.6018488631597398,0.5826887739346297,0.5802741042025796,0.580903605493209,0,0.7906780242919922,0.01629352569580078
