Feature,Dataset,T,CV,ML,Acc,b_Acc,Prec,Rec,F1,kap,ROC,tra-T,test-T
HH_1_radius_0_1,ADS1,1,0,DT,0.3061575726670066,0.2955860218228831,0.306657491696473,0.2955860218228831,0.2951595053434449,0.26395502410488214,0,1.4536035060882568,0.03021240234375
HH_1_radius_0_1,ADS1,2,0,DT,0.30654003059663437,0.2932225562360924,0.3037386963884434,0.2932225562360924,0.29248456308891424,0.2645428220170908,0,1.3944313526153564,0.023938417434692383
HH_1_radius_0_1,ADS1,3,0,DT,0.30411779704232533,0.29212484141449463,0.3044588175850655,0.29212484141449463,0.2924986244999127,0.2620813055818385,0,1.301978349685669,0.03270864486694336
HH_1_radius_0_1,ADS1,4,0,DT,0.2976254980079681,0.2873017141694679,0.2974102797956044,0.2873017141694679,0.2867039949640513,0.25506752011788136,0,1.3848178386688232,0.03488802909851074
HH_1_radius_0_1,ADS1,5,0,DT,0.30409561752988046,0.29181769245856376,0.3011735323842821,0.29181769245856376,0.2910334574519951,0.2617011718209319,0,10.700628280639648,0.07469964027404785
