Feature,Dataset,T,CV,ML,Acc,b_Acc,Prec,Rec,F1,kap,ROC,tra-T,test-T
HH_3_pcc_0_1,ADS1,1,0,DT,0.1940655277919429,0.15519453495002689,0.19270405928184825,0.15519453495002689,0.14774399756932083,0.14204882586772738,0,0.8815157413482666,0.016712188720703125
HH_3_pcc_0_1,ADS1,2,0,DT,0.19186639469658337,0.1560685056044798,0.19322994046935044,0.1560685056044798,0.14882437789678266,0.13928216396445026,0,0.6968994140625,0.016795873641967773
HH_3_pcc_0_1,ADS1,3,0,DT,0.18737251402345742,0.15355827496557276,0.188451884320737,0.15355827496557276,0.14549979559959167,0.13423932101886982,0,0.8709769248962402,0.024997711181640625
HH_3_pcc_0_1,ADS1,4,0,DT,0.18527490039840638,0.14911702711862257,0.18413946174609036,0.14911702711862257,0.14089279682349917,0.13208603108671135,0,0.6869974136352539,0.016401052474975586
HH_3_pcc_0_1,ADS1,5,0,DT,0.18992828685258964,0.15408063983585998,0.1927152955706925,0.15408063983585998,0.14695108552408315,0.13715448824907928,0,0.7408809661865234,0.025377750396728516
