Feature,Dataset,T,CV,ML,Acc,b_Acc,Prec,Rec,F1,kap,ROC,tra-T,test-T
HH_1_covariance_0_1,ADS1,1,0,DT,0.19731642019377868,0.15873584674567626,0.1672697302370568,0.15873584674567626,0.14708999269366282,0.14543170339913358,0,5.239732503890991,0.3054616451263428
HH_1_covariance_0_1,ADS1,2,0,DT,0.1942886282508924,0.1562658807163492,0.1654574182296469,0.1562658807163492,0.14468866369634292,0.14245304979540196,0,5.70383882522583,0.16384577751159668
HH_1_covariance_0_1,ADS1,3,0,DT,0.19502167261601225,0.1551562678300884,0.16380655665754218,0.1551562678300884,0.14377735220869772,0.1428302514470936,0,6.231932878494263,0.023192405700683594
HH_1_covariance_0_1,ADS1,4,0,DT,0.19604780876494024,0.15746910278782705,0.16471213803201462,0.15746910278782705,0.14478890828011343,0.14423292340465155,0,6.1931843757629395,0.14821457862854004
HH_1_covariance_0_1,ADS1,5,0,DT,0.19926693227091632,0.15859685524151956,0.16605116499559955,0.15859685524151956,0.1466752771631751,0.1471058694303794,0,5.679994106292725,0.16991782188415527
