Feature,Dataset,T,CV,ML,Acc,b_Acc,Prec,Rec,F1,kap,ROC,tra-T,test-T
HH_1_pcc_0_1,ADS2,1,0,DT,0.2625021933672574,0.16633777599828703,0.17707822601513254,0.16633777599828703,0.15652263706015054,0.19774319632288795,0,0.5052175521850586,0.0
HH_1_pcc_0_1,ADS2,2,0,DT,0.2591244077908405,0.1605245790818294,0.16868444583009876,0.1605245790818294,0.15063409932384073,0.1932645327399115,0,0.4897928237915039,0.013604879379272461
HH_1_pcc_0_1,ADS2,3,0,DT,0.2578961221266889,0.16146849957684228,0.16734204691606244,0.16146849957684228,0.1501380707564502,0.19254575800801066,0,0.5034427642822266,0.015727758407592773
HH_1_pcc_0_1,ADS2,4,0,DT,0.25903667310054396,0.16105998427072177,0.16899016194622146,0.16105998427072177,0.1501228266592367,0.19394781910429737,0,0.5191421508789062,0.0
HH_1_pcc_0_1,ADS2,5,0,DT,0.26317174819039263,0.16803799068201206,0.18033461429911085,0.16803799068201206,0.1575338391601556,0.1981238084268968,0,0.5190300941467285,0.015642404556274414
