Feature,Dataset,T,CV,ML,Acc,b_Acc,Prec,Rec,F1,kap,ROC,tra-T,test-T
HpHp_3_mean_0,ADS1,1,0,DT,0.6113271290158082,0.559547287702743,0.5885437021651642,0.559547287702743,0.5640138722107777,0.5877805039793735,0,0.6319682598114014,0.018284320831298828
HpHp_3_mean_0,ADS1,2,0,DT,0.6113908720040796,0.5586207666432449,0.5870789105923633,0.5586207666432449,0.5629562789841179,0.5877309746994106,0,0.6349701881408691,0.014802694320678711
HpHp_3_mean_0,ADS1,3,0,DT,0.6121239163691994,0.5572213261493563,0.5840868679175223,0.5572213261493563,0.5612914991209185,0.5884720593737756,0,0.6441667079925537,0.01589798927307129
HpHp_3_mean_0,ADS1,4,0,DT,0.6101354581673307,0.5587732156707764,0.5861806203308366,0.5587732156707764,0.5626749627918545,0.5862674533119397,0,0.6854434013366699,0.015617847442626953
HpHp_3_mean_0,ADS1,5,0,DT,0.6085737051792829,0.5567441955711023,0.5854183681824455,0.5567441955711023,0.5614636646698626,0.5847420823810918,0,0.622234582901001,0.008361101150512695
