Feature,Dataset,T,CV,ML,Acc,b_Acc,Prec,Rec,F1,kap,ROC,tra-T,test-T
HpHp_0.1_mean_0,ADS1,1,0,DT,0.6273266190719021,0.5873399379576144,0.6140974169050423,0.5873399379576144,0.5906456999249019,0.6045442229533662,0,0.8325784206390381,0.017721891403198242
HpHp_0.1_mean_0,ADS1,2,0,DT,0.6287289648138705,0.5894110990677901,0.620201729211602,0.5894110990677901,0.5946301625882341,0.606043438275238,0,0.9410271644592285,0.018694639205932617
HpHp_0.1_mean_0,ADS1,3,0,DT,0.6257330443651198,0.587256133075063,0.6132051201383084,0.587256133075063,0.5908383542883927,0.6029642470398625,0,0.7532169818878174,0.019767045974731445
HpHp_0.1_mean_0,ADS1,4,0,DT,0.6260717131474104,0.5893139034872007,0.6175899793252871,0.5893139034872007,0.5940968426786175,0.6031894730258232,0,0.7282223701477051,0.011974811553955078
HpHp_0.1_mean_0,ADS1,5,0,DT,0.6220557768924303,0.582737684768604,0.6104520742210839,0.582737684768604,0.5866841456350109,0.5990302985636015,0,0.7535614967346191,0.10025978088378906
