Feature,Dataset,T,CV,ML,Acc,b_Acc,Prec,Rec,F1,kap,ROC,tra-T,test-T
HH_0.01_weight_0,ADS2,1,0,DT,0.4438936655553606,0.3781388710549917,0.3781506936258682,0.3781388710549917,0.37799614644115664,0.3983503569873882,0,0.7867999076843262,0.015629291534423828
HH_0.01_weight_0,ADS2,2,0,DT,0.44490261449377083,0.3811890885092608,0.3842703841448634,0.3811890885092608,0.3823079051254245,0.39935643106284713,0,0.7902703285217285,0.015630483627319336
HH_0.01_weight_0,ADS2,3,0,DT,0.44319178803298825,0.36810953992954465,0.36658414764847946,0.36810953992954465,0.3670331318151482,0.3976182375325812,0,0.7868309020996094,0.015624523162841797
HH_0.01_weight_0,ADS2,4,0,DT,0.44323565537813653,0.3755850278665595,0.3736165920407829,0.3755850278665595,0.37418040285059917,0.39728476239285715,0,0.8343045711517334,0.015736818313598633
HH_0.01_weight_0,ADS2,5,0,DT,0.4411493748629085,0.377079077824642,0.37856845530469607,0.377079077824642,0.37771572849214796,0.39531908296502827,0,0.7861502170562744,0.015727758407592773
