Feature,Dataset,T,CV,ML,Acc,b_Acc,Prec,Rec,F1,kap,ROC,tra-T,test-T
HH_jit_0.1_std,ADS2,1,0,DT,0.48727846990700124,0.463425837307042,0.4704764407500643,0.463425837307042,0.4619873462275867,0.4450185673341185,0,0.6448826789855957,0.01563262939453125
HH_jit_0.1_std,ADS2,2,0,DT,0.4921038778733111,0.4812322534886888,0.4843704473641908,0.4812322534886888,0.4780780699518226,0.45092109187711726,0,0.6690936088562012,0.01563405990600586
HH_jit_0.1_std,ADS2,3,0,DT,0.48876995964204245,0.4704483228179031,0.4749679199979674,0.4704483228179031,0.46781378970425846,0.44719948738885196,0,0.6609714031219482,0.015729427337646484
HH_jit_0.1_std,ADS2,4,0,DT,0.49206001052816284,0.4677114722981347,0.4730801604895255,0.4677114722981347,0.46655234012894164,0.450898663069183,0,0.6604151725769043,0.0031087398529052734
HH_jit_0.1_std,ADS2,5,0,DT,0.48598376837025664,0.46955458864655225,0.4765617323761976,0.46955458864655225,0.4675087082272479,0.4444722312194429,0,0.661689043045044,0.015631914138793945
