Feature,Dataset,T,CV,ML,Acc,b_Acc,Prec,Rec,F1,kap,ROC,tra-T,test-T
HH_jit_0.1_mean,ADS2,1,0,DT,0.520178978768205,0.5383715050461064,0.5377385546121037,0.5383715050461064,0.5374609863179918,0.48082212290928683,0,0.6775808334350586,0.015748023986816406
HH_jit_0.1_mean,ADS2,2,0,DT,0.5263642744341113,0.5360089573716825,0.5333656516554097,0.5360089573716825,0.5344030702197362,0.48770881508374153,0,0.6935935020446777,0.0
HH_jit_0.1_mean,ADS2,3,0,DT,0.5271977539919284,0.549022673301793,0.5510966986221667,0.549022673301793,0.5497033361861022,0.4884012775321107,0,0.6611218452453613,0.015626907348632812
HH_jit_0.1_mean,ADS2,4,0,DT,0.530838743639235,0.5437181986643663,0.5382162738880678,0.5437181986643663,0.5403385029633095,0.49241926314657347,0,0.661003828048706,0.01573634147644043
HH_jit_0.1_mean,ADS2,5,0,DT,0.5256854573371353,0.541792874497929,0.5457047627294777,0.541792874497929,0.5422992977866232,0.48684557640468673,0,0.6448245048522949,0.026234865188598633
