Feature,Dataset,T,CV,ML,Acc,b_Acc,Prec,Rec,F1,kap,ROC,tra-T,test-T
MI_dir_0.1_std,ADS2,1,0,DT,0.3908580452711002,0.348684449073644,0.36498478937740847,0.348684449073644,0.35504026157019825,0.34081965875620424,0,0.7550883293151855,0.01573634147644043
MI_dir_0.1_std,ADS2,2,0,DT,0.39546411651166874,0.35303273585034833,0.3628721555624259,0.35303273585034833,0.3564753320547271,0.3456636158389442,0,0.7220709323883057,0.015629053115844727
MI_dir_0.1_std,ADS2,3,0,DT,0.3927004737673276,0.3550756028829297,0.37484657318917586,0.3550756028829297,0.36261342174785666,0.3424759592143687,0,0.713874101638794,0.013114452362060547
MI_dir_0.1_std,ADS2,4,0,DT,0.3923056676609932,0.3513154759541869,0.361333077915165,0.3513154759541869,0.35515777195431447,0.3419296113741961,0,0.6895837783813477,0.006112337112426758
MI_dir_0.1_std,ADS2,5,0,DT,0.39012941434525117,0.3526757900831503,0.365258033860513,0.3526757900831503,0.3578239215314099,0.3400826888050992,0,0.700178861618042,0.015738725662231445
