Feature,Dataset,T,CV,ML,Acc,b_Acc,Prec,Rec,F1,kap,ROC,tra-T,test-T
HH_jit_3_std,ADS1,1,0,DT,0.29554436511983684,0.2743931871053957,0.3547596306396144,0.2743931871053957,0.28808715918673056,0.2505367654389167,0,0.8740272521972656,0.01817774772644043
HH_jit_3_std,ADS1,2,0,DT,0.29742478327383987,0.2782283420910936,0.35748431501342515,0.2782283420910936,0.29148624594250616,0.252247350888005,0,0.9534511566162109,0.021339893341064453
HH_jit_3_std,ADS1,3,0,DT,0.2940464048954615,0.2754131055247766,0.3500625366243945,0.2754131055247766,0.2877470906301823,0.24883773968938416,0,0.8198981285095215,0.021732091903686523
HH_jit_3_std,ADS1,4,0,DT,0.2917609561752988,0.2712119623420893,0.3477442736858022,0.2712119623420893,0.2833460395127359,0.24626380559851546,0,0.7811448574066162,0.02196335792541504
HH_jit_3_std,ADS1,5,0,DT,0.29188844621513943,0.27076715587334654,0.3509866537898031,0.27076715587334654,0.28346127999349724,0.24663449338346055,0,0.717026948928833,0.023322582244873047
