Feature,Dataset,T,CV,ML,Acc,b_Acc,Prec,Rec,F1,kap,ROC,tra-T,test-T
HH_5_radius_0_1,ADS1,1,0,DT,0.2785887302396736,0.2550848971203132,0.28460762876314394,0.2550848971203132,0.2600311517318529,0.2331192791107144,0,0.8984508514404297,0.02200913429260254
HH_5_radius_0_1,ADS1,2,0,DT,0.27734574196838346,0.25552762079645513,0.2874097351916111,0.25552762079645513,0.26209636729290176,0.2317485222224004,0,1.061513900756836,0.11838483810424805
HH_5_radius_0_1,ADS1,3,0,DT,0.27795130035696075,0.25266469079612747,0.28454376184161806,0.25266469079612747,0.25851851696982003,0.2322575616262511,0,0.9632565975189209,0.02665090560913086
HH_5_radius_0_1,ADS1,4,0,DT,0.2783745019920319,0.25578484654609446,0.2869108445495818,0.25578484654609446,0.2611472197995435,0.23313556907081745,0,1.1316590309143066,0.025160551071166992
HH_5_radius_0_1,ADS1,5,0,DT,0.2782151394422311,0.25048139173248785,0.28016738371154487,0.25048139173248785,0.2560114572300898,0.23232135459039271,0,1.0636587142944336,0.02671504020690918
