Feature,Dataset,T,CV,ML,Acc,b_Acc,Prec,Rec,F1,kap,ROC,tra-T,test-T
MI_dir_5_mean,DIS1,1,0,DT,0.5546365427849788,0.520562147532038,0.5308794819616648,0.520562147532038,0.5195719845851107,0.5295675598505847,0,0.6855478286743164,0.015616893768310547
MI_dir_5_mean,DIS1,2,0,DT,0.5535972021760852,0.5182474683155006,0.5292223728567599,0.5182474683155006,0.5174269264352237,0.5284020173471061,0,0.7075502872467041,0.015632152557373047
MI_dir_5_mean,DIS1,3,0,DT,0.5496280670589542,0.5185104572191338,0.527773301332986,0.5185104572191338,0.5171055886698783,0.5243145362602513,0,0.6936538219451904,0.015625953674316406
MI_dir_5_mean,DIS1,4,0,DT,0.5530975907627401,0.5206979829922854,0.5290115876631586,0.5206979829922854,0.5189207623519174,0.5279019105915537,0,0.6928033828735352,0.0
MI_dir_5_mean,DIS1,5,0,DT,0.5551237926057511,0.5231733001475382,0.5318745332852965,0.5231733001475382,0.521437015978825,0.5301441508377263,0,0.7260255813598633,0.015629291534423828
