Feature,Dataset,T,CV,ML,Acc,b_Acc,Prec,Rec,F1,kap,ROC,tra-T,test-T
HH_1_covariance_0_1,DIS2,1,0,DT,0.1921120653714667,0.1661107254192335,0.18337746912484756,0.1661107254192335,0.1585040204269808,0.14512906872422748,0,0.9590098857879639,0.015633106231689453
HH_1_covariance_0_1,DIS2,2,0,DT,0.19011089802384726,0.16644463451987843,0.18729557903809746,0.16644463451987843,0.15968258889567957,0.14372916552014126,0,0.9760236740112305,0.015610456466674805
HH_1_covariance_0_1,DIS2,3,0,DT,0.18724811695711388,0.1650302402029531,0.1821686368060788,0.1650302402029531,0.1569899089922564,0.1406412559236715,0,0.975801944732666,0.015634536743164062
HH_1_covariance_0_1,DIS2,4,0,DT,0.19256212129634775,0.1687340792169103,0.18419360253411077,0.1687340792169103,0.16035692430191556,0.1457881578980642,0,0.9607794284820557,0.02474212646484375
HH_1_covariance_0_1,DIS2,5,0,DT,0.19028295069208961,0.16604458950170167,0.18125556369796203,0.16604458950170167,0.1567457785415271,0.1435334357464525,0,0.9934003353118896,0.015625
