Feature,Dataset,T,CV,ML,Acc,b_Acc,Prec,Rec,F1,kap,ROC,tra-T,test-T
HH_jit_3_std,DIS2,1,0,DT,0.25464854498457434,0.24446446001355107,0.3424911361705757,0.24446446001355107,0.25959549097790613,0.21217069676493439,0,0.7778158187866211,0.02473735809326172
HH_jit_3_std,DIS2,2,0,DT,0.25078518024403124,0.23886794222528077,0.33521362138181837,0.23886794222528077,0.2526887678900665,0.20782527060618572,0,0.779853105545044,0.015628814697265625
HH_jit_3_std,DIS2,3,0,DT,0.2441146224186331,0.2343982905945689,0.33529682616255563,0.2343982905945689,0.25052523174426067,0.2006285089881915,0,0.7730965614318848,0.029357194900512695
HH_jit_3_std,DIS2,4,0,DT,0.24723442103507698,0.2380464282905043,0.33712590863693104,0.2380464282905043,0.2543108165107051,0.2037147954378078,0,0.7728877067565918,0.01562356948852539
HH_jit_3_std,DIS2,5,0,DT,0.24389904941908944,0.2341017615456912,0.3379606153908809,0.2341017615456912,0.25069714961292955,0.20002049568884106,0,0.7867276668548584,0.01573967933654785
