Feature,Dataset,T,CV,ML,Acc,b_Acc,Prec,Rec,F1,kap,ROC,tra-T,test-T
HpHp_1_covariance_0_1,DIS1,1,0,DT,0.2233756140886508,0.19552502880705172,0.4027121979954243,0.19552502880705172,0.19954316833099714,0.1780337961612224,0,0.4881749153137207,0.01562666893005371
HpHp_1_covariance_0_1,DIS1,2,0,DT,0.22432552459198402,0.1945230207545753,0.4017112566985442,0.1945230207545753,0.19732403481511102,0.17912671630965438,0,0.5035128593444824,0.015622615814208984
HpHp_1_covariance_0_1,DIS1,3,0,DT,0.224131231264572,0.19698946675651302,0.4068398034687695,0.19698946675651302,0.2007921250019822,0.17913143609750415,0,0.5019195079803467,0.009609460830688477
HpHp_1_covariance_0_1,DIS1,4,0,DT,0.2281003663817031,0.19772577199861519,0.4036529007118458,0.19772577199861519,0.20266433175006626,0.18238282287145602,0,0.5191564559936523,0.0
HpHp_1_covariance_0_1,DIS1,5,0,DT,0.2214666370600644,0.1959886099141379,0.3999885696159475,0.1959886099141379,0.19981723887908157,0.17703463369502115,0,0.5035176277160645,0.01574110984802246
