Feature,Dataset,T,CV,ML,Acc,b_Acc,Prec,Rec,F1,kap,ROC,tra-T,test-T
HH_5_magnitude_0_1,DIS2,1,0,DT,0.5023207982434198,0.4863109097303108,0.4912981278065525,0.4863109097303108,0.48641518492630986,0.4743370473718498,0,0.8816368579864502,0.015614748001098633
HH_5_magnitude_0_1,DIS2,2,0,DT,0.5062119569749021,0.4914949713089697,0.4940869845207873,0.4914949713089697,0.4908379633173844,0.4784114589438021,0,0.8903703689575195,0.016224145889282227
HH_5_magnitude_0_1,DIS2,3,0,DT,0.5080463603768866,0.49097976000421817,0.49235416648885677,0.49097976000421817,0.48953214328546,0.48033204122021855,0,0.9301614761352539,0.016206741333007812
HH_5_magnitude_0_1,DIS2,4,0,DT,0.5058091055645116,0.4849130474949553,0.4914509697168397,0.4849130474949553,0.48592678085080704,0.47798385510951413,0,0.8813135623931885,0.01562643051147461
HH_5_magnitude_0_1,DIS2,5,0,DT,0.5070042803935738,0.4900108688974022,0.4958695486640024,0.4900108688974022,0.4907302673135055,0.47931574022455625,0,0.8678698539733887,0.015730619430541992
