Feature,Dataset,T,CV,ML,Acc,b_Acc,Prec,Rec,F1,kap,ROC,tra-T,test-T
HH_jit_0.1_weight,DIS1,1,0,DT,0.4559660273668434,0.42608777182566854,0.425272652833413,0.42608777182566854,0.4213881305726512,0.42533988755744445,0,1.0104069709777832,0.01562356948852539
HH_jit_0.1_weight,DIS1,2,0,DT,0.455312534695237,0.42212729445973884,0.42276902405418665,0.42212729445973884,0.4178543099233424,0.42457546232777554,0,0.9923117160797119,0.01563119888305664
HH_jit_0.1_weight,DIS1,3,0,DT,0.4503441767514156,0.4188318382682074,0.41849380131232905,0.4188318382682074,0.41487172896306596,0.41939854766990237,0,1.0074100494384766,0.015623092651367188
HH_jit_0.1_weight,DIS1,4,0,DT,0.4507605195958699,0.42043255308417876,0.421913687541107,0.42043255308417876,0.4165654525782696,0.4198304691792314,0,1.010859727859497,0.031365394592285156
HH_jit_0.1_weight,DIS1,5,0,DT,0.44903963583879203,0.416775569381955,0.4203642161693021,0.416775569381955,0.4140360964102355,0.41790297718557445,0,1.0032732486724854,0.017348527908325195
