Feature,Dataset,T,CV,ML,Acc,b_Acc,Prec,Rec,F1,kap,ROC,tra-T,test-T
HH_jit_3_std,DIS1,1,0,DT,0.260151544589081,0.2391440605190804,0.33698537624556785,0.2391440605190804,0.2476703872417889,0.21811128259678225,0,0.7079184055328369,0.015623092651367188
HH_jit_3_std,DIS1,2,0,DT,0.2589374930609526,0.239614291366516,0.3298021636571404,0.239614291366516,0.24642804137152072,0.21637769712429755,0,0.6807069778442383,0.011099815368652344
HH_jit_3_std,DIS1,3,0,DT,0.2553291884090152,0.23580657334092855,0.32657942475528906,0.23580657334092855,0.24244748271421696,0.21289232729812457,0,0.7007601261138916,0.015624284744262695
HH_jit_3_std,DIS1,4,0,DT,0.25596758077051185,0.234484052782187,0.32529798473307164,0.234484052782187,0.24135824338241832,0.21350043896550241,0,0.6923763751983643,0.015627622604370117
HH_jit_3_std,DIS1,5,0,DT,0.25943710447429774,0.23829212037687655,0.33093199878586865,0.23829212037687655,0.24590618089094285,0.21662328334453818,0,0.6932272911071777,0.016216516494750977
