Feature,Dataset,T,CV,ML,Acc,b_Acc,Prec,Rec,F1,kap,ROC,tra-T,test-T
HpHp_0.01_pcc_0_1,DIS1,1,0,DT,0.1814926864470288,0.16177631351518382,0.20994864068292043,0.16177631351518382,0.14979170836577063,0.13528266620063145,0,0.7479169368743896,0.015634536743164062
HpHp_0.01_pcc_0_1,DIS1,2,0,DT,0.185716664816254,0.16771488342720453,0.21898570264250206,0.16771488342720453,0.15635231223234186,0.13889714918250884,0,0.7313554286956787,0.015628337860107422
HpHp_0.01_pcc_0_1,DIS1,3,0,DT,0.1851060286443877,0.16698405792357207,0.2210317661369554,0.16698405792357207,0.15655118188594905,0.13839435608539363,0,0.7393984794616699,0.015639305114746094
HpHp_0.01_pcc_0_1,DIS1,4,0,DT,0.18394026867991561,0.1624333494251604,0.21416962194100564,0.1624333494251604,0.15050342395164631,0.13682876720666248,0,0.725562334060669,0.01563119888305664
HpHp_0.01_pcc_0_1,DIS1,5,0,DT,0.18441212390363051,0.164386166672267,0.21918665338454216,0.164386166672267,0.1539909199401693,0.13703613816887694,0,0.7549328804016113,0.015621185302734375
