Feature,Dataset,T,CV,ML,Acc,b_Acc,Prec,Rec,F1,kap,ROC,tra-T,test-T
HH_0.01_weight_0,DIS1,1,0,DT,0.33775569679980016,0.32828000310896943,0.33183694705441846,0.32828000310896943,0.3298368087366671,0.3007527966233823,0,1.3759844303131104,0.01563119888305664
HH_0.01_weight_0,DIS1,2,0,DT,0.3365160430776063,0.32466683771227195,0.3276795284011975,0.32466683771227195,0.3260364413276688,0.29949310642204086,0,1.3717498779296875,0.015624046325683594
HH_0.01_weight_0,DIS1,3,0,DT,0.3358221383368491,0.32475019192515486,0.3255478576646624,0.32475019192515486,0.325012479258772,0.29870154468427046,0,1.4625685214996338,0.016208887100219727
HH_0.01_weight_0,DIS1,4,0,DT,0.33887531919618075,0.3288904560463014,0.3288641811636603,0.3288904560463014,0.32877114579399225,0.3018575870686493,0,1.4131824970245361,0.03136467933654785
HH_0.01_weight_0,DIS1,5,0,DT,0.34406572665704455,0.3290187071780394,0.3337324225397512,0.3290187071780394,0.33112856959022235,0.3073727625651832,0,1.4092631340026855,0.03124690055847168
