Feature,Dataset,T,CV,ML,Acc,b_Acc,Prec,Rec,F1,kap,ROC,tra-T,test-T
HH_5_mean_0,DIS1,1,0,DT,0.5516667129256987,0.5196651293974971,0.5269402236781824,0.5196651293974971,0.5173921647586227,0.5264226094401081,0,0.6761486530303955,0.015621662139892578
HH_5_mean_0,DIS1,2,0,DT,0.5544576440546242,0.5214439626326579,0.5329059094544888,0.5214439626326579,0.5205457205394323,0.5294355404176209,0,0.723656415939331,0.01562809944152832
HH_5_mean_0,DIS1,3,0,DT,0.5517097812812257,0.5187361050083314,0.5277979568710902,0.5187361050083314,0.5164430666302318,0.526507350485365,0,0.6924071311950684,0.015613079071044922
HH_5_mean_0,DIS1,4,0,DT,0.5532363717108916,0.521870500779596,0.5326608388870355,0.521870500779596,0.5217526146189935,0.5280546212653126,0,0.6940090656280518,0.015623331069946289
HH_5_mean_0,DIS1,5,0,DT,0.552320417453092,0.5210094139942979,0.5301794493324652,0.5210094139942979,0.5193259143489949,0.5270674329022098,0,0.6923856735229492,0.015622377395629883
