Feature,Dataset,T,CV,ML,Acc,b_Acc,Prec,Rec,F1,kap,ROC,tra-T,test-T
HH_1_pcc_0_1,DIS2,1,0,DT,0.17966035743072348,0.15649505428649102,0.15883787003111363,0.15649505428649102,0.14317656420837016,0.13195218371142636,0,0.963252067565918,0.031366586685180664
HH_1_pcc_0_1,DIS2,2,0,DT,0.17935462353039272,0.15586718243449527,0.15793660719181216,0.15586718243449527,0.14313728465090503,0.13225505239052138,0,0.9914100170135498,0.020233631134033203
HH_1_pcc_0_1,DIS2,3,0,DT,0.17749242613746907,0.15312931465334978,0.15493835016308286,0.15312931465334978,0.1403146665796705,0.1297764637825367,0,0.9934062957763672,0.031246423721313477
HH_1_pcc_0_1,DIS2,4,0,DT,0.17877591861693257,0.15461850449924805,0.15589157024564104,0.15461850449924805,0.1411066209313558,0.1315202321974036,0,0.9595093727111816,0.016213655471801758
HH_1_pcc_0_1,DIS2,5,0,DT,0.17824781811106788,0.1554294037058721,0.15868390716728803,0.1554294037058721,0.14231554472280447,0.13095216723548897,0,0.993619441986084,0.015626192092895508
