Feature,Dataset,T,CV,ML,Acc,b_Acc,Prec,Rec,F1,kap,ROC,tra-T,test-T
MI_dir_0.1_std,DIS2,1,0,DT,0.37041051724617136,0.3666322577520574,0.38242395481258074,0.3666322577520574,0.3710286431584423,0.3350370208066692,0,1.1491851806640625,0.015741586685180664
MI_dir_0.1_std,DIS2,2,0,DT,0.37049389921898884,0.3630580615821626,0.3763353415371726,0.3630580615821626,0.3662474599780016,0.3350942338395705,0,1.1640620231628418,0.03125619888305664
MI_dir_0.1_std,DIS2,3,0,DT,0.37174462881125103,0.3643249812104821,0.37828118732110483,0.3643249812104821,0.367841387684471,0.33637121895884525,0,1.1820518970489502,0.01621246337890625
MI_dir_0.1_std,DIS2,4,0,DT,0.3680582578242259,0.35933422210176513,0.3734756243483258,0.35933422210176513,0.36295683640119714,0.3324724141873019,0,1.142195224761963,0.015735149383544922
MI_dir_0.1_std,DIS2,5,0,DT,0.37325587859247317,0.3670946701115292,0.38286974299144916,0.3670946701115292,0.371397780368573,0.33787338037796355,0,1.1487431526184082,0.04747796058654785
