Feature,Dataset,T,CV,ML,Acc,b_Acc,Prec,Rec,F1,kap,ROC,tra-T,test-T
HH_0.1_radius_0_1,DIS2,1,0,DT,0.2940882181272409,0.28982895241852724,0.2950289437699953,0.28982895241852724,0.2913475274485315,0.2544103471492388,0,1.2208466529846191,0.023345947265625
HH_0.1_radius_0_1,DIS2,2,0,DT,0.294977625837294,0.2954240532345353,0.29838472231234564,0.2954240532345353,0.2961606432256677,0.25531291454682337,0,1.2613976001739502,0.0312502384185791
HH_0.1_radius_0_1,DIS2,3,0,DT,0.2950888018010506,0.29083573875613966,0.2949513643336908,0.29083573875613966,0.2919116600691816,0.25544600867657696,0,1.2114391326904297,0.03125500679016113
HH_0.1_radius_0_1,DIS2,4,0,DT,0.29643115237089335,0.2931650642819086,0.29972468296505683,0.2931650642819086,0.2954157506184339,0.2569144219794275,0,1.1972360610961914,0.015626907348632812
HH_0.1_radius_0_1,DIS2,5,0,DT,0.29581966757462896,0.29338926781503605,0.29651495619449664,0.29338926781503605,0.2940566727033188,0.25626902998789924,0,1.1981167793273926,0.015740394592285156
