Feature,Dataset,T,CV,ML,Acc,b_Acc,Prec,Rec,F1,kap,ROC,tra-T,test-T
HH_0.1_std_0,DIS2,1,0,DT,0.3668806803968982,0.35798234610629637,0.3664884179954989,0.35798234610629637,0.360835760478611,0.331269612237294,0,1.133211374282837,0.03125953674316406
HH_0.1_std_0,DIS2,2,0,DT,0.3739125601045054,0.36820078740954976,0.3734401462539697,0.36820078740954976,0.3696425186200901,0.33871716254465956,0,1.1849288940429688,0.013108015060424805
HH_0.1_std_0,DIS2,3,0,DT,0.3662692125962367,0.3606661190535883,0.3676773242575492,0.3606661190535883,0.3622779704761623,0.33070105710663655,0,1.1798198223114014,0.015639543533325195
HH_0.1_std_0,DIS2,4,0,DT,0.36989271221301906,0.362109599330521,0.36914091897764745,0.362109599330521,0.36402517204541823,0.3344277283485423,0,1.1971194744110107,0.01563429832458496
HH_0.1_std_0,DIS2,5,0,DT,0.36936461170715434,0.3630803053758226,0.3709049123423095,0.3630803053758226,0.3655628019656048,0.3338740767283648,0,1.1655735969543457,0.03126406669616699
