Feature,Dataset,T,CV,ML,Acc,b_Acc,Prec,Rec,F1,kap,ROC,tra-T,test-T
HH_jit_0.1_std,DIS1,1,0,DT,0.3658719364956008,0.34678749666719694,0.36514462919317325,0.34678749666719694,0.35182673484554283,0.33009318419293965,0,1.1109330654144287,0.01573467254638672
HH_jit_0.1_std,DIS1,2,0,DT,0.36568779837903853,0.35167522849886906,0.3551862199377786,0.35167522849886906,0.34806258443694926,0.33043257617257404,0,1.1002867221832275,0.016839981079101562
HH_jit_0.1_std,DIS1,3,0,DT,0.36296769179527033,0.35017028400130734,0.3546653241420543,0.35017028400130734,0.34706017291355973,0.3275952793694915,0,1.1023602485656738,0.03185296058654785
HH_jit_0.1_std,DIS1,4,0,DT,0.361774175641168,0.34636991374103027,0.36584515840873455,0.34636991374103027,0.3521261793783778,0.3259648700266673,0,1.1030118465423584,0.024219274520874023
HH_jit_0.1_std,DIS1,5,0,DT,0.36613189741312313,0.35075927760202363,0.37224392010767077,0.35075927760202363,0.35725801038231086,0.33041351970813804,0,1.0859296321868896,0.015619277954101562
