Feature,Dataset,T,CV,ML,Acc,b_Acc,Prec,Rec,F1,kap,ROC,tra-T,test-T
HH_1_magnitude_0_1,DIS2,1,0,DT,0.42474776953222715,0.40727322131896426,0.40975271523566287,0.40727322131896426,0.40774536388547006,0.3924649363501602,0,1.0472798347473145,0.015635251998901367
HH_1_magnitude_0_1,DIS2,2,0,DT,0.4223296923205203,0.40682881011570027,0.4104962979001127,0.40682881011570027,0.4075081912701461,0.3898638913456338,0,1.0531213283538818,0.018243074417114258
HH_1_magnitude_0_1,DIS2,3,0,DT,0.42838878234525696,0.40912192540336983,0.4109895478703746,0.40912192540336983,0.4092587219230186,0.39621892564208794,0,1.0559368133544922,0.015631914138793945
HH_1_magnitude_0_1,DIS2,4,0,DT,0.4220078937128245,0.40358103357610453,0.4063016299648864,0.40358103357610453,0.40403946013930764,0.3895334307526437,0,1.0411994457244873,0.031260013580322266
HH_1_magnitude_0_1,DIS2,5,0,DT,0.42225804658402355,0.4053616534747439,0.4084757037214136,0.4053616534747439,0.4062439926201008,0.3896909926071861,0,1.0376927852630615,0.031853675842285156
