Feature,Dataset,T,CV,ML,Acc,b_Acc,Prec,Rec,F1,kap,ROC,tra-T,test-T
HpHp_5_radius_0_1,DIS2,1,0,DT,0.31501709330442756,0.2921296322352766,0.4353113277431439,0.2921296322352766,0.31804078945445063,0.2755424260164294,0,0.6003868579864502,0.015729665756225586
HpHp_5_radius_0_1,DIS2,2,0,DT,0.31526723922288,0.29116142067003414,0.4385255681842291,0.29116142067003414,0.3177800883964871,0.27597896618557993,0,0.6212656497955322,0.00810384750366211
HpHp_5_radius_0_1,DIS2,3,0,DT,0.3158231190416632,0.2896449829356114,0.43618304900699745,0.2896449829356114,0.31598714325669647,0.27634579803316406,0,0.5936017036437988,0.01561427116394043
HpHp_5_radius_0_1,DIS2,4,0,DT,0.3121351937295014,0.2869268768808477,0.4317552639062127,0.2869268768808477,0.3122958180289162,0.27312915370507385,0,0.596139669418335,0.015744447708129883
HpHp_5_radius_0_1,DIS2,5,0,DT,0.3177497359497471,0.2897549600197172,0.43095355754370007,0.2897549600197172,0.31569278941612006,0.2773882320441925,0,0.5860347747802734,0.01558375358581543
