Feature,Dataset,T,CV,ML,Acc,b_Acc,Prec,Rec,F1,kap,ROC,tra-T,test-T
HpHp_0.1_weight_0,DIS1,1,0,DT,0.443753642898776,0.4098561263725873,0.4285300533127052,0.4098561263725873,0.41688666393674156,0.41231854900342824,0,1.0324978828430176,0.016223669052124023
HpHp_0.1_weight_0,DIS1,2,0,DT,0.44551459975574553,0.4124465022635862,0.43192960141689435,0.4124465022635862,0.4198461354648839,0.4142596878496446,0,0.9898605346679688,0.015620231628417969
HpHp_0.1_weight_0,DIS1,3,0,DT,0.44054624181192403,0.40698222264562034,0.4254184957656682,0.40698222264562034,0.4134517834932526,0.40910040363398636,0,0.9775886535644531,0.03136277198791504
HpHp_0.1_weight_0,DIS1,4,0,DT,0.44040746086377264,0.40816975120000737,0.42660086266932096,0.40816975120000737,0.41534310910032085,0.40883257924665306,0,0.9882700443267822,0.016222715377807617
HpHp_0.1_weight_0,DIS1,5,0,DT,0.44212834462085043,0.4087972256651251,0.4276238925144181,0.4087972256651251,0.41574625134218446,0.41067600868353915,0,0.9752025604248047,0.015625715255737305
