Feature,Dataset,T,CV,ML,Acc,b_Acc,Prec,Rec,F1,kap,ROC,tra-T,test-T
HH_1_radius_0_1,DIS1,1,0,DT,0.31005578839268366,0.2879319665650539,0.30533682274929574,0.2879319665650539,0.287548942383466,0.27098337726962074,0,1.0076942443847656,0.024869441986083984
HH_1_radius_0_1,DIS1,2,0,DT,0.3088708782058399,0.28788989555624206,0.3077168463618959,0.28788989555624206,0.2886429472771257,0.2696691546901593,0,1.0070319175720215,0.03195929527282715
HH_1_radius_0_1,DIS1,3,0,DT,0.31011990673920287,0.290367041622631,0.30729023931231764,0.290367041622631,0.2892931949039541,0.2712845716821174,0,0.9926767349243164,0.022242069244384766
HH_1_radius_0_1,DIS1,4,0,DT,0.3083435106028644,0.28928843604167714,0.3057982529832466,0.28928843604167714,0.28816419562385237,0.2692606194968906,0,0.9913291931152344,0.015619754791259766
HH_1_radius_0_1,DIS1,5,0,DT,0.30939824580881536,0.28977123991252396,0.30664218500490614,0.28977123991252396,0.28907632501630587,0.27038334627453997,0,1.045724868774414,0.028469562530517578
