Feature,Dataset,T,CV,ML,Acc,b_Acc,Prec,Rec,F1,kap,ROC,tra-T,test-T
HH_0.1_covariance_0_1,DIS2,1,0,DT,0.18610856332860837,0.16855071171927413,0.17115167016070593,0.16855071171927413,0.15938930158285194,0.13951570455483508,0,1.1539485454559326,0.016214609146118164
HH_0.1_covariance_0_1,DIS2,2,0,DT,0.18869340448595015,0.17168458721521582,0.1770943606997877,0.17168458721521582,0.1637466054730227,0.14239729349310537,0,1.179786205291748,0.015619993209838867
HH_0.1_covariance_0_1,DIS2,3,0,DT,0.18360710414408404,0.1658884422326605,0.1661919461008581,0.1658884422326605,0.155767694784704,0.13666322995057179,0,1.1252920627593994,0.03125309944152832
HH_0.1_covariance_0_1,DIS2,4,0,DT,0.18358441269664796,0.16763023848699904,0.16870901987420936,0.16763023848699904,0.15733667543288382,0.13747574105669047,0,1.1339161396026611,0.031260013580322266
HH_0.1_covariance_0_1,DIS2,5,0,DT,0.1852798932681083,0.1681800279388796,0.16798337691545698,0.1681800279388796,0.15795817031276407,0.13868218758408823,0,1.1322481632232666,0.015633821487426758
