Feature,Dataset,T,CV,ML,Acc,b_Acc,Prec,Rec,F1,kap,ROC,tra-T,test-T
HH_0.01_magnitude_0_1,DIS2,1,0,DT,0.3177409044164652,0.29716198921121756,0.2975397486314986,0.29716198921121756,0.2970968347699698,0.2794147637806276,0,1.3293509483337402,0.03136420249938965
HH_0.01_magnitude_0_1,DIS2,2,0,DT,0.31888045804497067,0.2927184843746848,0.2934990964086414,0.2927184843746848,0.2927822520396277,0.28061332614177326,0,1.3387901782989502,0.015635967254638672
HH_0.01_magnitude_0_1,DIS2,3,0,DT,0.3150726812863059,0.29422578991643955,0.29328481123101574,0.29422578991643955,0.2933891494727418,0.2767025829429589,0,1.2809333801269531,0.010607004165649414
HH_0.01_magnitude_0_1,DIS2,4,0,DT,0.31733281449774864,0.29631704480325033,0.29785616125047115,0.29631704480325033,0.29682996686208923,0.279059500358007,0,1.2741918563842773,0.015639066696166992
HH_0.01_magnitude_0_1,DIS2,5,0,DT,0.31366390572016234,0.29014555142648646,0.29310648061508215,0.29014555142648646,0.29133356792947934,0.27517392383578476,0,1.2915606498718262,0.015615463256835938
