Feature,Dataset,T,CV,ML,Acc,b_Acc,Prec,Rec,F1,kap,ROC,tra-T,test-T
HH_3_radius_0_1,DIS2,1,0,DT,0.29180911087022987,0.27464023893742057,0.30675191596526113,0.27464023893742057,0.27920289058292497,0.25145548663138684,0,0.9551095962524414,0.015628576278686523
HH_3_radius_0_1,DIS2,2,0,DT,0.2940048361544234,0.27797157297297237,0.30906097069801486,0.27797157297297237,0.2819686352489634,0.25389389871175616,0,0.9446368217468262,0.017744779586791992
HH_3_radius_0_1,DIS2,3,0,DT,0.2951999777648073,0.2818919078959216,0.31422578384698374,0.2818919078959216,0.286104813330848,0.2552725146379212,0,0.9326643943786621,0.027336835861206055
HH_3_radius_0_1,DIS2,4,0,DT,0.29212296403357607,0.2781584636892639,0.30874440818668186,0.2781584636892639,0.2814699612130062,0.2520075591009653,0,0.9467222690582275,0.015620231628417969
HH_3_radius_0_1,DIS2,5,0,DT,0.29673689476902554,0.2802996296285664,0.3131690659062094,0.2802996296285664,0.28576395888296136,0.25655421523843824,0,0.9435935020446777,0.027745962142944336
