Feature,Dataset,T,CV,ML,Acc,b_Acc,Prec,Rec,F1,kap,ROC,tra-T,test-T
HH_jit_5_std,DIS2,1,0,DT,0.23288585007921286,0.22276255884685714,0.32834385497260987,0.22276255884685714,0.23845049872606922,0.18876889638562144,0,0.7551677227020264,0.015619516372680664
HH_jit_5_std,DIS2,2,0,DT,0.2294949831846355,0.22115785577993707,0.32670475621235145,0.22115785577993707,0.236720916919314,0.18601898619163648,0,0.7391035556793213,0.015716075897216797
HH_jit_5_std,DIS2,3,0,DT,0.23146835654131576,0.22343883035350953,0.3211991208832809,0.22343883035350953,0.23699113536109154,0.1880227332240988,0,0.7563560009002686,0.016218900680541992
HH_jit_5_std,DIS2,4,0,DT,0.2277502918450164,0.21972376895540596,0.3284389165071134,0.21972376895540596,0.23684419496241005,0.18374391578001326,0,0.7708063125610352,0.015535116195678711
HH_jit_5_std,DIS2,5,0,DT,0.2289454666740786,0.21648009573719929,0.3141258869287716,0.21648009573719929,0.22955154458773436,0.18410647139343783,0,0.7664632797241211,0.027845382690429688
