Feature,Dataset,T,CV,ML,Acc,b_Acc,Prec,Rec,F1,kap,ROC,tra-T,test-T
HH_jit_5_weight,DIS1,1,0,DT,0.27624968775153347,0.2485400559295004,0.35364368611774516,0.2485400559295004,0.257036457269031,0.23487927577460854,0,0.6463241577148438,0.015733718872070312
HH_jit_5_weight,DIS1,2,0,DT,0.2736760297546353,0.24702104389957777,0.3504103362543197,0.24702104389957777,0.2550083023519264,0.23181714128198883,0,0.6288297176361084,0.015739917755126953
HH_jit_5_weight,DIS1,3,0,DT,0.27312090596202954,0.24734709635113372,0.35358021490035163,0.24734709635113372,0.2560195770288625,0.23181675173800997,0,0.6306743621826172,0.015625953674316406
HH_jit_5_weight,DIS1,4,0,DT,0.27312090596202954,0.24695528761568197,0.35187197900974504,0.24695528761568197,0.2549948090605194,0.23179532911993506,0,0.6388962268829346,0.015621423721313477
HH_jit_5_weight,DIS1,5,0,DT,0.2738980792716776,0.24671248952948402,0.3505386602787769,0.24671248952948402,0.2549115672150606,0.2315066114686416,0,0.6292779445648193,0.015621662139892578
