Feature,Dataset,T,CV,ML,Acc,b_Acc,Prec,Rec,F1,kap,ROC,tra-T,test-T
HpHp_3_std_0,DIS2,1,0,DT,0.32038133355568527,0.2899318578450301,0.448350098422883,0.2899318578450301,0.3153113642500268,0.2814325289214301,0,0.5822229385375977,0.015628576278686523
HpHp_3_std_0,DIS2,2,0,DT,0.3265238055532394,0.29593457741418794,0.45494926333871905,0.29593457741418794,0.3219764460582202,0.287460239822799,0,0.5517189502716064,0.015613555908203125
HpHp_3_std_0,DIS2,3,0,DT,0.32602351371633453,0.2982980242025865,0.4636772608739058,0.2982980242025865,0.32623144276375804,0.2870154577889108,0,0.5559310913085938,0.009606361389160156
HpHp_3_std_0,DIS2,4,0,DT,0.3276168769803769,0.2979366380366411,0.4564826157052882,0.2979366380366411,0.3242418455553852,0.2885597044721592,0,0.5664050579071045,0.0
HpHp_3_std_0,DIS2,5,0,DT,0.3288954360998388,0.29734394754406274,0.4534355245963531,0.29734394754406274,0.3219942805424662,0.2898025757353716,0,0.5746586322784424,0.0
