Feature,Dataset,T,CV,ML,Acc,b_Acc,Prec,Rec,F1,kap,ROC,tra-T,test-T
HpHp_0.1_covariance_0_1,DIS1,1,0,DT,0.26165033722834385,0.23828419557080302,0.38051502210073274,0.23828419557080302,0.24635235234392075,0.21935055657773417,0,0.6468687057495117,0.0
HpHp_0.1_covariance_0_1,DIS1,2,0,DT,0.2556345064949484,0.23341970298470546,0.3702010313239305,0.23341970298470546,0.23956264631377536,0.21322794788501354,0,0.6448526382446289,0.0
HpHp_0.1_covariance_0_1,DIS1,3,0,DT,0.25899300544021314,0.2365116050132914,0.3815158300811972,0.2365116050132914,0.24553200297390743,0.21602007349562846,0,0.6443130970001221,0.0156252384185791
HpHp_0.1_covariance_0_1,DIS1,4,0,DT,0.25990895969801264,0.2381090084843827,0.384372737961047,0.2381090084843827,0.24685939712213495,0.21709204571387497,0,0.6468498706817627,0.013613224029541016
HpHp_0.1_covariance_0_1,DIS1,5,0,DT,0.26457199955590094,0.24135944693150146,0.39001628950062817,0.24135944693150146,0.25146625081575946,0.22126772696453145,0,0.6491100788116455,0.0
