Feature,Dataset,T,CV,ML,Acc,b_Acc,Prec,Rec,F1,kap,ROC,tra-T,test-T
MI_dir_5_std,DIS1,1,0,DT,0.32579311110494324,0.3038872949654868,0.4000886900371971,0.3038872949654868,0.32069461963347135,0.2874672065063423,0,0.707435131072998,0.01573348045349121
MI_dir_5_std,DIS1,2,0,DT,0.32774508715443545,0.3072673207632419,0.40063283459786125,0.3072673207632419,0.32352760543871156,0.28915693878343585,0,0.7408556938171387,0.015602827072143555
MI_dir_5_std,DIS1,3,0,DT,0.3333795936493838,0.3141382892130227,0.40928995700162973,0.3141382892130227,0.3306369811730565,0.29521262267858683,0,0.6858272552490234,0.016237974166870117
MI_dir_5_std,DIS1,4,0,DT,0.32613522815587875,0.3098034608719395,0.40439241169640183,0.3098034608719395,0.32570673837133723,0.2885410260962258,0,0.7101442813873291,0.0
MI_dir_5_std,DIS1,5,0,DT,0.3282446985677806,0.3054861762851349,0.4001921041294673,0.3054861762851349,0.3223297200870453,0.28986525689006404,0,0.7079052925109863,0.01563739776611328
