Feature,Dataset,T,CV,ML,Acc,b_Acc,Prec,Rec,F1,kap,ROC,tra-T,test-T
HH_5_magnitude_0_1,CS1D1,1,0,DT,0.6747578480569495,0.5329456117285866,0.5477258088927163,0.5329456117285866,0.5273209513291098,0.5720915279977065,0,0.7085843086242676,0.0
HH_5_magnitude_0_1,CS1D1,2,0,DT,0.6772960672190455,0.5590004431407845,0.5551559896802153,0.5590004431407845,0.5469614423444483,0.5763579935053406,0,0.6758453845977783,0.015624284744262695
HH_5_magnitude_0_1,CS1D1,3,0,DT,0.6741743493989963,0.5316057817231513,0.5387030954737156,0.5316057817231513,0.5213025384910963,0.5725854011497327,0,0.6923563480377197,0.0
HH_5_magnitude_0_1,CS1D1,4,0,DT,0.6736688548504741,0.5490817732907471,0.5455886294943929,0.5490817732907471,0.5353224290277906,0.5718092700310919,0,0.6921308040618896,0.0
HH_5_magnitude_0_1,CS1D1,5,0,DT,0.6757111597374179,0.5330756306173933,0.5276736779063224,0.5330756306173933,0.5205372095419354,0.5743125681521315,0,0.6867771148681641,0.005606889724731445
