Feature,Dataset,T,CV,ML,Acc,b_Acc,Prec,Rec,F1,kap,ROC,tra-T,test-T
HH_3_std_0,CS2D2,1,0,DT,0.7920458150368157,0.3194825062566739,0.3827405064005573,0.3194825062566739,0.3396105203247372,0.43216699540918724,0,1.5934784412384033,0.02223348617553711
HH_3_std_0,CS2D2,2,0,DT,0.793097690882073,0.32627896669312645,0.4064185052085157,0.32627896669312645,0.3525215040330166,0.42893980788324093,0,1.6301376819610596,0.01847982406616211
HH_3_std_0,CS2D2,3,0,DT,0.7902592957440769,0.3153601446155047,0.38020703880872575,0.3153601446155047,0.33597548648773423,0.4194273082766984,0,1.5413036346435547,0.02510666847229004
HH_3_std_0,CS2D2,4,0,DT,0.7895747416225602,0.3190741416639958,0.40201513074272155,0.3190741416639958,0.3455821015831548,0.4278451296083857,0,1.5217196941375732,0.02244424819946289
HH_3_std_0,CS2D2,5,0,DT,0.7911609036114404,0.30682672614400225,0.37503652005069577,0.30682672614400225,0.32827401093249325,0.42434849321397194,0,1.6121094226837158,0.021367311477661133
