Feature,Dataset,T,CV,ML,Acc,b_Acc,Prec,Rec,F1,kap,ROC,tra-T,test-T
HH_jit_5_std,CS1D1,1,0,DT,0.4336270276578364,0.17077470494849759,0.22890632920233375,0.17077470494849759,0.17301761573912985,0.15464232311947002,0,0.64430832862854,0.0
HH_jit_5_std,CS1D1,2,0,DT,0.4275586416151243,0.17454126356010882,0.2469122284407598,0.17454126356010882,0.17947004644353418,0.15509381173206827,0,0.676354169845581,0.015633821487426758
HH_jit_5_std,CS1D1,3,0,DT,0.4362527716186253,0.17196828255780272,0.2450626088242641,0.17196828255780272,0.17645499512570026,0.1613117116595082,0,0.645571231842041,0.015738964080810547
HH_jit_5_std,CS1D1,4,0,DT,0.4325309992706054,0.1775190712179585,0.24154452991520148,0.1775190712179585,0.18107174366139733,0.1636659312428833,0,0.6292366981506348,0.015612125396728516
HH_jit_5_std,CS1D1,5,0,DT,0.4339606126914661,0.17179629686420586,0.23144269030919715,0.17179629686420586,0.17519603083358437,0.1597094990868786,0,0.6442821025848389,0.015626192092895508
