Feature,Dataset,T,CV,ML,Acc,b_Acc,Prec,Rec,F1,kap,ROC,tra-T,test-T
HH_0.01_std_0,CS2D2,1,0,DT,0.8263403068806038,0.5351546525149115,0.5474909807540977,0.5351546525149115,0.5373703702351004,0.5899753160302461,0,2.7665627002716064,0.026614665985107422
HH_0.01_std_0,CS2D2,2,0,DT,0.8235853939525487,0.5698767570221189,0.568836485204224,0.5698767570221189,0.5673516546761689,0.5832820312163172,0,3.02772855758667,0.036008596420288086
HH_0.01_std_0,CS2D2,3,0,DT,0.8231679829028434,0.5616507544086949,0.5617496259857089,0.5616507544086949,0.5601853526537328,0.5846954627939934,0,2.9549002647399902,0.0331110954284668
HH_0.01_std_0,CS2D2,4,0,DT,0.8270415574441087,0.5887802718534564,0.5746031985782698,0.5887802718534564,0.5792454671489411,0.5877405725004377,0,3.418229341506958,0.027065277099609375
HH_0.01_std_0,CS2D2,5,0,DT,0.8258227171789692,0.5429435000804802,0.5476031792165076,0.5429435000804802,0.543600714866727,0.586188470640016,0,3.389320135116577,0.02975940704345703
