Feature,Dataset,T,CV,ML,Acc,b_Acc,Prec,Rec,F1,kap,ROC,tra-T,test-T
HpHp_1_mean_0,CS1D2,1,0,DT,0.7824605248210837,0.5390603154894541,0.5682349806998085,0.5390603154894541,0.5294125245210314,0.6456728657512727,0,0.5296549797058105,0.0
HpHp_1_mean_0,CS1D2,2,0,DT,0.782886515960468,0.5174328476652804,0.5323832876311934,0.5174328476652804,0.501584416146033,0.6445521043147493,0,0.4998342990875244,0.015635251998901367
HpHp_1_mean_0,CS1D2,3,0,DT,0.7810689537657617,0.5260196944344757,0.5447292066904738,0.5260196944344757,0.5122517103014296,0.6407712374418806,0,0.46529197692871094,0.006125450134277344
HpHp_1_mean_0,CS1D2,4,0,DT,0.7831359518332339,0.5302132769931601,0.5528637445972399,0.5302132769931601,0.5136372700203496,0.6449921170498365,0,0.511324405670166,0.0
HpHp_1_mean_0,CS1D2,5,0,DT,0.7789895203203544,0.5076998180151389,0.5414020107974947,0.5076998180151389,0.49535357625246074,0.6403552516544125,0,0.4998159408569336,0.015625
