Feature,Dataset,T,CV,ML,Acc,b_Acc,Prec,Rec,F1,kap,ROC,tra-T,test-T
HH_5_covariance_0_1,CS2D2,1,0,DT,0.7375152355033142,0.12606157536953225,0.15220617542363146,0.12606157536953225,0.12656472797585186,0.07718901803698419,0,1.1108965873718262,0.014930009841918945
HH_5_covariance_0_1,CS2D2,2,0,DT,0.7414722922545206,0.13150988454258858,0.1591998041501418,0.13150988454258858,0.13268075260125933,0.08164392333935666,0,1.066443681716919,0.013190746307373047
HH_5_covariance_0_1,CS2D2,3,0,DT,0.7431920257793064,0.12700162432802056,0.15590862533471625,0.12700162432802056,0.1286704804743738,0.08116512390852937,0,1.0513415336608887,0.014762401580810547
HH_5_covariance_0_1,CS2D2,4,0,DT,0.737582021271267,0.12630119204458734,0.15118853718392308,0.12630119204458734,0.1277755596562991,0.07476191915384944,0,1.0372939109802246,0.010997295379638672
HH_5_covariance_0_1,CS2D2,5,0,DT,0.7390346117242416,0.13351783616374344,0.15374141327029636,0.13351783616374344,0.13219070465252472,0.07668561216246206,0,1.0379576683044434,0.012896299362182617
