Feature,Dataset,T,CV,ML,Acc,b_Acc,Prec,Rec,F1,kap,ROC,tra-T,test-T
HH_0.1_pcc_0_1,CS2D1,1,0,DT,0.3662399931503917,0.11297180574660341,0.1243290062035713,0.11297180574660341,0.10577078865660504,0.026148885475858585,0,1.211822748184204,0.01877570152282715
HH_0.1_pcc_0_1,CS2D1,2,0,DT,0.36501990667408707,0.11448320796230133,0.12984779960357132,0.11448320796230133,0.10959959974086635,0.025137613081554933,0,1.1709895133972168,0.016700029373168945
HH_0.1_pcc_0_1,CS2D1,3,0,DT,0.3654986407517606,0.11382275079899591,0.13343011217322456,0.11382275079899591,0.1070769828683288,0.02592559375661141,0,1.238227128982544,0.022048234939575195
HH_0.1_pcc_0_1,CS2D1,4,0,DT,0.36753216173983777,0.11864328770803693,0.1364610134891457,0.11864328770803693,0.11289409994978833,0.029828054791385505,0,1.1097822189331055,0.016287565231323242
HH_0.1_pcc_0_1,CS2D1,5,0,DT,0.3672967014149025,0.11749730969060586,0.13711821919501607,0.11749730969060586,0.11249974159882016,0.029795648077978854,0,1.0904080867767334,0.015968799591064453
