Feature,Dataset,T,CV,ML,Acc,b_Acc,Prec,Rec,F1,kap,ROC,tra-T,test-T
HH_3_weight_0,CS1D1,1,0,DT,0.4293674874547789,0.2344622961596038,0.2945325124004589,0.2344622961596038,0.2530619214197882,0.20131023265974934,0,2.3916549682617188,0.034857988357543945
HH_3_weight_0,CS1D1,2,0,DT,0.4339187769868129,0.24527483784966694,0.28685635947694715,0.24527483784966694,0.2539866114213097,0.20454886843883868,0,2.2646467685699463,0.031844139099121094
HH_3_weight_0,CS1D1,3,0,DT,0.42852141440074687,0.23125016246519636,0.28298091523155394,0.23125016246519636,0.24627332773994062,0.1997428853391281,0,2.3910722732543945,0.015644550323486328
HH_3_weight_0,CS1D1,4,0,DT,0.4276294675419402,0.22410564311048772,0.2821361291752041,0.22410564311048772,0.24168593849380404,0.19726959446964953,0,1.6851212978363037,0.01563286781311035
HH_3_weight_0,CS1D1,5,0,DT,0.4299927060539752,0.23349010282349045,0.2856915762254998,0.23349010282349045,0.24886343132406033,0.194533534364993,0,1.3372440338134766,0.015623807907104492
