Feature,Dataset,T,CV,ML,Acc,b_Acc,Prec,Rec,F1,kap,ROC,tra-T,test-T
HpHp_0.01_weight_0,CS1D2,1,0,DT,0.7995569692150404,0.5627919743202611,0.5712284221895114,0.5627919743202611,0.5639927047543636,0.6618912509901747,0,0.8948884010314941,0.014538764953613281
HpHp_0.01_weight_0,CS1D2,2,0,DT,0.7986765875269795,0.555040997086666,0.5726527273368057,0.555040997086666,0.561724441596109,0.663157736270947,0,0.9661943912506104,0.01674962043762207
HpHp_0.01_weight_0,CS1D2,3,0,DT,0.7983925934340566,0.5361883014826299,0.5560618266268732,0.5361883014826299,0.5451654312108877,0.6611545205758895,0,1.045069694519043,0.009080171585083008
HpHp_0.01_weight_0,CS1D2,4,0,DT,0.7981028655817785,0.5348058894539178,0.556962831281722,0.5348058894539178,0.543486525533574,0.6624035510482813,0,0.991147518157959,0.015690326690673828
HpHp_0.01_weight_0,CS1D2,5,0,DT,0.8000056800431683,0.5368031909424249,0.561246292727927,0.5368031909424249,0.5470568453750415,0.6649511992588645,0,0.9058749675750732,0.005132198333740234
