Feature,Dataset,T,CV,ML,Acc,b_Acc,Prec,Rec,F1,kap,ROC,tra-T,test-T
MI_dir_0.01_std,CS1D1,1,0,DT,0.6312580231065469,0.47683326539321164,0.48420355177216107,0.47683326539321164,0.48016131007894486,0.5195577181696163,0,1.2423474788665771,0.015733718872070312
MI_dir_0.01_std,CS1D1,2,0,DT,0.6380266075388027,0.4833462636316576,0.5006762429066004,0.4833462636316576,0.49072363968952676,0.5268713914503902,0,1.148174524307251,0.015619039535522461
MI_dir_0.01_std,CS1D1,3,0,DT,0.6345547905239818,0.4668772483311136,0.48241795718123215,0.4668772483311136,0.47299901844937636,0.5236040920776253,0,1.185462474822998,0.010109424591064453
MI_dir_0.01_std,CS1D1,4,0,DT,0.634690007293946,0.4777483385207337,0.5038313034177597,0.4777483385207337,0.48735321434007334,0.5240665986899864,0,1.2270584106445312,0.015635251998901367
MI_dir_0.01_std,CS1D1,5,0,DT,0.630109409190372,0.48769635736130373,0.4885832892446971,0.48769635736130373,0.4878117401773617,0.5190359831622767,0,1.0374395847320557,0.01562786102294922
