Feature,Dataset,T,CV,ML,Acc,b_Acc,Prec,Rec,F1,kap,ROC,tra-T,test-T
MI_dir_1_weight,CS1D2,1,0,DT,0.7189026468249461,0.4030105458718465,0.3894919696991754,0.4030105458718465,0.39320361634252676,0.5360935353089065,0,0.8494596481323242,0.015618562698364258
MI_dir_1_weight,CS1D2,2,0,DT,0.7208338066568215,0.40968255714541146,0.3968511732475774,0.40968255714541146,0.39980744620951275,0.5378934263009973,0,0.8398056030273438,0.015631914138793945
MI_dir_1_weight,CS1D2,3,0,DT,0.7226229694422356,0.40481660612125264,0.39541693852926335,0.40481660612125264,0.3975540992096731,0.5410814145040647,0,0.8656916618347168,0.015633583068847656
MI_dir_1_weight,CS1D2,4,0,DT,0.7230978955440062,0.4152480427739334,0.4114373826942301,0.4152480427739334,0.40940741645013556,0.5447986911609177,0,0.8022537231445312,0.017732858657836914
MI_dir_1_weight,CS1D2,5,0,DT,0.722558291443015,0.4146945221424539,0.40091948689565093,0.4146945221424539,0.40480009286447777,0.5411088239321307,0,0.8335886001586914,0.015630483627319336
