Feature,Dataset,T,CV,ML,Acc,b_Acc,Prec,Rec,F1,kap,ROC,tra-T,test-T
HH_jit_1_mean,CS1D1,1,0,DT,0.569377990430622,0.36821010342110955,0.37606478491550815,0.36821010342110955,0.3714322677128894,0.43765276374100004,0,0.9906456470489502,0.015731334686279297
HH_jit_1_mean,CS1D1,2,0,DT,0.5665188470066519,0.37387814719632795,0.37396658949810363,0.37387814719632795,0.373620672286575,0.4344687971725457,0,1.043489694595337,0.011102676391601562
HH_jit_1_mean,CS1D1,3,0,DT,0.5709242618741976,0.365077248201197,0.3705652854482258,0.365077248201197,0.36750678574450246,0.439154899509148,0,0.9914267063140869,0.015626907348632812
HH_jit_1_mean,CS1D1,4,0,DT,0.5683150984682713,0.3657500196991185,0.38853137464096005,0.3657500196991185,0.3719682628917023,0.43579431792266465,0,1.038914680480957,0.015734434127807617
HH_jit_1_mean,CS1D1,5,0,DT,0.5686360320933626,0.3701335324884763,0.37642348022042404,0.3701335324884763,0.37299693952206664,0.43687818633589137,0,0.9920070171356201,0.015627622604370117
