Feature,Dataset,T,CV,ML,Acc,b_Acc,Prec,Rec,F1,kap,ROC,tra-T,test-T
HH_0.01_magnitude_0_1,CS2D1,1,0,DT,0.4876064900038529,0.41212084760313933,0.41185691468845365,0.41212084760313933,0.41182778166769696,0.2763835674335833,0,2.0444047451019287,0.03137993812561035
HH_0.01_magnitude_0_1,CS2D1,2,0,DT,0.486579048760649,0.4204886798825646,0.43147774291985236,0.4204886798825646,0.42539884910596504,0.2756121415873396,0,2.1882803440093994,0.04698824882507324
HH_0.01_magnitude_0_1,CS2D1,3,0,DT,0.4861613545390329,0.4015704830356856,0.41637290850314046,0.4015704830356856,0.4079498351536321,0.2763283035904873,0,2.1231915950775146,0.03386068344116211
HH_0.01_magnitude_0_1,CS2D1,4,0,DT,0.4835284799965751,0.4231530404592528,0.43871324852628946,0.4231530404592528,0.4289355076849768,0.27459047586700613,0,2.3010125160217285,0.047507524490356445
HH_0.01_magnitude_0_1,CS2D1,5,0,DT,0.48506967485069674,0.41077962426417464,0.4019651704956015,0.41077962426417464,0.4059966039816962,0.27517380483603415,0,2.1046156883239746,0.03137993812561035
