Feature,Dataset,T,CV,ML,Acc,b_Acc,Prec,Rec,F1,kap,ROC,tra-T,test-T
HH_0.01_radius_0_1,CS1D1,1,0,DT,0.6262107597152526,0.4769104536539059,0.49448322728704786,0.4769104536539059,0.4843022818418879,0.5127245936303582,0,1.1013457775115967,0.015107393264770508
HH_0.01_radius_0_1,CS1D1,2,0,DT,0.6321040961605788,0.48527399229418006,0.4780188459377277,0.48527399229418006,0.4812485064285732,0.520494325806359,0,1.1009447574615479,0.013607978820800781
HH_0.01_radius_0_1,CS1D1,3,0,DT,0.631578947368421,0.4775360977657121,0.4945567997597468,0.4775360977657121,0.48374997197782627,0.5202568490017077,0,1.147719144821167,0.015630245208740234
HH_0.01_radius_0_1,CS1D1,4,0,DT,0.6300218818380744,0.49069695847409117,0.49577426596293406,0.49069695847409117,0.4930187392936109,0.5172792368961454,0,1.1483218669891357,0.01823735237121582
HH_0.01_radius_0_1,CS1D1,5,0,DT,0.6315681983953318,0.48176195889966916,0.4919710326938957,0.48176195889966916,0.48634417668043933,0.5202059975984576,0,1.1316654682159424,0.015620946884155273
