Feature,Dataset,T,CV,ML,Acc,b_Acc,Prec,Rec,F1,kap,ROC,tra-T,test-T
HH_3_pcc_0_1,CS2D2,1,0,DT,0.7128545906867246,0.0965832583354228,0.10180982914792587,0.0965832583354228,0.09348946598523238,0.02813777803472961,0,1.1861555576324463,0.017389774322509766
HH_3_pcc_0_1,CS2D2,2,0,DT,0.7129881622226304,0.09899611855128225,0.10399412157029865,0.09899611855128225,0.09625598175362197,0.03148043901112929,0,1.1601781845092773,0.015625715255737305
HH_3_pcc_0_1,CS2D2,3,0,DT,0.7104169101564457,0.09674776377483302,0.10415592853265332,0.09674776377483302,0.09367468463467053,0.028286534247108808,0,1.1644914150238037,0.01562666893005371
HH_3_pcc_0_1,CS2D2,4,0,DT,0.7129213764546775,0.09695607252411159,0.10059351856836739,0.09695607252411159,0.09389659032372033,0.02862550449689827,0,1.1550438404083252,0.01563119888305664
HH_3_pcc_0_1,CS2D2,5,0,DT,0.7188152204765165,0.09802509904948535,0.10172958189826935,0.09802509904948535,0.09516755818300322,0.03401531855944051,0,1.1409952640533447,0.02473282814025879
