Dataset,T,CV,ML,Acc,b_Acc,Prec,Rec,F1,kap,ROC,tra-T,test-T,Al-Time
UK,0,1,DT,1.0,1.0,1.0,1.0,1.0,1.0,0,2.3662445545196533,0.015796899795532227,0.7896928787231445
UK,0,2,DT,1.0,1.0,1.0,1.0,1.0,1.0,0,2.2272393703460693,0.015491962432861328,0.7257540225982666
UK,0,3,DT,0.9997266438168934,0.9990697674418604,0.999612518628912,0.9990697674418604,0.9993347281256194,0.9996364509913936,0,2.319204807281494,0.021059513092041016,0.7888660430908203
UK,0,4,DT,0.999915890405198,0.999734219269103,0.9998718975180144,0.999734219269103,0.9998025126971397,0.9998878864872714,0,2.278305768966675,0.015336751937866211,0.779721736907959
UK,0,5,DT,1.0,1.0,1.0,1.0,1.0,1.0,0,2.2296364307403564,0.015380620956420898,0.8002645969390869
