Feature,Dataset,T,CV,ML,Acc,b_Acc,Prec,Rec,F1,kap,ROC,tra-T,test-T
tcp.options.sack.dsack_re,ADS2,1,0,DT,0.06745260901600911,0.04788384376159786,0.0984354607620707,0.04788384376159786,0.006520415609808601,0.00036174574505543067,0,0.0015103816986083984,0.010503292083740234
tcp.options.sack.dsack_re,ADS2,2,0,DT,0.06597896711099203,0.0478259173435074,0.05868674971832019,0.0478259173435074,0.0062881321948958764,0.00029288151541595475,0,0.016929149627685547,0.0
tcp.options.sack.dsack_re,ADS2,3,0,DT,0.06792149507669636,0.04818641775289252,0.18177624984837748,0.04818641775289252,0.007135025868873256,0.0007249585587645324,0,0.006079435348510742,0.0
tcp.options.sack.dsack_re,ADS2,4,0,DT,0.06504555198285102,0.04783163265306123,0.03483212644796989,0.04783163265306123,0.006218869963251365,0.00028858466839243313,0,0.0,0.012623071670532227
tcp.options.sack.dsack_re,ADS2,5,0,DT,0.06819399785637728,0.04805309004465393,0.14012575936052507,0.04805309004465393,0.0069887186024423075,0.0005823954397460307,0,0.012226581573486328,0.0015099048614501953
