Feature,Dataset,T,CV,ML,Acc,b_Acc,Prec,Rec,F1,kap,ROC,tra-T,test-T
tcp.segment.overlap,ADS1,1,0,DT,0.06414558595766649,0.047619047619047616,0.003054551712269833,0.047619047619047616,0.005740853042247827,0.0,0,0.0,0.012107610702514648
tcp.segment.overlap,ADS1,2,0,DT,0.0638270409809616,0.047619047619047616,0.0030393829038553146,0.047619047619047616,0.005714054609953664,0.0,0,0.010109424591064453,0.0
tcp.segment.overlap,ADS1,3,0,DT,0.0632462084543401,0.047619047619047616,0.003011724212111434,0.047619047619047616,0.005665149215983814,0.0,0,0.015623807907104492,0.0
tcp.segment.overlap,ADS1,4,0,DT,0.06460148434979025,0.047619047619047616,0.0030762611595138217,0.047619047619047616,0.005779178790817976,0.0,0,0.015628814697265625,0.0
tcp.segment.overlap,ADS1,5,0,DT,0.06014843497902549,0.047619047619047616,0.0028642111894774044,0.047619047619047616,0.005403415399154122,0.0,0,0.015627622604370117,0.0
