Feature,Dataset,T,CV,ML,Acc,b_Acc,Prec,Rec,F1,kap,ROC,tra-T,test-T
udp.checksum.status,ADS2,1,0,DT,0.12150847344095385,0.09163802240233325,0.04332927776211067,0.09163802240233325,0.024249329466693267,0.062316647918794654,0,0.0,0.0
udp.checksum.status,ADS2,2,0,DT,0.12057070131957934,0.09097792280564994,0.04246658473612225,0.09097792280564994,0.02364811298210547,0.061139905729753696,0,0.015527486801147461,0.0
udp.checksum.status,ADS2,3,0,DT,0.12378592002143479,0.09008696081221583,0.035494706124051575,0.09008696081221583,0.023351472738167508,0.06257348791696948,0,0.0,0.0
udp.checksum.status,ADS2,4,0,DT,0.12339228295819936,0.09076962805608096,0.040366962648498414,0.09076962805608096,0.024104112559984354,0.06295770724518968,0,0.0,0.015726804733276367
udp.checksum.status,ADS2,5,0,DT,0.12211950696677384,0.09079738495191086,0.04534780843595464,0.09079738495191086,0.024232460555674296,0.06180236361719471,0,0.014108419418334961,0.0
