Feature,Dataset,T,CV,ML,Acc,b_Acc,Prec,Rec,F1,kap,ROC,tra-T,test-T
tcp.window_size,ADS1,1,0,DT,0.6874032008260196,0.6837794286898466,0.9047297672550231,0.6837794286898466,0.7270033710042315,0.6691869660554237,0,0.06310081481933594,0.0
tcp.window_size,ADS1,2,0,DT,0.677702484672475,0.6818810415227673,0.9057829980485463,0.6818810415227673,0.7251518656774026,0.6589188969158777,0,0.046976327896118164,0.0
tcp.window_size,ADS1,3,0,DT,0.6809938689899968,0.6818269889096935,0.9062803304881167,0.6818269889096935,0.7268627795245488,0.6622217439506091,0,0.047475337982177734,0.0
tcp.window_size,ADS1,4,0,DT,0.6793804453049371,0.6756925361748751,0.9064719159068593,0.6756925361748751,0.7226778728486981,0.6609679952937721,0,0.04684257507324219,0.0
tcp.window_size,ADS1,5,0,DT,0.6851242336237496,0.6857135230766956,0.904980962206729,0.6857135230766956,0.7285794060860132,0.6667702469069919,0,0.047104597091674805,0.0
