Feature,Dataset,T,CV,ML,Acc,b_Acc,Prec,Rec,F1,kap,ROC,tra-T,test-T
tcp.analysis.initial_rtt,ADS2,1,0,DT,0.3200482282805278,0.3451013513073494,0.7935810004741238,0.3451013513073494,0.38205831123187906,0.27813224598241504,0,0.04702472686767578,0.015639543533325195
tcp.analysis.initial_rtt,ADS2,2,0,DT,0.31569428628843194,0.3374490347498976,0.7416216519527568,0.3374490347498976,0.37537194194438,0.27183156105104833,0,0.06276321411132812,0.0
tcp.analysis.initial_rtt,ADS2,3,0,DT,0.3153593676736553,0.3418611842373118,0.789235271575175,0.3418611842373118,0.38009353651154076,0.2729678403808078,0,0.04904913902282715,0.0
tcp.analysis.initial_rtt,ADS2,4,0,DT,0.3184619506966774,0.34639123037082653,0.7880118246207478,0.34639123037082653,0.383558346754027,0.27494692304011603,0,0.05694007873535156,0.0
tcp.analysis.initial_rtt,ADS2,5,0,DT,0.32489281886387994,0.3435954186953111,0.7904390291414499,0.3435954186953111,0.3848755720206733,0.28122108398438916,0,0.05997872352600098,0.005537271499633789
