Feature,Dataset,T,CV,ML,Acc,b_Acc,Prec,Rec,F1,kap,ROC,tra-T,test-T
eapol.type,ADS1,1,0,DT,0.06879194630872483,0.05740541830767394,0.04844490533034668,0.05740541830767394,0.021818488019222763,0.005872903601593649,0,0.015632152557373047,0.0
eapol.type,ADS1,2,0,DT,0.06718296224588577,0.058285383866779214,0.046496993190723215,0.058285383866779214,0.02277127929917508,0.006771104959818808,0,0.0157625675201416,0.0
eapol.type,ADS1,3,0,DT,0.06892545982575024,0.0568922305764411,0.044046327213669766,0.0568922305764411,0.020894948022535643,0.005336847252926824,0,0.0,0.0
eapol.type,ADS1,4,0,DT,0.07060342045821233,0.058651356523696956,0.04883281188782926,0.058651356523696956,0.023565632000557866,0.007017412046756766,0,0.0,0.0
eapol.type,ADS1,5,0,DT,0.06989351403678606,0.05719258982966555,0.04296516542648719,0.05719258982966555,0.021277436384550256,0.005568251964600424,0,0.015694379806518555,0.006145477294921875
