Feature,Dataset,T,CV,ML,Acc,b_Acc,Prec,Rec,F1,kap,ROC,tra-T,test-T
http.prev_response_in,ADS1,1,0,DT,0.07530975735673723,0.057018533187152144,0.05253997404168052,0.057018533187152144,0.021038231100478234,0.012422911735658793,0,0.015675783157348633,0.0
http.prev_response_in,ADS1,2,0,DT,0.07563730235559858,0.056095077406907716,0.05091796545739837,0.056095077406907716,0.020822616987207717,0.011909819720407833,0,0.009128808975219727,0.0
http.prev_response_in,ADS1,3,0,DT,0.07641174572442723,0.057136277381100734,0.05552324266400191,0.057136277381100734,0.02142976495524914,0.013338582322890868,0,0.016092538833618164,0.0
http.prev_response_in,ADS1,4,0,DT,0.07563730235559858,0.058450665753421595,0.059087830189736526,0.058450665753421595,0.023018667306663687,0.014735438581555904,0,0.018673181533813477,0.0
http.prev_response_in,ADS1,5,0,DT,0.07492739593417232,0.056370455170525864,0.06071139639850693,0.056370455170525864,0.02040918938894354,0.011852612433714493,0,0.024754047393798828,0.0
