Feature,Dataset,T,CV,ML,Acc,b_Acc,Prec,Rec,F1,kap,ROC,tra-T,test-T
dns.flags.recdesired,ADS1,1,0,DT,0.07614868353123387,0.057619713253990984,0.04959946110646766,0.057619713253990984,0.02146740415213196,0.014255294607694924,0,0.01576066017150879,0.0
dns.flags.recdesired,ADS1,2,0,DT,0.07434656340755082,0.05779446932126406,0.04501335960927369,0.05779446932126406,0.020992938277291075,0.013958583416422643,0,0.011546611785888672,0.0
dns.flags.recdesired,ADS1,3,0,DT,0.07841239109390126,0.05654920270548444,0.04765430215510301,0.05654920270548444,0.02026286304453457,0.012580382086016084,0,0.010548591613769531,0.0
dns.flags.recdesired,ADS1,4,0,DT,0.07260406582768635,0.056561828975622085,0.045637140865305535,0.056561828975622085,0.01931034400701146,0.012434145744003366,0,0.015544891357421875,0.0
dns.flags.recdesired,ADS1,5,0,DT,0.0750564698289771,0.05705756119729732,0.04784761413887353,0.05705756119729732,0.020347712228711377,0.012750250050666323,0,0.0,0.01562809944152832
