Feature,Dataset,T,CV,ML,Acc,b_Acc,Prec,Rec,F1,kap,ROC,tra-T,test-T
tcp.analysis.keep_alive_ack,ADS2,1,0,DT,0.06617991827985799,0.047619047619047616,0.0031514246799932374,0.047619047619047616,0.005911618904016969,0.0,0,0.013106346130371094,0.0
tcp.analysis.keep_alive_ack,ADS2,2,0,DT,0.06430437403710898,0.047619047619047616,0.003062113049386142,0.047619047619047616,0.0057542055150463485,0.0,0,0.0,0.015629291534423828
tcp.analysis.keep_alive_ack,ADS2,3,0,DT,0.06631388572576864,0.047619047619047616,0.003157804082179459,0.047619047619047616,0.005922841528093114,0.0,0,0.0,0.0
tcp.analysis.keep_alive_ack,ADS2,4,0,DT,0.06611736334405145,0.047619047619047616,0.0031484458735262597,0.047619047619047616,0.005906377631165567,0.0,0,0.0,0.0
tcp.analysis.keep_alive_ack,ADS2,5,0,DT,0.06658628081457664,0.04830652183876438,0.05074511531964761,0.04830652183876438,0.0072223639502487095,0.0010710284022209526,0,0.010101795196533203,0.006104707717895508
