Feature,Dataset,T,CV,ML,Acc,b_Acc,Prec,Rec,F1,kap,ROC,tra-T,test-T
tls.handshake.cipher_suites_length,ADS1,1,0,DT,0.07046979865771812,0.053300138201977466,0.3408300871969142,0.053300138201977466,0.016861291169183286,0.00630097429518961,0,0.0,0.0
tls.handshake.cipher_suites_length,ADS1,2,0,DT,0.07189415940626008,0.05344289745761951,0.3627395384269653,0.05344289745761951,0.017327794744040288,0.00611427669165332,0,0.01563096046447754,0.0
tls.handshake.cipher_suites_length,ADS1,3,0,DT,0.06660212971926428,0.05247196570518731,0.3375557286932433,0.05247196570518731,0.015040392339368023,0.005156217654863293,0,0.015615224838256836,0.0
tls.handshake.cipher_suites_length,ADS1,4,0,DT,0.06957082929977412,0.053020002053800044,0.34219924899864324,0.053020002053800044,0.016291152403696375,0.006079485721313782,0,0.01561737060546875,0.0
tls.handshake.cipher_suites_length,ADS1,5,0,DT,0.0696999031945789,0.05347461421016762,0.36184992500981505,0.05347461421016762,0.017134107656894347,0.006158092769038781,0,0.0,0.015630245208740234
