Feature,Dataset,T,CV,ML,Acc,b_Acc,Prec,Rec,F1,kap,ROC,tra-T,test-T
tcp.checksum.status,ADS1,1,0,DT,0.11177077955601446,0.08899215509918552,0.012139701490516968,0.08899215509918552,0.020999367921533358,0.055745688079639755,0,0.0,0.01563429832458496
tcp.checksum.status,ADS1,2,0,DT,0.11616650532429816,0.08987603305785125,0.012472806784798326,0.08987603305785125,0.021573757493219044,0.05845996806562659,0,0.01563572883605957,0.0
tcp.checksum.status,ADS1,3,0,DT,0.11235882542755728,0.08847605249524226,0.012132500712631627,0.08847605249524226,0.021044892316605113,0.0552041502807632,0,0.0,0.015618562698364258
tcp.checksum.status,ADS1,4,0,DT,0.115972894482091,0.08981762917933131,0.012365487726682979,0.08981762917933131,0.02144475738578122,0.057822938601777674,0,0.015726327896118164,0.0
tcp.checksum.status,ADS1,5,0,DT,0.11519845111326234,0.08913054272804012,0.012239644818812517,0.08913054272804012,0.02122181501857074,0.057262706497376414,0,0.015735387802124023,0.0
