Feature,Dataset,T,CV,ML,Acc,b_Acc,Prec,Rec,F1,kap,ROC,tra-T,test-T
tls.handshake.yc_len,ADS1,1,0,DT,0.06472638100154879,0.04819898189316322,0.0506753744307822,0.04819898189316322,0.0068899009372353015,0.0006308101855934112,0,0.01574254035949707,0.0
tls.handshake.yc_len,ADS1,2,0,DT,0.06440787350758309,0.04827037197857866,0.05066019692133601,0.04827037197857866,0.007002247846378134,0.0006336780462001812,0,0.015730857849121094,0.0
tls.handshake.yc_len,ADS1,3,0,DT,0.06389157792836399,0.04830421377183967,0.05063271676122822,0.04830421377183967,0.0070194849061691045,0.000701605322329879,0,0.0,0.0
tls.handshake.yc_len,ADS1,4,0,DT,0.0654404646660213,0.048445546442876214,0.050697891868283294,0.048445546442876214,0.007408533679695424,0.000911496503955278,0,0.01563262939453125,0.0
tls.handshake.yc_len,ADS1,5,0,DT,0.06053565666343982,0.0480319295348197,0.04368183223702704,0.0480319295348197,0.006223213305542506,0.0004194449354217866,0,0.015620708465576172,0.0
