Feature,Dataset,T,CV,ML,Acc,b_Acc,Prec,Rec,F1,kap,ROC,tra-T,test-T
http.notification,ADS1,1,0,DT,0.11086732059886423,0.08657070628901616,0.02775969497916806,0.08657070628901616,0.036191048041822244,0.05219786473789578,0,0.01105189323425293,0.0
http.notification,ADS1,2,0,DT,0.11487576637625041,0.085962094222149,0.02849286572832969,0.085962094222149,0.036755164924916595,0.05446871495604044,0,0.0,0.0
http.notification,ADS1,3,0,DT,0.11203614069054534,0.08686983565355966,0.027929736810765753,0.08686983565355966,0.03654368546580443,0.053041682951168956,0,0.0,0.015624761581420898
http.notification,ADS1,4,0,DT,0.11235882542755728,0.08651365186899562,0.02789315068068203,0.08651365186899562,0.03641088314315798,0.05396037418504018,0,0.0,0.0
http.notification,ADS1,5,0,DT,0.11055179090029042,0.08591908125085002,0.028319067886895016,0.08591908125085002,0.036364091874007166,0.05297927122512447,0,0.0,0.0157012939453125
