Feature,Dataset,T,CV,ML,Acc,b_Acc,Prec,Rec,F1,kap,ROC,tra-T,test-T
tls.handshake.p_len,ADS1,1,0,DT,0.06343572534847702,0.047619047619047616,0.0030207488261179533,0.047619047619047616,0.005681112180292956,0.0,0,0.015611410140991211,0.0
tls.handshake.p_len,ADS1,2,0,DT,0.06524685382381414,0.047619047619047616,0.0031069930392292446,0.047619047619047616,0.005833376607640512,0.0,0,0.015615463256835938,0.0
tls.handshake.p_len,ADS1,3,0,DT,0.06350435624394966,0.047619047619047616,0.003024016963997603,0.047619047619047616,0.005686891541615736,0.0,0,0.0,0.0
tls.handshake.p_len,ADS1,4,0,DT,0.062149080348499516,0.047619047619047616,0.0029594800165952152,0.047619047619047616,0.005572626425706995,0.0,0,0.015732288360595703,0.0
tls.handshake.p_len,ADS1,5,0,DT,0.06208454340109713,0.047619047619047616,0.0029564068286236727,0.047619047619047616,0.005567177955827163,0.0,0,0.0,0.0
