Feature,Dataset,T,CV,ML,Acc,b_Acc,Prec,Rec,F1,kap,ROC,tra-T,test-T
tcp.options.sack_le,DIS2,1,0,DT,0.06961944762632048,0.05271609641789377,0.21843907788961414,0.05271609641789377,0.015611043502667163,0.005515481614360773,0,0.015623331069946289,0.0
tcp.options.sack_le,DIS2,2,0,DT,0.06223749522718595,0.05127299623985209,0.20130172435350951,0.05127299623985209,0.012284089895028868,0.004715638368002484,0,0.0,0.0
tcp.options.sack_le,DIS2,3,0,DT,0.06796487208858343,0.051548240390228275,0.23289803174603174,0.051548240390228275,0.013351248876727288,0.004457363569002282,0,0.008129358291625977,0.0
tcp.options.sack_le,DIS2,4,0,DT,0.06879215985745195,0.05198643618254143,0.2785696219999486,0.05198643618254143,0.014272664852781457,0.00526340994200325,0,0.0020494461059570312,0.0
tcp.options.sack_le,DIS2,5,0,DT,0.06713758431971491,0.052544245853605356,0.26492744714799116,0.052544245853605356,0.015101376088286449,0.005389801648492787,0,0.019764423370361328,0.0
