Feature,Dataset,T,CV,ML,Acc,b_Acc,Prec,Rec,F1,kap,ROC,tra-T,test-T
tls.handshake.extensions_supported_groups_length,DIS2,1,0,DT,0.0638284332442408,0.04933032413155197,0.08750853592501445,0.04933032413155197,0.008874979594095559,0.0023729351924401954,0,0.015752077102661133,0.0
tls.handshake.extensions_supported_groups_length,DIS2,2,0,DT,0.06580119638538882,0.048849230854503975,0.08952864257722155,0.048849230854503975,0.008173080149983095,0.0017150628204133378,0,0.01551508903503418,0.0
tls.handshake.extensions_supported_groups_length,DIS2,3,0,DT,0.06567392134402443,0.04957488896634198,0.09181953055962315,0.04957488896634198,0.009488598647285507,0.0026645043698437787,0,0.0066280364990234375,0.009132146835327148
tls.handshake.extensions_supported_groups_length,DIS2,4,0,DT,0.06096474481354206,0.04854589154273697,0.06328494059837343,0.04854589154273697,0.007201990793083615,0.0012817791655606037,0,0.0,0.013049602508544922
tls.handshake.extensions_supported_groups_length,DIS2,5,0,DT,0.0628102329133257,0.049530778496607836,0.09450711699246989,0.049530778496607836,0.00917982619004506,0.0025741353914946474,0,0.0,0.0
