Feature,Dataset,T,CV,ML,Acc,b_Acc,Prec,Rec,F1,kap,ROC,tra-T,test-T
tls.handshake.version,DIS2,1,0,DT,0.0627465953926435,0.04860654190204718,0.02552448987728693,0.04860654190204718,0.007419574051701865,0.0012971980232713287,0,0.008051395416259766,0.0
tls.handshake.version,DIS2,2,0,DT,0.060328369606720125,0.048726290516206486,0.029460875181647344,0.048726290516206486,0.007431899367173753,0.0015347288873053255,0,0.015641212463378906,0.0
tls.handshake.version,DIS2,3,0,DT,0.05854651902761868,0.04772047264060044,0.008737085100316086,0.04772047264060044,0.005461161392112951,0.00013372672698186427,0,0.0,0.015645742416381836
tls.handshake.version,DIS2,4,0,DT,0.06701030927835051,0.04917268599860842,0.035716340274846124,0.04917268599860842,0.008813792105739843,0.002006180975840044,0,0.0,0.0
tls.handshake.version,DIS2,5,0,DT,0.06427389588901616,0.049189403057373085,0.030097144473361464,0.049189403057373085,0.008586909586664018,0.0020081237166750254,0,0.015626907348632812,0.0
