Feature,Dataset,T,CV,ML,Acc,b_Acc,Prec,Rec,F1,kap,ROC,tra-T,test-T
ip.ttl,DIS2,1,0,DT,0.3127784141529846,0.2740315020348728,0.25419151230292225,0.2740315020348728,0.2144412662890244,0.2694006916570021,0,0.0,0.015683889389038086
ip.ttl,DIS2,2,0,DT,0.31023291332569686,0.27067437406032624,0.24562589693001943,0.27067437406032624,0.2115672314511415,0.26734151690952335,0,0.014542818069458008,0.0
ip.ttl,DIS2,3,0,DT,0.3116329387807051,0.2732921566271849,0.24480555998935885,0.2732921566271849,0.213821242025207,0.2696942890553262,0,0.015675783157348633,0.0
ip.ttl,DIS2,4,0,DT,0.314878452335497,0.27471217617039173,0.2524854557500852,0.27471217617039173,0.21447181007141275,0.27306821164580597,0,0.0,0.015628576278686523
ip.ttl,DIS2,5,0,DT,0.3120784014254805,0.27341789531731886,0.25279337469175855,0.27341789531731886,0.2132957334422255,0.26962623497932037,0,0.0,0.0
