Feature,Dataset,T,CV,ML,Acc,b_Acc,Prec,Rec,F1,kap,ROC,tra-T,test-T
tls.alert_message,DIS1,1,0,DT,0.06300216809080475,0.0483608675972535,0.02293577036198862,0.0483608675972535,0.007105721726519225,0.0008419147971403529,0,0.00838160514831543,0.0029702186584472656
tls.alert_message,DIS1,2,0,DT,0.06051524040300982,0.04831558549206366,0.021158219138146264,0.04831558549206366,0.007079689208086071,0.0007703365244156046,0,0.005721092224121094,0.007055044174194336
tls.alert_message,DIS1,3,0,DT,0.06472388725927815,0.0487888797137352,0.03095069727003233,0.0487888797137352,0.007953781289898933,0.0011962132114434754,0,0.008768320083618164,0.002057790756225586
tls.alert_message,DIS1,4,0,DT,0.062300726948093355,0.048230312746136726,0.018814979778434927,0.048230312746136726,0.006809380131593114,0.0006437550683665583,0,0.02272820472717285,0.0020134449005126953
tls.alert_message,DIS1,5,0,DT,0.06402244611656677,0.04845134058617205,0.02451750701579116,0.04845134058617205,0.007268432396880207,0.0009783043528640567,0,0.0,0.015626907348632812
