Feature,Dataset,T,CV,ML,Acc,b_Acc,Prec,Rec,F1,kap,ROC,tra-T,test-T
tcp.dstport,DIS2,1,0,DT,0.3972890416189385,0.41078176558643664,0.5327321148295173,0.41078176558643664,0.37852116229041577,0.36253162342670986,0,0.04739713668823242,0.0
tcp.dstport,DIS2,2,0,DT,0.3956981036018837,0.41260599663247327,0.506352223697181,0.41260599663247327,0.3789297807819617,0.3607908071577378,0,0.04695320129394531,0.0
tcp.dstport,DIS2,3,0,DT,0.39251622756777393,0.40786558915754145,0.4866180830409601,0.40786558915754145,0.3745487429149977,0.3590344823749404,0,0.031385183334350586,0.0
tcp.dstport,DIS2,4,0,DT,0.3975435917016673,0.4111983938346907,0.5306841993226046,0.4111983938346907,0.37724902496753526,0.36348598042464575,0,0.0468754768371582,0.0
tcp.dstport,DIS2,5,0,DT,0.39461626575028635,0.41043198019512495,0.4842893094399279,0.41043198019512495,0.37627200354910545,0.3604785581169292,0,0.031635284423828125,0.0
