Feature,Dataset,T,CV,ML,Acc,b_Acc,Prec,Rec,F1,kap,ROC,tra-T,test-T
udp.dstport,DIS1,1,0,DT,0.20054839943884709,0.17452370118698263,0.5193614640195346,0.17452370118698263,0.18029439996389995,0.14922324397482722,0,0.015643835067749023,0.0
udp.dstport,DIS1,2,0,DT,0.20080346894528758,0.17683626349335155,0.46658527681818296,0.17683626349335155,0.1842104501074091,0.1514853923558107,0,0.015756607055664062,0.0
udp.dstport,DIS1,3,0,DT,0.19895421502359392,0.17511491517139394,0.4786613042251607,0.17511491517139394,0.18169603121736935,0.1482410219031458,0,0.015625953674316406,0.0
udp.dstport,DIS1,4,0,DT,0.19442673128427496,0.17244627247178712,0.46709408325762186,0.17244627247178712,0.1785612352577641,0.14355162708464242,0,0.0,0.0165557861328125
udp.dstport,DIS1,5,0,DT,0.1942991965310547,0.17080734622730773,0.514510716071622,0.17080734622730773,0.17714644766634857,0.14268900291978104,0,0.015625,0.0
