Feature,Dataset,T,CV,ML,Acc,b_Acc,Prec,Rec,F1,kap,ROC,tra-T,test-T
dns.retransmit_request_in,DIS1,1,0,DT,0.06414998086978702,0.04768296580377117,0.050670966683976054,0.04768296580377117,0.005863868154227959,6.926336237422781e-05,0,0.015631437301635742,0.0
dns.retransmit_request_in,DIS1,2,0,DT,0.05930366024741742,0.048043678263057596,0.12780165668462523,0.048043678263057596,0.006136713613163927,0.0005409216155995988,0,0.015733718872070312,0.0
dns.retransmit_request_in,DIS1,3,0,DT,0.05745440632572376,0.04774862325882734,0.050349420972547444,0.04774862325882734,0.005423066647887171,0.00013727881519753904,0,0.009606599807739258,0.0
dns.retransmit_request_in,DIS1,4,0,DT,0.06032393827317944,0.04781350054871082,0.09810210199265622,0.04781350054871082,0.005791078614543508,0.00020624509061428764,0,0.015609264373779297,0.0
dns.retransmit_request_in,DIS1,5,0,DT,0.0643412829996174,0.04787448090503506,0.09829059829059827,0.04787448090503506,0.006246734170941752,0.0002770351366351287,0,0.015601634979248047,0.0
