Feature,Dataset,T,CV,ML,Acc,b_Acc,Prec,Rec,F1,kap,ROC,tra-T,test-T
tls.handshake.extensions_supported_groups,DIS2,1,0,DT,0.062301132747868145,0.04838019123733409,0.01653411396491155,0.04838019123733409,0.006959612655340046,0.0010755016609801382,0,0.0,0.014557123184204102
tls.handshake.extensions_supported_groups,DIS2,2,0,DT,0.06401934580628739,0.048921696338109714,0.02405556533870071,0.048921696338109714,0.008059599299148554,0.0018302681865686177,0,0.0,0.0
tls.handshake.extensions_supported_groups,DIS2,3,0,DT,0.06631029655084637,0.04846103470857891,0.01898680289484887,0.04846103470857891,0.007444496529579387,0.0012267252051324506,0,0.015620708465576172,0.0
tls.handshake.extensions_supported_groups,DIS2,4,0,DT,0.06421025836833397,0.04837943161296455,0.013605007275893352,0.04837943161296455,0.007103904441583463,0.0010840844773528646,0,0.0,0.01563119888305664
tls.handshake.extensions_supported_groups,DIS2,5,0,DT,0.06172839506172839,0.0488095238095238,0.019442509033571604,0.0488095238095238,0.007651664839085818,0.0016209795370304425,0,0.0,0.0
