Feature,Dataset,T,CV,ML,Acc,b_Acc,Prec,Rec,F1,kap,ROC,tra-T,test-T
tls.handshake.extensions_length,DIS1,1,0,DT,0.06440505037622753,0.05087442384223806,0.3299121393177315,0.05087442384223806,0.012116563884435109,0.003247017560081389,0,0.020586252212524414,0.0
tls.handshake.extensions_length,DIS1,2,0,DT,0.06625430429792119,0.05200841346074356,0.35948402132068946,0.05200841346074356,0.01459148093728703,0.004493789995235642,0,0.013006210327148438,0.0
tls.handshake.extensions_length,DIS1,3,0,DT,0.06414998086978702,0.05195454935065369,0.3252671435623125,0.05195454935065369,0.013904508275882495,0.004662949887048851,0,0.016036033630371094,0.0
tls.handshake.extensions_length,DIS1,4,0,DT,0.0633847723504655,0.053053972128473556,0.4080549446800185,0.053053972128473556,0.01578136536192896,0.005933578832815201,0,0.015135049819946289,0.0
tls.handshake.extensions_length,DIS1,5,0,DT,0.06733834970029333,0.05184355509463598,0.3348077397629851,0.05184355509463598,0.013993745378708804,0.004688335264514287,0,0.016787052154541016,0.0
