Feature,Dataset,T,CV,ML,Acc,b_Acc,Prec,Rec,F1,kap,ROC,tra-T,test-T
http.response,DIS1,1,0,DT,0.0769672235684224,0.06012450851900394,0.03299844448912772,0.06012450851900394,0.02336093413777615,0.015738688586949157,0,0.015642404556274414,0.0
http.response,DIS1,2,0,DT,0.07639331717893126,0.05969369086822435,0.03203280499418305,0.05969369086822435,0.02271469614703702,0.015788789009382076,0,0.0,0.01012873649597168
http.response,DIS1,3,0,DT,0.0808570335416401,0.06123171904255858,0.03405663908733699,0.06123171904255858,0.024755872496153058,0.018422868179422847,0,0.0,0.010014057159423828
http.response,DIS1,4,0,DT,0.07983675551587807,0.061116965226554264,0.0345374847502507,0.061116965226554264,0.02465144025133008,0.01835949468001441,0,0.0,0.015613794326782227
http.response,DIS1,5,0,DT,0.07371508736130596,0.05917127671114003,0.030950062612353627,0.05917127671114003,0.021881769073692953,0.014551775033149195,0,0.01613140106201172,0.0
