Feature,Dataset,T,CV,ML,Acc,b_Acc,Prec,Rec,F1,kap,ROC,tra-T,test-T
udp.length,DIS1,1,0,DT,0.2338987374059431,0.20464264224932616,0.5633742951571001,0.20464264224932616,0.22892683772611444,0.18594869165795724,0,0.017598390579223633,0.0
udp.length,DIS1,2,0,DT,0.23383497002933298,0.20493919398610133,0.586087879384288,0.20493919398610133,0.2271748623411431,0.1841289173376367,0,0.015744686126708984,0.0
udp.length,DIS1,3,0,DT,0.23810738426221145,0.20852870020393172,0.5831785850745006,0.20852870020393172,0.2332852804649786,0.19099104561236935,0,0.02416682243347168,0.0
udp.length,DIS1,4,0,DT,0.2430812396378013,0.2107719302064202,0.5744807515931517,0.2107719302064202,0.23677794673763336,0.19386970176165286,0,0.015761852264404297,0.0
udp.length,DIS1,5,0,DT,0.24155082259915828,0.21031829256450402,0.59155981287052,0.21031829256450402,0.23520189973424538,0.19437662758553742,0,0.010625362396240234,0.0
