Feature,Dataset,T,CV,ML,Acc,b_Acc,Prec,Rec,F1,kap,ROC,tra-T,test-T
tcp.analysis.retransmission,DIS1,1,0,DT,0.06402244611656677,0.05060812324519436,0.012627039426681808,0.05060812324519436,0.010452315960569359,0.003182193976972836,0,0.0071146488189697266,0.0
tcp.analysis.retransmission,DIS1,2,0,DT,0.06351230710368576,0.0512331372669118,0.015821559095962442,0.0512331372669118,0.01154770341369426,0.004040237533697422,0,0.0,0.015622138977050781
tcp.analysis.retransmission,DIS1,3,0,DT,0.06835862772605535,0.0514080122775775,0.016726856513478376,0.0514080122775775,0.012242126657849049,0.004331964317788928,0,0.0,0.015636682510375977
tcp.analysis.retransmission,DIS1,4,0,DT,0.06599923479148068,0.05132357376334028,0.015011054927021313,0.05132357376334028,0.011485339477405869,0.004119078669953202,0,0.01563262939453125,0.0
tcp.analysis.retransmission,DIS1,5,0,DT,0.06625430429792119,0.05125049114340649,0.015689738885536354,0.05125049114340649,0.011642729016300889,0.004214344345569221,0,0.015738964080810547,0.0
