Feature,Dataset,T,CV,ML,Acc,b_Acc,Prec,Rec,F1,kap,ROC,tra-T,test-T
tls.handshake.extension.heartbeat.mode,DIS2,1,0,DT,0.06293750795469008,0.04817275747508306,0.019788790842832645,0.04817275747508306,0.006684751368029136,0.0004415854442780809,0,0.015705347061157227,0.0
tls.handshake.extension.heartbeat.mode,DIS2,2,0,DT,0.06516482117856688,0.04816017316017317,0.010150959089570678,0.04816017316017317,0.006819651738683829,0.00035030381489731255,0,0.01562666893005371,0.0
tls.handshake.extension.heartbeat.mode,DIS2,3,0,DT,0.06312842051673667,0.04830071087739799,0.01687835746153146,0.04830071087739799,0.006925303708491061,0.0005266577555390617,0,0.0,0.0
tls.handshake.extension.heartbeat.mode,DIS2,4,0,DT,0.06255568283059693,0.04798534798534798,0.016574808267255946,0.04798534798534798,0.006303542975843676,0.000299206810441488,0,0.015668630599975586,0.0
tls.handshake.extension.heartbeat.mode,DIS2,5,0,DT,0.06395570828560519,0.04804623425673308,0.014936720386051169,0.04804623425673308,0.006700999627858814,0.00031898139369479495,0,0.01567816734313965,0.0
