Feature,Dataset,T,CV,ML,Acc,b_Acc,Prec,Rec,F1,kap,ROC,tra-T,test-T
http.request_in,DIS2,1,0,DT,0.06331933307878325,0.05046578973833911,0.05787918163892065,0.05046578973833911,0.01078995874852979,0.0036768579394808043,0,0.01765584945678711,0.0
http.request_in,DIS2,2,0,DT,0.0626829578719613,0.050231421317667314,0.05434222541638775,0.050231421317667314,0.010324916853709556,0.0032781621276872785,0,0.015708446502685547,0.0
http.request_in,DIS2,3,0,DT,0.06707394679903271,0.05083723841421342,0.0683273318040592,0.05083723841421342,0.01177292226848563,0.004145617209081687,0,0.015621185302734375,0.0
http.request_in,DIS2,4,0,DT,0.06643757159221077,0.050557687599137244,0.06069225375872216,0.050557687599137244,0.011238590336854575,0.0037355533433571786,0,0.01562976837158203,0.0
http.request_in,DIS2,5,0,DT,0.06681939671630394,0.05079308235880905,0.05017155290436428,0.05079308235880905,0.01161069513878372,0.004139761153633459,0,0.015619754791259766,0.0
