Feature,Dataset,T,CV,ML,Acc,b_Acc,Prec,Rec,F1,kap,ROC,tra-T,test-T
udp.time_relative,DIS1,1,0,DT,0.14685626833312077,0.12844475996841356,0.3318472161349436,0.12844475996841356,0.11875353378892047,0.09307752012775528,0,0.07874393463134766,0.0
udp.time_relative,DIS1,2,0,DT,0.14679250095651064,0.1266917314313434,0.3188093763704279,0.1266917314313434,0.11631563961030585,0.09185881839558996,0,0.07861089706420898,0.0
udp.time_relative,DIS1,3,0,DT,0.14105343706159928,0.12196793122862395,0.30867480021332466,0.12196793122862395,0.11001210836059853,0.0865801503567144,0,0.07877922058105469,0.0
udp.time_relative,DIS1,4,0,DT,0.14436934064532586,0.12633951132664997,0.29047172850835357,0.12633951132664997,0.11539607103556153,0.0903272770170519,0,0.06895780563354492,0.0
udp.time_relative,DIS1,5,0,DT,0.1442418058921056,0.12723073022241974,0.29831372561684355,0.12723073022241974,0.11703397453184468,0.09124377955590635,0,0.06218695640563965,0.016316890716552734
