Feature,Dataset,T,CV,ML,Acc,b_Acc,Prec,Rec,F1,kap,ROC,tra-T,test-T
tcp.analysis.reused_ports,DIS1,1,0,DT,0.06574416528504018,0.04991974317817014,0.035514093950247724,0.04991974317817014,0.009963205376130975,0.0029530786141812593,0,0.0,0.0
tcp.analysis.reused_ports,DIS1,2,0,DT,0.06523402627215916,0.05021823353440243,0.036167809630445455,0.05021823353440243,0.010394205825028584,0.003602173133269715,0,0.015613794326782227,0.0
tcp.analysis.reused_ports,DIS1,3,0,DT,0.06293840071419461,0.049440541243819934,0.029357474328343142,0.049440541243819934,0.008879722161443906,0.002386170201653215,0,0.015609025955200195,0.0
tcp.analysis.reused_ports,DIS1,4,0,DT,0.06542532840198954,0.04966938336152545,0.03021833893690707,0.04966938336152545,0.009470932152379716,0.002739094646148854,0,0.01572251319885254,0.0
tcp.analysis.reused_ports,DIS1,5,0,DT,0.06466011988266802,0.04969395165473597,0.029798675468350428,0.04969395165473597,0.009445015227220632,0.002736799374747134,0,0.0,0.0
