Feature,Dataset,T,CV,ML,Acc,b_Acc,Prec,Rec,F1,kap,ROC,tra-T,test-T
ipv6.tclass,DIS1,1,0,DT,0.09596990179824003,0.07517550091258163,0.027698982832476356,0.07517550091258163,0.03226091502965472,0.034197654794619115,0,0.0,0.011605501174926758
ipv6.tclass,DIS1,2,0,DT,0.09571483229179951,0.07700231858119103,0.02909432624987624,0.07700231858119103,0.033581167645986856,0.037092121843087966,0,0.0,0.0
ipv6.tclass,DIS1,3,0,DT,0.09150618543553118,0.07612456747404844,0.028288085561045413,0.07612456747404844,0.0324039366683639,0.03534754264956286,0,0.01563572883605957,0.0
ipv6.tclass,DIS1,4,0,DT,0.0922713939548527,0.07623721925171852,0.02785232700551926,0.07623721925171852,0.03237360290283754,0.035334393195329605,0,0.015622615814208984,0.0
ipv6.tclass,DIS1,5,0,DT,0.09303660247417421,0.07531106285597304,0.027824832494156997,0.07531106285597304,0.032198136396573665,0.033469213381393415,0,0.0,0.0
