Feature,Dataset,T,CV,ML,Acc,b_Acc,Prec,Rec,F1,kap,ROC,tra-T,test-T
tcp.options.sack.dsack_re,DIS2,1,0,DT,0.062301132747868145,0.04989512507329367,0.1822858437207088,0.04989512507329367,0.009864714092773888,0.0025142096168321304,0,0.004054069519042969,0.0
tcp.options.sack.dsack_re,DIS2,2,0,DT,0.06344660812014764,0.05031175577218304,0.24724645561322928,0.05031175577218304,0.010740700276727874,0.002609050318148176,0,0.018093585968017578,0.0
tcp.options.sack.dsack_re,DIS2,3,0,DT,0.06351024564082983,0.04845664518339438,0.19187797644336005,0.04845664518339438,0.007940374219945626,0.0004295891816145092,0,0.015620708465576172,0.00855565071105957
tcp.options.sack.dsack_re,DIS2,4,0,DT,0.06249204530991473,0.050276995810520975,0.19425121349426686,0.050276995810520975,0.010608215846107218,0.0028550129110139766,0,0.015546560287475586,0.0
tcp.options.sack.dsack_re,DIS2,5,0,DT,0.06465572101310933,0.050525798892988506,0.17506487086414374,0.050525798892988506,0.011247959833568381,0.0027426303790450968,0,0.015627622604370117,0.0
