Feature,Dataset,T,CV,ML,Acc,b_Acc,Prec,Rec,F1,kap,ROC,tra-T,test-T
tcp.nxtseq,DIS2,1,0,DT,0.478045055364643,0.4729324440639445,0.6241282842421642,0.4729324440639445,0.49479204904545576,0.449300048593675,0,0.26680922508239746,0.0
tcp.nxtseq,DIS2,2,0,DT,0.4787450680921471,0.480364449575361,0.6177666819647608,0.480364449575361,0.4971094052555426,0.4500647132234863,0,0.2677938938140869,0.010055780410766602
tcp.nxtseq,DIS2,3,0,DT,0.4791268932162403,0.47999048147916956,0.6264588090024853,0.47999048147916956,0.4995526759856082,0.4503059962855689,0,0.26813507080078125,0.0
tcp.nxtseq,DIS2,4,0,DT,0.473463153875525,0.4679553076121999,0.6199244097864124,0.4679553076121999,0.48966538856002634,0.4444958125920896,0,0.2512800693511963,0.0
tcp.nxtseq,DIS2,5,0,DT,0.47187221585847017,0.4764447935488074,0.6152068630744667,0.4764447935488074,0.49372420860899674,0.44326654743994487,0,0.23512506484985352,0.0
