Feature,Dataset,T,CV,ML,Acc,b_Acc,Prec,Rec,F1,kap,ROC,tra-T,test-T
ip.id,DIS1,1,0,DT,0.17268205586022192,0.1826778275132089,0.18178751282802225,0.1826778275132089,0.17052492397022254,0.1254979569892113,0,0.3218424320220947,0.0
ip.id,DIS1,2,0,DT,0.1745950771585257,0.19342997476392518,0.19451397617789906,0.19342997476392518,0.18081767011564853,0.1278097930912525,0,0.33019375801086426,0.0
ip.id,DIS1,3,0,DT,0.17178931258768015,0.1889969096485172,0.18963612982550468,0.1889969096485172,0.17673422815668852,0.12544253799159488,0,0.3150362968444824,0.015612363815307617
ip.id,DIS1,4,0,DT,0.17478637928835608,0.19130639082616147,0.19361722162535988,0.19130639082616147,0.18011566135991056,0.12805612891380935,0,0.31522536277770996,0.01572895050048828
ip.id,DIS1,5,0,DT,0.16904731539344472,0.18074720048694526,0.18771966075343494,0.18074720048694526,0.17039206126810563,0.12244699973614437,0,0.3306436538696289,0.015627384185791016
