Feature,Dataset,T,CV,ML,Acc,b_Acc,Prec,Rec,F1,kap,ROC,tra-T,test-T
eth.dst.oui,DIS1,1,0,DT,0.24933044254559367,0.2119796519849975,0.26420192623693056,0.2119796519849975,0.17800723858605597,0.20249324551319337,0,0.015634775161743164,0.0
eth.dst.oui,DIS1,2,0,DT,0.253028950388981,0.21607449208816507,0.26730533017443187,0.21607449208816507,0.18213245638706466,0.20611856268399054,0,0.015616655349731445,0.0
eth.dst.oui,DIS1,3,0,DT,0.25066955745440633,0.21402504105949305,0.2687905090100993,0.21402504105949305,0.17977238272817728,0.20381636686980864,0,0.0,0.015727758407592773
eth.dst.oui,DIS1,4,0,DT,0.2547506695574544,0.2128791215759667,0.2644302847586469,0.2128791215759667,0.17654620779454513,0.2071064701770824,0,0.015720129013061523,0.0
eth.dst.oui,DIS1,5,0,DT,0.2522637418696595,0.21408611472777717,0.2614320009769385,0.21408611472777717,0.1810805473653009,0.20480555231420627,0,0.005503177642822266,0.0
