Feature,Dataset,T,CV,ML,Acc,b_Acc,Prec,Rec,F1,kap,ROC,tra-T,test-T
dhcp.hw.addr_padding,DIS2,1,0,DT,0.08241058928344151,0.06620209361072825,0.04816287673284816,0.06620209361072825,0.03217625904698098,0.020811123549828725,0,0.0,0.01562190055847168
dhcp.hw.addr_padding,DIS2,2,0,DT,0.0803741886216113,0.06622099867363165,0.048195444984368355,0.06622099867363165,0.03205460084525835,0.02059826850041291,0,0.0,0.0
dhcp.hw.addr_padding,DIS2,3,0,DT,0.07871961308387425,0.06643197445183059,0.048792767415067474,0.06643197445183059,0.03226332804376847,0.019595034404179423,0,0.015677928924560547,0.0
dhcp.hw.addr_padding,DIS2,4,0,DT,0.07954690085274278,0.067513797972019,0.04832994025274226,0.067513797972019,0.03315242868172859,0.021254097559489815,0,0.0,0.01575779914855957
dhcp.hw.addr_padding,DIS2,5,0,DT,0.08196512663866616,0.06535218253968253,0.048643969567970756,0.06535218253968253,0.0313405267460311,0.019736581455809477,0,0.0,0.0
