Feature,Dataset,T,CV,ML,Acc,b_Acc,Prec,Rec,F1,kap,ROC,tra-T,test-T
dns.count.add_rr,DIS1,1,0,DT,0.07052671853079964,0.05681777938477162,0.13132544609293337,0.05681777938477162,0.017595802338440086,0.010121876210886338,0,0.015536308288574219,0.0
dns.count.add_rr,DIS1,2,0,DT,0.07071802066063002,0.05705260905547262,0.11144195868201003,0.05705260905547262,0.017741741799809724,0.010868960356879342,0,0.0,0.0
dns.count.add_rr,DIS1,3,0,DT,0.07020788164774901,0.05634051562382656,0.12808295084403432,0.05634051562382656,0.01685284668007189,0.010162915187840404,0,0.0,0.01410818099975586
dns.count.add_rr,DIS1,4,0,DT,0.07129192705012116,0.05712368249233107,0.15039645039645042,0.05712368249233107,0.01794567023110079,0.010795736326548067,0,0.0,0.0
dns.count.add_rr,DIS1,5,0,DT,0.07001657951791863,0.05728479613419817,0.12275043481466237,0.05728479613419817,0.01813914339611248,0.010649659133405653,0,0.0,0.015622615814208984
