Feature,Dataset,T,CV,ML,Acc,b_Acc,Prec,Rec,F1,kap,ROC,tra-T,test-T
tcp.analysis.window_update,AD-S1-2,0,0,DT,0.0681510657395871,0.04958123953098827,0.04655880139855015,0.04958123953098827,0.009703364550354684,0.0018165119396357232,0,0.015749216079711914,0.015611886978149414
tcp.analysis.window_update,AD-S1-2,0,1,DT,0.0681510657395871,0.04958123953098827,0.04655880139855015,0.04958123953098827,0.009703364550354684,0.0018165119396357232,0,0.01562666893005371,0.0
tcp.analysis.window_update,AD-S1-2,0,2,DT,0.0681510657395871,0.04958123953098827,0.04655880139855015,0.04958123953098827,0.009703364550354684,0.0018165119396357232,0,0.0,0.01723933219909668
tcp.analysis.window_update,AD-S1-2,0,3,DT,0.0681510657395871,0.04958123953098827,0.04655880139855015,0.04958123953098827,0.009703364550354684,0.0018165119396357232,0,0.01622772216796875,0.0
tcp.analysis.window_update,AD-S1-2,0,4,DT,0.0681510657395871,0.04958123953098827,0.04655880139855015,0.04958123953098827,0.009703364550354684,0.0018165119396357232,0,0.015638351440429688,0.015625
