Feature,Dataset,T,CV,ML,Acc,b_Acc,Prec,Rec,F1,kap,ROC,tra-T,test-T
dns.retransmit_request,AD-S1-2,0,0,DT,0.06679795828141956,0.04813664596273292,0.006637216240936904,0.04813664596273292,0.006861791019155622,0.00048692714582476704,0,0.0,0.015630722045898438
dns.retransmit_request,AD-S1-2,0,1,DT,0.06679795828141956,0.04813664596273292,0.006637216240936904,0.04813664596273292,0.006861791019155622,0.00048692714582476704,0,0.0,0.015637874603271484
dns.retransmit_request,AD-S1-2,0,2,DT,0.06679795828141956,0.04813664596273292,0.006637216240936904,0.04813664596273292,0.006861791019155622,0.00048692714582476704,0,0.012508392333984375,0.0
dns.retransmit_request,AD-S1-2,0,3,DT,0.06679795828141956,0.04813664596273292,0.006637216240936904,0.04813664596273292,0.006861791019155622,0.00048692714582476704,0,0.015504837036132812,0.01603865623474121
dns.retransmit_request,AD-S1-2,0,4,DT,0.06679795828141956,0.04813664596273292,0.006637216240936904,0.04813664596273292,0.006861791019155622,0.00048692714582476704,0,0.015620231628417969,0.01551508903503418
