Feature,Dataset,T,CV,ML,Acc,b_Acc,Prec,Rec,F1,kap,ROC,tra-T,test-T
tcp.flags.ae,AD-S2-1,0,0,DT,0.11540347978728897,0.08966117986303015,0.012347166593425047,0.08966117986303015,0.021392984139277905,0.05767282885596747,0,0.01483297348022461,0.009817361831665039
tcp.flags.ae,AD-S2-1,0,1,DT,0.11540347978728897,0.08966117986303015,0.012347166593425047,0.08966117986303015,0.021392984139277905,0.05767282885596747,0,0.010206937789916992,0.00974273681640625
tcp.flags.ae,AD-S2-1,0,2,DT,0.11540347978728897,0.08966117986303015,0.012347166593425047,0.08966117986303015,0.021392984139277905,0.05767282885596747,0,0.00972747802734375,0.010220527648925781
tcp.flags.ae,AD-S2-1,0,3,DT,0.11540347978728897,0.08966117986303015,0.012347166593425047,0.08966117986303015,0.021392984139277905,0.05767282885596747,0,0.009941577911376953,0.01505899429321289
tcp.flags.ae,AD-S2-1,0,4,DT,0.11540347978728897,0.08966117986303015,0.012347166593425047,0.08966117986303015,0.021392984139277905,0.05767282885596747,0,0.010590553283691406,0.01434469223022461
