Feature,Dataset,T,CV,ML,Acc,b_Acc,Prec,Rec,F1,kap,ROC,tra-T,test-T
tcp.checksum,AD-S1-2,0,0,DT,0.09254719129724154,0.07519947153761847,0.053123408795096895,0.07519947153761847,0.04831926500084346,0.037531549757417904,0,0.8177039623260498,0.047594547271728516
tcp.checksum,AD-S1-2,0,1,DT,0.09254719129724154,0.07519947153761847,0.053123408795096895,0.07519947153761847,0.04831926500084346,0.037531549757417904,0,0.8125715255737305,0.0460963249206543
tcp.checksum,AD-S1-2,0,2,DT,0.09254719129724154,0.07519947153761847,0.053123408795096895,0.07519947153761847,0.04831926500084346,0.037531549757417904,0,0.8021454811096191,0.04908299446105957
tcp.checksum,AD-S1-2,0,3,DT,0.09254719129724154,0.07519947153761847,0.053123408795096895,0.07519947153761847,0.04831926500084346,0.037531549757417904,0,0.8242771625518799,0.04759097099304199
tcp.checksum,AD-S1-2,0,4,DT,0.09254719129724154,0.07519947153761847,0.053123408795096895,0.07519947153761847,0.04831926500084346,0.037531549757417904,0,0.81791090965271,0.047800302505493164
