Feature,Dataset,T,CV,ML,Acc,b_Acc,Prec,Rec,F1,kap,ROC,tra-T,test-T
icmpv6.opt.length,AD-S2-1,0,0,DT,0.0643166916206309,0.051014849548033384,0.014506818188738937,0.051014849548033384,0.01104622185880457,0.00024548907295696143,0,0.009296417236328125,0.010724306106567383
icmpv6.opt.length,AD-S2-1,0,1,DT,0.0643166916206309,0.051014849548033384,0.014506818188738937,0.051014849548033384,0.01104622185880457,0.00024548907295696143,0,0.010207653045654297,0.009810686111450195
icmpv6.opt.length,AD-S2-1,0,2,DT,0.0643166916206309,0.051014849548033384,0.014506818188738937,0.051014849548033384,0.01104622185880457,0.00024548907295696143,0,0.010514497756958008,0.009428977966308594
icmpv6.opt.length,AD-S2-1,0,3,DT,0.0643166916206309,0.051014849548033384,0.014506818188738937,0.051014849548033384,0.01104622185880457,0.00024548907295696143,0,0.009423971176147461,0.009927034378051758
icmpv6.opt.length,AD-S2-1,0,4,DT,0.0643166916206309,0.051014849548033384,0.014506818188738937,0.051014849548033384,0.01104622185880457,0.00024548907295696143,0,0.010606765747070312,0.009440183639526367
