Feature,Dataset,T,CV,ML,Acc,b_Acc,Prec,Rec,F1,kap,ROC,tra-T,test-T
dns.flags.z,AD-S2-1,0,0,DT,0.06895038463524188,0.05323368784133371,0.012904684748368441,0.05323368784133371,0.012862150884469096,0.007951780889430049,0,0.010574817657470703,0.00942373275756836
dns.flags.z,AD-S2-1,0,1,DT,0.06895038463524188,0.05323368784133371,0.012904684748368441,0.05323368784133371,0.012862150884469096,0.007951780889430049,0,0.010445117950439453,0.01436161994934082
dns.flags.z,AD-S2-1,0,2,DT,0.06895038463524188,0.05323368784133371,0.012904684748368441,0.05323368784133371,0.012862150884469096,0.007951780889430049,0,0.009993314743041992,0.005362033843994141
dns.flags.z,AD-S2-1,0,3,DT,0.06895038463524188,0.05323368784133371,0.012904684748368441,0.05323368784133371,0.012862150884469096,0.007951780889430049,0,0.01509857177734375,0.009821414947509766
dns.flags.z,AD-S2-1,0,4,DT,0.06895038463524188,0.05323368784133371,0.012904684748368441,0.05323368784133371,0.012862150884469096,0.007951780889430049,0,0.010550737380981445,0.0097808837890625
