Feature,Dataset,T,CV,ML,Acc,b_Acc,Prec,Rec,F1,kap,ROC,tra-T,test-T
dhcp.option.renewal_time_value,AD-S1-2,0,0,DT,0.06650322200340286,0.047619047619047616,0.0031668200954001365,0.047619047619047616,0.00593869766178734,0.0,0,0.01571035385131836,0.01575922966003418
dhcp.option.renewal_time_value,AD-S1-2,0,1,DT,0.06650322200340286,0.047619047619047616,0.0031668200954001365,0.047619047619047616,0.00593869766178734,0.0,0,0.015700340270996094,0.0
dhcp.option.renewal_time_value,AD-S1-2,0,2,DT,0.06650322200340286,0.047619047619047616,0.0031668200954001365,0.047619047619047616,0.00593869766178734,0.0,0,0.0,0.015622377395629883
dhcp.option.renewal_time_value,AD-S1-2,0,3,DT,0.06650322200340286,0.047619047619047616,0.0031668200954001365,0.047619047619047616,0.00593869766178734,0.0,0,0.015627145767211914,0.0
dhcp.option.renewal_time_value,AD-S1-2,0,4,DT,0.06650322200340286,0.047619047619047616,0.0031668200954001365,0.047619047619047616,0.00593869766178734,0.0,0,0.015618085861206055,0.01563262939453125
