Feature,Dataset,T,CV,ML,Acc,b_Acc,Prec,Rec,F1,kap,ROC,tra-T,test-T
http.response_number,AD-S1-2,0,0,DT,0.08180271425317846,0.060785300653060856,0.0982709706812784,0.060785300653060856,0.02897192391922087,0.017710347857816666,0,0.018059968948364258,0.01227569580078125
http.response_number,AD-S1-2,0,1,DT,0.08180271425317846,0.060785300653060856,0.0982709706812784,0.060785300653060856,0.02897192391922087,0.017710347857816666,0,0.02423858642578125,0.013653755187988281
http.response_number,AD-S1-2,0,2,DT,0.08180271425317846,0.060785300653060856,0.0982709706812784,0.060785300653060856,0.02897192391922087,0.017710347857816666,0,0.01851367950439453,0.01807570457458496
http.response_number,AD-S1-2,0,3,DT,0.08180271425317846,0.060785300653060856,0.0982709706812784,0.060785300653060856,0.02897192391922087,0.017710347857816666,0,0.020758628845214844,0.009502410888671875
http.response_number,AD-S1-2,0,4,DT,0.08180271425317846,0.060785300653060856,0.0982709706812784,0.060785300653060856,0.02897192391922087,0.017710347857816666,0,0.024229049682617188,0.012518167495727539
