Feature,Dataset,T,CV,ML,Acc,b_Acc,Prec,Rec,F1,kap,ROC,tra-T,test-T
stun.att.reserved,AD-S2-1,0,0,DT,0.06656254840208581,0.04941768186062372,0.043754724285605354,0.04941768186062372,0.009806536590517948,0.0025798412199078413,0,0.009455442428588867,0.00893855094909668
stun.att.reserved,AD-S2-1,0,1,DT,0.06656254840208581,0.04941768186062372,0.043754724285605354,0.04941768186062372,0.009806536590517948,0.0025798412199078413,0,0.007386684417724609,0.010092020034790039
stun.att.reserved,AD-S2-1,0,2,DT,0.06656254840208581,0.04941768186062372,0.043754724285605354,0.04941768186062372,0.009806536590517948,0.0025798412199078413,0,0.008382320404052734,0.011276960372924805
stun.att.reserved,AD-S2-1,0,3,DT,0.06656254840208581,0.04941768186062372,0.043754724285605354,0.04941768186062372,0.009806536590517948,0.0025798412199078413,0,0.00928044319152832,0.010962247848510742
stun.att.reserved,AD-S2-1,0,4,DT,0.06656254840208581,0.04941768186062372,0.043754724285605354,0.04941768186062372,0.009806536590517948,0.0025798412199078413,0,0.007899761199951172,0.010097026824951172
