Feature,Dataset,T,CV,ML,Acc,b_Acc,Prec,Rec,F1,kap,ROC,tra-T,test-T
tcp.flags.cwr,AD-S1-2,0,0,DT,0.12290502793296089,0.09182439894923473,0.05950416902502331,0.09182439894923473,0.024389500756031576,0.06280106182773504,0,0.019742727279663086,0.012110710144042969
tcp.flags.cwr,AD-S1-2,0,1,DT,0.12290502793296089,0.09182439894923473,0.05950416902502331,0.09182439894923473,0.024389500756031576,0.06280106182773504,0,0.015609979629516602,0.017745494842529297
tcp.flags.cwr,AD-S1-2,0,2,DT,0.12290502793296089,0.09182439894923473,0.05950416902502331,0.09182439894923473,0.024389500756031576,0.06280106182773504,0,0.01562047004699707,0.015620708465576172
tcp.flags.cwr,AD-S1-2,0,3,DT,0.12290502793296089,0.09182439894923473,0.05950416902502331,0.09182439894923473,0.024389500756031576,0.06280106182773504,0,0.015627622604370117,0.0
tcp.flags.cwr,AD-S1-2,0,4,DT,0.12290502793296089,0.09182439894923473,0.05950416902502331,0.09182439894923473,0.024389500756031576,0.06280106182773504,0,0.015113592147827148,0.015743494033813477
