Feature,Dataset,T,CV,ML,Acc,b_Acc,Prec,Rec,F1,kap,ROC,tra-T,test-T
dhcp.flags.reserved,AD-S1-2,0,0,DT,0.07547928137936578,0.06339620422320208,0.04608720383769286,0.06339620422320208,0.0290722349790767,0.01003242422670092,0,0.015534639358520508,0.0
dhcp.flags.reserved,AD-S1-2,0,1,DT,0.07547928137936578,0.06339620422320208,0.04608720383769286,0.06339620422320208,0.0290722349790767,0.01003242422670092,0,0.025231599807739258,0.0065631866455078125
dhcp.flags.reserved,AD-S1-2,0,2,DT,0.07547928137936578,0.06339620422320208,0.04608720383769286,0.06339620422320208,0.0290722349790767,0.01003242422670092,0,0.01673150062561035,0.011615991592407227
dhcp.flags.reserved,AD-S1-2,0,3,DT,0.07547928137936578,0.06339620422320208,0.04608720383769286,0.06339620422320208,0.0290722349790767,0.01003242422670092,0,0.015636444091796875,0.015612363815307617
dhcp.flags.reserved,AD-S1-2,0,4,DT,0.07547928137936578,0.06339620422320208,0.04608720383769286,0.06339620422320208,0.0290722349790767,0.01003242422670092,0,0.0,0.015600442886352539
