Feature,Dataset,T,CV,ML,Acc,b_Acc,Prec,Rec,F1,kap,ROC,tra-T,test-T
tcp.options.wscale.shift,AD-S2-1,0,0,DT,0.07860498735092157,0.05980122830787962,0.2708970651188258,0.05980122830787962,0.028031887399887802,0.015524835430681838,0,0.010101795196533203,0.014940500259399414
tcp.options.wscale.shift,AD-S2-1,0,1,DT,0.07860498735092157,0.05980122830787962,0.2708970651188258,0.05980122830787962,0.028031887399887802,0.015524835430681838,0,0.009892702102661133,0.010313034057617188
tcp.options.wscale.shift,AD-S2-1,0,2,DT,0.07860498735092157,0.05980122830787962,0.2708970651188258,0.05980122830787962,0.028031887399887802,0.015524835430681838,0,0.01027536392211914,0.009802579879760742
tcp.options.wscale.shift,AD-S2-1,0,3,DT,0.07860498735092157,0.05980122830787962,0.2708970651188258,0.05980122830787962,0.028031887399887802,0.015524835430681838,0,0.015404224395751953,0.010608911514282227
tcp.options.wscale.shift,AD-S2-1,0,4,DT,0.07860498735092157,0.05980122830787962,0.2708970651188258,0.05980122830787962,0.028031887399887802,0.015524835430681838,0,0.01517033576965332,0.014728307723999023
