Feature,Dataset,T,CV,ML,Acc,b_Acc,Prec,Rec,F1,kap,ROC,tra-T,test-T
tcp.flags.syn,AD-S1-2,0,0,DT,0.12810310410889167,0.09490849084835633,0.023685664718782178,0.09490849084835633,0.02816935014196616,0.06827766499485566,0,0.015614986419677734,0.010617733001708984
tcp.flags.syn,AD-S1-2,0,1,DT,0.12810310410889167,0.09490849084835633,0.023685664718782178,0.09490849084835633,0.02816935014196616,0.06827766499485566,0,0.015620708465576172,0.015532255172729492
tcp.flags.syn,AD-S1-2,0,2,DT,0.12810310410889167,0.09490849084835633,0.023685664718782178,0.09490849084835633,0.02816935014196616,0.06827766499485566,0,0.015733003616333008,0.015629291534423828
tcp.flags.syn,AD-S1-2,0,3,DT,0.12810310410889167,0.09490849084835633,0.023685664718782178,0.09490849084835633,0.02816935014196616,0.06827766499485566,0,0.016222000122070312,0.017014503479003906
tcp.flags.syn,AD-S1-2,0,4,DT,0.12810310410889167,0.09490849084835633,0.023685664718782178,0.09490849084835633,0.02816935014196616,0.06827766499485566,0,0.015630006790161133,0.01361536979675293
