Feature,Dataset,T,CV,ML,Acc,b_Acc,Prec,Rec,F1,kap,ROC,tra-T,test-T
dhcp.option.dhcp,AD-S1-2,0,0,DT,0.07547928137936578,0.06339620422320208,0.04608720383769286,0.06339620422320208,0.0290722349790767,0.01003242422670092,0,0.015725374221801758,0.0
dhcp.option.dhcp,AD-S1-2,0,1,DT,0.07547928137936578,0.06339620422320208,0.04608720383769286,0.06339620422320208,0.0290722349790767,0.01003242422670092,0,0.015624523162841797,0.0
dhcp.option.dhcp,AD-S1-2,0,2,DT,0.07547928137936578,0.06339620422320208,0.04608720383769286,0.06339620422320208,0.0290722349790767,0.01003242422670092,0,0.015633106231689453,0.0
dhcp.option.dhcp,AD-S1-2,0,3,DT,0.07547928137936578,0.06339620422320208,0.04608720383769286,0.06339620422320208,0.0290722349790767,0.01003242422670092,0,0.01562809944152832,0.0
dhcp.option.dhcp,AD-S1-2,0,4,DT,0.07547928137936578,0.06339620422320208,0.04608720383769286,0.06339620422320208,0.0290722349790767,0.01003242422670092,0,0.015738248825073242,0.015623092651367188
