Feature,Dataset,T,CV,ML,Acc,b_Acc,Prec,Rec,F1,kap,ROC,tra-T,test-T
tls.handshake.client_point_len,AD-S2-1,0,0,DT,0.06654964117920388,0.04971391382406011,0.09282671912690026,0.04971391382406011,0.009774046142780747,0.0025879480263669707,0,0.015112161636352539,0.009715080261230469
tls.handshake.client_point_len,AD-S2-1,0,1,DT,0.06654964117920388,0.04971391382406011,0.09282671912690026,0.04971391382406011,0.009774046142780747,0.0025879480263669707,0,0.014892578125,0.010103702545166016
tls.handshake.client_point_len,AD-S2-1,0,2,DT,0.06654964117920388,0.04971391382406011,0.09282671912690026,0.04971391382406011,0.009774046142780747,0.0025879480263669707,0,0.00999307632446289,0.010000944137573242
tls.handshake.client_point_len,AD-S2-1,0,3,DT,0.06654964117920388,0.04971391382406011,0.09282671912690026,0.04971391382406011,0.009774046142780747,0.0025879480263669707,0,0.009998083114624023,0.010036706924438477
tls.handshake.client_point_len,AD-S2-1,0,4,DT,0.06654964117920388,0.04971391382406011,0.09282671912690026,0.04971391382406011,0.009774046142780747,0.0025879480263669707,0,0.010004281997680664,0.010002851486206055
