Feature,Dataset,T,CV,ML,Acc,b_Acc,Prec,Rec,F1,kap,ROC,tra-T,test-T
dns.soa.serial_number,AD-S2-1,0,0,DT,0.06414889772316588,0.047619047619047616,0.003054709415388852,0.047619047619047616,0.0057411315689461385,0.0,0,0.010007619857788086,0.010235786437988281
dns.soa.serial_number,AD-S2-1,0,1,DT,0.06414889772316588,0.047619047619047616,0.003054709415388852,0.047619047619047616,0.0057411315689461385,0.0,0,0.010548114776611328,0.014320611953735352
dns.soa.serial_number,AD-S2-1,0,2,DT,0.06414889772316588,0.047619047619047616,0.003054709415388852,0.047619047619047616,0.0057411315689461385,0.0,0,0.009218215942382812,0.010728836059570312
dns.soa.serial_number,AD-S2-1,0,3,DT,0.06414889772316588,0.047619047619047616,0.003054709415388852,0.047619047619047616,0.0057411315689461385,0.0,0,0.009716987609863281,0.01586127281188965
dns.soa.serial_number,AD-S2-1,0,4,DT,0.06414889772316588,0.047619047619047616,0.003054709415388852,0.047619047619047616,0.0057411315689461385,0.0,0,0.01021122932434082,0.009754419326782227
