Feature,Dataset,T,CV,ML,Acc,b_Acc,Prec,Rec,F1,kap,ROC,tra-T,test-T
dhcp.option.ip_address_lease_time,AD-S2-1,0,0,DT,0.06417471216892973,0.047662555200243636,0.05067383589210267,0.047662555200243636,0.0058282065751899745,2.85740203893603e-05,0,0.0092926025390625,0.010622739791870117
dhcp.option.ip_address_lease_time,AD-S2-1,0,1,DT,0.06417471216892973,0.047662555200243636,0.05067383589210267,0.047662555200243636,0.0058282065751899745,2.85740203893603e-05,0,0.005198955535888672,0.009933948516845703
dhcp.option.ip_address_lease_time,AD-S2-1,0,2,DT,0.06417471216892973,0.047662555200243636,0.05067383589210267,0.047662555200243636,0.0058282065751899745,2.85740203893603e-05,0,0.009729385375976562,0.01016688346862793
dhcp.option.ip_address_lease_time,AD-S2-1,0,3,DT,0.06417471216892973,0.047662555200243636,0.05067383589210267,0.047662555200243636,0.0058282065751899745,2.85740203893603e-05,0,0.009621143341064453,0.009723663330078125
dhcp.option.ip_address_lease_time,AD-S2-1,0,4,DT,0.06417471216892973,0.047662555200243636,0.05067383589210267,0.047662555200243636,0.0058282065751899745,2.85740203893603e-05,0,0.009815692901611328,0.011197328567504883
