Feature,Dataset,T,CV,ML,Acc,b_Acc,Prec,Rec,F1,kap,ROC,tra-T,test-T
icmpv6.checksum.status,AD-S2-1,0,0,DT,0.06429087717486706,0.052717394881831886,0.01571722208000886,0.052717394881831886,0.013172398709950366,0.00024304216975823412,0,0.009922981262207031,0.009887218475341797
icmpv6.checksum.status,AD-S2-1,0,1,DT,0.06429087717486706,0.052717394881831886,0.01571722208000886,0.052717394881831886,0.013172398709950366,0.00024304216975823412,0,0.014332771301269531,0.005633115768432617
icmpv6.checksum.status,AD-S2-1,0,2,DT,0.06429087717486706,0.052717394881831886,0.01571722208000886,0.052717394881831886,0.013172398709950366,0.00024304216975823412,0,0.00984501838684082,0.005263805389404297
icmpv6.checksum.status,AD-S2-1,0,3,DT,0.06429087717486706,0.052717394881831886,0.01571722208000886,0.052717394881831886,0.013172398709950366,0.00024304216975823412,0,0.01053619384765625,0.009437322616577148
icmpv6.checksum.status,AD-S2-1,0,4,DT,0.06429087717486706,0.052717394881831886,0.01571722208000886,0.052717394881831886,0.013172398709950366,0.00024304216975823412,0,0.004774332046508789,0.010587215423583984
