Feature,Dataset,T,CV,ML,Acc,b_Acc,Prec,Rec,F1,kap,ROC,tra-T,test-T
http.connection,AD-S2-1,0,0,DT,0.0666141772936135,0.04993952349952748,0.030028608275334098,0.04993952349952748,0.009999586235167814,0.002749280804827503,0,0.009230852127075195,0.011839151382446289
http.connection,AD-S2-1,0,1,DT,0.0666141772936135,0.04993952349952748,0.030028608275334098,0.04993952349952748,0.009999586235167814,0.002749280804827503,0,0.012286186218261719,0.010828733444213867
http.connection,AD-S2-1,0,2,DT,0.0666141772936135,0.04993952349952748,0.030028608275334098,0.04993952349952748,0.009999586235167814,0.002749280804827503,0,0.01230931282043457,0.011385440826416016
http.connection,AD-S2-1,0,3,DT,0.0666141772936135,0.04993952349952748,0.030028608275334098,0.04993952349952748,0.009999586235167814,0.002749280804827503,0,0.015784740447998047,0.009575605392456055
http.connection,AD-S2-1,0,4,DT,0.0666141772936135,0.04993952349952748,0.030028608275334098,0.04993952349952748,0.009999586235167814,0.002749280804827503,0,0.009866952896118164,0.007030010223388672
