Feature,Dataset,T,CV,ML,Acc,b_Acc,Prec,Rec,F1,kap,ROC,tra-T,test-T
icmp.data_time_relative,AD-S1-2,0,0,DT,0.06559221896226036,0.04775334791450827,0.05073430645289942,0.04775334791450827,0.006115787894330828,0.00020117288739207595,0,0.012544631958007812,0.0035524368286132812
icmp.data_time_relative,AD-S1-2,0,1,DT,0.06559221896226036,0.04775334791450827,0.05073430645289942,0.04775334791450827,0.006115787894330828,0.00020117288739207595,0,0.016596078872680664,0.015061378479003906
icmp.data_time_relative,AD-S1-2,0,2,DT,0.06559221896226036,0.04775334791450827,0.05073430645289942,0.04775334791450827,0.006115787894330828,0.00020117288739207595,0,0.0,0.015697240829467773
icmp.data_time_relative,AD-S1-2,0,3,DT,0.06559221896226036,0.04775334791450827,0.05073430645289942,0.04775334791450827,0.006115787894330828,0.00020117288739207595,0,0.014625072479248047,0.0
icmp.data_time_relative,AD-S1-2,0,4,DT,0.06559221896226036,0.04775334791450827,0.05073430645289942,0.04775334791450827,0.006115787894330828,0.00020117288739207595,0,0.01575303077697754,0.0
