Feature,Dataset,T,CV,ML,Acc,b_Acc,Prec,Rec,F1,kap,ROC,tra-T,test-T
tcp.analysis.rto,AD-S2-1,0,0,DT,0.07544271774485002,0.059472608273677556,0.20017120826910564,0.059472608273677556,0.02695985325201436,0.012258886263954882,0,0.012228250503540039,0.006161689758300781
tcp.analysis.rto,AD-S2-1,0,1,DT,0.07544271774485002,0.059472608273677556,0.20017120826910564,0.059472608273677556,0.02695985325201436,0.012258886263954882,0,0.015626907348632812,0.0
tcp.analysis.rto,AD-S2-1,0,2,DT,0.07544271774485002,0.059472608273677556,0.20017120826910564,0.059472608273677556,0.02695985325201436,0.012258886263954882,0,0.015617609024047852,0.015629053115844727
tcp.analysis.rto,AD-S2-1,0,3,DT,0.07544271774485002,0.059472608273677556,0.20017120826910564,0.059472608273677556,0.02695985325201436,0.012258886263954882,0,0.012334823608398438,0.0022172927856445312
tcp.analysis.rto,AD-S2-1,0,4,DT,0.07544271774485002,0.059472608273677556,0.20017120826910564,0.059472608273677556,0.02695985325201436,0.012258886263954882,0,0.014997005462646484,0.009645223617553711
