Feature,Dataset,T,CV,ML,Acc,b_Acc,Prec,Rec,F1,kap,ROC,tra-T,test-T
tls.handshake.extensions_supported_groups_length,DI-S2-1,0,0,DT,0.06337201887514347,0.04977966968531903,0.08880748208329925,0.04977966968531903,0.009656294458755474,0.0024814563149792024,0,0.012008905410766602,0.00997471809387207
tls.handshake.extensions_supported_groups_length,DI-S2-1,0,1,DT,0.06337201887514347,0.04977966968531903,0.08880748208329925,0.04977966968531903,0.009656294458755474,0.0024814563149792024,0,0.012726783752441406,0.007709026336669922
tls.handshake.extensions_supported_groups_length,DI-S2-1,0,2,DT,0.06337201887514347,0.04977966968531903,0.08880748208329925,0.04977966968531903,0.009656294458755474,0.0024814563149792024,0,0.012108564376831055,0.008158683776855469
tls.handshake.extensions_supported_groups_length,DI-S2-1,0,3,DT,0.06337201887514347,0.04977966968531903,0.08880748208329925,0.04977966968531903,0.009656294458755474,0.0024814563149792024,0,0.012118101119995117,0.00810384750366211
tls.handshake.extensions_supported_groups_length,DI-S2-1,0,4,DT,0.06337201887514347,0.04977966968531903,0.08880748208329925,0.04977966968531903,0.009656294458755474,0.0024814563149792024,0,0.015623807907104492,0.0
