Feature,Dataset,T,CV,ML,Acc,b_Acc,Prec,Rec,F1,kap,ROC,tra-T,test-T
tcp.analysis.ack_lost_segment,DI-S2-1,0,0,DT,0.05547761765080984,0.058586928797064765,0.04901924861829119,0.058586928797064765,0.022186718439095327,0.0076232592639583485,0,0.00911092758178711,0.0
tcp.analysis.ack_lost_segment,DI-S2-1,0,1,DT,0.05547761765080984,0.058586928797064765,0.04901924861829119,0.058586928797064765,0.022186718439095327,0.0076232592639583485,0,0.0,0.015530586242675781
tcp.analysis.ack_lost_segment,DI-S2-1,0,2,DT,0.05547761765080984,0.058586928797064765,0.04901924861829119,0.058586928797064765,0.022186718439095327,0.0076232592639583485,0,0.0,0.0186614990234375
tcp.analysis.ack_lost_segment,DI-S2-1,0,3,DT,0.05547761765080984,0.058586928797064765,0.04901924861829119,0.058586928797064765,0.022186718439095327,0.0076232592639583485,0,0.015619277954101562,0.01674365997314453
tcp.analysis.ack_lost_segment,DI-S2-1,0,4,DT,0.05547761765080984,0.058586928797064765,0.04901924861829119,0.058586928797064765,0.022186718439095327,0.0076232592639583485,0,0.0,0.01562047004699707
