Feature,Dataset,T,CV,ML,Acc,b_Acc,Prec,Rec,F1,kap,ROC,tra-T,test-T
tcp.analysis.push_bytes_sent,DI-S1-2,0,0,DT,0.3311951126384116,0.31641377830993767,0.7032920017002101,0.31641377830993767,0.3610527709860203,0.2909292553983205,0,0.043831586837768555,0.01876068115234375
tcp.analysis.push_bytes_sent,DI-S1-2,0,1,DT,0.3311951126384116,0.31641377830993767,0.7032920017002101,0.31641377830993767,0.3610527709860203,0.2909292553983205,0,0.03992748260498047,0.04853248596191406
tcp.analysis.push_bytes_sent,DI-S1-2,0,2,DT,0.3311951126384116,0.31641377830993767,0.7032920017002101,0.31641377830993767,0.3610527709860203,0.2909292553983205,0,0.041371822357177734,0.019546985626220703
tcp.analysis.push_bytes_sent,DI-S1-2,0,3,DT,0.3311951126384116,0.31641377830993767,0.7032920017002101,0.31641377830993767,0.3610527709860203,0.2909292553983205,0,0.04174518585205078,0.018727540969848633
tcp.analysis.push_bytes_sent,DI-S1-2,0,4,DT,0.3311951126384116,0.31641377830993767,0.7032920017002101,0.31641377830993767,0.3610527709860203,0.2909292553983205,0,0.04064679145812988,0.02171468734741211
