Feature,Dataset,T,CV,ML,Acc,b_Acc,Prec,Rec,F1,kap,ROC,tra-T,test-T
ipv6.opt.length,DI-S2-1,0,0,DT,0.0811631169493687,0.07610585622753308,0.08478598585507735,0.07610585622753308,0.03619713992338799,0.03418606273317004,0,0.0,0.015732765197753906
ipv6.opt.length,DI-S2-1,0,1,DT,0.0811631169493687,0.07610585622753308,0.08478598585507735,0.07610585622753308,0.03619713992338799,0.03418606273317004,0,0.01562666893005371,0.0
ipv6.opt.length,DI-S2-1,0,2,DT,0.0811631169493687,0.07610585622753308,0.08478598585507735,0.07610585622753308,0.03619713992338799,0.03418606273317004,0,0.015019416809082031,0.0
ipv6.opt.length,DI-S2-1,0,3,DT,0.0811631169493687,0.07610585622753308,0.08478598585507735,0.07610585622753308,0.03619713992338799,0.03418606273317004,0,0.01567840576171875,0.0008685588836669922
ipv6.opt.length,DI-S2-1,0,4,DT,0.0811631169493687,0.07610585622753308,0.08478598585507735,0.07610585622753308,0.03619713992338799,0.03418606273317004,0,0.015625953674316406,0.0007104873657226562
