Feature,Dataset,T,CV,ML,Acc,b_Acc,Prec,Rec,F1,kap,ROC,tra-T,test-T
tls.handshake.client_point_len,DI-S2-1,0,0,DT,0.04796582068613697,0.047166430842739915,0.03812109495193536,0.047166430842739915,0.005393150988820828,-0.0004195132408724156,0,0.0,0.021615266799926758
tls.handshake.client_point_len,DI-S2-1,0,1,DT,0.04796582068613697,0.047166430842739915,0.03812109495193536,0.047166430842739915,0.005393150988820828,-0.0004195132408724156,0,0.0,0.015619993209838867
tls.handshake.client_point_len,DI-S2-1,0,2,DT,0.04796582068613697,0.047166430842739915,0.03812109495193536,0.047166430842739915,0.005393150988820828,-0.0004195132408724156,0,0.0,0.015627384185791016
tls.handshake.client_point_len,DI-S2-1,0,3,DT,0.04796582068613697,0.047166430842739915,0.03812109495193536,0.047166430842739915,0.005393150988820828,-0.0004195132408724156,0,0.0,0.014105558395385742
tls.handshake.client_point_len,DI-S2-1,0,4,DT,0.04796582068613697,0.047166430842739915,0.03812109495193536,0.047166430842739915,0.005393150988820828,-0.0004195132408724156,0,0.015616893768310547,0.0
