Feature,Dataset,T,CV,ML,Acc,b_Acc,Prec,Rec,F1,kap,ROC,tra-T,test-T
ip.version,DI-S1-2,0,0,DT,0.11388570701285478,0.09625847918472238,0.05606256565368996,0.09625847918472238,0.05622402590986016,0.057243151961045236,0,0.012006044387817383,0.00800013542175293
ip.version,DI-S1-2,0,1,DT,0.11388570701285478,0.09625847918472238,0.05606256565368996,0.09625847918472238,0.05622402590986016,0.057243151961045236,0,0.012003898620605469,0.01201176643371582
ip.version,DI-S1-2,0,2,DT,0.11388570701285478,0.09625847918472238,0.05606256565368996,0.09625847918472238,0.05622402590986016,0.057243151961045236,0,0.008233308792114258,0.012108087539672852
ip.version,DI-S1-2,0,3,DT,0.11388570701285478,0.09625847918472238,0.05606256565368996,0.09625847918472238,0.05622402590986016,0.057243151961045236,0,0.012104034423828125,0.015913963317871094
ip.version,DI-S1-2,0,4,DT,0.11388570701285478,0.09625847918472238,0.05606256565368996,0.09625847918472238,0.05622402590986016,0.057243151961045236,0,0.012001991271972656,0.007985591888427734
