Feature,Dataset,T,CV,ML,Acc,b_Acc,Prec,Rec,F1,kap,ROC,tra-T,test-T
dns.retransmit_request,DI-S2-1,0,0,DT,0.04834842494579773,0.047619047619047616,0.002302305949799892,0.047619047619047616,0.0043922533673266635,0.0,0,0.012001514434814453,0.00810694694519043
dns.retransmit_request,DI-S2-1,0,1,DT,0.04834842494579773,0.047619047619047616,0.002302305949799892,0.047619047619047616,0.0043922533673266635,0.0,0,0.012003421783447266,0.007998228073120117
dns.retransmit_request,DI-S2-1,0,2,DT,0.04834842494579773,0.047619047619047616,0.002302305949799892,0.047619047619047616,0.0043922533673266635,0.0,0,0.01888871192932129,0.005159854888916016
dns.retransmit_request,DI-S2-1,0,3,DT,0.04834842494579773,0.047619047619047616,0.002302305949799892,0.047619047619047616,0.0043922533673266635,0.0,0,0.015731334686279297,0.0
dns.retransmit_request,DI-S2-1,0,4,DT,0.04834842494579773,0.047619047619047616,0.002302305949799892,0.047619047619047616,0.0043922533673266635,0.0,0,0.015616178512573242,0.0
