Feature,Dataset,T,CV,ML,Acc,b_Acc,Prec,Rec,F1,kap,ROC,tra-T,test-T
tcp.connection.fin,DI-S1-2,0,0,DT,0.06965763013872979,0.05325866793756702,0.013509236382962989,0.05325866793756702,0.01309757910126764,0.007759016844145372,0,0.016122817993164062,0.06434965133666992
tcp.connection.fin,DI-S1-2,0,1,DT,0.06965763013872979,0.05325866793756702,0.013509236382962989,0.05325866793756702,0.01309757910126764,0.007759016844145372,0,0.01200246810913086,0.012000799179077148
tcp.connection.fin,DI-S1-2,0,2,DT,0.06965763013872979,0.05325866793756702,0.013509236382962989,0.05325866793756702,0.01309757910126764,0.007759016844145372,0,0.01606154441833496,0.012000322341918945
tcp.connection.fin,DI-S1-2,0,3,DT,0.06965763013872979,0.05325866793756702,0.013509236382962989,0.05325866793756702,0.01309757910126764,0.007759016844145372,0,0.015614986419677734,0.01563715934753418
tcp.connection.fin,DI-S1-2,0,4,DT,0.06965763013872979,0.05325866793756702,0.013509236382962989,0.05325866793756702,0.01309757910126764,0.007759016844145372,0,0.01663064956665039,0.015127897262573242
