Feature,Dataset,T,CV,ML,Acc,b_Acc,Prec,Rec,F1,kap,ROC,tra-T,test-T
icmp.unused,DI-S2-1,0,0,DT,0.04861624792756026,0.04782438642808253,0.03260630562007241,0.04782438642808253,0.004801930889770942,0.00027534558279007637,0,0.01562356948852539,0.0
icmp.unused,DI-S2-1,0,1,DT,0.04861624792756026,0.04782438642808253,0.03260630562007241,0.04782438642808253,0.004801930889770942,0.00027534558279007637,0,0.015630245208740234,0.007604360580444336
icmp.unused,DI-S2-1,0,2,DT,0.04861624792756026,0.04782438642808253,0.03260630562007241,0.04782438642808253,0.004801930889770942,0.00027534558279007637,0,0.0156252384185791,0.015625953674316406
icmp.unused,DI-S2-1,0,3,DT,0.04861624792756026,0.04782438642808253,0.03260630562007241,0.04782438642808253,0.004801930889770942,0.00027534558279007637,0,0.015568017959594727,0.015679359436035156
icmp.unused,DI-S2-1,0,4,DT,0.04861624792756026,0.04782438642808253,0.03260630562007241,0.04782438642808253,0.004801930889770942,0.00027534558279007637,0,0.012108802795410156,0.007998943328857422
