Feature,Dataset,T,CV,ML,Acc,b_Acc,Prec,Rec,F1,kap,ROC,tra-T,test-T
tcp.options.timestamp.tsval,DI-S2-1,0,0,DT,0.06840964162734345,0.06633826214234848,0.03387811875594099,0.06633826214234848,0.024839724107698816,0.017258787697339906,0,0.15762662887573242,0.015735149383544922
tcp.options.timestamp.tsval,DI-S2-1,0,1,DT,0.06840964162734345,0.06633826214234848,0.03387811875594099,0.06633826214234848,0.024839724107698816,0.017258787697339906,0,0.18878602981567383,0.015733718872070312
tcp.options.timestamp.tsval,DI-S2-1,0,2,DT,0.06840964162734345,0.06633826214234848,0.03387811875594099,0.06633826214234848,0.024839724107698816,0.017258787697339906,0,0.15714526176452637,0.016361474990844727
tcp.options.timestamp.tsval,DI-S2-1,0,3,DT,0.06840964162734345,0.06633826214234848,0.03387811875594099,0.06633826214234848,0.024839724107698816,0.017258787697339906,0,0.1723935604095459,0.015619993209838867
tcp.options.timestamp.tsval,DI-S2-1,0,4,DT,0.06840964162734345,0.06633826214234848,0.03387811875594099,0.06633826214234848,0.024839724107698816,0.017258787697339906,0,0.17310023307800293,0.0
