Feature,Dataset,T,CV,ML,Acc,b_Acc,Prec,Rec,F1,kap,ROC,tra-T,test-T
dns.flags.response,DI-S2-1,0,0,DT,0.06626705777324321,0.05182773822813786,0.04310420025940588,0.05182773822813786,0.011877058159706829,0.005607789719766387,0,0.015542268753051758,0.0
dns.flags.response,DI-S2-1,0,1,DT,0.06626705777324321,0.05182773822813786,0.04310420025940588,0.05182773822813786,0.011877058159706829,0.005607789719766387,0,0.01563096046447754,0.0
dns.flags.response,DI-S2-1,0,2,DT,0.06626705777324321,0.05182773822813786,0.04310420025940588,0.05182773822813786,0.011877058159706829,0.005607789719766387,0,0.015629053115844727,0.0026221275329589844
dns.flags.response,DI-S2-1,0,3,DT,0.06626705777324321,0.05182773822813786,0.04310420025940588,0.05182773822813786,0.011877058159706829,0.005607789719766387,0,0.015548229217529297,0.0
dns.flags.response,DI-S2-1,0,4,DT,0.06626705777324321,0.05182773822813786,0.04310420025940588,0.05182773822813786,0.011877058159706829,0.005607789719766387,0,0.0,0.02475285530090332
