Feature,Dataset,T,CV,ML,Acc,b_Acc,Prec,Rec,F1,kap,ROC,tra-T,test-T
tls.handshake.sig_hash_alg,DI-S2-1,0,0,DT,0.06334651192449943,0.049694469200876765,0.10859413888259145,0.049694469200876765,0.009417416830892535,0.002456507475114278,0,0.015628576278686523,0.0020089149475097656
tls.handshake.sig_hash_alg,DI-S2-1,0,1,DT,0.06334651192449943,0.049694469200876765,0.10859413888259145,0.049694469200876765,0.009417416830892535,0.002456507475114278,0,0.0,0.017684221267700195
tls.handshake.sig_hash_alg,DI-S2-1,0,2,DT,0.06334651192449943,0.049694469200876765,0.10859413888259145,0.049694469200876765,0.009417416830892535,0.002456507475114278,0,0.015628814697265625,0.0
tls.handshake.sig_hash_alg,DI-S2-1,0,3,DT,0.06334651192449943,0.049694469200876765,0.10859413888259145,0.049694469200876765,0.009417416830892535,0.002456507475114278,0,0.015598535537719727,0.0
tls.handshake.sig_hash_alg,DI-S2-1,0,4,DT,0.06334651192449943,0.049694469200876765,0.10859413888259145,0.049694469200876765,0.009417416830892535,0.002456507475114278,0,0.0,0.015696048736572266
