Feature,Dataset,T,CV,ML,Acc,b_Acc,Prec,Rec,F1,kap,ROC,tra-T,test-T
icmp.checksum,DI-S2-1,0,0,DT,0.05593674276240276,0.05387606529823166,0.059386639634978845,0.05387606529823166,0.015418799869980907,0.0076786099971247745,0,0.03183889389038086,0.0
icmp.checksum,DI-S2-1,0,1,DT,0.05593674276240276,0.05387606529823166,0.059386639634978845,0.05387606529823166,0.015418799869980907,0.0076786099971247745,0,0.01734185218811035,0.016633033752441406
icmp.checksum,DI-S2-1,0,2,DT,0.05593674276240276,0.05387606529823166,0.059386639634978845,0.05387606529823166,0.015418799869980907,0.0076786099971247745,0,0.031234025955200195,0.0
icmp.checksum,DI-S2-1,0,3,DT,0.05593674276240276,0.05387606529823166,0.059386639634978845,0.05387606529823166,0.015418799869980907,0.0076786099971247745,0,0.031365156173706055,0.0
icmp.checksum,DI-S2-1,0,4,DT,0.05593674276240276,0.05387606529823166,0.059386639634978845,0.05387606529823166,0.015418799869980907,0.0076786099971247745,0,0.015630722045898438,0.021633625030517578
