Feature,Dataset,T,CV,ML,Acc,b_Acc,Prec,Rec,F1,kap,ROC,tra-T,test-T
tcp.hdr_len,DI-S2-1,0,0,DT,0.15387067976023466,0.14241060503078845,0.11711860873337517,0.14241060503078845,0.05211330645431002,0.10659916845464479,0,0.01573634147644043,0.015620946884155273
tcp.hdr_len,DI-S2-1,0,1,DT,0.15387067976023466,0.14241060503078845,0.11711860873337517,0.14241060503078845,0.05211330645431002,0.10659916845464479,0,0.0162200927734375,0.01573920249938965
tcp.hdr_len,DI-S2-1,0,2,DT,0.15387067976023466,0.14241060503078845,0.11711860873337517,0.14241060503078845,0.05211330645431002,0.10659916845464479,0,0.015626192092895508,0.0
tcp.hdr_len,DI-S2-1,0,3,DT,0.15387067976023466,0.14241060503078845,0.11711860873337517,0.14241060503078845,0.05211330645431002,0.10659916845464479,0,0.015607595443725586,0.015635967254638672
tcp.hdr_len,DI-S2-1,0,4,DT,0.15387067976023466,0.14241060503078845,0.11711860873337517,0.14241060503078845,0.05211330645431002,0.10659916845464479,0,0.0,0.015621423721313477
