Feature,Dataset,T,CV,ML,Acc,b_Acc,Prec,Rec,F1,kap,ROC,tra-T,test-T
icmp.type,DI-S2-1,0,0,DT,0.06277260553500828,0.059364538147502297,0.09954438801532195,0.059364538147502297,0.021417716215568774,0.014841204429969501,0,0.013608217239379883,0.016017436981201172
icmp.type,DI-S2-1,0,1,DT,0.06277260553500828,0.059364538147502297,0.09954438801532195,0.059364538147502297,0.021417716215568774,0.014841204429969501,0,0.012599706649780273,0.01572561264038086
icmp.type,DI-S2-1,0,2,DT,0.06277260553500828,0.059364538147502297,0.09954438801532195,0.059364538147502297,0.021417716215568774,0.014841204429969501,0,0.015618562698364258,0.015642642974853516
icmp.type,DI-S2-1,0,3,DT,0.06277260553500828,0.059364538147502297,0.09954438801532195,0.059364538147502297,0.021417716215568774,0.014841204429969501,0,0.015614509582519531,0.0
icmp.type,DI-S2-1,0,4,DT,0.06277260553500828,0.059364538147502297,0.09954438801532195,0.059364538147502297,0.021417716215568774,0.014841204429969501,0,0.015575885772705078,0.015677213668823242
