Feature,Dataset,T,CV,ML,Acc,b_Acc,Prec,Rec,F1,kap,ROC,tra-T,test-T
ntp.rootdispersion,DI-S1-2,0,0,DT,0.06656484663357516,0.052952356057718045,0.159293795208654,0.052952356057718045,0.01577639396948693,0.006051934739154441,0,0.013524055480957031,0.016469955444335938
ntp.rootdispersion,DI-S1-2,0,1,DT,0.06656484663357516,0.052952356057718045,0.159293795208654,0.052952356057718045,0.01577639396948693,0.006051934739154441,0,0.011570930480957031,0.010810136795043945
ntp.rootdispersion,DI-S1-2,0,2,DT,0.06656484663357516,0.052952356057718045,0.159293795208654,0.052952356057718045,0.01577639396948693,0.006051934739154441,0,0.020076274871826172,0.011299371719360352
ntp.rootdispersion,DI-S1-2,0,3,DT,0.06656484663357516,0.052952356057718045,0.159293795208654,0.052952356057718045,0.01577639396948693,0.006051934739154441,0,0.016182899475097656,0.016402006149291992
ntp.rootdispersion,DI-S1-2,0,4,DT,0.06656484663357516,0.052952356057718045,0.159293795208654,0.052952356057718045,0.01577639396948693,0.006051934739154441,0,0.01691889762878418,0.01439809799194336
