Feature,Dataset,T,CV,ML,Acc,b_Acc,Prec,Rec,F1,kap,ROC,tra-T,test-T
dns.count.answers,DI-S2-1,0,0,DT,0.06644560642775156,0.05197293151794729,0.11568174565164442,0.05197293151794729,0.012189034625216241,0.005798560894866744,0,0.011101961135864258,0.009628057479858398
dns.count.answers,DI-S2-1,0,1,DT,0.06644560642775156,0.05197293151794729,0.11568174565164442,0.05197293151794729,0.012189034625216241,0.005798560894866744,0,0.012106657028198242,0.008947372436523438
dns.count.answers,DI-S2-1,0,2,DT,0.06644560642775156,0.05197293151794729,0.11568174565164442,0.05197293151794729,0.012189034625216241,0.005798560894866744,0,0.0,0.015635013580322266
dns.count.answers,DI-S2-1,0,3,DT,0.06644560642775156,0.05197293151794729,0.11568174565164442,0.05197293151794729,0.012189034625216241,0.005798560894866744,0,0.024225711822509766,0.007609367370605469
dns.count.answers,DI-S2-1,0,4,DT,0.06644560642775156,0.05197293151794729,0.11568174565164442,0.05197293151794729,0.012189034625216241,0.005798560894866744,0,0.015716552734375,0.0
