Feature,Dataset,T,CV,ML,Acc,b_Acc,Prec,Rec,F1,kap,ROC,tra-T,test-T
tcp.ack_raw,DI-S2-1,0,0,DT,0.09491136334651193,0.08904489706113765,0.09657058292227916,0.08904489706113765,0.06180502559181405,0.04407915721808653,0,0.2504396438598633,0.020003557205200195
tcp.ack_raw,DI-S2-1,0,1,DT,0.09491136334651193,0.08904489706113765,0.09657058292227916,0.08904489706113765,0.06180502559181405,0.04407915721808653,0,0.24106049537658691,0.020009279251098633
tcp.ack_raw,DI-S2-1,0,2,DT,0.09491136334651193,0.08904489706113765,0.09657058292227916,0.08904489706113765,0.06180502559181405,0.04407915721808653,0,0.23630118370056152,0.03130197525024414
tcp.ack_raw,DI-S2-1,0,3,DT,0.09491136334651193,0.08904489706113765,0.09657058292227916,0.08904489706113765,0.06180502559181405,0.04407915721808653,0,0.23581528663635254,0.015627622604370117
tcp.ack_raw,DI-S2-1,0,4,DT,0.09491136334651193,0.08904489706113765,0.09657058292227916,0.08904489706113765,0.06180502559181405,0.04407915721808653,0,0.23560214042663574,0.01572132110595703
