Feature,Dataset,T,CV,ML,Acc,b_Acc,Prec,Rec,F1,kap,ROC,tra-T,test-T
srcport,DI-S1-2,0,0,DT,0.186572483136057,0.16965969383997498,0.457059394272508,0.16965969383997498,0.1754239436639525,0.13445353228941226,0,0.031812429428100586,0.012010812759399414
srcport,DI-S1-2,0,1,DT,0.186572483136057,0.16965969383997498,0.457059394272508,0.16965969383997498,0.1754239436639525,0.13445353228941226,0,0.02839970588684082,0.012571334838867188
srcport,DI-S1-2,0,2,DT,0.186572483136057,0.16965969383997498,0.457059394272508,0.16965969383997498,0.1754239436639525,0.13445353228941226,0,0.032113075256347656,0.00799250602722168
srcport,DI-S1-2,0,3,DT,0.186572483136057,0.16965969383997498,0.457059394272508,0.16965969383997498,0.1754239436639525,0.13445353228941226,0,0.03606724739074707,0.011982917785644531
srcport,DI-S1-2,0,4,DT,0.186572483136057,0.16965969383997498,0.457059394272508,0.16965969383997498,0.1754239436639525,0.13445353228941226,0,0.03207707405090332,0.011993169784545898
