Feature,Dataset,T,CV,ML,Acc,b_Acc,Prec,Rec,F1,kap,ROC,tra-T,test-T
tcp.reassembled.length,DI-S2-1,0,0,DT,0.0631807167453131,0.05999155334893795,0.33783095027217225,0.05999155334893795,0.02797346282373938,0.015433470312439024,0,0.018143653869628906,0.013612031936645508
tcp.reassembled.length,DI-S2-1,0,1,DT,0.0631807167453131,0.05999155334893795,0.33783095027217225,0.05999155334893795,0.02797346282373938,0.015433470312439024,0,0.0,0.01573634147644043
tcp.reassembled.length,DI-S2-1,0,2,DT,0.0631807167453131,0.05999155334893795,0.33783095027217225,0.05999155334893795,0.02797346282373938,0.015433470312439024,0,0.015098333358764648,0.015730619430541992
tcp.reassembled.length,DI-S2-1,0,3,DT,0.0631807167453131,0.05999155334893795,0.33783095027217225,0.05999155334893795,0.02797346282373938,0.015433470312439024,0,0.0156862735748291,0.0
tcp.reassembled.length,DI-S2-1,0,4,DT,0.0631807167453131,0.05999155334893795,0.33783095027217225,0.05999155334893795,0.02797346282373938,0.015433470312439024,0,0.015626192092895508,0.0
