Feature,Dataset,T,CV,ML,Acc,b_Acc,Prec,Rec,F1,kap,ROC,tra-T,test-T
tls.handshake.extensions_reneg_info_len,DI-S2-1,0,0,DT,0.047991327636781024,0.047236346813319285,0.009562790963816105,0.047236346813319285,0.00460913375230199,-0.00038814519034557904,0,0.007622480392456055,0.015728235244750977
tls.handshake.extensions_reneg_info_len,DI-S2-1,0,1,DT,0.047991327636781024,0.047236346813319285,0.009562790963816105,0.047236346813319285,0.00460913375230199,-0.00038814519034557904,0,0.016225576400756836,0.0
tls.handshake.extensions_reneg_info_len,DI-S2-1,0,2,DT,0.047991327636781024,0.047236346813319285,0.009562790963816105,0.047236346813319285,0.00460913375230199,-0.00038814519034557904,0,0.005112648010253906,0.015735626220703125
tls.handshake.extensions_reneg_info_len,DI-S2-1,0,3,DT,0.047991327636781024,0.047236346813319285,0.009562790963816105,0.047236346813319285,0.00460913375230199,-0.00038814519034557904,0,0.015585899353027344,0.0
tls.handshake.extensions_reneg_info_len,DI-S2-1,0,4,DT,0.047991327636781024,0.047236346813319285,0.009562790963816105,0.047236346813319285,0.00460913375230199,-0.00038814519034557904,0,0.015619993209838867,0.012613296508789062
