Feature,Dataset,T,CV,ML,Acc,b_Acc,Prec,Rec,F1,kap,ROC,tra-T,test-T
ip.opt.type.class,DI-S1-2,0,0,DT,0.10554919180348733,0.08721411404837981,0.03236423020155745,0.08721411404837981,0.039602010131784916,0.048041974405599874,0,0.014731168746948242,0.011304855346679688
ip.opt.type.class,DI-S1-2,0,1,DT,0.10554919180348733,0.08721411404837981,0.03236423020155745,0.08721411404837981,0.039602010131784916,0.048041974405599874,0,0.01988506317138672,0.013785362243652344
ip.opt.type.class,DI-S1-2,0,2,DT,0.10554919180348733,0.08721411404837981,0.03236423020155745,0.08721411404837981,0.039602010131784916,0.048041974405599874,0,0.014643669128417969,0.015049457550048828
ip.opt.type.class,DI-S1-2,0,3,DT,0.10554919180348733,0.08721411404837981,0.03236423020155745,0.08721411404837981,0.039602010131784916,0.048041974405599874,0,0.013103008270263672,0.017126798629760742
ip.opt.type.class,DI-S1-2,0,4,DT,0.10554919180348733,0.08721411404837981,0.03236423020155745,0.08721411404837981,0.039602010131784916,0.048041974405599874,0,0.015724897384643555,0.017684221267700195
