Feature,Dataset,T,CV,ML,Acc,b_Acc,Prec,Rec,F1,kap,ROC,tra-T,test-T
tls.handshake.server_named_curve,DI-S2-1,0,0,DT,0.04847595969901798,0.04772081946691906,0.0499216472303207,0.04772081946691906,0.004595897371329793,0.00013249660467817836,0,0.015630722045898438,0.015624284744262695
tls.handshake.server_named_curve,DI-S2-1,0,1,DT,0.04847595969901798,0.04772081946691906,0.0499216472303207,0.04772081946691906,0.004595897371329793,0.00013249660467817836,0,0.015627145767211914,0.011115312576293945
tls.handshake.server_named_curve,DI-S2-1,0,2,DT,0.04847595969901798,0.04772081946691906,0.0499216472303207,0.04772081946691906,0.004595897371329793,0.00013249660467817836,0,0.0,0.015624046325683594
tls.handshake.server_named_curve,DI-S2-1,0,3,DT,0.04847595969901798,0.04772081946691906,0.0499216472303207,0.04772081946691906,0.004595897371329793,0.00013249660467817836,0,0.0013015270233154297,0.014596223831176758
tls.handshake.server_named_curve,DI-S2-1,0,4,DT,0.04847595969901798,0.04772081946691906,0.0499216472303207,0.04772081946691906,0.004595897371329793,0.00013249660467817836,0,0.015624761581420898,0.0
