Feature,Dataset,T,CV,ML,Acc,b_Acc,Prec,Rec,F1,kap,ROC,tra-T,test-T
ip.bogus_ip_length,DI-S2-1,0,0,DT,0.09539599540874888,0.07760987803193026,0.05808470968225872,0.07760987803193026,0.035701899866085345,0.03696116962169482,0,0.0,0.015627622604370117
ip.bogus_ip_length,DI-S2-1,0,1,DT,0.09539599540874888,0.07760987803193026,0.05808470968225872,0.07760987803193026,0.035701899866085345,0.03696116962169482,0,0.0,0.015744686126708984
ip.bogus_ip_length,DI-S2-1,0,2,DT,0.09539599540874888,0.07760987803193026,0.05808470968225872,0.07760987803193026,0.035701899866085345,0.03696116962169482,0,0.0,0.01566028594970703
ip.bogus_ip_length,DI-S2-1,0,3,DT,0.09539599540874888,0.07760987803193026,0.05808470968225872,0.07760987803193026,0.035701899866085345,0.03696116962169482,0,0.015633821487426758,0.0
ip.bogus_ip_length,DI-S2-1,0,4,DT,0.09539599540874888,0.07760987803193026,0.05808470968225872,0.07760987803193026,0.035701899866085345,0.03696116962169482,0,0.015534162521362305,0.0
