Feature,Dataset,T,CV,ML,Acc,b_Acc,Prec,Rec,F1,kap,ROC,tra-T,test-T
http.time,DI-S2-1,0,0,DT,0.0567147047570463,0.054530078414880036,0.15607789533338562,0.054530078414880036,0.017437309421746545,0.008695053281580045,0,0.015102148056030273,0.0
http.time,DI-S2-1,0,1,DT,0.0567147047570463,0.054530078414880036,0.15607789533338562,0.054530078414880036,0.017437309421746545,0.008695053281580045,0,0.015631437301635742,0.015533208847045898
http.time,DI-S2-1,0,2,DT,0.0567147047570463,0.054530078414880036,0.15607789533338562,0.054530078414880036,0.017437309421746545,0.008695053281580045,0,0.015622854232788086,0.015623807907104492
http.time,DI-S2-1,0,3,DT,0.0567147047570463,0.054530078414880036,0.15607789533338562,0.054530078414880036,0.017437309421746545,0.008695053281580045,0,0.015621423721313477,0.015622377395629883
http.time,DI-S2-1,0,4,DT,0.0567147047570463,0.054530078414880036,0.15607789533338562,0.054530078414880036,0.017437309421746545,0.008695053281580045,0,0.015530109405517578,0.01571822166442871
