Feature,Dataset,T,CV,ML,Acc,b_Acc,Prec,Rec,F1,kap,ROC,tra-T,test-T
tcp.analysis.spurious_retransmission,DI-S1-2,0,0,DT,0.0626829578719613,0.04939538136306049,0.019406497526738682,0.04939538136306049,0.00877974379629842,0.0019334103653175783,0,0.013641119003295898,0.01307535171508789
tcp.analysis.spurious_retransmission,DI-S1-2,0,1,DT,0.0626829578719613,0.04939538136306049,0.019406497526738682,0.04939538136306049,0.00877974379629842,0.0019334103653175783,0,0.013754844665527344,0.013633251190185547
tcp.analysis.spurious_retransmission,DI-S1-2,0,2,DT,0.0626829578719613,0.04939538136306049,0.019406497526738682,0.04939538136306049,0.00877974379629842,0.0019334103653175783,0,0.014134883880615234,0.07415056228637695
tcp.analysis.spurious_retransmission,DI-S1-2,0,3,DT,0.0626829578719613,0.04939538136306049,0.019406497526738682,0.04939538136306049,0.00877974379629842,0.0019334103653175783,0,0.015635967254638672,0.0
tcp.analysis.spurious_retransmission,DI-S1-2,0,4,DT,0.0626829578719613,0.04939538136306049,0.019406497526738682,0.04939538136306049,0.00877974379629842,0.0019334103653175783,0,0.012291669845581055,0.007380008697509766
