Feature,Dataset,T,CV,ML,Acc,b_Acc,Prec,Rec,F1,kap,ROC,tra-T,test-T
ip.dsfield,DI-S2-1,0,0,DT,0.10376227521999745,0.08552191669350169,0.15496406410068322,0.08552191669350169,0.04197840548975882,0.046230083951822265,0,0.01561737060546875,0.015529632568359375
ip.dsfield,DI-S2-1,0,1,DT,0.10376227521999745,0.08552191669350169,0.15496406410068322,0.08552191669350169,0.04197840548975882,0.046230083951822265,0,0.01572895050048828,0.01873946189880371
ip.dsfield,DI-S2-1,0,2,DT,0.10376227521999745,0.08552191669350169,0.15496406410068322,0.08552191669350169,0.04197840548975882,0.046230083951822265,0,0.013005733489990234,0.015631914138793945
ip.dsfield,DI-S2-1,0,3,DT,0.10376227521999745,0.08552191669350169,0.15496406410068322,0.08552191669350169,0.04197840548975882,0.046230083951822265,0,0.015606403350830078,0.015539407730102539
ip.dsfield,DI-S2-1,0,4,DT,0.10376227521999745,0.08552191669350169,0.15496406410068322,0.08552191669350169,0.04197840548975882,0.046230083951822265,0,0.015622377395629883,0.011600017547607422
