Feature,Dataset,T,CV,ML,Acc,b_Acc,Prec,Rec,F1,kap,ROC,tra-T,test-T
http.prev_response_in,DI-S1-2,0,0,DT,0.0679903270968563,0.05372404768324041,0.05096671413896762,0.05372404768324041,0.016254136508666066,0.007566679273107613,0,0.03060770034790039,0.012328386306762695
http.prev_response_in,DI-S1-2,0,1,DT,0.0679903270968563,0.05372404768324041,0.05096671413896762,0.05372404768324041,0.016254136508666066,0.007566679273107613,0,0.024007797241210938,0.012363195419311523
http.prev_response_in,DI-S1-2,0,2,DT,0.0679903270968563,0.05372404768324041,0.05096671413896762,0.05372404768324041,0.016254136508666066,0.007566679273107613,0,0.017884016036987305,0.014066696166992188
http.prev_response_in,DI-S1-2,0,3,DT,0.0679903270968563,0.05372404768324041,0.05096671413896762,0.05372404768324041,0.016254136508666066,0.007566679273107613,0,0.023993492126464844,0.01380300521850586
http.prev_response_in,DI-S1-2,0,4,DT,0.0679903270968563,0.05372404768324041,0.05096671413896762,0.05372404768324041,0.016254136508666066,0.007566679273107613,0,0.01799178123474121,0.012452363967895508
