Feature,Dataset,T,CV,ML,Acc,b_Acc,Prec,Rec,F1,kap,ROC,tra-T,test-T
ipv6.opt.type.rest,DI-S1-2,0,0,DT,0.08515973017691231,0.06909275558564658,0.035710606862861614,0.06909275558564658,0.03158296884351093,0.026056629044673874,0,0.012000322341918945,0.007952451705932617
ipv6.opt.type.rest,DI-S1-2,0,1,DT,0.08515973017691231,0.06909275558564658,0.035710606862861614,0.06909275558564658,0.03158296884351093,0.026056629044673874,0,0.011919021606445312,0.011997222900390625
ipv6.opt.type.rest,DI-S1-2,0,2,DT,0.08515973017691231,0.06909275558564658,0.035710606862861614,0.06909275558564658,0.03158296884351093,0.026056629044673874,0,0.01200246810913086,0.008002042770385742
ipv6.opt.type.rest,DI-S1-2,0,3,DT,0.08515973017691231,0.06909275558564658,0.035710606862861614,0.06909275558564658,0.03158296884351093,0.026056629044673874,0,0.008074760437011719,0.012062311172485352
ipv6.opt.type.rest,DI-S1-2,0,4,DT,0.08515973017691231,0.06909275558564658,0.035710606862861614,0.06909275558564658,0.03158296884351093,0.026056629044673874,0,0.012056589126586914,0.0087127685546875
