Feature,Dataset,T,CV,ML,Acc,b_Acc,Prec,Rec,F1,kap,ROC,tra-T,test-T
tls.handshake.yc_len,DI-S1-2,0,0,DT,0.06135929744177167,0.0484985992884887,0.09814118550128328,0.0484985992884887,0.00720054892784129,0.0004640960291117935,0,0.012060165405273438,0.008122920989990234
tls.handshake.yc_len,DI-S1-2,0,1,DT,0.06135929744177167,0.0484985992884887,0.09814118550128328,0.0484985992884887,0.00720054892784129,0.0004640960291117935,0,0.015625,0.0
tls.handshake.yc_len,DI-S1-2,0,2,DT,0.06135929744177167,0.0484985992884887,0.09814118550128328,0.0484985992884887,0.00720054892784129,0.0004640960291117935,0,0.015535593032836914,0.015637874603271484
tls.handshake.yc_len,DI-S1-2,0,3,DT,0.06135929744177167,0.0484985992884887,0.09814118550128328,0.0484985992884887,0.00720054892784129,0.0004640960291117935,0,0.015630483627319336,0.0
tls.handshake.yc_len,DI-S1-2,0,4,DT,0.06135929744177167,0.0484985992884887,0.09814118550128328,0.0484985992884887,0.00720054892784129,0.0004640960291117935,0,0.0,0.01561737060546875
