Feature,Dataset,T,CV,ML,Acc,b_Acc,Prec,Rec,F1,kap,ROC,tra-T,test-T
dns.soa.minimum_ttl,DI-S1-2,0,0,DT,0.06095201730940562,0.047629233511586454,0.050520955496200184,0.047629233511586454,0.005490813821632813,1.3572933621253114e-05,0,0.014127731323242188,0.015745878219604492
dns.soa.minimum_ttl,DI-S1-2,0,1,DT,0.06095201730940562,0.047629233511586454,0.050520955496200184,0.047629233511586454,0.005490813821632813,1.3572933621253114e-05,0,0.015662193298339844,0.01559138298034668
dns.soa.minimum_ttl,DI-S1-2,0,2,DT,0.06095201730940562,0.047629233511586454,0.050520955496200184,0.047629233511586454,0.005490813821632813,1.3572933621253114e-05,0,0.015626192092895508,0.015627622604370117
dns.soa.minimum_ttl,DI-S1-2,0,3,DT,0.06095201730940562,0.047629233511586454,0.050520955496200184,0.047629233511586454,0.005490813821632813,1.3572933621253114e-05,0,0.015757322311401367,0.015619277954101562
dns.soa.minimum_ttl,DI-S1-2,0,4,DT,0.06095201730940562,0.047629233511586454,0.050520955496200184,0.047629233511586454,0.005490813821632813,1.3572933621253114e-05,0,0.015630245208740234,0.015621185302734375
