Feature,Dataset,T,CV,ML,Acc,b_Acc,Prec,Rec,F1,kap,ROC,tra-T,test-T
ipv6.opt.type.change,DI-S2-1,0,0,DT,0.08097181481953833,0.075959185649651,0.03701954672987444,0.075959185649651,0.03584469980084279,0.03398640443964196,0,0.0,0.013555526733398438
ipv6.opt.type.change,DI-S2-1,0,1,DT,0.08097181481953833,0.075959185649651,0.03701954672987444,0.075959185649651,0.03584469980084279,0.03398640443964196,0,0.015614986419677734,0.0
ipv6.opt.type.change,DI-S2-1,0,2,DT,0.08097181481953833,0.075959185649651,0.03701954672987444,0.075959185649651,0.03584469980084279,0.03398640443964196,0,0.015616893768310547,0.0
ipv6.opt.type.change,DI-S2-1,0,3,DT,0.08097181481953833,0.075959185649651,0.03701954672987444,0.075959185649651,0.03584469980084279,0.03398640443964196,0,0.006087541580200195,0.010128498077392578
ipv6.opt.type.change,DI-S2-1,0,4,DT,0.08097181481953833,0.075959185649651,0.03701954672987444,0.075959185649651,0.03584469980084279,0.03398640443964196,0,0.015623807907104492,0.015614986419677734
