Feature,Dataset,T,CV,ML,Acc,b_Acc,Prec,Rec,F1,kap,ROC,tra-T,test-T
dhcp.flags.reserved,DI-S2-1,0,0,DT,0.06726182884836118,0.06695179179551701,0.04764846385451179,0.06695179179551701,0.03159968892620339,0.019910379766549635,0,0.015638113021850586,0.015611886978149414
dhcp.flags.reserved,DI-S2-1,0,1,DT,0.06726182884836118,0.06695179179551701,0.04764846385451179,0.06695179179551701,0.03159968892620339,0.019910379766549635,0,0.015744686126708984,0.0
dhcp.flags.reserved,DI-S2-1,0,2,DT,0.06726182884836118,0.06695179179551701,0.04764846385451179,0.06695179179551701,0.03159968892620339,0.019910379766549635,0,0.015729188919067383,0.0
dhcp.flags.reserved,DI-S2-1,0,3,DT,0.06726182884836118,0.06695179179551701,0.04764846385451179,0.06695179179551701,0.03159968892620339,0.019910379766549635,0,0.0,0.015633344650268555
dhcp.flags.reserved,DI-S2-1,0,4,DT,0.06726182884836118,0.06695179179551701,0.04764846385451179,0.06695179179551701,0.03159968892620339,0.019910379766549635,0,0.00560760498046875,0.01060795783996582
