Feature,Dataset,T,CV,ML,Acc,b_Acc,Prec,Rec,F1,kap,ROC,tra-T,test-T
stun.att.error,DI-S1-2,0,0,DT,0.060939289805269185,0.047619047619047616,0.0029018709431080565,0.047619047619047616,0.0054703807672928815,0.0,0,0.010245800018310547,0.01225423812866211
stun.att.error,DI-S1-2,0,1,DT,0.060939289805269185,0.047619047619047616,0.0029018709431080565,0.047619047619047616,0.0054703807672928815,0.0,0,0.03943300247192383,0.009394168853759766
stun.att.error,DI-S1-2,0,2,DT,0.060939289805269185,0.047619047619047616,0.0029018709431080565,0.047619047619047616,0.0054703807672928815,0.0,0,0.011118650436401367,0.014027833938598633
stun.att.error,DI-S1-2,0,3,DT,0.060939289805269185,0.047619047619047616,0.0029018709431080565,0.047619047619047616,0.0054703807672928815,0.0,0,0.013158559799194336,0.011790990829467773
stun.att.error,DI-S1-2,0,4,DT,0.060939289805269185,0.047619047619047616,0.0029018709431080565,0.047619047619047616,0.0054703807672928815,0.0,0,0.0164947509765625,0.008277416229248047
