Feature,Dataset,T,CV,ML,Acc,b_Acc,Prec,Rec,F1,kap,ROC,tra-T,test-T
tls.sct.scts_length,DI-S1-2,0,0,DT,0.06101565483008782,0.04768016297428062,0.050521140180526156,0.04768016297428062,0.005592848584405573,8.143759379042326e-05,0,0.01569986343383789,0.0
tls.sct.scts_length,DI-S1-2,0,1,DT,0.06101565483008782,0.04768016297428062,0.050521140180526156,0.04768016297428062,0.005592848584405573,8.143759379042326e-05,0,0.015704631805419922,0.015616416931152344
tls.sct.scts_length,DI-S1-2,0,2,DT,0.06101565483008782,0.04768016297428062,0.050521140180526156,0.04768016297428062,0.005592848584405573,8.143759379042326e-05,0,0.015697479248046875,0.015616655349731445
tls.sct.scts_length,DI-S1-2,0,3,DT,0.06101565483008782,0.04768016297428062,0.050521140180526156,0.04768016297428062,0.005592848584405573,8.143759379042326e-05,0,0.01563239097595215,0.0
tls.sct.scts_length,DI-S1-2,0,4,DT,0.06101565483008782,0.04768016297428062,0.050521140180526156,0.04768016297428062,0.005592848584405573,8.143759379042326e-05,0,0.020839214324951172,0.010634422302246094
