Feature,Dataset,T,CV,ML,Acc,b_Acc,Prec,Rec,F1,kap,ROC,tra-T,test-T
eapol.version,DI-S2-1,0,0,DT,0.05986481316158653,0.05927304355301191,0.04415755811946044,0.05927304355301191,0.021874566812290167,0.012133095674230376,0,0.015622138977050781,0.0
eapol.version,DI-S2-1,0,1,DT,0.05986481316158653,0.05927304355301191,0.04415755811946044,0.05927304355301191,0.021874566812290167,0.012133095674230376,0,0.0,0.01562809944152832
eapol.version,DI-S2-1,0,2,DT,0.05986481316158653,0.05927304355301191,0.04415755811946044,0.05927304355301191,0.021874566812290167,0.012133095674230376,0,0.014061450958251953,0.0
eapol.version,DI-S2-1,0,3,DT,0.05986481316158653,0.05927304355301191,0.04415755811946044,0.05927304355301191,0.021874566812290167,0.012133095674230376,0,0.0,0.01563119888305664
eapol.version,DI-S2-1,0,4,DT,0.05986481316158653,0.05927304355301191,0.04415755811946044,0.05927304355301191,0.021874566812290167,0.012133095674230376,0,0.012033462524414062,0.0
