Feature,Dataset,T,CV,ML,Acc,b_Acc,Prec,Rec,F1,kap,ROC,tra-T,test-T
dns.count.queries,DI-S1-2,0,0,DT,0.06596665393916253,0.0531194317126539,0.06809857791461081,0.0531194317126539,0.012078888551100852,0.004842061122942609,0,0.012650489807128906,0.016031742095947266
dns.count.queries,DI-S1-2,0,1,DT,0.06596665393916253,0.0531194317126539,0.06809857791461081,0.0531194317126539,0.012078888551100852,0.004842061122942609,0,0.01774311065673828,0.011970996856689453
dns.count.queries,DI-S1-2,0,2,DT,0.06596665393916253,0.0531194317126539,0.06809857791461081,0.0531194317126539,0.012078888551100852,0.004842061122942609,0,0.011993885040283203,0.011019468307495117
dns.count.queries,DI-S1-2,0,3,DT,0.06596665393916253,0.0531194317126539,0.06809857791461081,0.0531194317126539,0.012078888551100852,0.004842061122942609,0,0.010762214660644531,0.010927438735961914
dns.count.queries,DI-S1-2,0,4,DT,0.06596665393916253,0.0531194317126539,0.06809857791461081,0.0531194317126539,0.012078888551100852,0.004842061122942609,0,0.010000228881835938,0.009123802185058594
