Feature,Dataset,T,CV,ML,Acc,b_Acc,Prec,Rec,F1,kap,ROC,tra-T,test-T
eapol.type,DI-S2-1,0,0,DT,0.058678739956638186,0.058241944268129155,0.02145410660822212,0.058241944268129155,0.019357893591436953,0.010909920363215253,0,0.007601261138916016,0.008603334426879883
eapol.type,DI-S2-1,0,1,DT,0.058678739956638186,0.058241944268129155,0.02145410660822212,0.058241944268129155,0.019357893591436953,0.010909920363215253,0,0.007116079330444336,0.0
eapol.type,DI-S2-1,0,2,DT,0.058678739956638186,0.058241944268129155,0.02145410660822212,0.058241944268129155,0.019357893591436953,0.010909920363215253,0,0.0,0.015735626220703125
eapol.type,DI-S2-1,0,3,DT,0.058678739956638186,0.058241944268129155,0.02145410660822212,0.058241944268129155,0.019357893591436953,0.010909920363215253,0,0.015639066696166992,0.015525341033935547
eapol.type,DI-S2-1,0,4,DT,0.058678739956638186,0.058241944268129155,0.02145410660822212,0.058241944268129155,0.019357893591436953,0.010909920363215253,0,0.015642166137695312,0.0
