Feature,Dataset,T,CV,ML,Acc,b_Acc,Prec,Rec,F1,kap,ROC,tra-T,test-T
dns.retransmit_request_in,DI-S1-2,0,0,DT,0.06113020236731577,0.04780885874980151,0.051349828924753496,0.04780885874980151,0.006129149951568528,0.00021161305038541744,0,0.015612363815307617,0.006554365158081055
dns.retransmit_request_in,DI-S1-2,0,1,DT,0.06113020236731577,0.04780885874980151,0.051349828924753496,0.04780885874980151,0.006129149951568528,0.00021161305038541744,0,0.01562047004699707,0.0
dns.retransmit_request_in,DI-S1-2,0,2,DT,0.06113020236731577,0.04780885874980151,0.051349828924753496,0.04780885874980151,0.006129149951568528,0.00021161305038541744,0,0.015712738037109375,0.01554560661315918
dns.retransmit_request_in,DI-S1-2,0,3,DT,0.06113020236731577,0.04780885874980151,0.051349828924753496,0.04780885874980151,0.006129149951568528,0.00021161305038541744,0,0.015635251998901367,0.0065495967864990234
dns.retransmit_request_in,DI-S1-2,0,4,DT,0.06113020236731577,0.04780885874980151,0.051349828924753496,0.04780885874980151,0.006129149951568528,0.00021161305038541744,0,0.015637636184692383,0.015610218048095703
