Feature,Dataset,T,CV,ML,Acc,b_Acc,Prec,Rec,F1,kap,ROC,tra-T,test-T
arp.hw.type,DI-S2-1,0,0,DT,0.04834842494579773,0.047619047619047616,0.002302305949799892,0.047619047619047616,0.0043922533673266635,0.0,0,0.009998559951782227,0.009007692337036133
arp.hw.type,DI-S2-1,0,1,DT,0.04834842494579773,0.047619047619047616,0.002302305949799892,0.047619047619047616,0.0043922533673266635,0.0,0,0.008997917175292969,0.008001089096069336
arp.hw.type,DI-S2-1,0,2,DT,0.04834842494579773,0.047619047619047616,0.002302305949799892,0.047619047619047616,0.0043922533673266635,0.0,0,0.009001970291137695,0.00968623161315918
arp.hw.type,DI-S2-1,0,3,DT,0.04834842494579773,0.047619047619047616,0.002302305949799892,0.047619047619047616,0.0043922533673266635,0.0,0,0.010006189346313477,0.009006500244140625
arp.hw.type,DI-S2-1,0,4,DT,0.04834842494579773,0.047619047619047616,0.002302305949799892,0.047619047619047616,0.0043922533673266635,0.0,0,0.009073972702026367,0.009618759155273438
