Dataset,T,CV,ML,Acc,b_Acc,Prec,Rec,F1,kap,ROC,tra-T,test-T,Al-Time
AD-S2-DI-S2,0,1,MLP,0.17356497390861653,0.14021375918283294,0.1555963104611838,0.14021375918283294,0.11523657595442546,0.12150132167082595,0,7.082853555679321,10.414068222045898,0
