Dataset,T,CV,ML,Acc,b_Acc,Prec,Rec,F1,kap,ROC,tra-T,test-T,Al-Time
US-VPN-N,0,1,DT,0.9111393506238753,0.7876694804414996,0.8269897122331011,0.7876694804414996,0.7945180564593852,0.8825159702296215,0,2.7529871463775635,0.08438301086425781,0
US-VPN-N,1,2,DT,0.9141542502835797,0.7943391646324072,0.8346267251082895,0.7943391646324072,0.8019901137517945,0.8865174164425097,0,2.79927134513855,0.10459494590759277,0
US-VPN-N,2,3,DT,0.9125551168007096,0.7939086919922664,0.8236819938139642,0.7939086919922664,0.7999649746705635,0.8843657857139621,0,2.7080118656158447,0.07822751998901367,0
US-VPN-N,3,4,DT,0.9135487117380662,0.7999276572320575,0.8228835683352643,0.7999276572320575,0.8040972746769186,0.8857409085814497,0,2.7803115844726562,0.09843611717224121,0
US-VPN-N,4,5,DT,0.9102310428056051,0.7975389431296014,0.8331108327817348,0.7975389431296014,0.8066415297697191,0.8812633940112644,0,2.703366994857788,0.0942544937133789,0
