Dataset,T,CV,ML,Acc,b_Acc,Prec,Rec,F1,kap,ROC,tra-T,test-T,Al-Time
UK@UKVPN,0,1,DT,0.8992070047910127,0.8040946351537832,0.803369293198414,0.8040946351537832,0.7892722332258301,0.8669540430845285,0,2.5973825454711914,0.11260080337524414,0
UK@UKVPN,1,2,DT,0.8985255245332893,0.8022602742904706,0.785702198405742,0.8022602742904706,0.7778336257828294,0.8660752532342816,0,2.5573172569274902,0.09461355209350586,0
UK@UKVPN,2,3,DT,0.8981909796794978,0.8020357965260603,0.802343279849997,0.8020357965260603,0.7873284288824616,0.865614139914809,0,2.5690202713012695,0.08132672309875488,0
UK@UKVPN,3,4,DT,0.9004006277878738,0.8068010797051909,0.7884458345510075,0.8068010797051909,0.7803446112274685,0.8685365389883081,0,2.7374861240386963,0.08645391464233398,0
UK@UKVPN,4,5,DT,0.8986783413183546,0.7996164445156075,0.8019929998919837,0.7996164445156075,0.7862269659229552,0.8662423747747031,0,2.6495842933654785,0.08998608589172363,0
