Feature,Dataset,T,CV,ML,Acc,b_Acc,Prec,Rec,F1,kap,ROC,tra-T,test-T
FIN Flag Cnt,AD-S2-1,0,0,DT,0.1751457687660871,0.06852061493553291,0.025524381869595672,0.06852061493553291,0.03263737506021259,0.05439748737675165,0,0.015726566314697266,0.0
FIN Flag Cnt,AD-S2-1,0,1,DT,0.1751457687660871,0.06852061493553291,0.025524381869595672,0.06852061493553291,0.03263737506021259,0.05439748737675165,0,0.015627145767211914,0.0
FIN Flag Cnt,AD-S2-1,0,2,DT,0.1751457687660871,0.06852061493553291,0.025524381869595672,0.06852061493553291,0.03263737506021259,0.05439748737675165,0,0.015625715255737305,0.0
FIN Flag Cnt,AD-S2-1,0,3,DT,0.1751457687660871,0.06852061493553291,0.025524381869595672,0.06852061493553291,0.03263737506021259,0.05439748737675165,0,0.005106449127197266,0.0
FIN Flag Cnt,AD-S2-1,0,4,DT,0.1751457687660871,0.06852061493553291,0.025524381869595672,0.06852061493553291,0.03263737506021259,0.05439748737675165,0,0.01564621925354004,0.0
