Feature,Dataset,T,CV,ML,Acc,b_Acc,Prec,Rec,F1,kap,ROC,tra-T,test-T
Bwd URG Flags,AD-S2-1,0,0,DT,0.13132321269107528,0.047619047619047616,0.0062534863186226326,0.047619047619047616,0.0110551719410892,0.0,0,0.0,0.01563119888305664
Bwd URG Flags,AD-S2-1,0,1,DT,0.13132321269107528,0.047619047619047616,0.0062534863186226326,0.047619047619047616,0.0110551719410892,0.0,0,0.0,0.015621185302734375
Bwd URG Flags,AD-S2-1,0,2,DT,0.13132321269107528,0.047619047619047616,0.0062534863186226326,0.047619047619047616,0.0110551719410892,0.0,0,0.005110502243041992,0.0
Bwd URG Flags,AD-S2-1,0,3,DT,0.13132321269107528,0.047619047619047616,0.0062534863186226326,0.047619047619047616,0.0110551719410892,0.0,0,0.0,0.015636205673217773
Bwd URG Flags,AD-S2-1,0,4,DT,0.13132321269107528,0.047619047619047616,0.0062534863186226326,0.047619047619047616,0.0110551719410892,0.0,0,0.0,0.01573348045349121
