Feature,Dataset,T,CV,ML,Acc,b_Acc,Prec,Rec,F1,kap,ROC,tra-T,test-T
Fwd URG Flags,AD-S1-2,0,0,DT,0.07138460514714445,0.047619047619047616,0.0033992669117687835,0.047619047619047616,0.00634555862654369,0.0,0,0.004016399383544922,0.008195638656616211
Fwd URG Flags,AD-S1-2,0,1,DT,0.07138460514714445,0.047619047619047616,0.0033992669117687835,0.047619047619047616,0.00634555862654369,0.0,0,0.003991603851318359,0.007791280746459961
Fwd URG Flags,AD-S1-2,0,2,DT,0.07138460514714445,0.047619047619047616,0.0033992669117687835,0.047619047619047616,0.00634555862654369,0.0,0,0.010386466979980469,0.006349325180053711
Fwd URG Flags,AD-S1-2,0,3,DT,0.07138460514714445,0.047619047619047616,0.0033992669117687835,0.047619047619047616,0.00634555862654369,0.0,0,0.0853424072265625,0.009838104248046875
Fwd URG Flags,AD-S1-2,0,4,DT,0.07138460514714445,0.047619047619047616,0.0033992669117687835,0.047619047619047616,0.00634555862654369,0.0,0,0.0046710968017578125,0.010303735733032227
