Feature,Dataset,T,CV,ML,Acc,b_Acc,Prec,Rec,F1,kap,ROC,tra-T,test-T
Fwd IAT Mean,AD-S1-2,0,0,DT,0.4258288832326862,0.38958927633763646,0.5916221806962942,0.38958927633763646,0.4443915477127327,0.3671181612464105,0,0.2417774200439453,0.024825334548950195
Fwd IAT Mean,AD-S1-2,0,1,DT,0.4258288832326862,0.38958927633763646,0.5916221806962942,0.38958927633763646,0.4443915477127327,0.3671181612464105,0,0.2182776927947998,0.0213162899017334
Fwd IAT Mean,AD-S1-2,0,2,DT,0.4258288832326862,0.38958927633763646,0.5916221806962942,0.38958927633763646,0.4443915477127327,0.3671181612464105,0,0.21502208709716797,0.020043134689331055
Fwd IAT Mean,AD-S1-2,0,3,DT,0.4258288832326862,0.38958927633763646,0.5916221806962942,0.38958927633763646,0.4443915477127327,0.3671181612464105,0,0.2132711410522461,0.019955873489379883
Fwd IAT Mean,AD-S1-2,0,4,DT,0.4258288832326862,0.38958927633763646,0.5916221806962942,0.38958927633763646,0.4443915477127327,0.3671181612464105,0,0.28993797302246094,0.041631221771240234
