Feature,Dataset,T,CV,ML,Acc,b_Acc,Prec,Rec,F1,kap,ROC,tra-T,test-T
SYN Flag Cnt,AD-S2-1,0,0,DT,0.16460051478699375,0.059685714285714286,0.02034814060887322,0.059685714285714286,0.027615084829680295,0.03830803652415793,0,0.0,0.015637874603271484
SYN Flag Cnt,AD-S2-1,0,1,DT,0.16460051478699375,0.059685714285714286,0.02034814060887322,0.059685714285714286,0.027615084829680295,0.03830803652415793,0,0.015626907348632812,0.01210927963256836
SYN Flag Cnt,AD-S2-1,0,2,DT,0.16460051478699375,0.059685714285714286,0.02034814060887322,0.059685714285714286,0.027615084829680295,0.03830803652415793,0,0.0,0.01573634147644043
SYN Flag Cnt,AD-S2-1,0,3,DT,0.16460051478699375,0.059685714285714286,0.02034814060887322,0.059685714285714286,0.027615084829680295,0.03830803652415793,0,0.01562356948852539,0.0
SYN Flag Cnt,AD-S2-1,0,4,DT,0.16460051478699375,0.059685714285714286,0.02034814060887322,0.059685714285714286,0.027615084829680295,0.03830803652415793,0,0.0,0.01563119888305664
