Feature,Dataset,T,CV,ML,Acc,b_Acc,Prec,Rec,F1,kap,ROC,tra-T,test-T
Idle Std,AD-S1-2,0,0,DT,0.1686879273344313,0.1352425416317274,0.33072113177070095,0.1352425416317274,0.13353045924455653,0.08741852031097863,0,0.09064340591430664,0.014359474182128906
Idle Std,AD-S1-2,0,1,DT,0.1686879273344313,0.1352425416317274,0.33072113177070095,0.1352425416317274,0.13353045924455653,0.08741852031097863,0,0.08617520332336426,0.010491371154785156
Idle Std,AD-S1-2,0,2,DT,0.1686879273344313,0.1352425416317274,0.33072113177070095,0.1352425416317274,0.13353045924455653,0.08741852031097863,0,0.08837532997131348,0.01266622543334961
Idle Std,AD-S1-2,0,3,DT,0.1686879273344313,0.1352425416317274,0.33072113177070095,0.1352425416317274,0.13353045924455653,0.08741852031097863,0,0.0874485969543457,0.014651060104370117
Idle Std,AD-S1-2,0,4,DT,0.1686879273344313,0.1352425416317274,0.33072113177070095,0.1352425416317274,0.13353045924455653,0.08741852031097863,0,0.08666706085205078,0.017976760864257812
