Feature,Dataset,T,CV,ML,Acc,b_Acc,Prec,Rec,F1,kap,ROC,tra-T,test-T
Active Max,AD-S1-2,0,0,DT,0.32970670925454576,0.25436287573240635,0.46760780560329096,0.25436287573240635,0.278270218003025,0.22309790365197812,0,0.10514330863952637,0.01277923583984375
Active Max,AD-S1-2,0,1,DT,0.32970670925454576,0.25436287573240635,0.46760780560329096,0.25436287573240635,0.278270218003025,0.22309790365197812,0,0.17324042320251465,0.01885390281677246
Active Max,AD-S1-2,0,2,DT,0.32970670925454576,0.25436287573240635,0.46760780560329096,0.25436287573240635,0.278270218003025,0.22309790365197812,0,0.09673881530761719,0.01613783836364746
Active Max,AD-S1-2,0,3,DT,0.32970670925454576,0.25436287573240635,0.46760780560329096,0.25436287573240635,0.278270218003025,0.22309790365197812,0,0.1069786548614502,0.010775566101074219
Active Max,AD-S1-2,0,4,DT,0.32970670925454576,0.25436287573240635,0.46760780560329096,0.25436287573240635,0.278270218003025,0.22309790365197812,0,0.10021209716796875,0.01605677604675293
