Feature,Dataset,T,CV,ML,Acc,b_Acc,Prec,Rec,F1,kap,ROC,tra-T,test-T
Subflow Bwd Byts,AD-S1-2,0,0,DT,0.686330288965414,0.6723305679347451,0.748341970971877,0.6723305679347451,0.655198643792412,0.649063846514111,0,0.07515335083007812,0.014946937561035156
Subflow Bwd Byts,AD-S1-2,0,1,DT,0.686330288965414,0.6723305679347451,0.748341970971877,0.6723305679347451,0.655198643792412,0.649063846514111,0,0.07184028625488281,0.00989532470703125
Subflow Bwd Byts,AD-S1-2,0,2,DT,0.686330288965414,0.6723305679347451,0.748341970971877,0.6723305679347451,0.655198643792412,0.649063846514111,0,0.05703449249267578,0.016436100006103516
Subflow Bwd Byts,AD-S1-2,0,3,DT,0.686330288965414,0.6723305679347451,0.748341970971877,0.6723305679347451,0.655198643792412,0.649063846514111,0,0.06580924987792969,0.01784515380859375
Subflow Bwd Byts,AD-S1-2,0,4,DT,0.686330288965414,0.6723305679347451,0.748341970971877,0.6723305679347451,0.655198643792412,0.649063846514111,0,0.06644892692565918,0.016993999481201172
