Feature,Dataset,T,CV,ML,Acc,b_Acc,Prec,Rec,F1,kap,ROC,tra-T,test-T
Flow IAT Std,AD-S1-2,0,0,DT,0.40345361081998304,0.40470366452788004,0.4979502261646391,0.40470366452788004,0.4330583028541695,0.3439009502955761,0,0.34907078742980957,0.030643224716186523
Flow IAT Std,AD-S1-2,0,1,DT,0.40345361081998304,0.40470366452788004,0.4979502261646391,0.40470366452788004,0.4330583028541695,0.3439009502955761,0,0.46401429176330566,0.029263734817504883
Flow IAT Std,AD-S1-2,0,2,DT,0.40345361081998304,0.40470366452788004,0.4979502261646391,0.40470366452788004,0.4330583028541695,0.3439009502955761,0,0.3339524269104004,0.030507802963256836
Flow IAT Std,AD-S1-2,0,3,DT,0.40345361081998304,0.40470366452788004,0.4979502261646391,0.40470366452788004,0.4330583028541695,0.3439009502955761,0,0.4332695007324219,0.0251157283782959
Flow IAT Std,AD-S1-2,0,4,DT,0.40345361081998304,0.40470366452788004,0.4979502261646391,0.40470366452788004,0.4330583028541695,0.3439009502955761,0,0.49003052711486816,0.029847383499145508
