Feature,Dataset,T,CV,ML,Acc,b_Acc,Prec,Rec,F1,kap,ROC,tra-T,test-T
Fwd Pkts/s,AD-S2-1,0,0,DT,0.4744838997741241,0.45944852684610876,0.5158102967775352,0.45944852684610876,0.45733572823267693,0.42032598611853156,0,0.2208573818206787,0.03125429153442383
Fwd Pkts/s,AD-S2-1,0,1,DT,0.4744838997741241,0.45944852684610876,0.5158102967775352,0.45944852684610876,0.45733572823267693,0.42032598611853156,0,0.22629547119140625,0.031258344650268555
Fwd Pkts/s,AD-S2-1,0,2,DT,0.4744838997741241,0.45944852684610876,0.5158102967775352,0.45944852684610876,0.45733572823267693,0.42032598611853156,0,0.2201542854309082,0.0312502384185791
Fwd Pkts/s,AD-S2-1,0,3,DT,0.4744838997741241,0.45944852684610876,0.5158102967775352,0.45944852684610876,0.45733572823267693,0.42032598611853156,0,0.2384016513824463,0.02933669090270996
Fwd Pkts/s,AD-S2-1,0,4,DT,0.4744838997741241,0.45944852684610876,0.5158102967775352,0.45944852684610876,0.45733572823267693,0.42032598611853156,0,0.23590373992919922,0.031247615814208984
