Feature,Dataset,T,CV,ML,Acc,b_Acc,Prec,Rec,F1,kap,ROC,tra-T,test-T
Bwd Pkt Len Std,AD-S2-1,0,0,DT,0.42135052791931504,0.48160502626595014,0.6644863898492529,0.48160502626595014,0.4936893746673179,0.35240718255004055,0,0.031360626220703125,0.015617847442626953
Bwd Pkt Len Std,AD-S2-1,0,1,DT,0.42135052791931504,0.48160502626595014,0.6644863898492529,0.48160502626595014,0.4936893746673179,0.35240718255004055,0,0.03136253356933594,0.01562809944152832
Bwd Pkt Len Std,AD-S2-1,0,2,DT,0.42135052791931504,0.48160502626595014,0.6644863898492529,0.48160502626595014,0.4936893746673179,0.35240718255004055,0,0.03136491775512695,0.015614986419677734
Bwd Pkt Len Std,AD-S2-1,0,3,DT,0.42135052791931504,0.48160502626595014,0.6644863898492529,0.48160502626595014,0.4936893746673179,0.35240718255004055,0,0.031360626220703125,0.015627384185791016
Bwd Pkt Len Std,AD-S2-1,0,4,DT,0.42135052791931504,0.48160502626595014,0.6644863898492529,0.48160502626595014,0.4936893746673179,0.35240718255004055,0,0.027343034744262695,0.015632152557373047
