Feature,Dataset,T,CV,ML,Acc,b_Acc,Prec,Rec,F1,kap,ROC,tra-T,test-T
Flow IAT Min,AD-S2-1,0,0,DT,0.36698271786520986,0.2863727106913396,0.2989790455516544,0.2863727106913396,0.275714021350012,0.300609925306778,0,0.16557550430297852,0.025116682052612305
Flow IAT Min,AD-S2-1,0,1,DT,0.36698271786520986,0.2863727106913396,0.2989790455516544,0.2863727106913396,0.275714021350012,0.300609925306778,0,0.1725785732269287,0.01622748374938965
Flow IAT Min,AD-S2-1,0,2,DT,0.36698271786520986,0.2863727106913396,0.2989790455516544,0.2863727106913396,0.275714021350012,0.300609925306778,0,0.18889260292053223,0.031255245208740234
Flow IAT Min,AD-S2-1,0,3,DT,0.36698271786520986,0.2863727106913396,0.2989790455516544,0.2863727106913396,0.275714021350012,0.300609925306778,0,0.1745624542236328,0.01562786102294922
Flow IAT Min,AD-S2-1,0,4,DT,0.36698271786520986,0.2863727106913396,0.2989790455516544,0.2863727106913396,0.275714021350012,0.300609925306778,0,0.15706300735473633,0.031253814697265625
