Feature,Dataset,T,CV,ML,Acc,b_Acc,Prec,Rec,F1,kap,ROC,tra-T,test-T
Fwd Header Len,AD-S2-1,0,0,DT,0.38829647528497135,0.30586943735808597,0.32308846949033426,0.30586943735808597,0.2665594470343004,0.32059496410140786,0,0.031356096267700195,0.015624523162841797
Fwd Header Len,AD-S2-1,0,1,DT,0.38829647528497135,0.30586943735808597,0.32308846949033426,0.30586943735808597,0.2665594470343004,0.32059496410140786,0,0.031360626220703125,0.0
Fwd Header Len,AD-S2-1,0,2,DT,0.38829647528497135,0.30586943735808597,0.32308846949033426,0.30586943735808597,0.2665594470343004,0.32059496410140786,0,0.03136014938354492,0.0
Fwd Header Len,AD-S2-1,0,3,DT,0.38829647528497135,0.30586943735808597,0.32308846949033426,0.30586943735808597,0.2665594470343004,0.32059496410140786,0,0.03136086463928223,0.015631437301635742
Fwd Header Len,AD-S2-1,0,4,DT,0.38829647528497135,0.30586943735808597,0.32308846949033426,0.30586943735808597,0.2665594470343004,0.32059496410140786,0,0.03135347366333008,0.015633821487426758
