Feature,Dataset,T,CV,ML,Acc,b_Acc,Prec,Rec,F1,kap,ROC,tra-T,test-T
Subflow Fwd Byts,AD-S2-1,0,0,DT,0.5209723170667647,0.5028831178938883,0.7682540512717984,0.5028831178938883,0.5493690575630198,0.4632356596131161,0,0.0319523811340332,0.015622377395629883
Subflow Fwd Byts,AD-S2-1,0,1,DT,0.5209723170667647,0.5028831178938883,0.7682540512717984,0.5028831178938883,0.5493690575630198,0.4632356596131161,0,0.031949520111083984,0.015631437301635742
Subflow Fwd Byts,AD-S2-1,0,2,DT,0.5209723170667647,0.5028831178938883,0.7682540512717984,0.5028831178938883,0.5493690575630198,0.4632356596131161,0,0.04697990417480469,0.015627384185791016
Subflow Fwd Byts,AD-S2-1,0,3,DT,0.5209723170667647,0.5028831178938883,0.7682540512717984,0.5028831178938883,0.5493690575630198,0.4632356596131161,0,0.04698324203491211,0.015636205673217773
Subflow Fwd Byts,AD-S2-1,0,4,DT,0.5209723170667647,0.5028831178938883,0.7682540512717984,0.5028831178938883,0.5493690575630198,0.4632356596131161,0,0.043070077896118164,0.015621662139892578
