Feature,Dataset,T,CV,ML,Acc,b_Acc,Prec,Rec,F1,kap,ROC,tra-T,test-T
Bwd Blk Rate Avg,AD-S2-1,0,0,DT,0.13132321269107528,0.047619047619047616,0.0062534863186226326,0.047619047619047616,0.0110551719410892,0.0,0,0.0,0.015614032745361328
Bwd Blk Rate Avg,AD-S2-1,0,1,DT,0.13132321269107528,0.047619047619047616,0.0062534863186226326,0.047619047619047616,0.0110551719410892,0.0,0,0.0,0.0
Bwd Blk Rate Avg,AD-S2-1,0,2,DT,0.13132321269107528,0.047619047619047616,0.0062534863186226326,0.047619047619047616,0.0110551719410892,0.0,0,0.0,0.015623092651367188
Bwd Blk Rate Avg,AD-S2-1,0,3,DT,0.13132321269107528,0.047619047619047616,0.0062534863186226326,0.047619047619047616,0.0110551719410892,0.0,0,0.015633821487426758,0.0
Bwd Blk Rate Avg,AD-S2-1,0,4,DT,0.13132321269107528,0.047619047619047616,0.0062534863186226326,0.047619047619047616,0.0110551719410892,0.0,0,0.015626907348632812,0.0
