Feature,Dataset,T,CV,ML,Acc,b_Acc,Prec,Rec,F1,kap,ROC,tra-T,test-T
Active Mean,AD-S2-1,0,0,DT,0.2573934968745075,0.22321252608217787,0.4039547011974528,0.22321252608217787,0.23457378958677702,0.16069529341949984,0,0.09443044662475586,0.015619277954101562
Active Mean,AD-S2-1,0,1,DT,0.2573934968745075,0.22321252608217787,0.4039547011974528,0.22321252608217787,0.23457378958677702,0.16069529341949984,0,0.09444379806518555,0.015619516372680664
Active Mean,AD-S2-1,0,2,DT,0.2573934968745075,0.22321252608217787,0.4039547011974528,0.22321252608217787,0.23457378958677702,0.16069529341949984,0,0.09435200691223145,0.0157320499420166
Active Mean,AD-S2-1,0,3,DT,0.2573934968745075,0.22321252608217787,0.4039547011974528,0.22321252608217787,0.23457378958677702,0.16069529341949984,0,0.09444117546081543,0.01562786102294922
Active Mean,AD-S2-1,0,4,DT,0.2573934968745075,0.22321252608217787,0.4039547011974528,0.22321252608217787,0.23457378958677702,0.16069529341949984,0,0.09444713592529297,0.02425074577331543
