Feature,Dataset,T,CV,ML,Acc,b_Acc,Prec,Rec,F1,kap,ROC,tra-T,test-T
Bwd IAT Mean,AD-S1-2,0,0,DT,0.4326662341335197,0.4200447667933639,0.5287640135973409,0.4200447667933639,0.4499039032450135,0.3596870498209751,0,0.3649482727050781,0.028647661209106445
Bwd IAT Mean,AD-S1-2,0,1,DT,0.4326662341335197,0.4200447667933639,0.5287640135973409,0.4200447667933639,0.4499039032450135,0.3596870498209751,0,0.46807241439819336,0.02466416358947754
Bwd IAT Mean,AD-S1-2,0,2,DT,0.4326662341335197,0.4200447667933639,0.5287640135973409,0.4200447667933639,0.4499039032450135,0.3596870498209751,0,0.5316317081451416,0.02835869789123535
Bwd IAT Mean,AD-S1-2,0,3,DT,0.4326662341335197,0.4200447667933639,0.5287640135973409,0.4200447667933639,0.4499039032450135,0.3596870498209751,0,0.6175525188446045,0.12110757827758789
Bwd IAT Mean,AD-S1-2,0,4,DT,0.4326662341335197,0.4200447667933639,0.5287640135973409,0.4200447667933639,0.4499039032450135,0.3596870498209751,0,0.3133363723754883,0.02666616439819336
