Feature,Dataset,T,CV,ML,Acc,b_Acc,Prec,Rec,F1,kap,ROC,tra-T,test-T
Bwd Pkt Len Mean,AD-S1-2,0,0,DT,0.6902896308495949,0.6811297939346928,0.8147282642384268,0.6811297939346928,0.7166148361016111,0.6515424070454202,0,0.09013080596923828,0.008984565734863281
Bwd Pkt Len Mean,AD-S1-2,0,1,DT,0.6902896308495949,0.6811297939346928,0.8147282642384268,0.6811297939346928,0.7166148361016111,0.6515424070454202,0,0.11220431327819824,0.011075735092163086
Bwd Pkt Len Mean,AD-S1-2,0,2,DT,0.6902896308495949,0.6811297939346928,0.8147282642384268,0.6811297939346928,0.7166148361016111,0.6515424070454202,0,0.14831089973449707,0.0988609790802002
Bwd Pkt Len Mean,AD-S1-2,0,3,DT,0.6902896308495949,0.6811297939346928,0.8147282642384268,0.6811297939346928,0.7166148361016111,0.6515424070454202,0,0.07712364196777344,0.013396978378295898
Bwd Pkt Len Mean,AD-S1-2,0,4,DT,0.6902896308495949,0.6811297939346928,0.8147282642384268,0.6811297939346928,0.7166148361016111,0.6515424070454202,0,0.07123303413391113,0.016283750534057617
