Feature,Dataset,T,CV,ML,Acc,b_Acc,Prec,Rec,F1,kap,ROC,tra-T,test-T
Bwd Pkt Len Min,AD-S1-2,0,0,DT,0.43324849029295803,0.310387845342625,0.5944860382120246,0.310387845342625,0.3283110438075142,0.34913473077759194,0,0.08333110809326172,0.008128643035888672
Bwd Pkt Len Min,AD-S1-2,0,1,DT,0.43324849029295803,0.310387845342625,0.5944860382120246,0.310387845342625,0.3283110438075142,0.34913473077759194,0,0.023096323013305664,0.009924650192260742
Bwd Pkt Len Min,AD-S1-2,0,2,DT,0.43324849029295803,0.310387845342625,0.5944860382120246,0.310387845342625,0.3283110438075142,0.34913473077759194,0,0.01659989356994629,0.01522517204284668
Bwd Pkt Len Min,AD-S1-2,0,3,DT,0.43324849029295803,0.310387845342625,0.5944860382120246,0.310387845342625,0.3283110438075142,0.34913473077759194,0,0.017812252044677734,0.01065516471862793
Bwd Pkt Len Min,AD-S1-2,0,4,DT,0.43324849029295803,0.310387845342625,0.5944860382120246,0.310387845342625,0.3283110438075142,0.34913473077759194,0,0.017304182052612305,0.013348579406738281
