Feature,Dataset,T,CV,ML,Acc,b_Acc,Prec,Rec,F1,kap,ROC,tra-T,test-T
Fwd URG Flags,AD-S2-1,0,0,DT,0.13132321269107528,0.047619047619047616,0.0062534863186226326,0.047619047619047616,0.0110551719410892,0.0,0,0.015729665756225586,0.0
Fwd URG Flags,AD-S2-1,0,1,DT,0.13132321269107528,0.047619047619047616,0.0062534863186226326,0.047619047619047616,0.0110551719410892,0.0,0,0.007105827331542969,0.0
Fwd URG Flags,AD-S2-1,0,2,DT,0.13132321269107528,0.047619047619047616,0.0062534863186226326,0.047619047619047616,0.0110551719410892,0.0,0,0.0,0.018236637115478516
Fwd URG Flags,AD-S2-1,0,3,DT,0.13132321269107528,0.047619047619047616,0.0062534863186226326,0.047619047619047616,0.0110551719410892,0.0,0,0.015608549118041992,0.0
Fwd URG Flags,AD-S2-1,0,4,DT,0.13132321269107528,0.047619047619047616,0.0062534863186226326,0.047619047619047616,0.0110551719410892,0.0,0,0.0,0.017671585083007812
