Feature,Dataset,T,CV,ML,Acc,b_Acc,Prec,Rec,F1,kap,ROC,tra-T,test-T
Init Fwd Win Byts,DI-S2-1,0,0,DT,0.13936893745122086,0.047619047619047616,0.0066366160691057555,0.047619047619047616,0.011649634900442222,0.0,0,0.0,0.01574087142944336
Init Fwd Win Byts,DI-S2-1,0,1,DT,0.13936893745122086,0.047619047619047616,0.0066366160691057555,0.047619047619047616,0.011649634900442222,0.0,0,0.015620708465576172,0.0
Init Fwd Win Byts,DI-S2-1,0,2,DT,0.13936893745122086,0.047619047619047616,0.0066366160691057555,0.047619047619047616,0.011649634900442222,0.0,0,0.0,0.01563572883605957
Init Fwd Win Byts,DI-S2-1,0,3,DT,0.13936893745122086,0.047619047619047616,0.0066366160691057555,0.047619047619047616,0.011649634900442222,0.0,0,0.0,0.0
Init Fwd Win Byts,DI-S2-1,0,4,DT,0.13936893745122086,0.047619047619047616,0.0066366160691057555,0.047619047619047616,0.011649634900442222,0.0,0,0.0,0.015741825103759766
