Feature,Dataset,T,CV,ML,Acc,b_Acc,Prec,Rec,F1,kap,ROC,tra-T,test-T
Idle Max,DI-S2-1,0,0,DT,0.34587189207269486,0.2815043627202775,0.5690013045023187,0.2815043627202775,0.3085343709724719,0.2581345607609611,0,0.10354971885681152,0.015733718872070312
Idle Max,DI-S2-1,0,1,DT,0.34587189207269486,0.2815043627202775,0.5690013045023187,0.2815043627202775,0.3085343709724719,0.2581345607609611,0,0.1258084774017334,0.015624761581420898
Idle Max,DI-S2-1,0,2,DT,0.34587189207269486,0.2815043627202775,0.5690013045023187,0.2815043627202775,0.3085343709724719,0.2581345607609611,0,0.10998225212097168,0.015614748001098633
Idle Max,DI-S2-1,0,3,DT,0.34587189207269486,0.2815043627202775,0.5690013045023187,0.2815043627202775,0.3085343709724719,0.2581345607609611,0,0.11238908767700195,0.015633106231689453
Idle Max,DI-S2-1,0,4,DT,0.34587189207269486,0.2815043627202775,0.5690013045023187,0.2815043627202775,0.3085343709724719,0.2581345607609611,0,0.10997891426086426,0.015630722045898438
