Feature,Dataset,T,CV,ML,Acc,b_Acc,Prec,Rec,F1,kap,ROC,tra-T,test-T
PSH Flag Cnt,DI-S1-2,0,0,DT,0.1254757132884455,0.054909360928656996,0.011954289961257534,0.054909360928656996,0.01791058929467478,0.018003284044543322,0,0.0,0.015628337860107422
PSH Flag Cnt,DI-S1-2,0,1,DT,0.1254757132884455,0.054909360928656996,0.011954289961257534,0.054909360928656996,0.01791058929467478,0.018003284044543322,0,0.0,0.015628337860107422
PSH Flag Cnt,DI-S1-2,0,2,DT,0.1254757132884455,0.054909360928656996,0.011954289961257534,0.054909360928656996,0.01791058929467478,0.018003284044543322,0,0.015619277954101562,0.01563572883605957
PSH Flag Cnt,DI-S1-2,0,3,DT,0.1254757132884455,0.054909360928656996,0.011954289961257534,0.054909360928656996,0.01791058929467478,0.018003284044543322,0,0.01562047004699707,0.0
PSH Flag Cnt,DI-S1-2,0,4,DT,0.1254757132884455,0.054909360928656996,0.011954289961257534,0.054909360928656996,0.01791058929467478,0.018003284044543322,0,0.0,0.015645503997802734
