Feature,Dataset,T,CV,ML,Acc,b_Acc,Prec,Rec,F1,kap,ROC,tra-T,test-T
Pkt Len Std,DI-S1-2,0,0,DT,0.4852162947283086,0.5439967548126757,0.6676245169971556,0.5439967548126757,0.5519501687442712,0.43343932088129244,0,0.06260991096496582,0.026230335235595703
Pkt Len Std,DI-S1-2,0,1,DT,0.4852162947283086,0.5439967548126757,0.6676245169971556,0.5439967548126757,0.5519501687442712,0.43343932088129244,0,0.06319928169250488,0.01562356948852539
Pkt Len Std,DI-S1-2,0,2,DT,0.4852162947283086,0.5439967548126757,0.6676245169971556,0.5439967548126757,0.5519501687442712,0.43343932088129244,0,0.06261825561523438,0.02674102783203125
Pkt Len Std,DI-S1-2,0,3,DT,0.4852162947283086,0.5439967548126757,0.6676245169971556,0.5439967548126757,0.5519501687442712,0.43343932088129244,0,0.07883644104003906,0.0312497615814209
Pkt Len Std,DI-S1-2,0,4,DT,0.4852162947283086,0.5439967548126757,0.6676245169971556,0.5439967548126757,0.5519501687442712,0.43343932088129244,0,0.07880926132202148,0.015623331069946289
