Feature,Dataset,T,CV,ML,Acc,b_Acc,Prec,Rec,F1,kap,ROC,tra-T,test-T
TotLen Fwd Pkts,DI-S1-2,0,0,DT,0.4925237012182764,0.45672732702643126,0.7261311349946565,0.45672732702643126,0.5016302452531143,0.43772313924633,0,0.047573089599609375,0.015640735626220703
TotLen Fwd Pkts,DI-S1-2,0,1,DT,0.4925237012182764,0.45672732702643126,0.7261311349946565,0.45672732702643126,0.5016302452531143,0.43772313924633,0,0.047582149505615234,0.01561880111694336
TotLen Fwd Pkts,DI-S1-2,0,2,DT,0.4925237012182764,0.45672732702643126,0.7261311349946565,0.45672732702643126,0.5016302452531143,0.43772313924633,0,0.046874284744262695,0.015636444091796875
TotLen Fwd Pkts,DI-S1-2,0,3,DT,0.4925237012182764,0.45672732702643126,0.7261311349946565,0.45672732702643126,0.5016302452531143,0.43772313924633,0,0.046875715255737305,0.0162050724029541
TotLen Fwd Pkts,DI-S1-2,0,4,DT,0.4925237012182764,0.45672732702643126,0.7261311349946565,0.45672732702643126,0.5016302452531143,0.43772313924633,0,0.0474550724029541,0.01573038101196289
