Feature,Dataset,T,CV,ML,Acc,b_Acc,Prec,Rec,F1,kap,ROC,tra-T,test-T
Fwd URG Flags,DI-S1-2,0,0,DT,0.11259486117053617,0.047619047619047616,0.005361660055739818,0.047619047619047616,0.009638117598528067,0.0,0,0.0,0.015729188919067383
Fwd URG Flags,DI-S1-2,0,1,DT,0.11259486117053617,0.047619047619047616,0.005361660055739818,0.047619047619047616,0.009638117598528067,0.0,0,0.015629291534423828,0.008610010147094727
Fwd URG Flags,DI-S1-2,0,2,DT,0.11259486117053617,0.047619047619047616,0.005361660055739818,0.047619047619047616,0.009638117598528067,0.0,0,0.0,0.015623331069946289
Fwd URG Flags,DI-S1-2,0,3,DT,0.11259486117053617,0.047619047619047616,0.005361660055739818,0.047619047619047616,0.009638117598528067,0.0,0,0.0,0.01563096046447754
Fwd URG Flags,DI-S1-2,0,4,DT,0.11259486117053617,0.047619047619047616,0.005361660055739818,0.047619047619047616,0.009638117598528067,0.0,0,0.0,0.01574087142944336
