Feature,Dataset,T,CV,ML,Acc,b_Acc,Prec,Rec,F1,kap,ROC,tra-T,test-T
Fwd Pkt Len Max,DI-S1-2,0,0,DT,0.4965771162204157,0.4551478569018708,0.6850436230905932,0.4551478569018708,0.4969990167383437,0.4421116474232577,0,0.03193831443786621,0.01563882827758789
Fwd Pkt Len Max,DI-S1-2,0,1,DT,0.4965771162204157,0.4551478569018708,0.6850436230905932,0.4551478569018708,0.4969990167383437,0.4421116474232577,0,0.0319514274597168,0.015638351440429688
Fwd Pkt Len Max,DI-S1-2,0,2,DT,0.4965771162204157,0.4551478569018708,0.6850436230905932,0.4551478569018708,0.4969990167383437,0.4421116474232577,0,0.031951904296875,0.015625
Fwd Pkt Len Max,DI-S1-2,0,3,DT,0.4965771162204157,0.4551478569018708,0.6850436230905932,0.4551478569018708,0.4969990167383437,0.4421116474232577,0,0.030841350555419922,0.015628576278686523
Fwd Pkt Len Max,DI-S1-2,0,4,DT,0.4965771162204157,0.4551478569018708,0.6850436230905932,0.4551478569018708,0.4969990167383437,0.4421116474232577,0,0.031250715255737305,0.015630245208740234
