Feature,Dataset,T,CV,ML,Acc,b_Acc,Prec,Rec,F1,kap,ROC,tra-T,test-T
Fwd PSH Flags,DI-S1-2,0,0,DT,0.11259486117053617,0.047619047619047616,0.005361660055739818,0.047619047619047616,0.009638117598528067,0.0,0,0.01562809944152832,0.0
Fwd PSH Flags,DI-S1-2,0,1,DT,0.11259486117053617,0.047619047619047616,0.005361660055739818,0.047619047619047616,0.009638117598528067,0.0,0,0.0,0.015647172927856445
Fwd PSH Flags,DI-S1-2,0,2,DT,0.11259486117053617,0.047619047619047616,0.005361660055739818,0.047619047619047616,0.009638117598528067,0.0,0,0.0,0.015629053115844727
Fwd PSH Flags,DI-S1-2,0,3,DT,0.11259486117053617,0.047619047619047616,0.005361660055739818,0.047619047619047616,0.009638117598528067,0.0,0,0.0,0.015112161636352539
Fwd PSH Flags,DI-S1-2,0,4,DT,0.11259486117053617,0.047619047619047616,0.005361660055739818,0.047619047619047616,0.009638117598528067,0.0,0,0.0,0.01563096046447754
