Feature,Dataset,T,CV,ML,Acc,b_Acc,Prec,Rec,F1,kap,ROC,tra-T,test-T
Fwd Pkt Len Min,DI-S1-2,0,0,DT,0.2932195374603103,0.21816990186649263,0.5344285105067017,0.21816990186649263,0.25009016867761125,0.208495661121315,0,0.015619993209838867,0.015623331069946289
Fwd Pkt Len Min,DI-S1-2,0,1,DT,0.2932195374603103,0.21816990186649263,0.5344285105067017,0.21816990186649263,0.25009016867761125,0.208495661121315,0,0.015618085861206055,0.015630722045898438
Fwd Pkt Len Min,DI-S1-2,0,2,DT,0.2932195374603103,0.21816990186649263,0.5344285105067017,0.21816990186649263,0.25009016867761125,0.208495661121315,0,0.015619993209838867,0.01563405990600586
Fwd Pkt Len Min,DI-S1-2,0,3,DT,0.2932195374603103,0.21816990186649263,0.5344285105067017,0.21816990186649263,0.25009016867761125,0.208495661121315,0,0.015625953674316406,0.01623058319091797
Fwd Pkt Len Min,DI-S1-2,0,4,DT,0.2932195374603103,0.21816990186649263,0.5344285105067017,0.21816990186649263,0.25009016867761125,0.208495661121315,0,0.015617847442626953,0.015627384185791016
