Feature,Dataset,T,CV,ML,Acc,b_Acc,Prec,Rec,F1,kap,ROC,tra-T,test-T
Fwd Pkts/s,DI-S2-1,0,0,DT,0.4604889062325789,0.380457132978533,0.4771349383977882,0.380457132978533,0.39741010816784644,0.40119360353236044,0,0.42470335960388184,0.016145944595336914
Fwd Pkts/s,DI-S2-1,0,1,DT,0.4604889062325789,0.380457132978533,0.4771349383977882,0.380457132978533,0.39741010816784644,0.40119360353236044,0,0.409351110458374,0.031270503997802734
Fwd Pkts/s,DI-S2-1,0,2,DT,0.4604889062325789,0.380457132978533,0.4771349383977882,0.380457132978533,0.39741010816784644,0.40119360353236044,0,0.40960144996643066,0.015730857849121094
Fwd Pkts/s,DI-S2-1,0,3,DT,0.4604889062325789,0.380457132978533,0.4771349383977882,0.380457132978533,0.39741010816784644,0.40119360353236044,0,0.440356969833374,0.03194570541381836
Fwd Pkts/s,DI-S2-1,0,4,DT,0.4604889062325789,0.380457132978533,0.4771349383977882,0.380457132978533,0.39741010816784644,0.40119360353236044,0,0.43969297409057617,0.031850337982177734
