Feature,Dataset,T,CV,ML,Acc,b_Acc,Prec,Rec,F1,kap,ROC,tra-T,test-T
FIN Flag Cnt,DI-S1-2,0,0,DT,0.16349899790573558,0.06914761904761904,0.03461552926638417,0.06914761904761904,0.03539344708405729,0.057362905067627534,0,0.015624523162841797,0.015634536743164062
FIN Flag Cnt,DI-S1-2,0,1,DT,0.16349899790573558,0.06914761904761904,0.03461552926638417,0.06914761904761904,0.03539344708405729,0.057362905067627534,0,0.015623807907104492,0.015644311904907227
FIN Flag Cnt,DI-S1-2,0,2,DT,0.16349899790573558,0.06914761904761904,0.03461552926638417,0.06914761904761904,0.03539344708405729,0.057362905067627534,0,0.015622854232788086,0.01563239097595215
FIN Flag Cnt,DI-S1-2,0,3,DT,0.16349899790573558,0.06914761904761904,0.03461552926638417,0.06914761904761904,0.03539344708405729,0.057362905067627534,0,0.0,0.01574563980102539
FIN Flag Cnt,DI-S1-2,0,4,DT,0.16349899790573558,0.06914761904761904,0.03461552926638417,0.06914761904761904,0.03539344708405729,0.057362905067627534,0,0.0,0.015732526779174805
