Feature,Dataset,T,CV,ML,Acc,b_Acc,Prec,Rec,F1,kap,ROC,tra-T,test-T
Bwd IAT Min,DI-S1-2,0,0,DT,0.33027450627153376,0.2764798208672698,0.30175221795274565,0.2764798208672698,0.2625621302392328,0.2654939035097792,0,0.2044978141784668,0.03125429153442383
Bwd IAT Min,DI-S1-2,0,1,DT,0.33027450627153376,0.2764798208672698,0.30175221795274565,0.2764798208672698,0.2625621302392328,0.2654939035097792,0,0.22227191925048828,0.03129410743713379
Bwd IAT Min,DI-S1-2,0,2,DT,0.33027450627153376,0.2764798208672698,0.30175221795274565,0.2764798208672698,0.2625621302392328,0.2654939035097792,0,0.21953892707824707,0.015618324279785156
Bwd IAT Min,DI-S1-2,0,3,DT,0.33027450627153376,0.2764798208672698,0.30175221795274565,0.2764798208672698,0.2625621302392328,0.2654939035097792,0,0.1884157657623291,0.03125357627868652
Bwd IAT Min,DI-S1-2,0,4,DT,0.33027450627153376,0.2764798208672698,0.30175221795274565,0.2764798208672698,0.2625621302392328,0.2654939035097792,0,0.20453119277954102,0.031235694885253906
