Feature,Dataset,T,CV,ML,Acc,b_Acc,Prec,Rec,F1,kap,ROC,tra-T,test-T
Fwd Header Len,DI-S2-1,0,0,DT,0.42596722042591145,0.34188311770289714,0.44123325316955236,0.34188311770289714,0.33143765007821746,0.35653650219883803,0,0.03406357765197754,0.012598276138305664
Fwd Header Len,DI-S2-1,0,1,DT,0.42596722042591145,0.34188311770289714,0.44123325316955236,0.34188311770289714,0.33143765007821746,0.35653650219883803,0,0.03124833106994629,0.015629053115844727
Fwd Header Len,DI-S2-1,0,2,DT,0.42596722042591145,0.34188311770289714,0.44123325316955236,0.34188311770289714,0.33143765007821746,0.35653650219883803,0,0.03195047378540039,0.01562786102294922
Fwd Header Len,DI-S2-1,0,3,DT,0.42596722042591145,0.34188311770289714,0.44123325316955236,0.34188311770289714,0.33143765007821746,0.35653650219883803,0,0.046877384185791016,0.011107683181762695
Fwd Header Len,DI-S2-1,0,4,DT,0.42596722042591145,0.34188311770289714,0.44123325316955236,0.34188311770289714,0.33143765007821746,0.35653650219883803,0,0.031256914138793945,0.015627145767211914
