Feature,Dataset,T,CV,ML,Acc,b_Acc,Prec,Rec,F1,kap,ROC,tra-T,test-T
Flow Pkts/s,DI-S1-2,0,0,DT,0.404879861283131,0.4152426306044286,0.37190726965174087,0.4152426306044286,0.3764831415240905,0.3510236540779881,0,0.39353132247924805,0.031264305114746094
Flow Pkts/s,DI-S1-2,0,1,DT,0.404879861283131,0.4152426306044286,0.37190726965174087,0.4152426306044286,0.3764831415240905,0.3510236540779881,0,0.3933844566345215,0.031841278076171875
Flow Pkts/s,DI-S1-2,0,2,DT,0.404879861283131,0.4152426306044286,0.37190726965174087,0.4152426306044286,0.3764831415240905,0.3510236540779881,0,0.393296480178833,0.046987295150756836
Flow Pkts/s,DI-S1-2,0,3,DT,0.404879861283131,0.4152426306044286,0.37190726965174087,0.4152426306044286,0.3764831415240905,0.3510236540779881,0,0.41469407081604004,0.031363725662231445
Flow Pkts/s,DI-S1-2,0,4,DT,0.404879861283131,0.4152426306044286,0.37190726965174087,0.4152426306044286,0.3764831415240905,0.3510236540779881,0,0.39343833923339844,0.04677772521972656
