Feature,Dataset,T,CV,ML,Acc,b_Acc,Prec,Rec,F1,kap,ROC,tra-T,test-T
Bwd Pkts/b Avg,DI-S2-1,0,0,DT,0.13936893745122086,0.047619047619047616,0.0066366160691057555,0.047619047619047616,0.011649634900442222,0.0,0,0.0,0.01563429832458496
Bwd Pkts/b Avg,DI-S2-1,0,1,DT,0.13936893745122086,0.047619047619047616,0.0066366160691057555,0.047619047619047616,0.011649634900442222,0.0,0,0.01573491096496582,0.0
Bwd Pkts/b Avg,DI-S2-1,0,2,DT,0.13936893745122086,0.047619047619047616,0.0066366160691057555,0.047619047619047616,0.011649634900442222,0.0,0,0.015735864639282227,0.01562190055847168
Bwd Pkts/b Avg,DI-S2-1,0,3,DT,0.13936893745122086,0.047619047619047616,0.0066366160691057555,0.047619047619047616,0.011649634900442222,0.0,0,0.0,0.015618562698364258
Bwd Pkts/b Avg,DI-S2-1,0,4,DT,0.13936893745122086,0.047619047619047616,0.0066366160691057555,0.047619047619047616,0.011649634900442222,0.0,0,0.0,0.0
