Feature,Dataset,T,CV,ML,Acc,b_Acc,Prec,Rec,F1,kap,ROC,tra-T,test-T
Fwd IAT Min,DI-S1-2,0,0,DT,0.33383250388452274,0.25183091001356434,0.3729102220498685,0.25183091001356434,0.2641072467592758,0.2600112630631164,0,0.17267322540283203,0.01871323585510254
Fwd IAT Min,DI-S1-2,0,1,DT,0.33383250388452274,0.25183091001356434,0.3729102220498685,0.25183091001356434,0.2641072467592758,0.2600112630631164,0,0.18889212608337402,0.015636205673217773
Fwd IAT Min,DI-S1-2,0,2,DT,0.33383250388452274,0.25183091001356434,0.3729102220498685,0.25183091001356434,0.2641072467592758,0.2600112630631164,0,0.17422175407409668,0.015731334686279297
Fwd IAT Min,DI-S1-2,0,3,DT,0.33383250388452274,0.25183091001356434,0.3729102220498685,0.25183091001356434,0.2641072467592758,0.2600112630631164,0,0.17268013954162598,0.016222238540649414
Fwd IAT Min,DI-S1-2,0,4,DT,0.33383250388452274,0.25183091001356434,0.3729102220498685,0.25183091001356434,0.2641072467592758,0.2600112630631164,0,0.18630051612854004,0.016211748123168945
