Feature,Dataset,T,CV,ML,Acc,b_Acc,Prec,Rec,F1,kap,ROC,tra-T,test-T
Protocol,DI-S1-2,0,0,DT,0.17672889409327358,0.07744168837240364,0.030733653391939866,0.07744168837240364,0.037879246555742783,0.07415769064240463,0,0.0,0.03126239776611328
Protocol,DI-S1-2,0,1,DT,0.17672889409327358,0.07744168837240364,0.030733653391939866,0.07744168837240364,0.037879246555742783,0.07415769064240463,0,0.0,0.022253990173339844
Protocol,DI-S1-2,0,2,DT,0.17672889409327358,0.07744168837240364,0.030733653391939866,0.07744168837240364,0.037879246555742783,0.07415769064240463,0,0.0,0.015623331069946289
Protocol,DI-S1-2,0,3,DT,0.17672889409327358,0.07744168837240364,0.030733653391939866,0.07744168837240364,0.037879246555742783,0.07415769064240463,0,0.0,0.015633106231689453
Protocol,DI-S1-2,0,4,DT,0.17672889409327358,0.07744168837240364,0.030733653391939866,0.07744168837240364,0.037879246555742783,0.07415769064240463,0,0.01563119888305664,0.01621222496032715
