Feature,Dataset,T,CV,ML,Acc,b_Acc,Prec,Rec,F1,kap,ROC,tra-T,test-T
ACK Flag Cnt,DI-S2-1,0,0,DT,0.21984056193555582,0.07552570214365216,0.021207893059402783,0.07552570214365216,0.0329874624162532,0.09422751245897887,0,0.0,0.017412900924682617
ACK Flag Cnt,DI-S2-1,0,1,DT,0.21984056193555582,0.07552570214365216,0.021207893059402783,0.07552570214365216,0.0329874624162532,0.09422751245897887,0,0.003103494644165039,0.0
ACK Flag Cnt,DI-S2-1,0,2,DT,0.21984056193555582,0.07552570214365216,0.021207893059402783,0.07552570214365216,0.0329874624162532,0.09422751245897887,0,0.01562786102294922,0.0
ACK Flag Cnt,DI-S2-1,0,3,DT,0.21984056193555582,0.07552570214365216,0.021207893059402783,0.07552570214365216,0.0329874624162532,0.09422751245897887,0,0.015631675720214844,0.0
ACK Flag Cnt,DI-S2-1,0,4,DT,0.21984056193555582,0.07552570214365216,0.021207893059402783,0.07552570214365216,0.0329874624162532,0.09422751245897887,0,0.015734195709228516,0.0
