Feature,Dataset,T,CV,ML,Acc,b_Acc,Prec,Rec,F1,kap,ROC,tra-T,test-T
Active Mean,DI-S2-1,0,0,DT,0.25452949046716467,0.1679512601225465,0.3567581183941368,0.1679512601225465,0.17923178017592842,0.15262293462176557,0,0.12560081481933594,0.01563239097595215
Active Mean,DI-S2-1,0,1,DT,0.25452949046716467,0.1679512601225465,0.3567581183941368,0.1679512601225465,0.17923178017592842,0.15262293462176557,0,0.12570714950561523,0.015618324279785156
Active Mean,DI-S2-1,0,2,DT,0.25452949046716467,0.1679512601225465,0.3567581183941368,0.1679512601225465,0.17923178017592842,0.15262293462176557,0,0.12570548057556152,0.013107061386108398
Active Mean,DI-S2-1,0,3,DT,0.25452949046716467,0.1679512601225465,0.3567581183941368,0.1679512601225465,0.17923178017592842,0.15262293462176557,0,0.11008310317993164,0.0157318115234375
Active Mean,DI-S2-1,0,4,DT,0.25452949046716467,0.1679512601225465,0.3567581183941368,0.1679512601225465,0.17923178017592842,0.15262293462176557,0,0.11008453369140625,0.01562976837158203
