Feature,Dataset,T,CV,ML,Acc,b_Acc,Prec,Rec,F1,kap,ROC,tra-T,test-T
Flow IAT Std,DI-S1-2,0,0,DT,0.3684554236944626,0.35700848048218575,0.41842857777031106,0.35700848048218575,0.35316134972293095,0.3038235403478762,0,0.3474245071411133,0.016214609146118164
Flow IAT Std,DI-S1-2,0,1,DT,0.3684554236944626,0.35700848048218575,0.41842857777031106,0.35700848048218575,0.35316134972293095,0.3038235403478762,0,0.3557441234588623,0.031267404556274414
Flow IAT Std,DI-S1-2,0,2,DT,0.3684554236944626,0.35700848048218575,0.41842857777031106,0.35700848048218575,0.35316134972293095,0.3038235403478762,0,0.3620572090148926,0.031369924545288086
Flow IAT Std,DI-S1-2,0,3,DT,0.3684554236944626,0.35700848048218575,0.41842857777031106,0.35700848048218575,0.35316134972293095,0.3038235403478762,0,0.34586262702941895,0.015616178512573242
Flow IAT Std,DI-S1-2,0,4,DT,0.3684554236944626,0.35700848048218575,0.41842857777031106,0.35700848048218575,0.35316134972293095,0.3038235403478762,0,0.3465137481689453,0.0312650203704834
