Feature,Dataset,T,CV,ML,Acc,b_Acc,Prec,Rec,F1,kap,ROC,tra-T,test-T
Bwd Pkt Len Std,DI-S2-1,0,0,DT,0.5117906121083733,0.512473043479105,0.8276189334313612,0.512473043479105,0.5879218664476201,0.45280026569061005,0,0.09443902969360352,0.015624284744262695
Bwd Pkt Len Std,DI-S2-1,0,1,DT,0.5117906121083733,0.512473043479105,0.8276189334313612,0.512473043479105,0.5879218664476201,0.45280026569061005,0,0.07882928848266602,0.015622138977050781
Bwd Pkt Len Std,DI-S2-1,0,2,DT,0.5117906121083733,0.512473043479105,0.8276189334313612,0.512473043479105,0.5879218664476201,0.45280026569061005,0,0.0944514274597168,0.0
Bwd Pkt Len Std,DI-S2-1,0,3,DT,0.5117906121083733,0.512473043479105,0.8276189334313612,0.512473043479105,0.5879218664476201,0.45280026569061005,0,0.07880210876464844,0.01562666893005371
Bwd Pkt Len Std,DI-S2-1,0,4,DT,0.5117906121083733,0.512473043479105,0.8276189334313612,0.512473043479105,0.5879218664476201,0.45280026569061005,0,0.07883620262145996,0.015629291534423828
