Feature,Dataset,T,CV,ML,Acc,b_Acc,Prec,Rec,F1,kap,ROC,tra-T,test-T
Pkt Size Avg,DI-S2-1,0,0,DT,0.613474188872784,0.5774103665616702,0.728463313718351,0.5774103665616702,0.6135424949094563,0.5706782835454854,0,0.15766048431396484,0.015631437301635742
Pkt Size Avg,DI-S2-1,0,1,DT,0.613474188872784,0.5774103665616702,0.728463313718351,0.5774103665616702,0.6135424949094563,0.5706782835454854,0,0.15764355659484863,0.01562786102294922
Pkt Size Avg,DI-S2-1,0,2,DT,0.613474188872784,0.5774103665616702,0.728463313718351,0.5774103665616702,0.6135424949094563,0.5706782835454854,0,0.1732945442199707,0.015635013580322266
Pkt Size Avg,DI-S2-1,0,3,DT,0.613474188872784,0.5774103665616702,0.728463313718351,0.5774103665616702,0.6135424949094563,0.5706782835454854,0,0.15694022178649902,0.018225908279418945
Pkt Size Avg,DI-S2-1,0,4,DT,0.613474188872784,0.5774103665616702,0.728463313718351,0.5774103665616702,0.6135424949094563,0.5706782835454854,0,0.15694165229797363,0.015621185302734375
