Dataset,T,CV,ML,Acc,b_Acc,Prec,Rec,F1,kap,ROC,tra-T,test-T,Al-Time
UKVPN@UK,0,1,DT,0.9843556153668229,0.9486791141529042,0.9637693101947409,0.9486791141529042,0.9464732901725396,0.9791460493239517,0,2.8092517852783203,0.07563376426696777,3.6412410736083984
UKVPN@UK,1,2,DT,0.9841916016569591,0.9495946919673598,0.9571363738001015,0.9495946919673598,0.9440970636126883,0.9789301527282291,0,2.812141180038452,0.07001209259033203,3.687798261642456
UKVPN@UK,2,3,DT,0.9838131084803499,0.9433690111690077,0.9594443847233515,0.9433690111690077,0.9423862258879104,0.9784235919684955,0,2.919039487838745,0.08377623558044434,3.66573429107666
UKVPN@UK,3,4,DT,0.9830897659650525,0.9389795209122767,0.9493909550434865,0.9389795209122767,0.9351379160316085,0.9774602679388691,0,2.868114471435547,0.08493995666503906,3.590010643005371
UKVPN@UK,4,5,DT,0.9837962865613895,0.9388579017922407,0.9503830981051952,0.9388579017922407,0.9356072824017265,0.9784052797820492,0,2.7518551349639893,0.09539031982421875,3.844653844833374
