Feature,Dataset,T,CV,ML,Acc,b_Acc,Prec,Rec,F1,kap,ROC,tra-T,test-T
tcp.nxtseq,CS2D1,1,0,DT,0.5247870199922942,0.27606842695063866,0.4359025329843418,0.27606842695063866,0.30326679289533803,0.2676021424320909,0,0.12570714950561523,0.0
tcp.nxtseq,CS2D1,2,0,DT,0.5275696733593047,0.2723083178586076,0.4331926425182006,0.2723083178586076,0.29853711570128144,0.26967864477112924,0,0.1101694107055664,0.015627622604370117
tcp.nxtseq,CS2D1,3,0,DT,0.5267247468801507,0.26891466827268556,0.43649232859722503,0.26891466827268556,0.297466174320966,0.269936989434712,0,0.1275029182434082,0.0
tcp.nxtseq,CS2D1,4,0,DT,0.5262752317143652,0.2688304533594725,0.4301130785147589,0.2688304533594725,0.2959147745502017,0.2656318806240767,0,0.1100766658782959,0.015527963638305664
tcp.nxtseq,CS2D1,5,0,DT,0.5244771710512234,0.2704974979698719,0.42313733265092884,0.2704974979698719,0.2981297822101029,0.26636611870737725,0,0.12604928016662598,0.0
