Feature,Dataset,T,CV,ML,Acc,b_Acc,Prec,Rec,F1,kap,ROC,tra-T,test-T
tcp.analysis.out_of_order,CS2D2,1,0,DT,0.7530095336683753,0.08333333333333333,0.0627507944723646,0.08333333333333333,0.07159207439226108,0.0,0,0.031246662139892578,0.0
tcp.analysis.out_of_order,CS2D2,2,0,DT,0.7527089977125875,0.08333333333333333,0.0627257498093823,0.08333333333333333,0.07157577200920855,0.0,0,0.03126168251037598,0.0036003589630126953
tcp.analysis.out_of_order,CS2D2,3,0,DT,0.7530930158783163,0.08333333333333333,0.06275775132319303,0.08333333333333333,0.07159660184003505,0.0,0,0.016744136810302734,0.0
tcp.analysis.out_of_order,CS2D2,4,0,DT,0.7536773913479038,0.08333333333333333,0.06280644927899198,0.08333333333333333,0.07162828190505206,0.0,0,0.03162407875061035,0.0
tcp.analysis.out_of_order,CS2D2,5,0,DT,0.7542784632594794,0.08333333333333333,0.06285653860495662,0.08333333333333333,0.07166084509544522,0.0,0,0.015630006790161133,0.0
