Feature,Dataset,T,CV,ML,Acc,b_Acc,Prec,Rec,F1,kap,ROC,tra-T,test-T
tls.alert_message,CS2D1,1,0,DT,0.381052271073248,0.08389238294898672,0.07936388948382951,0.08389238294898672,0.04708088860888823,0.0008717820949415422,0,0.015624284744262695,0.0
tls.alert_message,CS2D1,2,0,DT,0.3806669806070465,0.08368012206963517,0.07338465601667453,0.08368012206963517,0.046635447345943354,0.0005727115958110707,0,0.015556573867797852,0.0
tls.alert_message,CS2D1,3,0,DT,0.37814928184600893,0.08350672770148426,0.06127486966779946,0.08350672770148426,0.04607686628974031,0.0003293970990013717,0,0.015683412551879883,0.0
tls.alert_message,CS2D1,4,0,DT,0.38099621122931693,0.08371087314662273,0.06448718674430298,0.08371087314662273,0.04672669156389495,0.0006982489013310778,0,0.015541791915893555,0.0
tls.alert_message,CS2D1,5,0,DT,0.38176680865637774,0.0836127409891031,0.06884892451499873,0.0836127409891031,0.046600669459746814,0.00048274577324880497,0,0.015551567077636719,0.0
