Feature,Dataset,T,CV,ML,Acc,b_Acc,Prec,Rec,F1,kap,ROC,tra-T,test-T
igmp.num_grp_recs,CS2D2,1,0,DT,0.7521747115689646,0.08333333333333333,0.06268122596408039,0.08333333333333333,0.07154677618643772,0.0,0,0.031247615814208984,0.0
igmp.num_grp_recs,CS2D2,2,0,DT,0.7526923012705993,0.08333333333333333,0.0627243584392166,0.08333333333333333,0.0715748661573342,0.0,0,0.03125262260437012,0.0
igmp.num_grp_recs,CS2D2,3,0,DT,0.7542951597014677,0.08333333333333333,0.06285792997512231,0.08333333333333333,0.07166174930998383,0.0,0,0.015619516372680664,0.01563096046447754
igmp.num_grp_recs,CS2D2,4,0,DT,0.7518574791711886,0.08333333333333333,0.06265478993093239,0.08333333333333333,0.07152955154842235,0.0,0,0.031827449798583984,0.0
igmp.num_grp_recs,CS2D2,5,0,DT,0.7557477501544421,0.08333333333333333,0.06297897917953683,0.08333333333333333,0.07174035014311934,0.0,0,0.030836820602416992,0.0
