Feature,Dataset,T,CV,ML,Acc,b_Acc,Prec,Rec,F1,kap,ROC,tra-T,test-T
eth.dst.ig,CS1D1,1,0,DT,0.39908390710701364,0.08333333333333333,0.0332569922589178,0.08333333333333333,0.047541097556737216,0.0,0,0.010015249252319336,0.0
eth.dst.ig,CS1D1,2,0,DT,0.3941241685144124,0.08333333333333333,0.03284368070953437,0.08333333333333333,0.04711729622266402,0.0,0,0.01018667221069336,0.0
eth.dst.ig,CS1D1,3,0,DT,0.3890769051231182,0.08333333333333333,0.03242307542692652,0.08333333333333333,0.046682909070542435,0.0,0,0.009990453720092773,0.0
eth.dst.ig,CS1D1,4,0,DT,0.39827862873814734,0.08333333333333333,0.03318988572817894,0.08333333333333333,0.047472492314540475,0.0,0,0.009990453720092773,0.0
eth.dst.ig,CS1D1,5,0,DT,0.3987746170678337,0.08333333333333333,0.03323121808898614,0.08333333333333333,0.047514757107398366,0.0,0,0.00499415397644043,0.005008697509765625
