Feature,Dataset,T,CV,ML,Acc,b_Acc,Prec,Rec,F1,kap,ROC,tra-T,test-T
icmp.ident_le,CS1D1,1,0,DT,0.3987338079122418,0.09344403441467464,0.3662596734270592,0.09344403441467464,0.06625878360940933,0.013035614542056262,0,0.015742063522338867,0.01563739776611328
icmp.ident_le,CS1D1,2,0,DT,0.3977126852608239,0.09183380209759918,0.366203690123493,0.09183380209759918,0.06331200321934033,0.011737799792830406,0,0.024863481521606445,0.0
icmp.ident_le,CS1D1,3,0,DT,0.4010386276111565,0.09466883424508409,0.36640864447773763,0.09466883424508409,0.06867428592074788,0.01497348582938518,0,0.015631914138793945,0.0
icmp.ident_le,CS1D1,4,0,DT,0.4036177972283005,0.0931780789527991,0.3250102723644048,0.0931780789527991,0.06634869979021185,0.012850362233819634,0,0.031851768493652344,0.0
icmp.ident_le,CS1D1,5,0,DT,0.40828592268417213,0.09299385131633693,0.339280297470522,0.09299385131633693,0.06627835046880586,0.013452555187043913,0,0.017831087112426758,0.0051097869873046875
