Feature,Dataset,T,CV,ML,Acc,b_Acc,Prec,Rec,F1,kap,ROC,tra-T,test-T
tcp.analysis.duplicate_ack_num,CS2D1,1,0,DT,0.3849479857870628,0.0902040997099459,0.16833292636220498,0.0902040997099459,0.0587787443885767,0.00691662944168403,0,0.015683889389038086,0.0
tcp.analysis.duplicate_ack_num,CS2D1,2,0,DT,0.38222954749775245,0.08994632930803144,0.1035899218895428,0.08994632930803144,0.05805601386763842,0.006633515938658907,0,0.017743825912475586,0.0
tcp.analysis.duplicate_ack_num,CS2D1,3,0,DT,0.380075775413661,0.09073059360730594,0.10568257536668409,0.09073059360730594,0.05917845758436127,0.007655891122379521,0,0.03087759017944336,0.0
tcp.analysis.duplicate_ack_num,CS2D1,4,0,DT,0.38395016803305004,0.09004867495943754,0.10709505260544959,0.09004867495943754,0.05840848080635839,0.007082730452182995,0,0.016599655151367188,0.0
tcp.analysis.duplicate_ack_num,CS2D1,5,0,DT,0.38658304257550785,0.0907215290775802,0.1888059723166106,0.0907215290775802,0.05974367191518567,0.007933837475292083,0,0.01564168930053711,0.0
