Feature,Dataset,T,CV,ML,Acc,b_Acc,Prec,Rec,F1,kap,ROC,tra-T,test-T
dns.flags.response,CS1D2,1,0,DT,0.6161251845961604,0.08562308174536178,0.0853192056110722,0.08562308174536178,0.06819217555764359,0.011344637634921884,0,0.016443729400634766,0.015126466751098633
dns.flags.response,CS1D2,2,0,DT,0.6150460070430535,0.08519074321149804,0.08045526564185544,0.08519074321149804,0.06727582969313808,0.00955534218130838,0,0.016393661499023438,0.0
dns.flags.response,CS1D2,3,0,DT,0.6179143473815745,0.08522720567045339,0.08230741178226819,0.08522720567045339,0.06752194824708682,0.009846982603361032,0,0.01575493812561035,0.0
dns.flags.response,CS1D2,4,0,DT,0.6155746783675556,0.08525910260404819,0.08436016437243991,0.08525910260404819,0.06742793180401774,0.009647369093554126,0,0.015624046325683594,0.0
dns.flags.response,CS1D2,5,0,DT,0.6157450796626054,0.08531744369177229,0.08670366704305647,0.08531744369177229,0.06754702621659665,0.009663429171996252,0,0.0,0.015640735626220703
