Feature,Dataset,T,CV,ML,Acc,b_Acc,Prec,Rec,F1,kap,ROC,tra-T,test-T
dhcp.secs,CS1D1,1,0,DT,0.39569961489088573,0.08689162579552111,0.15491648694420515,0.08689162579552111,0.05378499537855807,0.0017479901159215272,0,0.01971435546875,0.005068778991699219
dhcp.secs,CS1D1,2,0,DT,0.39990080522814797,0.08555615226089809,0.15060706437575158,0.08555615226089809,0.05181663891040577,0.0009603956858793561,0,0.014137506484985352,0.005606889724731445
dhcp.secs,CS1D1,3,0,DT,0.39639981328042945,0.08609268041902556,0.06681629057428584,0.08609268041902556,0.052422773107417824,0.0013594408590923424,0,0.015076875686645508,0.0050106048583984375
dhcp.secs,CS1D1,4,0,DT,0.39574033552151716,0.085978448013314,0.15796831654256097,0.085978448013314,0.05225182455746758,0.0012206286057084847,0,0.01439213752746582,0.005330801010131836
dhcp.secs,CS1D1,5,0,DT,0.3935521517140773,0.08545023605972006,0.14570068319433624,0.08545023605972006,0.05104713190978918,0.0010620548844945121,0,0.01977372169494629,0.0
