Feature,Dataset,T,CV,ML,Acc,b_Acc,Prec,Rec,F1,kap,ROC,tra-T,test-T
tls.handshake.extensions_ec_point_formats_length,CS1D2,1,0,DT,0.6161251845961604,0.08631251670874868,0.20649758733170975,0.08631251670874868,0.06931094630224857,0.010474828734877928,0,0.01512765884399414,0.0
tls.handshake.extensions_ec_point_formats_length,CS1D2,2,0,DT,0.6228842440077247,0.08623645480287752,0.20857197019556253,0.08623645480287752,0.06958534338305923,0.00985274767151978,0,0.014627933502197266,0.006670951843261719
tls.handshake.extensions_ec_point_formats_length,CS1D2,3,0,DT,0.6197603089855731,0.08632729497834797,0.20838057516002895,0.08632729497834797,0.06954432760287825,0.010213162490166794,0,0.016034841537475586,0.0
tls.handshake.extensions_ec_point_formats_length,CS1D2,4,0,DT,0.6140978671437903,0.08613986405037176,0.20706339714540636,0.08613986405037176,0.06884067421895387,0.009786109260230935,0,0.01576375961303711,0.0
tls.handshake.extensions_ec_point_formats_length,CS1D2,5,0,DT,0.6148078725398313,0.08632688732919376,0.19868461833774811,0.08632688732919376,0.06922564325009796,0.010059691021753192,0,0.015625953674316406,0.0
