Feature,Dataset,T,CV,ML,Acc,b_Acc,Prec,Rec,F1,kap,ROC,tra-T,test-T
ntp.stratum,CS2D2,1,0,DT,0.756766233115723,0.08943089430894309,0.14639515532029768,0.08943089430894309,0.08315770387562871,0.0007224171703328341,0,0.031246185302734375,0.0
ntp.stratum,CS2D2,2,0,DT,0.7522081044529411,0.08679445776179695,0.0904687816020292,0.08679445776179695,0.07772189368256775,0.0004719598632765276,0,0.03124523162841797,0.0
ntp.stratum,CS2D2,3,0,DT,0.7517739969612476,0.08614232209737828,0.11264888903731411,0.08614232209737828,0.07684485485197821,0.00045389959368169475,0,0.018234729766845703,0.0
ntp.stratum,CS2D2,4,0,DT,0.7517906934032358,0.08419953814748188,0.09042874900280144,0.08419953814748188,0.07320988285464967,0.00015136706872831418,0,0.03193950653076172,0.0
ntp.stratum,CS2D2,5,0,DT,0.7543786419114087,0.08729789835367524,0.11048571651216677,0.08729789835367524,0.07899207119697098,0.000493984614991394,0,0.0313570499420166,0.015550613403320312
