Feature,Dataset,T,CV,ML,Acc,b_Acc,Prec,Rec,F1,kap,ROC,tra-T,test-T
tcp.flags.ack,CS2D2,1,0,DT,0.7544788205633379,0.08333333333333333,0.06287323504694482,0.08333333333333333,0.07167169453405785,0.0,0,0.03136086463928223,0.0
tcp.flags.ack,CS2D2,2,0,DT,0.7529427479004224,0.08333333333333333,0.06274522899170186,0.08333333333333333,0.0715884521235558,0.0,0,0.03126335144042969,0.0
tcp.flags.ack,CS2D2,3,0,DT,0.753460337602057,0.08333333333333333,0.06278836146683808,0.08333333333333333,0.07161651748873231,0.0,0,0.04444456100463867,0.0031044483184814453
tcp.flags.ack,CS2D2,4,0,DT,0.7527924799225285,0.08333333333333333,0.0627327066602107,0.08333333333333333,0.07158030100971614,0.0,0,0.03194689750671387,0.0
tcp.flags.ack,CS2D2,5,0,DT,0.7530930158783163,0.08333333333333333,0.06275775132319303,0.08333333333333333,0.07159660184003505,0.0,0,0.046979665756225586,0.0
