Feature,Dataset,T,CV,ML,Acc,b_Acc,Prec,Rec,F1,kap,ROC,tra-T,test-T
tls.sct.scts_length,CS2D2,1,0,DT,0.756449000717947,0.08333333333333333,0.06303741672649558,0.08333333333333333,0.0717782488426696,0.0,0,0.03124237060546875,0.0
tls.sct.scts_length,CS2D2,2,0,DT,0.7539445344197152,0.08333333333333333,0.06282871120164293,0.08333333333333333,0.07164275718950204,0.0,0,0.015617132186889648,0.015631437301635742
tls.sct.scts_length,CS2D2,3,0,DT,0.7542116774915265,0.08333333333333333,0.06285097312429387,0.08333333333333333,0.07165722806516601,0.0,0,0.03133273124694824,0.008118867874145508
tls.sct.scts_length,CS2D2,4,0,DT,0.7521580151269764,0.08333333333333333,0.0626798345939147,0.08333333333333333,0.07154586978203833,0.0,0,0.019737720489501953,0.0
tls.sct.scts_length,CS2D2,5,0,DT,0.750004174110497,0.08333333333333333,0.06250034784254142,0.08333333333333333,0.07142879859050563,0.0,0,0.01610565185546875,0.0
