Feature,Dataset,T,CV,ML,Acc,b_Acc,Prec,Rec,F1,kap,ROC,tra-T,test-T
tcp.window_size,CS2D1,1,0,DT,0.5619675499807355,0.3236058355711054,0.5820521156197517,0.3236058355711054,0.36210851186324766,0.3231113099082057,0,0.04741072654724121,0.015717029571533203
tcp.window_size,CS2D1,2,0,DT,0.5578577850079198,0.3248822708462032,0.5709657834021556,0.3248822708462032,0.36091430022528465,0.3218222799010644,0,0.04687237739562988,0.015630245208740234
tcp.window_size,CS2D1,3,0,DT,0.5579767536442837,0.3210506582682064,0.5759518629874385,0.3210506582682064,0.3583960851239301,0.3222350381001601,0,0.06290006637573242,0.0
tcp.window_size,CS2D1,4,0,DT,0.555408095554081,0.32200549651794785,0.5724822296102938,0.32200549651794785,0.3597588934325758,0.321846943798091,0,0.04714608192443848,0.015638113021850586
tcp.window_size,CS2D1,5,0,DT,0.5613374146456322,0.32397010066844495,0.5798217068872811,0.32397010066844495,0.3628177203780294,0.32340562645079807,0,0.06255412101745605,0.0
