Feature,Dataset,T,CV,ML,Acc,b_Acc,Prec,Rec,F1,kap,ROC,tra-T,test-T
dns.retransmit_response,CS1D1,1,0,DT,0.39812113432139107,0.0842426187419769,0.09216828652305455,0.0842426187419769,0.04921294397535259,0.0023550110971047866,0,0.019890308380126953,0.0
dns.retransmit_response,CS1D1,2,0,DT,0.3941241685144124,0.08441971383147855,0.09274006318776767,0.08441971383147855,0.049204912790572146,0.002793103741073555,0,0.015212297439575195,0.0048007965087890625
dns.retransmit_response,CS1D1,3,0,DT,0.39826700898587936,0.08394257257893621,0.08231604035120699,0.08394257257893621,0.048656464088258876,0.001690550736372698,0,0.015258073806762695,0.0046308040618896484
dns.retransmit_response,CS1D1,4,0,DT,0.39938730853391685,0.08408287825248956,0.08187188963878421,0.08408287825248956,0.04902129208900701,0.0020734058514809695,0,0.015189647674560547,0.004930734634399414
dns.retransmit_response,CS1D1,5,0,DT,0.39445660102115243,0.08458197611292073,0.08681815486533985,0.08458197611292073,0.04954152559831343,0.003244159790008583,0,0.015338897705078125,0.004616975784301758
