Feature,Dataset,T,CV,ML,Acc,b_Acc,Prec,Rec,F1,kap,ROC,tra-T,test-T
stun.type,CS2D2,1,0,DT,0.754011320187668,0.0849673202614379,0.14616658318027495,0.0849673202614379,0.07485083599941711,0.00035650219810801076,0,0.03537440299987793,0.0
stun.type,CS2D2,2,0,DT,0.7538443557677859,0.08333333333333333,0.06282036298064882,0.08333333333333333,0.07163732947459613,0.0,0,0.03184223175048828,0.0
stun.type,CS2D2,3,0,DT,0.7537441771158566,0.08333333333333333,0.06281201475965471,0.08333333333333333,0.07163190113959843,0.0,0,0.028832674026489258,0.0
stun.type,CS2D2,4,0,DT,0.7542283739335147,0.083994708994709,0.14618535586277523,0.083994708994709,0.07297024605724635,0.00011901490481269761,0,0.015618324279785156,0.0
stun.type,CS2D2,5,0,DT,0.7510393535137662,0.08445190156599552,0.14591925331018016,0.08445190156599552,0.07369215491341692,0.00023447229718953633,0,0.03124260902404785,0.0
