Feature,Dataset,T,CV,ML,Acc,b_Acc,Prec,Rec,F1,kap,ROC,tra-T,test-T
tcp.flags.reset,CS2D1,1,0,DT,0.4270516717325228,0.09743030863859704,0.09884104323651517,0.09743030863859704,0.0816289371924836,0.0800206746789236,0,0.016446828842163086,0.015010356903076172
tcp.flags.reset,CS2D1,2,0,DT,0.4261312556188193,0.09820299053606753,0.10264478573730457,0.09820299053606753,0.08277867673386839,0.07934747491299665,0,0.015760421752929688,0.016443252563476562
tcp.flags.reset,CS2D1,3,0,DT,0.42449215489008285,0.09672640526027788,0.09665000711715899,0.09672640526027788,0.08029164528962533,0.07703311881652641,0,0.016030073165893555,0.015639305114746094
tcp.flags.reset,CS2D1,4,0,DT,0.4280454652481966,0.09813244221898658,0.09883671399716565,0.09813244221898658,0.08222900347543258,0.08132267210328648,0,0.03015613555908203,0.0
tcp.flags.reset,CS2D1,5,0,DT,0.4276387610505812,0.09864004562394214,0.10417429689121828,0.09864004562394214,0.08357913539986382,0.08039942027213376,0,0.0147552490234375,0.015638351440429688
