Feature,Dataset,T,CV,ML,Acc,b_Acc,Prec,Rec,F1,kap,ROC,tra-T,test-T
icmpv6.opt.length,CS2D1,1,0,DT,0.3816302067725502,0.08449612403100776,0.10322515039284108,0.08449612403100776,0.04831832920953665,0.0002978130189591477,0,0.016477108001708984,0.0
icmpv6.opt.length,CS2D1,2,0,DT,0.380795410762447,0.08450155763239875,0.0942276814386641,0.08450155763239875,0.048251341494536304,0.0003100547293687361,0,0.015641212463378906,0.0
icmpv6.opt.length,CS2D1,3,0,DT,0.37872722991630453,0.08371647509578545,0.1148917192907346,0.08371647509578545,0.046542672789438605,9.435252408840356e-05,0,0.01765584945678711,0.014013290405273438
icmpv6.opt.length,CS2D1,4,0,DT,0.3780208489414988,0.08430913348946135,0.08358154566928572,0.08430913348946135,0.04763225843627395,0.00027353184460043867,0,0.027393817901611328,0.0
icmpv6.opt.length,CS2D1,5,0,DT,0.38287989382879895,0.08412135539795114,0.07952335076612534,0.08412135539795114,0.0476931584853856,0.00022943670727426646,0,0.031247854232788086,0.0
