Feature,Dataset,T,CV,ML,Acc,b_Acc,Prec,Rec,F1,kap,ROC,tra-T,test-T
eth.len,CS1D1,1,0,DT,0.3999591550939433,0.08433826545249368,0.07497367035281727,0.08433826545249368,0.05003877159452692,0.001467755849264618,0,0.020109176635742188,0.0
eth.len,CS1D1,2,0,DT,0.39377406931964054,0.08424004436938853,0.07895677825067919,0.08424004436938853,0.04917239103229883,0.0015568972672495018,0,0.015004873275756836,0.005010128021240234
eth.len,CS1D1,3,0,DT,0.3952911658303186,0.08430094212218077,0.07991739158035432,0.08430094212218077,0.04940414765380555,0.0018088392296444766,0,0.015542984008789062,0.0050127506256103516
eth.len,CS1D1,4,0,DT,0.39439824945295404,0.08417518733602007,0.07451208336989053,0.08417518733602007,0.049201072365938146,0.0012427796147018721,0,0.0201261043548584,0.0049800872802734375
eth.len,CS1D1,5,0,DT,0.3965864332603939,0.084224630125858,0.0720395761321509,0.084224630125858,0.04955424315553427,0.0012440189110352051,0,0.015173912048339844,0.0033774375915527344
