Feature,Dataset,T,CV,ML,Acc,b_Acc,Prec,Rec,F1,kap,ROC,tra-T,test-T
tcp.analysis.flags,CS1D1,1,0,DT,0.3973334111331544,0.0940052929533531,0.06591303550854928,0.0940052929533531,0.06517182468449745,0.025534220497519744,0,0.016172409057617188,0.0
tcp.analysis.flags,CS1D1,2,0,DT,0.4027599486521181,0.09415128838232541,0.06592259910832506,0.09415128838232541,0.06575095207970559,0.0263898453141862,0,0.01650524139404297,0.0076198577880859375
tcp.analysis.flags,CS1D1,3,0,DT,0.4031392227797876,0.09370181887587636,0.06387224542220608,0.09370181887587636,0.06517481357932325,0.02424484739940691,0,0.016734838485717773,0.004011631011962891
tcp.analysis.flags,CS1D1,4,0,DT,0.40075857038657914,0.09343715486972136,0.06530823747534215,0.09343715486972136,0.06492383874001939,0.02345410645057644,0,0.021426677703857422,0.004019737243652344
tcp.analysis.flags,CS1D1,5,0,DT,0.3981035740335522,0.09322944253157299,0.06471664233331655,0.09322944253157299,0.06421490509939372,0.02431454544814793,0,0.016951322555541992,0.0026078224182128906
