Feature,Dataset,T,CV,ML,Acc,b_Acc,Prec,Rec,F1,kap,ROC,tra-T,test-T
tcp.analysis.initial_rtt,CS2D2,1,0,DT,0.7907935818876998,0.27928752777180116,0.6069346746823306,0.27928752777180116,0.3187592469913101,0.24010696933768882,0,0.15708398818969727,0.015760421752929688
tcp.analysis.initial_rtt,CS2D2,2,0,DT,0.7864858998547409,0.26410031291489383,0.607568684839407,0.26410031291489383,0.3063010555235966,0.23276615726348904,0,0.17220664024353027,0.015541315078735352
tcp.analysis.initial_rtt,CS2D2,3,0,DT,0.7912777787053579,0.2740378216080039,0.6119194948893226,0.2740378216080039,0.315734574988381,0.24073171292249085,0,0.15722990036010742,0.015619993209838867
tcp.analysis.initial_rtt,CS2D2,4,0,DT,0.7886731337551968,0.26329014773339793,0.6083998240702876,0.26329014773339793,0.30378297142476574,0.23528414486248717,0,0.17288470268249512,0.01568293571472168
tcp.analysis.initial_rtt,CS2D2,5,0,DT,0.7881388476115739,0.2751047063938323,0.6057644006573866,0.2751047063938323,0.3176292471109407,0.23479583356188471,0,0.17227387428283691,0.0
