Feature,Dataset,T,CV,ML,Acc,b_Acc,Prec,Rec,F1,kap,ROC,tra-T,test-T
ip.dsfield,CS2D1,1,0,DT,0.3861466672374674,0.0866034059878844,0.15027161979095527,0.0866034059878844,0.07207175178475095,0.022564725331702618,0,0.015629291534423828,0.016108274459838867
ip.dsfield,CS2D1,2,0,DT,0.38648914765186865,0.08713689031057446,0.15029629292094815,0.08713689031057446,0.07281754157024876,0.023846087033298158,0,0.02628016471862793,0.0050885677337646484
ip.dsfield,CS2D1,3,0,DT,0.386690069995933,0.08623737236840716,0.06683667789703933,0.08623737236840716,0.07156958544034142,0.02121247697031048,0,0.03165912628173828,0.0
ip.dsfield,CS2D1,4,0,DT,0.38403578996939014,0.08625482419014223,0.14978143789623635,0.08625482419014223,0.07173543606834011,0.01994461211075582,0,0.03164958953857422,0.0
ip.dsfield,CS2D1,5,0,DT,0.38632617676648756,0.0864139868363042,0.1502504867681719,0.0864139868363042,0.0719701297129229,0.021229126896500583,0,0.028750896453857422,0.003053903579711914
