Feature,Dataset,T,CV,ML,Acc,b_Acc,Prec,Rec,F1,kap,ROC,tra-T,test-T
tls.alert_message,CS2D2,1,0,DT,0.7532599802981984,0.08381808566895822,0.12824722316990056,0.08381808566895822,0.07256762372617274,0.0014258330151331045,0,0.027843713760375977,0.0
tls.alert_message,CS2D2,2,0,DT,0.7518407827292004,0.08363355635615029,0.12098745331173566,0.08363355635615029,0.07212648651881808,0.0009539990086413486,0,0.03125190734863281,0.0
tls.alert_message,CS2D2,3,0,DT,0.7546791778671965,0.08417254112118161,0.13864277894442747,0.08417254112118161,0.07333949653215298,0.0024350886419260975,0,0.03115391731262207,0.0
tls.alert_message,CS2D2,4,0,DT,0.7553303391047368,0.08368737829704372,0.12355068503410242,0.08368737829704372,0.072422033279329,0.0010880281604137565,0,0.03124547004699707,0.0
tls.alert_message,CS2D2,5,0,DT,0.7524919439667407,0.0835054207537429,0.11826393411294976,0.0835054207537429,0.07190757324009181,0.0005609712180678628,0,0.031723737716674805,0.0
