Feature,Dataset,T,CV,ML,Acc,b_Acc,Prec,Rec,F1,kap,ROC,tra-T,test-T
tcp.pdu.size,CS2D2,1,0,DT,0.7566493580218056,0.08333333333333333,0.06305411316848379,0.08333333333333333,0.07178907148492078,0.0,0,0.03319525718688965,0.0
tcp.pdu.size,CS2D2,2,0,DT,0.7538777486517623,0.08333333333333333,0.06282314572098019,0.08333333333333333,0.07163913878179193,0.0,0,0.03135085105895996,0.0
tcp.pdu.size,CS2D2,3,0,DT,0.7532766767401866,0.08391203703703703,0.14610604643914601,0.08391203703703703,0.07275576264264375,0.00011847115563068389,0,0.03125119209289551,0.0
tcp.pdu.size,CS2D2,4,0,DT,0.7533601589501278,0.08333333333333333,0.06278001324584398,0.08333333333333333,0.07161108677573148,0.0,0,0.03185272216796875,0.0
tcp.pdu.size,CS2D2,5,0,DT,0.7497036381547092,0.08628841607565012,0.1458068950930626,0.08628841607565012,0.07711906506538829,0.000582432223876661,0,0.031833648681640625,0.0
