Feature,Dataset,T,CV,ML,Acc,b_Acc,Prec,Rec,F1,kap,ROC,tra-T,test-T
tcp.analysis.keep_alive_ack,CS1D1,1,0,DT,0.39377406931964054,0.08333333333333333,0.032814505776636714,0.08333333333333333,0.04708726686622151,0.0,0,0.014946937561035156,0.005018949508666992
tcp.analysis.keep_alive_ack,CS1D1,2,0,DT,0.39596218928696464,0.08333333333333333,0.03299684910724705,0.08333333333333333,0.04727470322688513,0.0,0,0.018128156661987305,0.0061490535736083984
tcp.analysis.keep_alive_ack,CS1D1,3,0,DT,0.39403664371571945,0.08333333333333333,0.03283638697630995,0.08333333333333333,0.0471097902976016,0.0,0,0.01851367950439453,0.0
tcp.analysis.keep_alive_ack,CS1D1,4,0,DT,0.39489423778264043,0.08333333333333333,0.03290785314855337,0.08333333333333333,0.04718329498710172,0.0,0,0.018517494201660156,0.0021736621856689453
tcp.analysis.keep_alive_ack,CS1D1,5,0,DT,0.4006710430342815,0.08333333333333333,0.033389253586190125,0.08333333333333333,0.04767608176415042,0.0,0,0.010670661926269531,0.0
