Feature,Dataset,T,CV,ML,Acc,b_Acc,Prec,Rec,F1,kap,ROC,tra-T,test-T
icmp.type,CS1D2,1,0,DT,0.6175167556514825,0.09010634533593985,0.21616540163964784,0.09010634533593985,0.07604204114568178,0.020801807795174265,0,0.015642642974853516,0.0
icmp.type,CS1D2,2,0,DT,0.6192775190276042,0.08980263157894737,0.1320560778134339,0.08980263157894737,0.07560170017834783,0.020284089884224255,0,0.015499353408813477,0.0
icmp.type,CS1D2,3,0,DT,0.6215210723616948,0.08980107304849977,0.21558948549193682,0.08980107304849977,0.07576918321009439,0.02074917279582278,0,0.017531394958496094,0.014272928237915039
icmp.type,CS1D2,4,0,DT,0.6258555565022295,0.0904710920770878,0.13173470287913372,0.0904710920770878,0.07713446413779064,0.023407163828146227,0,0.024694204330444336,0.0018970966339111328
icmp.type,CS1D2,5,0,DT,0.6178750958507284,0.0903531625416124,0.13096658172470596,0.0903531625416124,0.07642950560049577,0.022205723390417598,0,0.015740633010864258,0.015510320663452148
