Feature,Dataset,T,CV,ML,Acc,b_Acc,Prec,Rec,F1,kap,ROC,tra-T,test-T
eth.src.oui,CS2D2,1,0,DT,0.9438164727096656,0.75,0.6354706447004377,0.75,0.6753610892733316,0.8667538735497194,0,0.046972036361694336,0.0
eth.src.oui,CS2D2,2,0,DT,0.9443340624113001,0.75,0.6355076018374037,0.75,0.6755397800349429,0.8680149293351591,0,0.03704833984375,0.0
eth.src.oui,CS2D2,3,0,DT,0.9441337051074417,0.75,0.6359712905076239,0.75,0.675764018996918,0.8676311649094844,0,0.04684185981750488,0.0
eth.src.oui,CS2D2,4,0,DT,0.9434992403118896,0.75,0.631341191708234,0.75,0.6720885648246863,0.8659277742383351,0,0.03194379806518555,0.0
eth.src.oui,CS2D2,5,0,DT,0.9440168300135241,0.75,0.6391515075670308,0.75,0.6781951460370981,0.8685749437078555,0,0.03125262260437012,0.0
