Feature,Dataset,T,CV,ML,Acc,b_Acc,Prec,Rec,F1,kap,ROC,tra-T,test-T
tcp.segment.overlap,CS1D1,1,0,DT,0.3951161162329327,0.08333333333333333,0.03292634301941106,0.08333333333333333,0.04720229755257673,0.0,0,0.010627985000610352,0.0
tcp.segment.overlap,CS1D1,2,0,DT,0.39963823083206906,0.08333333333333333,0.03330318590267242,0.08333333333333333,0.04758827698336599,0.0,0,0.015624523162841797,0.0
tcp.segment.overlap,CS1D1,3,0,DT,0.3959913642198623,0.08333333333333333,0.03299928035165519,0.08333333333333333,0.0472771984088835,0.0,0,0.01562786102294922,0.0
tcp.segment.overlap,CS1D1,4,0,DT,0.3953318745441284,0.08333333333333333,0.032944322878677365,0.08333333333333333,0.04722077016901899,0.0,0,0.015625476837158203,0.0
tcp.segment.overlap,CS1D1,5,0,DT,0.3932603938730853,0.08333333333333333,0.032771699489423774,0.08333333333333333,0.04704317962893161,0.0,0,0.010625123977661133,0.0
