Feature,Dataset,T,CV,ML,Acc,b_Acc,Prec,Rec,F1,kap,ROC,tra-T,test-T
stun.att.padding,CS2D1,1,0,DT,0.3807097906588467,0.08333333333333333,0.031725815888237224,0.08333333333333333,0.04595580635826202,0.0,0,0.01563429832458496,0.0
stun.att.padding,CS2D1,2,0,DT,0.38143756153944947,0.08406647116324535,0.08178451394686703,0.08406647116324535,0.04746244297360461,0.00016850821737102173,0,0.015606880187988281,0.0
stun.att.padding,CS2D1,3,0,DT,0.37718603506218296,0.08380281690140845,0.11476328088765209,0.08380281690140845,0.046578311535181834,9.413083316622828e-05,0,0.015677928924560547,0.01572585105895996
stun.att.padding,CS2D1,4,0,DT,0.38457092707151574,0.0841097308488613,0.1153776169884831,0.0841097308488613,0.047827456595952354,0.00014372538137386037,0,0.031401634216308594,0.0
stun.att.padding,CS2D1,5,0,DT,0.3779138215210737,0.08434343434343435,0.09815572015756123,0.08434343434343435,0.04769695174980403,0.00020138473191178008,0,0.03125643730163574,0.0
