Feature,Dataset,T,CV,ML,Acc,b_Acc,Prec,Rec,F1,kap,ROC,tra-T,test-T
igmp.checksum.status,CS1D1,1,0,DT,0.3941241685144124,0.08344754547719911,0.05635859290531137,0.08344754547719911,0.04735556242310668,0.0008288094992727757,0,0.015776395797729492,0.006385087966918945
igmp.checksum.status,CS1D1,2,0,DT,0.3963706383475318,0.08339547601292568,0.06244444711537086,0.08339547601292568,0.047435491644177395,0.00042247582912502413,0,0.013144493103027344,0.0070569515228271484
igmp.checksum.status,CS1D1,3,0,DT,0.3952619908974209,0.08337519360375067,0.04530041248388256,0.08337519360375067,0.047314901094337426,0.00040490560649575347,0,0.013795614242553711,0.005698204040527344
igmp.checksum.status,CS1D1,4,0,DT,0.39804522246535373,0.08339637708569747,0.0540124132628731,0.08339637708569747,0.047587144901760796,0.0004842287947683932,0,0.015572071075439453,0.004473447799682617
igmp.checksum.status,CS1D1,5,0,DT,0.3964405543398979,0.08343888537048766,0.04286370370115863,0.08343888537048766,0.047548113182415884,0.0006928221566054882,0,0.019148826599121094,0.004748106002807617
