Feature,Dataset,T,CV,ML,Acc,b_Acc,Prec,Rec,F1,kap,ROC,tra-T,test-T
ntp.flags.vn,CS2D2,1,0,DT,0.756682750905782,0.08506944444444443,0.1186128272202742,0.08506944444444443,0.07515812191312153,0.00029258845592483596,0,0.03125572204589844,0.015617847442626953
ntp.flags.vn,CS2D2,2,0,DT,0.7539445344197152,0.08750000000000001,0.14616067502657695,0.08750000000000001,0.07957837476311215,0.0004754587153176226,0,0.02189803123474121,0.011601924896240234
ntp.flags.vn,CS2D2,3,0,DT,0.7533100696241631,0.08641975308641975,0.11277690577967762,0.08641975308641975,0.07742301862619355,0.00045728912212239514,0,0.03181028366088867,0.0
ntp.flags.vn,CS2D2,4,0,DT,0.7534770340440452,0.08910891089108912,0.12760426330411637,0.08910891089108912,0.08222328518266807,0.000931408294592595,0,0.031363487243652344,0.0
ntp.flags.vn,CS2D2,5,0,DT,0.7496535488287446,0.0852059925093633,0.11802703103838519,0.0852059925093633,0.07503312793391922,0.000282993289342226,0,0.0312960147857666,0.0
