Feature,Dataset,T,CV,ML,Acc,b_Acc,Prec,Rec,F1,kap,ROC,tra-T,test-T
dns.srv.weight,CS1D2,1,0,DT,0.6141088265364081,0.08333333333333333,0.05117573554470067,0.08333333333333333,0.0634105144626645,0.0,0,0.0055162906646728516,0.016631126403808594
dns.srv.weight,CS1D2,2,0,DT,0.6156707940474838,0.08333333333333333,0.05130589950395698,0.08333333333333333,0.06351033848353284,0.0,0,0.015629053115844727,0.0
dns.srv.weight,CS1D2,3,0,DT,0.6109848915142565,0.08333333333333333,0.05091540762618804,0.08333333333333333,0.0632102857008544,0.0,0,0.01313018798828125,0.0
dns.srv.weight,CS1D2,4,0,DT,0.6175342932606288,0.08333333333333333,0.0514611911050524,0.08333333333333333,0.06362918093231498,0.0,0,0.0012235641479492188,0.0
dns.srv.weight,CS1D2,5,0,DT,0.6172218908863707,0.08333333333333333,0.05143515757386422,0.08333333333333333,0.06360927695045425,0.0,0,0.015622615814208984,0.0
