Feature,Dataset,T,CV,ML,Acc,b_Acc,Prec,Rec,F1,kap,ROC,tra-T,test-T
eapol.keydes.key_iv,CS1D1,1,0,DT,0.39788773485820983,0.08453589917521581,0.06693837825166939,0.08453589917521581,0.05046672364924611,0.0017718072660461992,0,0.020223379135131836,0.0035560131072998047
eapol.keydes.key_iv,CS1D1,2,0,DT,0.39861710818065116,0.08521330342300644,0.07222075534432514,0.08521330342300644,0.05182476499434749,0.0033929157694012613,0,0.020171165466308594,0.004960775375366211
eapol.keydes.key_iv,CS1D1,3,0,DT,0.3936573695880499,0.08530082128270816,0.07230685701510652,0.08530082128270816,0.0516431558290672,0.003229346241807818,0,0.015246152877807617,0.006157398223876953
eapol.keydes.key_iv,CS1D1,4,0,DT,0.3936396790663749,0.08566569907584208,0.07502272938784568,0.08566569907584208,0.05218899194913004,0.0043588918797402565,0,0.02100229263305664,0.0
eapol.keydes.key_iv,CS1D1,5,0,DT,0.39684901531728667,0.08499209277310177,0.07071168744923655,0.08499209277310177,0.051262865092391835,0.002844158240195682,0,0.014182090759277344,0.0052645206451416016
