Feature,Dataset,T,CV,ML,Acc,b_Acc,Prec,Rec,F1,kap,ROC,tra-T,test-T
tcp.analysis.push_bytes_sent,CS2D1,1,0,DT,0.4391669163919688,0.1910049364662633,0.4724564255634352,0.1910049364662633,0.2032529556872645,0.11323663073957868,0,0.03136634826660156,0.015620231628417969
tcp.analysis.push_bytes_sent,CS2D1,2,0,DT,0.43933815659916947,0.19255108956562017,0.4698362580737232,0.19255108956562017,0.20663204391017934,0.11410842384069286,0,0.03128457069396973,0.015537738800048828
tcp.analysis.push_bytes_sent,CS2D1,3,0,DT,0.439818481494959,0.19765329930106654,0.47602567287024306,0.19765329930106654,0.2118774251350627,0.11444672506269937,0,0.03129267692565918,0.0
tcp.analysis.push_bytes_sent,CS2D1,4,0,DT,0.4374638782456065,0.19536102247192608,0.46192276270333954,0.19536102247192608,0.20837019693415637,0.11382551542096375,0,0.03846883773803711,0.0
tcp.analysis.push_bytes_sent,CS2D1,5,0,DT,0.4400111308517242,0.19484865581454192,0.46394970813978315,0.19484865581454192,0.20860551242422587,0.11513043500447329,0,0.03124547004699707,0.015625476837158203
