Feature,Dataset,T,CV,ML,Acc,b_Acc,Prec,Rec,F1,kap,ROC,tra-T,test-T
udp.time_relative,CS1D2,1,0,DT,0.6193911166647734,0.16135487697806092,0.3599935676871553,0.16135487697806092,0.1783522225256048,0.1934665170384101,0,2.059453248977661,0.015561103820800781
udp.time_relative,CS1D2,2,0,DT,0.6231114392820629,0.2130748126293689,0.4471552163409654,0.2130748126293689,0.2382746797640248,0.19505118239139185,0,1.7829289436340332,0.0
udp.time_relative,CS1D2,3,0,DT,0.6205554924457571,0.1822038022317863,0.3824743348683975,0.1822038022317863,0.20335934534643396,0.19520343865114753,0,1.860102653503418,0.0
udp.time_relative,CS1D2,4,0,DT,0.6175058930447871,0.17366270809418624,0.41056989934865734,0.17366270809418624,0.19947141882639538,0.19536581146334298,0,1.1685469150543213,0.0155487060546875
udp.time_relative,CS1D2,5,0,DT,0.6216807247735083,0.20832817391084194,0.41717665602311255,0.20832817391084194,0.23435342765418476,0.1962341683229698,0,1.354738712310791,0.01575922966003418
