Feature,Dataset,T,CV,ML,Acc,b_Acc,Prec,Rec,F1,kap,ROC,tra-T,test-T
stun.network_version,CS1D2,1,0,DT,0.6139952288992389,0.08409785932721713,0.13449777525324244,0.08409785932721713,0.06491699567648045,0.00023651664212009926,0,0.022108078002929688,0.0020818710327148438
stun.network_version,CS1D2,2,0,DT,0.6156991934567762,0.08333333333333333,0.051308266121398015,0.08333333333333333,0.06351215167920504,0.0,0,0.014143943786621094,0.0
stun.network_version,CS1D2,3,0,DT,0.6126604566625015,0.0837173579109063,0.13438745467798888,0.0837173579109063,0.06408159859190315,0.0001177711115001312,0,0.015624284744262695,0.0
stun.network_version,CS1D2,4,0,DT,0.6179318962824117,0.08419243986254295,0.13482584945137133,0.08419243986254295,0.06535380060915791,0.00023964603538073614,0,0.015627622604370117,0.0045397281646728516
stun.network_version,CS1D2,5,0,DT,0.6154042770725058,0.0837173579109063,0.13461611284672914,0.0837173579109063,0.06425714762849355,0.0001188171487161993,0,0.017048120498657227,0.014635562896728516
