Feature,Dataset,T,CV,ML,Acc,b_Acc,Prec,Rec,F1,kap,ROC,tra-T,test-T
dns.flags.checkdisable,CS1D1,1,0,DT,0.396604037810713,0.0858952932936879,0.0640011041854509,0.0858952932936879,0.052087962680127754,0.008460039031942479,0,0.013831138610839844,0.005625486373901367
dns.flags.checkdisable,CS1D1,2,0,DT,0.39861710818065116,0.0858426101628859,0.061237456507488276,0.0858426101628859,0.052178945744013376,0.008492425688040539,0,0.019954681396484375,0.0046160221099853516
dns.flags.checkdisable,CS1D1,3,0,DT,0.3965748628778154,0.0856784841327065,0.061608112019683046,0.0856784841327065,0.05171558043984186,0.007942294141001782,0,0.015450716018676758,0.004607439041137695
dns.flags.checkdisable,CS1D1,4,0,DT,0.397490882567469,0.08574731198369101,0.06256383211720902,0.08574731198369101,0.051905069026248175,0.00800484574689131,0,0.014863967895507812,0.005593299865722656
dns.flags.checkdisable,CS1D1,5,0,DT,0.40303428154631654,0.08559823403081668,0.06129818425634689,0.08559823403081668,0.052136331550765136,0.007746481971020347,0,0.01588606834411621,0.0041103363037109375
