Feature,Dataset,T,CV,ML,Acc,b_Acc,Prec,Rec,F1,kap,ROC,tra-T,test-T
dhcp.id,CS1D1,1,0,DT,0.399142256972809,0.0986648912141177,0.5165464404271682,0.0986648912141177,0.07636518698101642,0.00225206352985885,0,0.0,0.015622377395629883
dhcp.id,CS1D1,2,0,DT,0.399054732174116,0.10159128650147249,0.5123827182122557,0.10159128650147249,0.07882102690506712,0.0017793503812947309,0,0.015627145767211914,0.0
dhcp.id,CS1D1,3,0,DT,0.3945326175749796,0.09875785874452984,0.5328217185583269,0.09875785874452984,0.0756652856495378,0.0024551210329151196,0,0.01573777198791504,0.0
dhcp.id,CS1D1,4,0,DT,0.3935229759299781,0.09522778457475739,0.31979659748515415,0.09522778457475739,0.06895723315336351,0.0016796218833661225,0,0.015627145767211914,0.015632152557373047
dhcp.id,CS1D1,5,0,DT,0.3975784099197666,0.09909478312366643,0.4164228212092009,0.09909478312366643,0.07707433752570637,0.0020364607076769348,0,0.01562809944152832,0.0
