Feature,Dataset,T,CV,ML,Acc,b_Acc,Prec,Rec,F1,kap,ROC,tra-T,test-T
tcp.analysis.initial_rtt,CS1D2,1,0,DT,0.707116891968647,0.2727612900376037,0.6397265498469222,0.2727612900376037,0.3040112485865553,0.33137514661948897,0,0.09553289413452148,0.01500844955444336
tcp.analysis.initial_rtt,CS1D2,2,0,DT,0.7092184482562762,0.2807332650245613,0.6399240477235212,0.2807332650245613,0.31304055466178293,0.33326108854695946,0,0.09453940391540527,0.0
tcp.analysis.initial_rtt,CS1D2,3,0,DT,0.706321708508463,0.2807818620325177,0.639687235841082,0.2807818620325177,0.31162603812546585,0.32831595721094564,0,0.0976254940032959,0.0
tcp.analysis.initial_rtt,CS1D2,4,0,DT,0.7097213938825935,0.27400339027318193,0.6400044867380371,0.27400339027318193,0.30377353191278694,0.3309125730164212,0,0.09456753730773926,0.015753746032714844
tcp.analysis.initial_rtt,CS1D2,5,0,DT,0.7092953906449689,0.2636874672842501,0.5562046483333984,0.2636874672842501,0.2952406374147515,0.3307322282306523,0,0.09425806999206543,0.0
