Feature,Dataset,T,CV,ML,Acc,b_Acc,Prec,Rec,F1,kap,ROC,tra-T,test-T
tcp.flags.reset,CS1D1,1,0,DT,0.4535535068269343,0.11671373738320034,0.0943756722589344,0.11671373738320034,0.09283077870499908,0.1720491618129425,0,0.015758275985717773,0.01562786102294922
tcp.flags.reset,CS1D1,2,0,DT,0.45095693779904306,0.11705193238359878,0.10102252605396911,0.11705193238359878,0.09511203281496407,0.16777880340343143,0,0.01562786102294922,0.0
tcp.flags.reset,CS1D1,3,0,DT,0.46040961605788305,0.11834768076571354,0.10436521302272402,0.11834768076571354,0.09647099741883626,0.1773122741950799,0,0.01576399803161621,0.0
tcp.flags.reset,CS1D1,4,0,DT,0.4538001458789205,0.11845466689148725,0.09742724765981907,0.11845466689148725,0.09530329020113504,0.17510915231804003,0,0.015552759170532227,0.0
tcp.flags.reset,CS1D1,5,0,DT,0.4533333333333333,0.11727654003579846,0.0992344701728724,0.11727654003579846,0.09395128993018124,0.17191784564074886,0,0.03031635284423828,0.0
