Feature,Dataset,T,CV,ML,Acc,b_Acc,Prec,Rec,F1,kap,ROC,tra-T,test-T
tls.handshake.ciphersuites,CS2D2,1,0,DT,0.7551800711268428,0.08522996006723711,0.11203532591686781,0.08522996006723711,0.07538369767506109,0.006220811901872958,0,0.015725135803222656,0.015629291534423828
tls.handshake.ciphersuites,CS2D2,2,0,DT,0.7540614095136327,0.08576886852026516,0.1248054006977354,0.08576886852026516,0.07634489674243998,0.007490419518445313,0,0.03135490417480469,0.0
tls.handshake.ciphersuites,CS2D2,3,0,DT,0.7523416759888468,0.08551070032906999,0.12403936017142499,0.08551070032906999,0.07576790123052433,0.0068743437565486065,0,0.031830787658691406,0.0
tls.handshake.ciphersuites,CS2D2,4,0,DT,0.7546624814252083,0.08592078548454198,0.11544069836455162,0.08592078548454198,0.07663199144499458,0.008199613836856967,0,0.03129887580871582,0.0
tls.handshake.ciphersuites,CS2D2,5,0,DT,0.7545289098893025,0.08522474359580584,0.11801403339144866,0.08522474359580584,0.07534551783713796,0.005879449893164246,0,0.02883315086364746,0.0031042098999023438
