Feature,Dataset,T,CV,ML,Acc,b_Acc,Prec,Rec,F1,kap,ROC,tra-T,test-T
dns.extraneous,CS1D2,1,0,DT,0.6129444507554243,0.08333333333333333,0.05107870422961869,0.08333333333333333,0.06333597441089298,0.0,0,0.015761137008666992,0.0
dns.extraneous,CS1D2,2,0,DT,0.6157843916846529,0.08333333333333333,0.05131536597372108,0.08333333333333333,0.06351759088379179,0.0,0,0.015690326690673828,0.0027327537536621094
dns.extraneous,CS1D2,3,0,DT,0.6149608088151767,0.08333333333333333,0.05124673406793139,0.08333333333333333,0.0634649878662118,0.0,0,0.01562666893005371,0.0
dns.extraneous,CS1D2,4,0,DT,0.6154326772883474,0.08333333333333333,0.051286056440695615,0.08333333333333333,0.06349513311416231,0.0,0,0.013132333755493164,0.0
dns.extraneous,CS1D2,5,0,DT,0.6163982846269631,0.08333333333333333,0.05136652371891359,0.08333333333333333,0.06355676593750915,0.0,0,0.015627145767211914,0.0
