Feature,Dataset,T,CV,ML,Acc,b_Acc,Prec,Rec,F1,kap,ROC,tra-T,test-T
tcp.ack,CS1D1,1,0,DT,0.5824775353016688,0.2736817898390928,0.4256300433991497,0.2736817898390928,0.29522937206553274,0.38308291533823857,0,0.20110273361206055,0.0050051212310791016
tcp.ack,CS1D1,2,0,DT,0.5872330493639865,0.27082240958989123,0.4257499782918399,0.27082240958989123,0.291865067729611,0.3814367521409604,0,0.2195117473602295,0.005684614181518555
tcp.ack,CS1D1,3,0,DT,0.5795308670790057,0.2682158161216496,0.4256153742589859,0.2682158161216496,0.29094777295582985,0.37310561759096006,0,0.22278451919555664,0.007915735244750977
tcp.ack,CS1D1,4,0,DT,0.5815609044493071,0.2683128710582473,0.42750370451842423,0.2683128710582473,0.29239137987677555,0.3730788975864954,0,0.2125856876373291,0.006345987319946289
tcp.ack,CS1D1,5,0,DT,0.5840408460977389,0.27413936243894793,0.43118241207602837,0.27413936243894793,0.2975763488997508,0.3798856527413258,0,0.234788179397583,0.008807659149169922
