Feature,Dataset,T,CV,ML,Acc,b_Acc,Prec,Rec,F1,kap,ROC,tra-T,test-T
HpHp_0.01_weight_0,DD12,0,0,DT,0.17742213426870418,0.1914684297619805,0.2001720955154608,0.1914684297619805,0.18657030764344973,0.13115837194865632,0,1.2552170753479004,0.09401750564575195
HpHp_0.01_weight_0,DD12,0,1,DT,0.17742213426870418,0.1914684297619805,0.2001720955154608,0.1914684297619805,0.18657030764344973,0.13115837194865632,0,1.2229650020599365,0.07831978797912598
HpHp_0.01_weight_0,DD12,0,2,DT,0.17742213426870418,0.1914684297619805,0.2001720955154608,0.1914684297619805,0.18657030764344973,0.13115837194865632,0,1.130084753036499,0.09404635429382324
HpHp_0.01_weight_0,DD12,0,3,DT,0.17742213426870418,0.1914684297619805,0.2001720955154608,0.1914684297619805,0.18657030764344973,0.13115837194865632,0,1.2242536544799805,0.07833313941955566
HpHp_0.01_weight_0,DD12,0,4,DT,0.17742213426870418,0.1914684297619805,0.2001720955154608,0.1914684297619805,0.18657030764344973,0.13115837194865632,0,1.2239885330200195,0.07863330841064453
