Feature,Dataset,T,CV,ML,Acc,b_Acc,Prec,Rec,F1,kap,ROC,tra-T,test-T
HH_3_radius_0_1,DD12T,0,0,DT,0.13163094889022042,0.1290800991975259,0.12273061178460846,0.1290800991975259,0.11191610964889483,0.08467144255909276,0,1.1455931663513184,0.07841086387634277
HH_3_radius_0_1,DD12T,0,1,DT,0.13163094889022042,0.1290800991975259,0.12273061178460846,0.1290800991975259,0.11191610964889483,0.08467144255909276,0,1.1300125122070312,0.07867288589477539
HH_3_radius_0_1,DD12T,0,2,DT,0.13163094889022042,0.1290800991975259,0.12273061178460846,0.1290800991975259,0.11191610964889483,0.08467144255909276,0,1.14890456199646,0.07711482048034668
HH_3_radius_0_1,DD12T,0,3,DT,0.13163094889022042,0.1290800991975259,0.12273061178460846,0.1290800991975259,0.11191610964889483,0.08467144255909276,0,1.1139898300170898,0.08173966407775879
HH_3_radius_0_1,DD12T,0,4,DT,0.13163094889022042,0.1290800991975259,0.12273061178460846,0.1290800991975259,0.11191610964889483,0.08467144255909276,0,1.1612374782562256,0.09442543983459473
