Feature,Dataset,T,CV,ML,Acc,b_Acc,Prec,Rec,F1,kap,ROC,tra-T,test-T
MI_dir_0.1_weight,DD12,0,0,DT,0.13692028038889784,0.1487684171651163,0.1590805074893829,0.1487684171651163,0.14313948911528826,0.08896198594594495,0,1.3526363372802734,0.110076904296875
MI_dir_0.1_weight,DD12,0,1,DT,0.13692028038889784,0.1487684171651163,0.1590805074893829,0.1487684171651163,0.14313948911528826,0.08896198594594495,0,1.3689134120941162,0.11005401611328125
MI_dir_0.1_weight,DD12,0,2,DT,0.13692028038889784,0.1487684171651163,0.1590805074893829,0.1487684171651163,0.14313948911528826,0.08896198594594495,0,1.336857557296753,0.10998749732971191
MI_dir_0.1_weight,DD12,0,3,DT,0.13692028038889784,0.1487684171651163,0.1590805074893829,0.1487684171651163,0.14313948911528826,0.08896198594594495,0,1.336655855178833,0.09445810317993164
MI_dir_0.1_weight,DD12,0,4,DT,0.13692028038889784,0.1487684171651163,0.1590805074893829,0.1487684171651163,0.14313948911528826,0.08896198594594495,0,1.4236674308776855,0.11008071899414062
