Feature,Dataset,T,CV,ML,Acc,b_Acc,Prec,Rec,F1,kap,ROC,tra-T,test-T
HH_5_covariance_0_1,DD22T,0,0,DT,0.11420524833521964,0.0728022389841848,0.0756750334789016,0.0728022389841848,0.05380691666946805,0.04167324500530678,0,1.0375449657440186,0.031397104263305664
HH_5_covariance_0_1,DD22T,0,1,DT,0.11420524833521964,0.0728022389841848,0.0756750334789016,0.0728022389841848,0.05380691666946805,0.04167324500530678,0,0.7502834796905518,0.03791928291320801
HH_5_covariance_0_1,DD22T,0,2,DT,0.11420524833521964,0.0728022389841848,0.0756750334789016,0.0728022389841848,0.05380691666946805,0.04167324500530678,0,0.9275074005126953,0.054579734802246094
HH_5_covariance_0_1,DD22T,0,3,DT,0.11420524833521964,0.0728022389841848,0.0756750334789016,0.0728022389841848,0.05380691666946805,0.04167324500530678,0,0.931492805480957,0.04450821876525879
HH_5_covariance_0_1,DD22T,0,4,DT,0.11420524833521964,0.0728022389841848,0.0756750334789016,0.0728022389841848,0.05380691666946805,0.04167324500530678,0,0.9150443077087402,0.04491877555847168
