Feature,Dataset,T,CV,ML,Acc,b_Acc,Prec,Rec,F1,kap,ROC,tra-T,test-T
HpHp_0.01_std_0,DD12T,0,0,DT,0.19515164650237765,0.22112380846489285,0.23634823288888002,0.22112380846489285,0.19990095834764207,0.1550219472534866,0,1.0376253128051758,0.047565460205078125
HpHp_0.01_std_0,DD12T,0,1,DT,0.19515164650237765,0.22112380846489285,0.23634823288888002,0.22112380846489285,0.19990095834764207,0.1550219472534866,0,0.959902286529541,0.0755302906036377
HpHp_0.01_std_0,DD12T,0,2,DT,0.19515164650237765,0.22112380846489285,0.23634823288888002,0.22112380846489285,0.19990095834764207,0.1550219472534866,0,0.9449665546417236,0.06258010864257812
HpHp_0.01_std_0,DD12T,0,3,DT,0.19515164650237765,0.22112380846489285,0.23634823288888002,0.22112380846489285,0.19990095834764207,0.1550219472534866,0,0.9756827354431152,0.06319046020507812
HpHp_0.01_std_0,DD12T,0,4,DT,0.19515164650237765,0.22112380846489285,0.23634823288888002,0.22112380846489285,0.19990095834764207,0.1550219472534866,0,0.9439771175384521,0.0630788803100586
