Feature,Dataset,T,CV,ML,Acc,b_Acc,Prec,Rec,F1,kap,ROC,tra-T,test-T
HH_3_covariance_0_1,DD22T,0,0,DT,0.12944489774432133,0.08313974288089898,0.09044605654870042,0.08313974288089898,0.06621514505056417,0.060581181388590144,0,1.0135750770568848,0.059984445571899414
HH_3_covariance_0_1,DD22T,0,1,DT,0.12944489774432133,0.08313974288089898,0.09044605654870042,0.08313974288089898,0.06621514505056417,0.060581181388590144,0,0.9181220531463623,0.03856301307678223
HH_3_covariance_0_1,DD22T,0,2,DT,0.12944489774432133,0.08313974288089898,0.09044605654870042,0.08313974288089898,0.06621514505056417,0.060581181388590144,0,1.0229673385620117,0.04230475425720215
HH_3_covariance_0_1,DD22T,0,3,DT,0.12944489774432133,0.08313974288089898,0.09044605654870042,0.08313974288089898,0.06621514505056417,0.060581181388590144,0,0.8966093063354492,0.04420280456542969
HH_3_covariance_0_1,DD22T,0,4,DT,0.12944489774432133,0.08313974288089898,0.09044605654870042,0.08313974288089898,0.06621514505056417,0.060581181388590144,0,0.9503405094146729,0.0468747615814209
