Feature,Dataset,T,CV,ML,Acc,b_Acc,Prec,Rec,F1,kap,ROC,tra-T,test-T
HH_jit_5_weight,DD21,0,0,DT,0.14009026262760838,0.12585392007848353,0.14575322927741763,0.12585392007848353,0.10227952005442972,0.09101657944930586,0,0.5981309413909912,0.06003832817077637
HH_jit_5_weight,DD21,0,1,DT,0.14009026262760838,0.12585392007848353,0.14575322927741763,0.12585392007848353,0.10227952005442972,0.09101657944930586,0,0.5621695518493652,0.06104707717895508
HH_jit_5_weight,DD21,0,2,DT,0.14009026262760838,0.12585392007848353,0.14575322927741763,0.12585392007848353,0.10227952005442972,0.09101657944930586,0,0.5947237014770508,0.05613303184509277
HH_jit_5_weight,DD21,0,3,DT,0.14009026262760838,0.12585392007848353,0.14575322927741763,0.12585392007848353,0.10227952005442972,0.09101657944930586,0,0.5899317264556885,0.06106901168823242
HH_jit_5_weight,DD21,0,4,DT,0.14009026262760838,0.12585392007848353,0.14575322927741763,0.12585392007848353,0.10227952005442972,0.09101657944930586,0,0.585033655166626,0.06051373481750488
