Feature,Dataset,T,CV,ML,Acc,b_Acc,Prec,Rec,F1,kap,ROC,tra-T,test-T
HH_0.1_radius_0_1,DD12T,0,0,DT,0.10684735909432808,0.11444686167477078,0.11642152373982573,0.11444686167477078,0.1117074545195688,0.05582831572549207,0,1.4043347835540771,0.10993003845214844
HH_0.1_radius_0_1,DD12T,0,1,DT,0.10684735909432808,0.11444686167477078,0.11642152373982573,0.11444686167477078,0.1117074545195688,0.05582831572549207,0,1.412496566772461,0.09407377243041992
HH_0.1_radius_0_1,DD12T,0,2,DT,0.10684735909432808,0.11444686167477078,0.11642152373982573,0.11444686167477078,0.1117074545195688,0.05582831572549207,0,1.506495475769043,0.094024658203125
HH_0.1_radius_0_1,DD12T,0,3,DT,0.10684735909432808,0.11444686167477078,0.11642152373982573,0.11444686167477078,0.1117074545195688,0.05582831572549207,0,1.427297830581665,0.09414792060852051
HH_0.1_radius_0_1,DD12T,0,4,DT,0.10684735909432808,0.11444686167477078,0.11642152373982573,0.11444686167477078,0.1117074545195688,0.05582831572549207,0,1.4738130569458008,0.09398412704467773
