Feature,Dataset,T,CV,ML,Acc,b_Acc,Prec,Rec,F1,kap,ROC,tra-T,test-T
HpHp_0.1_mean_0,DD22T,0,0,DT,0.2717869081146527,0.2900928169856797,0.30637384806538936,0.2900928169856797,0.2558830542972539,0.23101751235314427,0,1.0418860912322998,0.04086613655090332
HpHp_0.1_mean_0,DD22T,0,1,DT,0.2717869081146527,0.2900928169856797,0.30637384806538936,0.2900928169856797,0.2558830542972539,0.23101751235314427,0,1.041661262512207,0.031239986419677734
HpHp_0.1_mean_0,DD22T,0,2,DT,0.2717869081146527,0.2900928169856797,0.30637384806538936,0.2900928169856797,0.2558830542972539,0.23101751235314427,0,0.9996049404144287,0.04748725891113281
HpHp_0.1_mean_0,DD22T,0,3,DT,0.2717869081146527,0.2900928169856797,0.30637384806538936,0.2900928169856797,0.2558830542972539,0.23101751235314427,0,0.9613032341003418,0.04728889465332031
HpHp_0.1_mean_0,DD22T,0,4,DT,0.2717869081146527,0.2900928169856797,0.30637384806538936,0.2900928169856797,0.2558830542972539,0.23101751235314427,0,1.001880407333374,0.03125596046447754
