Feature,Dataset,T,CV,ML,Acc,b_Acc,Prec,Rec,F1,kap,ROC,tra-T,test-T
HpHp_0.1_radius_0_1,DD11T,0,0,DT,0.18022922270809164,0.20246959745505227,0.22930075268183825,0.20246959745505227,0.1847561582491647,0.13861433778947796,0,0.9913418292999268,0.07312226295471191
HpHp_0.1_radius_0_1,DD11T,0,1,DT,0.18022922270809164,0.20246959745505227,0.22930075268183825,0.20246959745505227,0.1847561582491647,0.13861433778947796,0,1.0467803478240967,0.07022309303283691
HpHp_0.1_radius_0_1,DD11T,0,2,DT,0.18022922270809164,0.20246959745505227,0.22930075268183825,0.20246959745505227,0.1847561582491647,0.13861433778947796,0,0.9277780055999756,0.06331110000610352
HpHp_0.1_radius_0_1,DD11T,0,3,DT,0.18022922270809164,0.20246959745505227,0.22930075268183825,0.20246959745505227,0.1847561582491647,0.13861433778947796,0,0.9913287162780762,0.06261563301086426
HpHp_0.1_radius_0_1,DD11T,0,4,DT,0.18022922270809164,0.20246959745505227,0.22930075268183825,0.20246959745505227,0.1847561582491647,0.13861433778947796,0,0.9913489818572998,0.062497615814208984
