Feature,Dataset,T,CV,ML,Acc,b_Acc,Prec,Rec,F1,kap,ROC,tra-T,test-T
HH_1_weight_0,DD21T,0,0,DT,0.14229814264031093,0.13984546370667564,0.13523365222035713,0.13984546370667564,0.11307026002007052,0.09192540815848071,0,1.3846144676208496,0.06866002082824707
HH_1_weight_0,DD21T,0,1,DT,0.14229814264031093,0.13984546370667564,0.13523365222035713,0.13984546370667564,0.11307026002007052,0.09192540815848071,0,1.317448377609253,0.06294488906860352
HH_1_weight_0,DD21T,0,2,DT,0.14229814264031093,0.13984546370667564,0.13523365222035713,0.13984546370667564,0.11307026002007052,0.09192540815848071,0,1.338974952697754,0.06567025184631348
HH_1_weight_0,DD21T,0,3,DT,0.14229814264031093,0.13984546370667564,0.13523365222035713,0.13984546370667564,0.11307026002007052,0.09192540815848071,0,1.3555490970611572,0.06206846237182617
HH_1_weight_0,DD21T,0,4,DT,0.14229814264031093,0.13984546370667564,0.13523365222035713,0.13984546370667564,0.11307026002007052,0.09192540815848071,0,1.352266550064087,0.07576203346252441
