Feature,Dataset,T,CV,ML,Acc,b_Acc,Prec,Rec,F1,kap,ROC,tra-T,test-T
HH_0.1_radius_0_1,DD22,0,0,DT,0.12076623326088286,0.1333759929654167,0.13993730541994223,0.1333759929654167,0.11810875153979387,0.07300602025824743,0,0.9280493259429932,0.09448456764221191
HH_0.1_radius_0_1,DD22,0,1,DT,0.12076623326088286,0.1333759929654167,0.13993730541994223,0.1333759929654167,0.11810875153979387,0.07300602025824743,0,0.9124050140380859,0.09447956085205078
HH_0.1_radius_0_1,DD22,0,2,DT,0.12076623326088286,0.1333759929654167,0.13993730541994223,0.1333759929654167,0.11810875153979387,0.07300602025824743,0,0.9123978614807129,0.11009669303894043
HH_0.1_radius_0_1,DD22,0,3,DT,0.12076623326088286,0.1333759929654167,0.13993730541994223,0.1333759929654167,0.11810875153979387,0.07300602025824743,0,0.9286799430847168,0.0938410758972168
HH_0.1_radius_0_1,DD22,0,4,DT,0.12076623326088286,0.1333759929654167,0.13993730541994223,0.1333759929654167,0.11810875153979387,0.07300602025824743,0,0.902806282043457,0.08185458183288574
