Feature,Dataset,T,CV,ML,Acc,b_Acc,Prec,Rec,F1,kap,ROC,tra-T,test-T
MI_dir_3_std,DD21,0,0,DT,0.16841807250986726,0.15577482472865223,0.21495753444969184,0.15577482472865223,0.13717477663798092,0.12143948469098087,0,0.6188209056854248,0.05697512626647949
MI_dir_3_std,DD21,0,1,DT,0.16841807250986726,0.15577482472865223,0.21495753444969184,0.15577482472865223,0.13717477663798092,0.12143948469098087,0,0.553123950958252,0.06532025337219238
MI_dir_3_std,DD21,0,2,DT,0.16841807250986726,0.15577482472865223,0.21495753444969184,0.15577482472865223,0.13717477663798092,0.12143948469098087,0,0.581045389175415,0.05823040008544922
MI_dir_3_std,DD21,0,3,DT,0.16841807250986726,0.15577482472865223,0.21495753444969184,0.15577482472865223,0.13717477663798092,0.12143948469098087,0,0.563002347946167,0.06000018119812012
MI_dir_3_std,DD21,0,4,DT,0.16841807250986726,0.15577482472865223,0.21495753444969184,0.15577482472865223,0.13717477663798092,0.12143948469098087,0,0.6197199821472168,0.07894659042358398
