Feature,Dataset,T,CV,ML,Acc,b_Acc,Prec,Rec,F1,kap,ROC,tra-T,test-T
HpHp_0.1_magnitude_0_1,DD12,0,0,DT,0.269321207606744,0.2655253715728178,0.31842917275653027,0.2655253715728178,0.27515304271204416,0.22946617275430214,0,0.9727904796600342,0.0786900520324707
HpHp_0.1_magnitude_0_1,DD12,0,1,DT,0.269321207606744,0.2655253715728178,0.31842917275653027,0.2655253715728178,0.27515304271204416,0.22946617275430214,0,0.8627490997314453,0.06302237510681152
HpHp_0.1_magnitude_0_1,DD12,0,2,DT,0.269321207606744,0.2655253715728178,0.31842917275653027,0.2655253715728178,0.27515304271204416,0.22946617275430214,0,0.7998447418212891,0.0626533031463623
HpHp_0.1_magnitude_0_1,DD12,0,3,DT,0.269321207606744,0.2655253715728178,0.31842917275653027,0.2655253715728178,0.27515304271204416,0.22946617275430214,0,0.9572257995605469,0.06309652328491211
HpHp_0.1_magnitude_0_1,DD12,0,4,DT,0.269321207606744,0.2655253715728178,0.31842917275653027,0.2655253715728178,0.27515304271204416,0.22946617275430214,0,0.9561939239501953,0.06265115737915039
