Feature,Dataset,T,CV,ML,Acc,b_Acc,Prec,Rec,F1,kap,ROC,tra-T,test-T
HH_0.01_pcc_0_1,DD12,0,0,DT,0.10037633482125485,0.08996588845609918,0.07743115348497384,0.08996588845609918,0.07558519865876849,0.04957229001419572,0,1.271960735321045,0.0942232608795166
HH_0.01_pcc_0_1,DD12,0,1,DT,0.10037633482125485,0.08996588845609918,0.07743115348497384,0.08996588845609918,0.07558519865876849,0.04957229001419572,0,1.2078235149383545,0.09432673454284668
HH_0.01_pcc_0_1,DD12,0,2,DT,0.10037633482125485,0.08996588845609918,0.07743115348497384,0.08996588845609918,0.07558519865876849,0.04957229001419572,0,1.1760361194610596,0.09428286552429199
HH_0.01_pcc_0_1,DD12,0,3,DT,0.10037633482125485,0.08996588845609918,0.07743115348497384,0.08996588845609918,0.07558519865876849,0.04957229001419572,0,1.2325232028961182,0.0940704345703125
HH_0.01_pcc_0_1,DD12,0,4,DT,0.10037633482125485,0.08996588845609918,0.07743115348497384,0.08996588845609918,0.07558519865876849,0.04957229001419572,0,1.1933212280273438,0.0927891731262207
