Feature,Dataset,T,CV,ML,Acc,b_Acc,Prec,Rec,F1,kap,ROC,tra-T,test-T
HH_5_pcc_0_1,DD21,0,0,DT,0.08309046802227145,0.07362814210210963,0.10369375236179873,0.07362814210210963,0.06729198372993861,0.03049771246048172,0,0.44740843772888184,0.05489683151245117
HH_5_pcc_0_1,DD21,0,1,DT,0.08309046802227145,0.07362814210210963,0.10369375236179873,0.07362814210210963,0.06729198372993861,0.03049771246048172,0,0.4910714626312256,0.04210090637207031
HH_5_pcc_0_1,DD21,0,2,DT,0.08309046802227145,0.07362814210210963,0.10369375236179873,0.07362814210210963,0.06729198372993861,0.03049771246048172,0,0.4590630531311035,0.06260514259338379
HH_5_pcc_0_1,DD21,0,3,DT,0.08309046802227145,0.07362814210210963,0.10369375236179873,0.07362814210210963,0.06729198372993861,0.03049771246048172,0,0.4594748020172119,0.06159496307373047
HH_5_pcc_0_1,DD21,0,4,DT,0.08309046802227145,0.07362814210210963,0.10369375236179873,0.07362814210210963,0.06729198372993861,0.03049771246048172,0,0.4406285285949707,0.06443595886230469
