Feature,Dataset,T,CV,ML,Acc,b_Acc,Prec,Rec,F1,kap,ROC,tra-T,test-T
HpHp_3_radius_0_1,DD11,0,0,DT,0.14644639476854243,0.1317559104410736,0.24734532273126586,0.1317559104410736,0.14943617262759754,0.09715963550934581,0,0.627476692199707,0.06258440017700195
HpHp_3_radius_0_1,DD11,0,1,DT,0.14644639476854243,0.1317559104410736,0.24734532273126586,0.1317559104410736,0.14943617262759754,0.09715963550934581,0,0.7373752593994141,0.04689526557922363
HpHp_3_radius_0_1,DD11,0,2,DT,0.14644639476854243,0.1317559104410736,0.24734532273126586,0.1317559104410736,0.14943617262759754,0.09715963550934581,0,0.7064576148986816,0.06307649612426758
HpHp_3_radius_0_1,DD11,0,3,DT,0.14644639476854243,0.1317559104410736,0.24734532273126586,0.1317559104410736,0.14943617262759754,0.09715963550934581,0,0.7215664386749268,0.06304359436035156
HpHp_3_radius_0_1,DD11,0,4,DT,0.14644639476854243,0.1317559104410736,0.24734532273126586,0.1317559104410736,0.14943617262759754,0.09715963550934581,0,0.6278648376464844,0.06311631202697754
