Feature,Dataset,T,CV,ML,Acc,b_Acc,Prec,Rec,F1,kap,ROC,tra-T,test-T
HH_0.1_weight_0,DD12,0,0,DT,0.13681466204910697,0.14837013578662667,0.1556263711835124,0.14837013578662667,0.142857083061345,0.08883009672942077,0,1.352877140045166,0.09444975852966309
HH_0.1_weight_0,DD12,0,1,DT,0.13681466204910697,0.14837013578662667,0.1556263711835124,0.14837013578662667,0.142857083061345,0.08883009672942077,0,1.3525643348693848,0.0944511890411377
HH_0.1_weight_0,DD12,0,2,DT,0.13681466204910697,0.14837013578662667,0.1556263711835124,0.14837013578662667,0.142857083061345,0.08883009672942077,0,1.369758129119873,0.09443163871765137
HH_0.1_weight_0,DD12,0,3,DT,0.13681466204910697,0.14837013578662667,0.1556263711835124,0.14837013578662667,0.142857083061345,0.08883009672942077,0,1.2892298698425293,0.09453344345092773
HH_0.1_weight_0,DD12,0,4,DT,0.13681466204910697,0.14837013578662667,0.1556263711835124,0.14837013578662667,0.142857083061345,0.08883009672942077,0,1.3531978130340576,0.09444737434387207
