Feature,Dataset,T,CV,ML,Acc,b_Acc,Prec,Rec,F1,kap,ROC,tra-T,test-T
HH_5_magnitude_0_1,DD12T,0,0,DT,0.265237955608817,0.2666743589831413,0.27185569251983205,0.2666743589831413,0.2606925971282632,0.22246944406918312,0,1.0522356033325195,0.06277132034301758
HH_5_magnitude_0_1,DD12T,0,1,DT,0.265237955608817,0.2666743589831413,0.27185569251983205,0.2666743589831413,0.2606925971282632,0.22246944406918312,0,1.1289317607879639,0.06313467025756836
HH_5_magnitude_0_1,DD12T,0,2,DT,0.265237955608817,0.2666743589831413,0.27185569251983205,0.2666743589831413,0.2606925971282632,0.22246944406918312,0,1.0984416007995605,0.06256675720214844
HH_5_magnitude_0_1,DD12T,0,3,DT,0.265237955608817,0.2666743589831413,0.27185569251983205,0.2666743589831413,0.2606925971282632,0.22246944406918312,0,1.1143696308135986,0.06270623207092285
HH_5_magnitude_0_1,DD12T,0,4,DT,0.265237955608817,0.2666743589831413,0.27185569251983205,0.2666743589831413,0.2606925971282632,0.22246944406918312,0,1.0971698760986328,0.07308793067932129
