Feature,Dataset,T,CV,ML,Acc,b_Acc,Prec,Rec,F1,kap,ROC,tra-T,test-T
HH_jit_1_weight,DD22T,0,0,DT,0.18085787732827976,0.15572205039207812,0.1532600384696913,0.15572205039207812,0.12681528277737164,0.13154293506655346,0,1.160299301147461,0.07329750061035156
HH_jit_1_weight,DD22T,0,1,DT,0.18085787732827976,0.15572205039207812,0.1532600384696913,0.15572205039207812,0.12681528277737164,0.13154293506655346,0,1.0646708011627197,0.05536222457885742
HH_jit_1_weight,DD22T,0,2,DT,0.18085787732827976,0.15572205039207812,0.1532600384696913,0.15572205039207812,0.12681528277737164,0.13154293506655346,0,0.98769211769104,0.059670209884643555
HH_jit_1_weight,DD22T,0,3,DT,0.18085787732827976,0.15572205039207812,0.1532600384696913,0.15572205039207812,0.12681528277737164,0.13154293506655346,0,1.0420162677764893,0.06776547431945801
HH_jit_1_weight,DD22T,0,4,DT,0.18085787732827976,0.15572205039207812,0.1532600384696913,0.15572205039207812,0.12681528277737164,0.13154293506655346,0,1.0876083374023438,0.0581052303314209
