Feature,Dataset,T,CV,ML,Acc,b_Acc,Prec,Rec,F1,kap,ROC,tra-T,test-T
HH_3_pcc_0_1,DD11T,0,0,DT,0.11070385904970742,0.11027947495094195,0.11352084989094276,0.11027947495094195,0.08740868051013106,0.0695505315487458,0,0.9586725234985352,0.06265091896057129
HH_3_pcc_0_1,DD11T,0,1,DT,0.11070385904970742,0.11027947495094195,0.11352084989094276,0.11027947495094195,0.08740868051013106,0.0695505315487458,0,0.9424517154693604,0.06321597099304199
HH_3_pcc_0_1,DD11T,0,2,DT,0.11070385904970742,0.11027947495094195,0.11352084989094276,0.11027947495094195,0.08740868051013106,0.0695505315487458,0,0.926353931427002,0.06266331672668457
HH_3_pcc_0_1,DD11T,0,3,DT,0.11070385904970742,0.11027947495094195,0.11352084989094276,0.11027947495094195,0.08740868051013106,0.0695505315487458,0,0.9559822082519531,0.0630185604095459
HH_3_pcc_0_1,DD11T,0,4,DT,0.11070385904970742,0.11027947495094195,0.11352084989094276,0.11027947495094195,0.08740868051013106,0.0695505315487458,0,0.9578304290771484,0.06663966178894043
