Feature,Dataset,T,CV,ML,Acc,b_Acc,Prec,Rec,F1,kap,ROC,tra-T,test-T
HpHp_3_std_0,DD21T,0,0,DT,0.18131410172049237,0.16774775752687118,0.20373893679324737,0.16774775752687118,0.14406729986735817,0.14064698602882775,0,0.7166624069213867,0.04816770553588867
HpHp_3_std_0,DD21T,0,1,DT,0.18131410172049237,0.16774775752687118,0.20373893679324737,0.16774775752687118,0.14406729986735817,0.14064698602882775,0,0.7502827644348145,0.05569791793823242
HpHp_3_std_0,DD21T,0,2,DT,0.18131410172049237,0.16774775752687118,0.20373893679324737,0.16774775752687118,0.14406729986735817,0.14064698602882775,0,0.7819287776947021,0.055214643478393555
HpHp_3_std_0,DD21T,0,3,DT,0.18131410172049237,0.16774775752687118,0.20373893679324737,0.16774775752687118,0.14406729986735817,0.14064698602882775,0,0.7950162887573242,0.05526113510131836
HpHp_3_std_0,DD21T,0,4,DT,0.18131410172049237,0.16774775752687118,0.20373893679324737,0.16774775752687118,0.14406729986735817,0.14064698602882775,0,0.7331488132476807,0.051210880279541016
