Feature,Dataset,T,CV,ML,Acc,b_Acc,Prec,Rec,F1,kap,ROC,tra-T,test-T
HH_1_magnitude_0_1,DD11T,0,0,DT,0.20327898111908616,0.21343610426835974,0.22968574149413903,0.21343610426835974,0.21389553531985755,0.1581254556489734,0,1.1448380947113037,0.07811403274536133
HH_1_magnitude_0_1,DD11T,0,1,DT,0.20327898111908616,0.21343610426835974,0.22968574149413903,0.21343610426835974,0.21389553531985755,0.1581254556489734,0,1.2070167064666748,0.06251883506774902
HH_1_magnitude_0_1,DD11T,0,2,DT,0.20327898111908616,0.21343610426835974,0.22968574149413903,0.21343610426835974,0.21389553531985755,0.1581254556489734,0,1.129136562347412,0.06263399124145508
HH_1_magnitude_0_1,DD11T,0,3,DT,0.20327898111908616,0.21343610426835974,0.22968574149413903,0.21343610426835974,0.21389553531985755,0.1581254556489734,0,1.2086875438690186,0.07829642295837402
HH_1_magnitude_0_1,DD11T,0,4,DT,0.20327898111908616,0.21343610426835974,0.22968574149413903,0.21343610426835974,0.21389553531985755,0.1581254556489734,0,1.0504379272460938,0.07864665985107422
