Feature,Dataset,T,CV,ML,Acc,b_Acc,Prec,Rec,F1,kap,ROC,tra-T,test-T
MI_dir_1_mean,DD12T,0,0,DT,0.25859585155343645,0.2667860086507946,0.2808747521493576,0.2667860086507946,0.25945325233879535,0.21553610651606803,0,1.208705186843872,0.07874655723571777
MI_dir_1_mean,DD12T,0,1,DT,0.25859585155343645,0.2667860086507946,0.2808747521493576,0.2667860086507946,0.25945325233879535,0.21553610651606803,0,1.2233397960662842,0.07821083068847656
MI_dir_1_mean,DD12T,0,2,DT,0.25859585155343645,0.2667860086507946,0.2808747521493576,0.2667860086507946,0.25945325233879535,0.21553610651606803,0,1.1782114505767822,0.06305813789367676
MI_dir_1_mean,DD12T,0,3,DT,0.25859585155343645,0.2667860086507946,0.2808747521493576,0.2667860086507946,0.25945325233879535,0.21553610651606803,0,1.2539088726043701,0.061392784118652344
MI_dir_1_mean,DD12T,0,4,DT,0.25859585155343645,0.2667860086507946,0.2808747521493576,0.2667860086507946,0.25945325233879535,0.21553610651606803,0,1.1926875114440918,0.06291413307189941
