Feature,Dataset,T,CV,ML,Acc,b_Acc,Prec,Rec,F1,kap,ROC,tra-T,test-T
HH_jit_1_std,DD22,0,0,DT,0.1465537847498235,0.14310997699442404,0.15471252890788353,0.14310997699442404,0.12212684155478636,0.09783466559168341,0,0.6602826118469238,0.0625460147857666
HH_jit_1_std,DD22,0,1,DT,0.1465537847498235,0.14310997699442404,0.15471252890788353,0.14310997699442404,0.12212684155478636,0.09783466559168341,0,0.658430814743042,0.06278705596923828
HH_jit_1_std,DD22,0,2,DT,0.1465537847498235,0.14310997699442404,0.15471252890788353,0.14310997699442404,0.12212684155478636,0.09783466559168341,0,0.6591391563415527,0.06312274932861328
HH_jit_1_std,DD22,0,3,DT,0.1465537847498235,0.14310997699442404,0.15471252890788353,0.14310997699442404,0.12212684155478636,0.09783466559168341,0,0.6432278156280518,0.07801103591918945
HH_jit_1_std,DD22,0,4,DT,0.1465537847498235,0.14310997699442404,0.15471252890788353,0.14310997699442404,0.12212684155478636,0.09783466559168341,0,0.643059492111206,0.06256532669067383
