Feature,Dataset,T,CV,ML,Acc,b_Acc,Prec,Rec,F1,kap,ROC,tra-T,test-T
HH_jit_0.01_mean,DD12T,0,0,DT,0.18356939787605656,0.2156755693940624,0.2174030638809161,0.2156755693940624,0.2056639778285792,0.13720097748655147,0,1.5082223415374756,0.07823920249938965
HH_jit_0.01_mean,DD12T,0,1,DT,0.18356939787605656,0.2156755693940624,0.2174030638809161,0.2156755693940624,0.2056639778285792,0.13720097748655147,0,1.4159455299377441,0.09445905685424805
HH_jit_0.01_mean,DD12T,0,2,DT,0.18356939787605656,0.2156755693940624,0.2174030638809161,0.2156755693940624,0.2056639778285792,0.13720097748655147,0,1.4317700862884521,0.09386873245239258
HH_jit_0.01_mean,DD12T,0,3,DT,0.18356939787605656,0.2156755693940624,0.2174030638809161,0.2156755693940624,0.2056639778285792,0.13720097748655147,0,1.446343183517456,0.07881855964660645
HH_jit_0.01_mean,DD12T,0,4,DT,0.18356939787605656,0.2156755693940624,0.2174030638809161,0.2156755693940624,0.2056639778285792,0.13720097748655147,0,1.3840408325195312,0.07882404327392578
