Feature,Dataset,T,CV,ML,Acc,b_Acc,Prec,Rec,F1,kap,ROC,tra-T,test-T
MI_dir_3_weight,DD22,0,0,DT,0.13919385412439617,0.13048650773217402,0.12118690831939678,0.13048650773217402,0.10689819398240814,0.09044754602232619,0,0.7234668731689453,0.07882905006408691
MI_dir_3_weight,DD22,0,1,DT,0.13919385412439617,0.13048650773217402,0.12118690831939678,0.13048650773217402,0.10689819398240814,0.09044754602232619,0,0.7077641487121582,0.06318831443786621
MI_dir_3_weight,DD22,0,2,DT,0.13919385412439617,0.13048650773217402,0.12118690831939678,0.13048650773217402,0.10689819398240814,0.09044754602232619,0,0.7391855716705322,0.07881498336791992
MI_dir_3_weight,DD22,0,3,DT,0.13919385412439617,0.13048650773217402,0.12118690831939678,0.13048650773217402,0.10689819398240814,0.09044754602232619,0,0.7237155437469482,0.07883524894714355
MI_dir_3_weight,DD22,0,4,DT,0.13919385412439617,0.13048650773217402,0.12118690831939678,0.13048650773217402,0.10689819398240814,0.09044754602232619,0,0.7240030765533447,0.07828688621520996
