Feature,Dataset,T,CV,ML,Acc,b_Acc,Prec,Rec,F1,kap,ROC,tra-T,test-T
HH_5_covariance_0_1,DD11,0,0,DT,0.08708733714146141,0.07607398408355312,0.08497630950397661,0.07607398408355312,0.056197554142489406,0.034298350789880194,0,0.7529914379119873,0.0628499984741211
HH_5_covariance_0_1,DD11,0,1,DT,0.08708733714146141,0.07607398408355312,0.08497630950397661,0.07607398408355312,0.056197554142489406,0.034298350789880194,0,0.7601442337036133,0.0630497932434082
HH_5_covariance_0_1,DD11,0,2,DT,0.08708733714146141,0.07607398408355312,0.08497630950397661,0.07607398408355312,0.056197554142489406,0.034298350789880194,0,0.785010576248169,0.056407928466796875
HH_5_covariance_0_1,DD11,0,3,DT,0.08708733714146141,0.07607398408355312,0.08497630950397661,0.07607398408355312,0.056197554142489406,0.034298350789880194,0,0.5812206268310547,0.04687857627868652
HH_5_covariance_0_1,DD11,0,4,DT,0.08708733714146141,0.07607398408355312,0.08497630950397661,0.07607398408355312,0.056197554142489406,0.034298350789880194,0,0.580324649810791,0.06301069259643555
