Feature,Dataset,T,CV,ML,Acc,b_Acc,Prec,Rec,F1,kap,ROC,tra-T,test-T
HpHp_0.1_pcc_0_1,DD11T,0,0,DT,0.11688700773849743,0.12054462475087221,0.12337398997315314,0.12054462475087221,0.08925395067060546,0.0746844339469136,0,0.8022942543029785,0.05499410629272461
HpHp_0.1_pcc_0_1,DD11T,0,1,DT,0.11688700773849743,0.12054462475087221,0.12337398997315314,0.12054462475087221,0.08925395067060546,0.0746844339469136,0,0.8811776638031006,0.07871341705322266
HpHp_0.1_pcc_0_1,DD11T,0,2,DT,0.11688700773849743,0.12054462475087221,0.12337398997315314,0.12054462475087221,0.08925395067060546,0.0746844339469136,0,0.7865991592407227,0.06461286544799805
HpHp_0.1_pcc_0_1,DD11T,0,3,DT,0.11688700773849743,0.12054462475087221,0.12337398997315314,0.12054462475087221,0.08925395067060546,0.0746844339469136,0,0.7723867893218994,0.06308960914611816
HpHp_0.1_pcc_0_1,DD11T,0,4,DT,0.11688700773849743,0.12054462475087221,0.12337398997315314,0.12054462475087221,0.08925395067060546,0.0746844339469136,0,0.7074294090270996,0.06322312355041504
