Feature,Dataset,T,CV,ML,Acc,b_Acc,Prec,Rec,F1,kap,ROC,tra-T,test-T
HH_jit_0.01_mean,DD11T,0,0,DT,0.18652073585843776,0.22507471038623392,0.23198967567956053,0.22507471038623392,0.21492474983958904,0.14119565356013308,0,1.4789726734161377,0.07874536514282227
HH_jit_0.01_mean,DD11T,0,1,DT,0.18652073585843776,0.22507471038623392,0.23198967567956053,0.22507471038623392,0.21492474983958904,0.14119565356013308,0,1.3999395370483398,0.07885074615478516
HH_jit_0.01_mean,DD11T,0,2,DT,0.18652073585843776,0.22507471038623392,0.23198967567956053,0.22507471038623392,0.21492474983958904,0.14119565356013308,0,1.5102877616882324,0.09396553039550781
HH_jit_0.01_mean,DD11T,0,3,DT,0.18652073585843776,0.22507471038623392,0.23198967567956053,0.22507471038623392,0.21492474983958904,0.14119565356013308,0,1.525754690170288,0.09443306922912598
HH_jit_0.01_mean,DD11T,0,4,DT,0.18652073585843776,0.22507471038623392,0.23198967567956053,0.22507471038623392,0.21492474983958904,0.14119565356013308,0,1.4944779872894287,0.07857584953308105
