Feature,Dataset,T,CV,ML,Acc,b_Acc,Prec,Rec,F1,kap,ROC,tra-T,test-T
HH_jit_0.01_weight,DD21,0,0,DT,0.1531522529574056,0.17281566082760852,0.19794726802607393,0.17281566082760852,0.16650233839832063,0.10665063805956054,0,0.865628719329834,0.08607792854309082
HH_jit_0.01_weight,DD21,0,1,DT,0.1531522529574056,0.17281566082760852,0.19794726802607393,0.17281566082760852,0.16650233839832063,0.10665063805956054,0,0.8791556358337402,0.08420705795288086
HH_jit_0.01_weight,DD21,0,2,DT,0.1531522529574056,0.17281566082760852,0.19794726802607393,0.17281566082760852,0.16650233839832063,0.10665063805956054,0,0.860339879989624,0.07838749885559082
HH_jit_0.01_weight,DD21,0,3,DT,0.1531522529574056,0.17281566082760852,0.19794726802607393,0.17281566082760852,0.16650233839832063,0.10665063805956054,0,0.8478293418884277,0.07819247245788574
HH_jit_0.01_weight,DD21,0,4,DT,0.1531522529574056,0.17281566082760852,0.19794726802607393,0.17281566082760852,0.16650233839832063,0.10665063805956054,0,0.8612644672393799,0.07839775085449219
