Feature,Dataset,T,CV,ML,Acc,b_Acc,Prec,Rec,F1,kap,ROC,tra-T,test-T
HH_0.1_std_0,DD11T,0,0,DT,0.13122298856436213,0.15379524889616608,0.13799082134058485,0.15379524889616608,0.13662963523684407,0.08246211054965635,0,1.4583497047424316,0.09469175338745117
HH_0.1_std_0,DD11T,0,1,DT,0.13122298856436213,0.15379524889616608,0.13799082134058485,0.15379524889616608,0.13662963523684407,0.08246211054965635,0,1.507209062576294,0.0940239429473877
HH_0.1_std_0,DD11T,0,2,DT,0.13122298856436213,0.15379524889616608,0.13799082134058485,0.15379524889616608,0.13662963523684407,0.08246211054965635,0,1.475426435470581,0.09429478645324707
HH_0.1_std_0,DD11T,0,3,DT,0.13122298856436213,0.15379524889616608,0.13799082134058485,0.15379524889616608,0.13662963523684407,0.08246211054965635,0,1.4909710884094238,0.0939645767211914
HH_0.1_std_0,DD11T,0,4,DT,0.13122298856436213,0.15379524889616608,0.13799082134058485,0.15379524889616608,0.13662963523684407,0.08246211054965635,0,1.4426519870758057,0.07840204238891602
