Feature,Dataset,T,CV,ML,Acc,b_Acc,Prec,Rec,F1,kap,ROC,tra-T,test-T
HH_0.01_mean_0,DD21,0,0,DT,0.19833352762558218,0.18607164333833884,0.20828721928713262,0.18607164333833884,0.1668034727658649,0.15589982477064668,0,0.9859576225280762,0.10038352012634277
HH_0.01_mean_0,DD21,0,1,DT,0.19833352762558218,0.18607164333833884,0.20828721928713262,0.18607164333833884,0.1668034727658649,0.15589982477064668,0,1.0487945079803467,0.07223749160766602
HH_0.01_mean_0,DD21,0,2,DT,0.19833352762558218,0.18607164333833884,0.20828721928713262,0.18607164333833884,0.1668034727658649,0.15589982477064668,0,0.9776279926300049,0.08035850524902344
HH_0.01_mean_0,DD21,0,3,DT,0.19833352762558218,0.18607164333833884,0.20828721928713262,0.18607164333833884,0.1668034727658649,0.15589982477064668,0,0.9463837146759033,0.09447121620178223
HH_0.01_mean_0,DD21,0,4,DT,0.19833352762558218,0.18607164333833884,0.20828721928713262,0.18607164333833884,0.1668034727658649,0.15589982477064668,0,0.9746782779693604,0.07803487777709961
