Feature,Dataset,T,CV,ML,Acc,b_Acc,Prec,Rec,F1,kap,ROC,tra-T,test-T
HH_3_radius_0_1,DD22T,0,0,DT,0.14335974170680563,0.13377400082784288,0.1309289576841277,0.13377400082784288,0.11122046848026702,0.09438080342374688,0,1.4340403079986572,0.08275437355041504
HH_3_radius_0_1,DD22T,0,1,DT,0.14335974170680563,0.13377400082784288,0.1309289576841277,0.13377400082784288,0.11122046848026702,0.09438080342374688,0,1.2632040977478027,0.08805060386657715
HH_3_radius_0_1,DD22T,0,2,DT,0.14335974170680563,0.13377400082784288,0.1309289576841277,0.13377400082784288,0.11122046848026702,0.09438080342374688,0,1.1521492004394531,0.058960676193237305
HH_3_radius_0_1,DD22T,0,3,DT,0.14335974170680563,0.13377400082784288,0.1309289576841277,0.13377400082784288,0.11122046848026702,0.09438080342374688,0,1.2356314659118652,0.09086990356445312
HH_3_radius_0_1,DD22T,0,4,DT,0.14335974170680563,0.13377400082784288,0.1309289576841277,0.13377400082784288,0.11122046848026702,0.09438080342374688,0,1.2521579265594482,0.05872964859008789
