Feature,Dataset,T,CV,ML,Acc,b_Acc,Prec,Rec,F1,kap,ROC,tra-T,test-T
HH_3_pcc_0_1,DD12,0,0,DT,0.12688097924877567,0.11072210264765811,0.12169177246820768,0.11072210264765811,0.09728957347222623,0.07639942696421864,0,0.8252639770507812,0.06250810623168945
HH_3_pcc_0_1,DD12,0,1,DT,0.12688097924877567,0.11072210264765811,0.12169177246820768,0.11072210264765811,0.09728957347222623,0.07639942696421864,0,0.7761609554290771,0.06321287155151367
HH_3_pcc_0_1,DD12,0,2,DT,0.12688097924877567,0.11072210264765811,0.12169177246820768,0.11072210264765811,0.09728957347222623,0.07639942696421864,0,0.8216912746429443,0.06251406669616699
HH_3_pcc_0_1,DD12,0,3,DT,0.12688097924877567,0.11072210264765811,0.12169177246820768,0.11072210264765811,0.09728957347222623,0.07639942696421864,0,0.818056583404541,0.07854843139648438
HH_3_pcc_0_1,DD12,0,4,DT,0.12688097924877567,0.11072210264765811,0.12169177246820768,0.11072210264765811,0.09728957347222623,0.07639942696421864,0,0.8489911556243896,0.06319332122802734
