Feature,Dataset,T,CV,ML,Acc,b_Acc,Prec,Rec,F1,kap,ROC,tra-T,test-T
MI_dir_0.1_mean,DD12T,0,0,DT,0.19593569525363658,0.21478170719159856,0.21865109886021228,0.21478170719159856,0.20566640166375535,0.1480864590500358,0,1.4558067321777344,0.09396100044250488
MI_dir_0.1_mean,DD12T,0,1,DT,0.19593569525363658,0.21478170719159856,0.21865109886021228,0.21478170719159856,0.20566640166375535,0.1480864590500358,0,1.474165678024292,0.07827281951904297
MI_dir_0.1_mean,DD12T,0,2,DT,0.19593569525363658,0.21478170719159856,0.21865109886021228,0.21478170719159856,0.20566640166375535,0.1480864590500358,0,1.4253981113433838,0.07870340347290039
MI_dir_0.1_mean,DD12T,0,3,DT,0.19593569525363658,0.21478170719159856,0.21865109886021228,0.21478170719159856,0.20566640166375535,0.1480864590500358,0,1.429837703704834,0.09437751770019531
MI_dir_0.1_mean,DD12T,0,4,DT,0.19593569525363658,0.21478170719159856,0.21865109886021228,0.21478170719159856,0.20566640166375535,0.1480864590500358,0,1.4370594024658203,0.07826352119445801
