Feature,Dataset,T,CV,ML,Acc,b_Acc,Prec,Rec,F1,kap,ROC,tra-T,test-T
HH_0.01_weight_0,DD21T,0,0,DT,0.16428464892655664,0.1717771405707682,0.17068831546002963,0.1717771405707682,0.14283671077336257,0.10482059725338111,0,1.749751091003418,0.06258082389831543
HH_0.01_weight_0,DD21T,0,1,DT,0.16428464892655664,0.1717771405707682,0.17068831546002963,0.1717771405707682,0.14283671077336257,0.10482059725338111,0,1.7303102016448975,0.06519412994384766
HH_0.01_weight_0,DD21T,0,2,DT,0.16428464892655664,0.1717771405707682,0.17068831546002963,0.1717771405707682,0.14283671077336257,0.10482059725338111,0,1.7172036170959473,0.0621185302734375
HH_0.01_weight_0,DD21T,0,3,DT,0.16428464892655664,0.1717771405707682,0.17068831546002963,0.1717771405707682,0.14283671077336257,0.10482059725338111,0,1.7481532096862793,0.06327486038208008
HH_0.01_weight_0,DD21T,0,4,DT,0.16428464892655664,0.1717771405707682,0.17068831546002963,0.1717771405707682,0.14283671077336257,0.10482059725338111,0,1.6892831325531006,0.06215500831604004
