Feature,Dataset,T,CV,ML,Acc,b_Acc,Prec,Rec,F1,kap,ROC,tra-T,test-T
HH_5_mean_0,DD11T,0,0,DT,0.29645966929716083,0.29010242957807886,0.28853160129959127,0.29010242957807886,0.28000010345342213,0.25623514442676354,0,0.8496232032775879,0.060414791107177734
HH_5_mean_0,DD11T,0,1,DT,0.29645966929716083,0.29010242957807886,0.28853160129959127,0.29010242957807886,0.28000010345342213,0.25623514442676354,0,0.8326699733734131,0.06305289268493652
HH_5_mean_0,DD11T,0,2,DT,0.29645966929716083,0.29010242957807886,0.28853160129959127,0.29010242957807886,0.28000010345342213,0.25623514442676354,0,0.8414075374603271,0.06441545486450195
HH_5_mean_0,DD11T,0,3,DT,0.29645966929716083,0.29010242957807886,0.28853160129959127,0.29010242957807886,0.28000010345342213,0.25623514442676354,0,0.8949573040008545,0.048403263092041016
HH_5_mean_0,DD11T,0,4,DT,0.29645966929716083,0.29010242957807886,0.28853160129959127,0.29010242957807886,0.28000010345342213,0.25623514442676354,0,0.8639581203460693,0.06265521049499512
