Feature,Dataset,T,CV,ML,Acc,b_Acc,Prec,Rec,F1,kap,ROC,tra-T,test-T
HH_5_pcc_0_1,DD21T,0,0,DT,0.08260293562849297,0.09094724202790731,0.11208085596656578,0.09094724202790731,0.06184292683622148,0.045256616597106336,0,0.8671183586120605,0.0400691032409668
HH_5_pcc_0_1,DD21T,0,1,DT,0.08260293562849297,0.09094724202790731,0.11208085596656578,0.09094724202790731,0.06184292683622148,0.045256616597106336,0,0.8243143558502197,0.03599905967712402
HH_5_pcc_0_1,DD21T,0,2,DT,0.08260293562849297,0.09094724202790731,0.11208085596656578,0.09094724202790731,0.06184292683622148,0.045256616597106336,0,0.8208248615264893,0.035867929458618164
HH_5_pcc_0_1,DD21T,0,3,DT,0.08260293562849297,0.09094724202790731,0.11208085596656578,0.09094724202790731,0.06184292683622148,0.045256616597106336,0,0.8089511394500732,0.03528308868408203
HH_5_pcc_0_1,DD21T,0,4,DT,0.08260293562849297,0.09094724202790731,0.11208085596656578,0.09094724202790731,0.06184292683622148,0.045256616597106336,0,0.9156222343444824,0.04105663299560547
