Feature,Dataset,T,CV,ML,Acc,b_Acc,Prec,Rec,F1,kap,ROC,tra-T,test-T
HH_jit_0.01_std,DD12T,0,0,DT,0.16686852203623198,0.1775328877774368,0.1733978610396871,0.1775328877774368,0.1670660522767648,0.12065887074243542,0,1.5106375217437744,0.09443116188049316
HH_jit_0.01_std,DD12T,0,1,DT,0.16686852203623198,0.1775328877774368,0.1733978610396871,0.1775328877774368,0.1670660522767648,0.12065887074243542,0,1.41597580909729,0.07882976531982422
HH_jit_0.01_std,DD12T,0,2,DT,0.16686852203623198,0.1775328877774368,0.1733978610396871,0.1775328877774368,0.1670660522767648,0.12065887074243542,0,1.526212453842163,0.07873272895812988
HH_jit_0.01_std,DD12T,0,3,DT,0.16686852203623198,0.1775328877774368,0.1733978610396871,0.1775328877774368,0.1670660522767648,0.12065887074243542,0,1.573667049407959,0.09446859359741211
HH_jit_0.01_std,DD12T,0,4,DT,0.16686852203623198,0.1775328877774368,0.1733978610396871,0.1775328877774368,0.1670660522767648,0.12065887074243542,0,1.4009649753570557,0.07773137092590332
