Feature,Dataset,T,CV,ML,Acc,b_Acc,Prec,Rec,F1,kap,ROC,tra-T,test-T
HpHp_1_mean_0,DD21,0,0,DT,0.3495650629229326,0.3324865682742595,0.4243055054971398,0.3324865682742595,0.3288186822062137,0.3149225259703422,0,0.47814416885375977,0.04428744316101074
HpHp_1_mean_0,DD21,0,1,DT,0.3495650629229326,0.3324865682742595,0.4243055054971398,0.3324865682742595,0.3288186822062137,0.3149225259703422,0,0.5272190570831299,0.05289292335510254
HpHp_1_mean_0,DD21,0,2,DT,0.3495650629229326,0.3324865682742595,0.4243055054971398,0.3324865682742595,0.3288186822062137,0.3149225259703422,0,0.5051329135894775,0.04951882362365723
HpHp_1_mean_0,DD21,0,3,DT,0.3495650629229326,0.3324865682742595,0.4243055054971398,0.3324865682742595,0.3288186822062137,0.3149225259703422,0,0.542823314666748,0.05154752731323242
HpHp_1_mean_0,DD21,0,4,DT,0.3495650629229326,0.3324865682742595,0.4243055054971398,0.3324865682742595,0.3288186822062137,0.3149225259703422,0,0.4794957637786865,0.07005429267883301
