Feature,Dataset,T,CV,ML,Acc,b_Acc,Prec,Rec,F1,kap,ROC,tra-T,test-T
HH_0.01_radius_0_1,DD21,0,0,DT,0.13805852082535347,0.12787368572737584,0.13323031511783423,0.12787368572737584,0.11768003423880373,0.08909296202587902,0,1.0055477619171143,0.11259150505065918
HH_0.01_radius_0_1,DD21,0,1,DT,0.13805852082535347,0.12787368572737584,0.13323031511783423,0.12787368572737584,0.11768003423880373,0.08909296202587902,0,0.9817495346069336,0.09571981430053711
HH_0.01_radius_0_1,DD21,0,2,DT,0.13805852082535347,0.12787368572737584,0.13323031511783423,0.12787368572737584,0.11768003423880373,0.08909296202587902,0,0.9569752216339111,0.0843343734741211
HH_0.01_radius_0_1,DD21,0,3,DT,0.13805852082535347,0.12787368572737584,0.13323031511783423,0.12787368572737584,0.11768003423880373,0.08909296202587902,0,1.0298740863800049,0.08013558387756348
HH_0.01_radius_0_1,DD21,0,4,DT,0.13805852082535347,0.12787368572737584,0.13323031511783423,0.12787368572737584,0.11768003423880373,0.08909296202587902,0,0.9745829105377197,0.0797736644744873
