Feature,Dataset,T,CV,ML,Acc,b_Acc,Prec,Rec,F1,kap,ROC,tra-T,test-T
HH_jit_0.1_std,DD22,0,0,DT,0.17150750724041514,0.17667180702133245,0.20144234040792783,0.17667180702133245,0.17062315376859893,0.12494605564484074,0,0.8479738235473633,0.07819461822509766
HH_jit_0.1_std,DD22,0,1,DT,0.17150750724041514,0.17667180702133245,0.20144234040792783,0.17667180702133245,0.17062315376859893,0.12494605564484074,0,0.8161306381225586,0.07839369773864746
HH_jit_0.1_std,DD22,0,2,DT,0.17150750724041514,0.17667180702133245,0.20144234040792783,0.17667180702133245,0.17062315376859893,0.12494605564484074,0,0.825606107711792,0.0696878433227539
HH_jit_0.1_std,DD22,0,3,DT,0.17150750724041514,0.17667180702133245,0.20144234040792783,0.17667180702133245,0.17062315376859893,0.12494605564484074,0,0.8251850605010986,0.06919121742248535
HH_jit_0.1_std,DD22,0,4,DT,0.17150750724041514,0.17667180702133245,0.20144234040792783,0.17667180702133245,0.17062315376859893,0.12494605564484074,0,0.8105170726776123,0.07826375961303711
