Feature,Dataset,T,CV,ML,Acc,b_Acc,Prec,Rec,F1,kap,ROC,tra-T,test-T
MI_dir_5_weight,DD22T,0,0,DT,0.15926618061221803,0.11619758254902213,0.12006937941693224,0.11619758254902213,0.09739588512792771,0.09992481153006805,0,1.0822200775146484,0.04689788818359375
MI_dir_5_weight,DD22T,0,1,DT,0.15926618061221803,0.11619758254902213,0.12006937941693224,0.11619758254902213,0.09739588512792771,0.09992481153006805,0,1.119898796081543,0.07580351829528809
MI_dir_5_weight,DD22T,0,2,DT,0.15926618061221803,0.11619758254902213,0.12006937941693224,0.11619758254902213,0.09739588512792771,0.09992481153006805,0,1.1044018268585205,0.04688668251037598
MI_dir_5_weight,DD22T,0,3,DT,0.15926618061221803,0.11619758254902213,0.12006937941693224,0.11619758254902213,0.09739588512792771,0.09992481153006805,0,1.080653190612793,0.06294727325439453
MI_dir_5_weight,DD22T,0,4,DT,0.15926618061221803,0.11619758254902213,0.12006937941693224,0.11619758254902213,0.09739588512792771,0.09992481153006805,0,1.0882813930511475,0.06258511543273926
