Feature,Dataset,T,CV,ML,Acc,b_Acc,Prec,Rec,F1,kap,ROC,tra-T,test-T
HpHp_0.1_weight_0,DD11,0,0,DT,0.18721445978428009,0.18825106979755107,0.19791358598617975,0.18825106979755107,0.1773084085780096,0.14360480672910736,0,1.0983614921569824,0.0627892017364502
HpHp_0.1_weight_0,DD11,0,1,DT,0.18721445978428009,0.18825106979755107,0.19791358598617975,0.18825106979755107,0.1773084085780096,0.14360480672910736,0,1.1133975982666016,0.0784296989440918
HpHp_0.1_weight_0,DD11,0,2,DT,0.18721445978428009,0.18825106979755107,0.19791358598617975,0.18825106979755107,0.1773084085780096,0.14360480672910736,0,1.0502128601074219,0.07867217063903809
HpHp_0.1_weight_0,DD11,0,3,DT,0.18721445978428009,0.18825106979755107,0.19791358598617975,0.18825106979755107,0.1773084085780096,0.14360480672910736,0,1.1636083126068115,0.07560944557189941
HpHp_0.1_weight_0,DD11,0,4,DT,0.18721445978428009,0.18825106979755107,0.19791358598617975,0.18825106979755107,0.1773084085780096,0.14360480672910736,0,1.1933658123016357,0.0786750316619873
