Feature,Dataset,T,CV,ML,Acc,b_Acc,Prec,Rec,F1,kap,ROC,tra-T,test-T
HH_jit_1_std,DD11T,0,0,DT,0.14937722306505694,0.16730930080128442,0.17361240020061497,0.16730930080128442,0.14154073081774882,0.10637216203478628,0,1.0382099151611328,0.06320548057556152
HH_jit_1_std,DD11T,0,1,DT,0.14937722306505694,0.16730930080128442,0.17361240020061497,0.16730930080128442,0.14154073081774882,0.10637216203478628,0,1.03782320022583,0.0631711483001709
HH_jit_1_std,DD11T,0,2,DT,0.14937722306505694,0.16730930080128442,0.17361240020061497,0.16730930080128442,0.14154073081774882,0.10637216203478628,0,1.0698246955871582,0.0632781982421875
HH_jit_1_std,DD11T,0,3,DT,0.14937722306505694,0.16730930080128442,0.17361240020061497,0.16730930080128442,0.14154073081774882,0.10637216203478628,0,1.0542314052581787,0.06261205673217773
HH_jit_1_std,DD11T,0,4,DT,0.14937722306505694,0.16730930080128442,0.17361240020061497,0.16730930080128442,0.14154073081774882,0.10637216203478628,0,1.0380384922027588,0.07874703407287598
