Feature,Dataset,T,CV,ML,Acc,b_Acc,Prec,Rec,F1,kap,ROC,tra-T,test-T
HH_0.1_pcc_0_1,DD12T,0,0,DT,0.07288466196662374,0.0778382628130067,0.06461766675109142,0.0778382628130067,0.058183371576283005,0.026160328114334774,0,1.3040149211883545,0.07670783996582031
HH_0.1_pcc_0_1,DD12T,0,1,DT,0.07288466196662374,0.0778382628130067,0.06461766675109142,0.0778382628130067,0.058183371576283005,0.026160328114334774,0,1.3477568626403809,0.0787663459777832
HH_0.1_pcc_0_1,DD12T,0,2,DT,0.07288466196662374,0.0778382628130067,0.06461766675109142,0.0778382628130067,0.058183371576283005,0.026160328114334774,0,1.4128918647766113,0.09430885314941406
HH_0.1_pcc_0_1,DD12T,0,3,DT,0.07288466196662374,0.0778382628130067,0.06461766675109142,0.0778382628130067,0.058183371576283005,0.026160328114334774,0,1.3813881874084473,0.07819175720214844
HH_0.1_pcc_0_1,DD12T,0,4,DT,0.07288466196662374,0.0778382628130067,0.06461766675109142,0.0778382628130067,0.058183371576283005,0.026160328114334774,0,1.412262201309204,0.09420442581176758
