Feature,Dataset,T,CV,ML,Acc,b_Acc,Prec,Rec,F1,kap,ROC,tra-T,test-T
HH_jit_5_mean,DD12,0,0,DT,0.191169195021485,0.19360834499102064,0.21314603022537346,0.19360834499102064,0.1953619684581883,0.14572406685396955,0,1.145265817642212,0.07866549491882324
HH_jit_5_mean,DD12,0,1,DT,0.191169195021485,0.19360834499102064,0.21314603022537346,0.19360834499102064,0.1953619684581883,0.14572406685396955,0,1.1730663776397705,0.09429049491882324
HH_jit_5_mean,DD12,0,2,DT,0.191169195021485,0.19360834499102064,0.21314603022537346,0.19360834499102064,0.1953619684581883,0.14572406685396955,0,1.1614937782287598,0.09391474723815918
HH_jit_5_mean,DD12,0,3,DT,0.191169195021485,0.19360834499102064,0.21314603022537346,0.19360834499102064,0.1953619684581883,0.14572406685396955,0,1.1766855716705322,0.07852697372436523
HH_jit_5_mean,DD12,0,4,DT,0.191169195021485,0.19360834499102064,0.21314603022537346,0.19360834499102064,0.1953619684581883,0.14572406685396955,0,1.082515001296997,0.09441328048706055
