Feature,Dataset,T,CV,ML,Acc,b_Acc,Prec,Rec,F1,kap,ROC,tra-T,test-T
MI_dir_0.1_mean,DD21,0,0,DT,0.22978666711076323,0.21845877698009075,0.27068224078609826,0.21845877698009075,0.2133360259191623,0.1862458270839562,0,0.9284207820892334,0.06310033798217773
MI_dir_0.1_mean,DD21,0,1,DT,0.22978666711076323,0.21845877698009075,0.27068224078609826,0.21845877698009075,0.2133360259191623,0.1862458270839562,0,1.0019211769104004,0.0904378890991211
MI_dir_0.1_mean,DD21,0,2,DT,0.22978666711076323,0.21845877698009075,0.27068224078609826,0.21845877698009075,0.2133360259191623,0.1862458270839562,0,1.0730340480804443,0.09983325004577637
MI_dir_0.1_mean,DD21,0,3,DT,0.22978666711076323,0.21845877698009075,0.27068224078609826,0.21845877698009075,0.2133360259191623,0.1862458270839562,0,0.8930568695068359,0.07391071319580078
MI_dir_0.1_mean,DD21,0,4,DT,0.22978666711076323,0.21845877698009075,0.27068224078609826,0.21845877698009075,0.2133360259191623,0.1862458270839562,0,0.8780543804168701,0.08229374885559082
