Feature,Dataset,T,CV,ML,Acc,b_Acc,Prec,Rec,F1,kap,ROC,tra-T,test-T
HH_0.1_magnitude_0_1,DD11T,0,0,DT,0.1585372072565943,0.17960561570862232,0.20203330277892587,0.17960561570862232,0.18155877716976732,0.11061175138986667,0,1.459324836730957,0.09397768974304199
HH_0.1_magnitude_0_1,DD11T,0,1,DT,0.1585372072565943,0.17960561570862232,0.20203330277892587,0.17960561570862232,0.18155877716976732,0.11061175138986667,0,1.3016879558563232,0.07786917686462402
HH_0.1_magnitude_0_1,DD11T,0,2,DT,0.1585372072565943,0.17960561570862232,0.20203330277892587,0.17960561570862232,0.18155877716976732,0.11061175138986667,0,1.411949872970581,0.07874679565429688
HH_0.1_magnitude_0_1,DD11T,0,3,DT,0.1585372072565943,0.17960561570862232,0.20203330277892587,0.17960561570862232,0.18155877716976732,0.11061175138986667,0,1.4747493267059326,0.07979083061218262
HH_0.1_magnitude_0_1,DD11T,0,4,DT,0.1585372072565943,0.17960561570862232,0.20203330277892587,0.17960561570862232,0.18155877716976732,0.11061175138986667,0,1.402231216430664,0.08773231506347656
