Feature,Dataset,T,CV,ML,Acc,b_Acc,Prec,Rec,F1,kap,ROC,tra-T,test-T
HH_jit_0.01_mean,DD21T,0,0,DT,0.1904298160187403,0.23960004540880878,0.22384609283148682,0.23960004540880878,0.21233429778520038,0.13374838978753723,0,1.7089838981628418,0.09640645980834961
HH_jit_0.01_mean,DD21T,0,1,DT,0.1904298160187403,0.23960004540880878,0.22384609283148682,0.23960004540880878,0.21233429778520038,0.13374838978753723,0,1.729149341583252,0.08846211433410645
HH_jit_0.01_mean,DD21T,0,2,DT,0.1904298160187403,0.23960004540880878,0.22384609283148682,0.23960004540880878,0.21233429778520038,0.13374838978753723,0,1.6913392543792725,0.08839821815490723
HH_jit_0.01_mean,DD21T,0,3,DT,0.1904298160187403,0.23960004540880878,0.22384609283148682,0.23960004540880878,0.21233429778520038,0.13374838978753723,0,1.6495988368988037,0.08846068382263184
HH_jit_0.01_mean,DD21T,0,4,DT,0.1904298160187403,0.23960004540880878,0.22384609283148682,0.23960004540880878,0.21233429778520038,0.13374838978753723,0,1.629368543624878,0.0806114673614502
