Feature,Dataset,T,CV,ML,Acc,b_Acc,Prec,Rec,F1,kap,ROC,tra-T,test-T
HH_0.1_mean_0,DD11,0,0,DT,0.21576431795093842,0.20878325232576228,0.2535660455447187,0.20878325232576228,0.21764442035378606,0.17117897390487813,0,1.2895166873931885,0.09442877769470215
HH_0.1_mean_0,DD11,0,1,DT,0.21576431795093842,0.20878325232576228,0.2535660455447187,0.20878325232576228,0.21764442035378606,0.17117897390487813,0,1.226919412612915,0.0944528579711914
HH_0.1_mean_0,DD11,0,2,DT,0.21576431795093842,0.20878325232576228,0.2535660455447187,0.20878325232576228,0.21764442035378606,0.17117897390487813,0,1.3533873558044434,0.09447050094604492
HH_0.1_mean_0,DD11,0,3,DT,0.21576431795093842,0.20878325232576228,0.2535660455447187,0.20878325232576228,0.21764442035378606,0.17117897390487813,0,1.3038060665130615,0.09185218811035156
HH_0.1_mean_0,DD11,0,4,DT,0.21576431795093842,0.20878325232576228,0.2535660455447187,0.20878325232576228,0.21764442035378606,0.17117897390487813,0,1.2109184265136719,0.07883405685424805
