Feature,Dataset,T,CV,ML,Acc,b_Acc,Prec,Rec,F1,kap,ROC,tra-T,test-T
HH_3_std_0,DD21T,0,0,DT,0.18059467094815712,0.16954583977229712,0.16203803884176515,0.16954583977229712,0.13935631421152075,0.1342481577684399,0,1.1647002696990967,0.05248141288757324
HH_3_std_0,DD21T,0,1,DT,0.18059467094815712,0.16954583977229712,0.16203803884176515,0.16954583977229712,0.13935631421152075,0.1342481577684399,0,1.1306040287017822,0.07798528671264648
HH_3_std_0,DD21T,0,2,DT,0.18059467094815712,0.16954583977229712,0.16203803884176515,0.16954583977229712,0.13935631421152075,0.1342481577684399,0,1.0499823093414307,0.06835150718688965
HH_3_std_0,DD21T,0,3,DT,0.18059467094815712,0.16954583977229712,0.16203803884176515,0.16954583977229712,0.13935631421152075,0.1342481577684399,0,1.0143556594848633,0.059725046157836914
HH_3_std_0,DD21T,0,4,DT,0.18059467094815712,0.16954583977229712,0.16203803884176515,0.16954583977229712,0.13935631421152075,0.1342481577684399,0,1.0276319980621338,0.052112579345703125
