Feature,Dataset,T,CV,ML,Acc,b_Acc,Prec,Rec,F1,kap,ROC,tra-T,test-T
MI_dir_5_std,DD11,0,0,DT,0.15711581483393564,0.14459970852637435,0.18060742809725655,0.14459970852637435,0.13841492626162047,0.109199678056076,0,0.8777689933776855,0.06297111511230469
MI_dir_5_std,DD11,0,1,DT,0.15711581483393564,0.14459970852637435,0.18060742809725655,0.14459970852637435,0.13841492626162047,0.109199678056076,0,0.8654539585113525,0.07851123809814453
MI_dir_5_std,DD11,0,2,DT,0.15711581483393564,0.14459970852637435,0.18060742809725655,0.14459970852637435,0.13841492626162047,0.109199678056076,0,0.8487401008605957,0.07861018180847168
MI_dir_5_std,DD11,0,3,DT,0.15711581483393564,0.14459970852637435,0.18060742809725655,0.14459970852637435,0.13841492626162047,0.109199678056076,0,0.8498847484588623,0.05956244468688965
MI_dir_5_std,DD11,0,4,DT,0.15711581483393564,0.14459970852637435,0.18060742809725655,0.14459970852637435,0.13841492626162047,0.109199678056076,0,0.8557167053222656,0.07882380485534668
