Feature,Dataset,T,CV,ML,Acc,b_Acc,Prec,Rec,F1,kap,ROC,tra-T,test-T
HpHp_0.01_weight_0,DD11T,0,0,DT,0.18822906972296943,0.20642898216664046,0.2237544854542217,0.20642898216664046,0.20278151809619532,0.14432207436336275,0,1.5041425228118896,0.06574034690856934
HpHp_0.01_weight_0,DD11T,0,1,DT,0.18822906972296943,0.20642898216664046,0.2237544854542217,0.20642898216664046,0.20278151809619532,0.14432207436336275,0,1.4321808815002441,0.09434199333190918
HpHp_0.01_weight_0,DD11T,0,2,DT,0.18822906972296943,0.20642898216664046,0.2237544854542217,0.20642898216664046,0.20278151809619532,0.14432207436336275,0,1.4340770244598389,0.07623457908630371
HpHp_0.01_weight_0,DD11T,0,3,DT,0.18822906972296943,0.20642898216664046,0.2237544854542217,0.20642898216664046,0.20278151809619532,0.14432207436336275,0,1.4470243453979492,0.0632169246673584
HpHp_0.01_weight_0,DD11T,0,4,DT,0.18822906972296943,0.20642898216664046,0.2237544854542217,0.20642898216664046,0.20278151809619532,0.14432207436336275,0,1.4476230144500732,0.07876443862915039
