Feature,Dataset,T,CV,ML,Acc,b_Acc,Prec,Rec,F1,kap,ROC,tra-T,test-T
HH_jit_3_std,DD21T,0,0,DT,0.15287903912124162,0.16061632809474025,0.14351248898699676,0.16061632809474025,0.12145718526419677,0.1070060468486107,0,0.9107322692871094,0.047150611877441406
HH_jit_3_std,DD21T,0,1,DT,0.15287903912124162,0.16061632809474025,0.14351248898699676,0.16061632809474025,0.12145718526419677,0.1070060468486107,0,0.9088776111602783,0.06250619888305664
HH_jit_3_std,DD21T,0,2,DT,0.15287903912124162,0.16061632809474025,0.14351248898699676,0.16061632809474025,0.12145718526419677,0.1070060468486107,0,0.8945314884185791,0.04701805114746094
HH_jit_3_std,DD21T,0,3,DT,0.15287903912124162,0.16061632809474025,0.14351248898699676,0.16061632809474025,0.12145718526419677,0.1070060468486107,0,0.8944721221923828,0.04682803153991699
HH_jit_3_std,DD21T,0,4,DT,0.15287903912124162,0.16061632809474025,0.14351248898699676,0.16061632809474025,0.12145718526419677,0.1070060468486107,0,1.0838899612426758,0.07843184471130371
