Feature,Dataset,T,CV,ML,Acc,b_Acc,Prec,Rec,F1,kap,ROC,tra-T,test-T
HH_0.1_weight_0,DD21,0,0,DT,0.15386835867459378,0.16103795640882074,0.18059076326646967,0.16103795640882074,0.1505267134924464,0.10755023112084627,0,1.0803611278533936,0.10851311683654785
HH_0.1_weight_0,DD21,0,1,DT,0.15386835867459378,0.16103795640882074,0.18059076326646967,0.16103795640882074,0.1505267134924464,0.10755023112084627,0,1.0461037158966064,0.09630823135375977
HH_0.1_weight_0,DD21,0,2,DT,0.15386835867459378,0.16103795640882074,0.18059076326646967,0.16103795640882074,0.1505267134924464,0.10755023112084627,0,1.0525307655334473,0.10021829605102539
HH_0.1_weight_0,DD21,0,3,DT,0.15386835867459378,0.16103795640882074,0.18059076326646967,0.16103795640882074,0.1505267134924464,0.10755023112084627,0,1.011056661605835,0.09624671936035156
HH_0.1_weight_0,DD21,0,4,DT,0.15386835867459378,0.16103795640882074,0.18059076326646967,0.16103795640882074,0.1505267134924464,0.10755023112084627,0,1.0099151134490967,0.0884559154510498
