Feature,Dataset,T,CV,ML,Acc,b_Acc,Prec,Rec,F1,kap,ROC,tra-T,test-T
HpHp_3_std_0,DD12,0,0,DT,0.14734870172824957,0.1306533386825527,0.19298459237446353,0.1306533386825527,0.13311906563729273,0.09774591604811333,0,0.5160908699035645,0.06263446807861328
HpHp_3_std_0,DD12,0,1,DT,0.14734870172824957,0.1306533386825527,0.19298459237446353,0.1306533386825527,0.13311906563729273,0.09774591604811333,0,0.6590704917907715,0.06256818771362305
HpHp_3_std_0,DD12,0,2,DT,0.14734870172824957,0.1306533386825527,0.19298459237446353,0.1306533386825527,0.13311906563729273,0.09774591604811333,0,0.6748523712158203,0.06256794929504395
HpHp_3_std_0,DD12,0,3,DT,0.14734870172824957,0.1306533386825527,0.19298459237446353,0.1306533386825527,0.13311906563729273,0.09774591604811333,0,0.6393682956695557,0.06244373321533203
HpHp_3_std_0,DD12,0,4,DT,0.14734870172824957,0.1306533386825527,0.19298459237446353,0.1306533386825527,0.13311906563729273,0.09774591604811333,0,0.6752698421478271,0.04689598083496094
