Feature,Dataset,T,CV,ML,Acc,b_Acc,Prec,Rec,F1,kap,ROC,tra-T,test-T
HH_3_weight_0,DD22T,0,0,DT,0.16486370296282649,0.12528422134319525,0.12719919212727035,0.12528422134319525,0.11048344549616769,0.10855324353274465,0,1.1491239070892334,0.05237627029418945
HH_3_weight_0,DD22T,0,1,DT,0.16486370296282649,0.12528422134319525,0.12719919212727035,0.12528422134319525,0.11048344549616769,0.10855324353274465,0,1.1336486339569092,0.047533512115478516
HH_3_weight_0,DD22T,0,2,DT,0.16486370296282649,0.12528422134319525,0.12719919212727035,0.12528422134319525,0.11048344549616769,0.10855324353274465,0,1.1784496307373047,0.04768657684326172
HH_3_weight_0,DD22T,0,3,DT,0.16486370296282649,0.12528422134319525,0.12719919212727035,0.12528422134319525,0.11048344549616769,0.10855324353274465,0,1.2653887271881104,0.056842803955078125
HH_3_weight_0,DD22T,0,4,DT,0.16486370296282649,0.12528422134319525,0.12719919212727035,0.12528422134319525,0.11048344549616769,0.10855324353274465,0,1.2970991134643555,0.05641365051269531
