Feature,Dataset,T,CV,ML,Acc,b_Acc,Prec,Rec,F1,kap,ROC,tra-T,test-T
HH_0.1_magnitude_0_1,DD11,0,0,DT,0.17420243031847274,0.16925737868658794,0.1909668319442939,0.16925737868658794,0.1666874014488172,0.12945177864942103,0,1.2421131134033203,0.0944511890411377
HH_0.1_magnitude_0_1,DD11,0,1,DT,0.17420243031847274,0.16925737868658794,0.1909668319442939,0.16925737868658794,0.1666874014488172,0.12945177864942103,0,1.3053922653198242,0.09435391426086426
HH_0.1_magnitude_0_1,DD11,0,2,DT,0.17420243031847274,0.16925737868658794,0.1909668319442939,0.16925737868658794,0.1666874014488172,0.12945177864942103,0,1.305720567703247,0.09438133239746094
HH_0.1_magnitude_0_1,DD11,0,3,DT,0.17420243031847274,0.16925737868658794,0.1909668319442939,0.16925737868658794,0.1666874014488172,0.12945177864942103,0,1.1522619724273682,0.07954716682434082
HH_0.1_magnitude_0_1,DD11,0,4,DT,0.17420243031847274,0.16925737868658794,0.1909668319442939,0.16925737868658794,0.1666874014488172,0.12945177864942103,0,1.335545539855957,0.09438467025756836
