Feature,Dataset,T,CV,ML,Acc,b_Acc,Prec,Rec,F1,kap,ROC,tra-T,test-T
HH_0.1_pcc_0_1,DD22T,0,0,DT,0.08016388983935638,0.08120434629562852,0.07612896674243652,0.08120434629562852,0.05967565892673564,0.035827629571721364,0,1.4494109153747559,0.07768368721008301
HH_0.1_pcc_0_1,DD22T,0,1,DT,0.08016388983935638,0.08120434629562852,0.07612896674243652,0.08120434629562852,0.05967565892673564,0.035827629571721364,0,1.4329352378845215,0.06818556785583496
HH_0.1_pcc_0_1,DD22T,0,2,DT,0.08016388983935638,0.08120434629562852,0.07612896674243652,0.08120434629562852,0.05967565892673564,0.035827629571721364,0,1.436037302017212,0.06670045852661133
HH_0.1_pcc_0_1,DD22T,0,3,DT,0.08016388983935638,0.08120434629562852,0.07612896674243652,0.08120434629562852,0.05967565892673564,0.035827629571721364,0,1.3871877193450928,0.06087946891784668
HH_0.1_pcc_0_1,DD22T,0,4,DT,0.08016388983935638,0.08120434629562852,0.07612896674243652,0.08120434629562852,0.05967565892673564,0.035827629571721364,0,1.3288295269012451,0.08593940734863281
