Feature,Dataset,T,CV,ML,Acc,b_Acc,Prec,Rec,F1,kap,ROC,tra-T,test-T
HH_1_weight_0,DD12T,0,0,DT,0.11617307716824539,0.12323944419715166,0.125943054167471,0.12323944419715166,0.10769879384912244,0.06615917986230657,0,1.3175899982452393,0.07843017578125
HH_1_weight_0,DD12T,0,1,DT,0.11617307716824539,0.12323944419715166,0.125943054167471,0.12323944419715166,0.10769879384912244,0.06615917986230657,0,1.255462408065796,0.07867646217346191
HH_1_weight_0,DD12T,0,2,DT,0.11617307716824539,0.12323944419715166,0.125943054167471,0.12323944419715166,0.10769879384912244,0.06615917986230657,0,1.301203966140747,0.07814478874206543
HH_1_weight_0,DD12T,0,3,DT,0.11617307716824539,0.12323944419715166,0.125943054167471,0.12323944419715166,0.10769879384912244,0.06615917986230657,0,1.3144524097442627,0.07827496528625488
HH_1_weight_0,DD12T,0,4,DT,0.11617307716824539,0.12323944419715166,0.125943054167471,0.12323944419715166,0.10769879384912244,0.06615917986230657,0,1.3009161949157715,0.09405732154846191
