Feature,Dataset,T,CV,ML,Acc,b_Acc,Prec,Rec,F1,kap,ROC,tra-T,test-T
HpHp_1_covariance_0_1,DD21T,0,0,DT,0.12788320655559357,0.11605915534073828,0.1353293165263469,0.11605915534073828,0.08630950435367102,0.0881734286717657,0,0.7360243797302246,0.053926944732666016
HpHp_1_covariance_0_1,DD21T,0,1,DT,0.12788320655559357,0.11605915534073828,0.1353293165263469,0.11605915534073828,0.08630950435367102,0.0881734286717657,0,0.7556450366973877,0.048948049545288086
HpHp_1_covariance_0_1,DD21T,0,2,DT,0.12788320655559357,0.11605915534073828,0.1353293165263469,0.11605915534073828,0.08630950435367102,0.0881734286717657,0,0.7043709754943848,0.04942965507507324
HpHp_1_covariance_0_1,DD21T,0,3,DT,0.12788320655559357,0.11605915534073828,0.1353293165263469,0.11605915534073828,0.08630950435367102,0.0881734286717657,0,0.7396335601806641,0.048150062561035156
HpHp_1_covariance_0_1,DD21T,0,4,DT,0.12788320655559357,0.11605915534073828,0.1353293165263469,0.11605915534073828,0.08630950435367102,0.0881734286717657,0,0.6901209354400635,0.04375290870666504
