Feature,Dataset,T,CV,ML,Acc,b_Acc,Prec,Rec,F1,kap,ROC,tra-T,test-T
HH_jit_3_mean,DD22,0,0,DT,0.1986569794266592,0.20737138084834222,0.2504826930327334,0.20737138084834222,0.20417665699910212,0.1542559668750968,0,0.7853806018829346,0.07855701446533203
HH_jit_3_mean,DD22,0,1,DT,0.1986569794266592,0.20737138084834222,0.2504826930327334,0.20737138084834222,0.20417665699910212,0.1542559668750968,0,0.7691600322723389,0.07874226570129395
HH_jit_3_mean,DD22,0,2,DT,0.1986569794266592,0.20737138084834222,0.2504826930327334,0.20737138084834222,0.20417665699910212,0.1542559668750968,0,0.7910969257354736,0.08773207664489746
HH_jit_3_mean,DD22,0,3,DT,0.1986569794266592,0.20737138084834222,0.2504826930327334,0.20737138084834222,0.20417665699910212,0.1542559668750968,0,0.7695798873901367,0.0859079360961914
HH_jit_3_mean,DD22,0,4,DT,0.1986569794266592,0.20737138084834222,0.2504826930327334,0.20737138084834222,0.20417665699910212,0.1542559668750968,0,0.7686498165130615,0.08184170722961426
