Feature,Dataset,T,CV,ML,Acc,b_Acc,Prec,Rec,F1,kap,ROC,tra-T,test-T
HpHp_1_pcc_0_1,DD21T,0,0,DT,0.12669877784504163,0.11530460935204422,0.12434573103657079,0.11530460935204422,0.08428088012156373,0.08515016411708065,0,0.6578414440155029,0.041795969009399414
HpHp_1_pcc_0_1,DD21T,0,1,DT,0.12669877784504163,0.11530460935204422,0.12434573103657079,0.11530460935204422,0.08428088012156373,0.08515016411708065,0,0.7040157318115234,0.056003570556640625
HpHp_1_pcc_0_1,DD21T,0,2,DT,0.12669877784504163,0.11530460935204422,0.12434573103657079,0.11530460935204422,0.08428088012156373,0.08515016411708065,0,0.6788475513458252,0.057353973388671875
HpHp_1_pcc_0_1,DD21T,0,3,DT,0.12669877784504163,0.11530460935204422,0.12434573103657079,0.11530460935204422,0.08428088012156373,0.08515016411708065,0,0.6876106262207031,0.051848411560058594
HpHp_1_pcc_0_1,DD21T,0,4,DT,0.12669877784504163,0.11530460935204422,0.12434573103657079,0.11530460935204422,0.08428088012156373,0.08515016411708065,0,0.741408109664917,0.05906963348388672
