Feature,Dataset,T,CV,ML,Acc,b_Acc,Prec,Rec,F1,kap,ROC,tra-T,test-T
HH_1_covariance_0_1,DD22T,0,0,DT,0.11673202958439713,0.098932960099157,0.11376320282347598,0.098932960099157,0.08384840561519485,0.0741368742123758,0,1.5086886882781982,0.04826712608337402
HH_1_covariance_0_1,DD22T,0,1,DT,0.11673202958439713,0.098932960099157,0.11376320282347598,0.098932960099157,0.08384840561519485,0.0741368742123758,0,1.4303927421569824,0.0634918212890625
HH_1_covariance_0_1,DD22T,0,2,DT,0.11673202958439713,0.098932960099157,0.11376320282347598,0.098932960099157,0.08384840561519485,0.0741368742123758,0,1.2130858898162842,0.05057716369628906
HH_1_covariance_0_1,DD22T,0,3,DT,0.11673202958439713,0.098932960099157,0.11376320282347598,0.098932960099157,0.08384840561519485,0.0741368742123758,0,1.1220877170562744,0.05116438865661621
HH_1_covariance_0_1,DD22T,0,4,DT,0.11673202958439713,0.098932960099157,0.11376320282347598,0.098932960099157,0.08384840561519485,0.0741368742123758,0,1.0687947273254395,0.043793678283691406
