Feature,Dataset,T,CV,ML,Acc,b_Acc,Prec,Rec,F1,kap,ROC,tra-T,test-T
HpHp_1_weight_0,DD21,0,0,DT,0.15782636934401387,0.1572882556774346,0.1723377112126379,0.1572882556774346,0.1291313083499536,0.1180968710055349,0,0.6748158931732178,0.06636905670166016
HpHp_1_weight_0,DD21,0,1,DT,0.15782636934401387,0.1572882556774346,0.1723377112126379,0.1572882556774346,0.1291313083499536,0.1180968710055349,0,0.7534732818603516,0.0631105899810791
HpHp_1_weight_0,DD21,0,2,DT,0.15782636934401387,0.1572882556774346,0.1723377112126379,0.1572882556774346,0.1291313083499536,0.1180968710055349,0,0.6914854049682617,0.06251692771911621
HpHp_1_weight_0,DD21,0,3,DT,0.15782636934401387,0.1572882556774346,0.1723377112126379,0.1572882556774346,0.1291313083499536,0.1180968710055349,0,0.6180684566497803,0.06265926361083984
HpHp_1_weight_0,DD21,0,4,DT,0.15782636934401387,0.1572882556774346,0.1723377112126379,0.1572882556774346,0.1291313083499536,0.1180968710055349,0,0.6671466827392578,0.05675053596496582
