Feature,Dataset,T,CV,ML,Acc,b_Acc,Prec,Rec,F1,kap,ROC,tra-T,test-T
HpHp_0.01_covariance_0_1,DD22T,0,0,DT,0.09245562779108432,0.10418374910031059,0.12439133433622745,0.10418374910031059,0.07996556026049975,0.05448666548325032,0,0.9252097606658936,0.03614950180053711
HpHp_0.01_covariance_0_1,DD22T,0,1,DT,0.09245562779108432,0.10418374910031059,0.12439133433622745,0.10418374910031059,0.07996556026049975,0.05448666548325032,0,0.980750322341919,0.036348819732666016
HpHp_0.01_covariance_0_1,DD22T,0,2,DT,0.09245562779108432,0.10418374910031059,0.12439133433622745,0.10418374910031059,0.07996556026049975,0.05448666548325032,0,0.9865508079528809,0.033478736877441406
HpHp_0.01_covariance_0_1,DD22T,0,3,DT,0.09245562779108432,0.10418374910031059,0.12439133433622745,0.10418374910031059,0.07996556026049975,0.05448666548325032,0,0.9753363132476807,0.03920936584472656
HpHp_0.01_covariance_0_1,DD22T,0,4,DT,0.09245562779108432,0.10418374910031059,0.12439133433622745,0.10418374910031059,0.07996556026049975,0.05448666548325032,0,1.0305140018463135,0.0416417121887207
