Feature,Dataset,T,CV,ML,Acc,b_Acc,Prec,Rec,F1,kap,ROC,tra-T,test-T
HH_jit_3_std,DD12T,0,0,DT,0.12679916878083605,0.13692265900252792,0.13930253288986194,0.13692265900252792,0.11542265176930379,0.08273120500465925,0,0.9413161277770996,0.06304097175598145
HH_jit_3_std,DD12T,0,1,DT,0.12679916878083605,0.13692265900252792,0.13930253288986194,0.13692265900252792,0.11542265176930379,0.08273120500465925,0,0.8782663345336914,0.0468754768371582
HH_jit_3_std,DD12T,0,2,DT,0.12679916878083605,0.13692265900252792,0.13930253288986194,0.13692265900252792,0.11542265176930379,0.08273120500465925,0,0.9427177906036377,0.0772697925567627
HH_jit_3_std,DD12T,0,3,DT,0.12679916878083605,0.13692265900252792,0.13930253288986194,0.13692265900252792,0.11542265176930379,0.08273120500465925,0,0.9409053325653076,0.07854008674621582
HH_jit_3_std,DD12T,0,4,DT,0.12679916878083605,0.13692265900252792,0.13930253288986194,0.13692265900252792,0.11542265176930379,0.08273120500465925,0,1.0198438167572021,0.06263971328735352
