Feature,Dataset,T,CV,ML,Acc,b_Acc,Prec,Rec,F1,kap,ROC,tra-T,test-T
HH_0.1_std_0,DD11,0,0,DT,0.1463353706263427,0.14850984574578238,0.16566509625564974,0.14850984574578238,0.15041666470751117,0.09798525564525062,0,1.3683147430419922,0.11000347137451172
HH_0.1_std_0,DD11,0,1,DT,0.1463353706263427,0.14850984574578238,0.16566509625564974,0.14850984574578238,0.15041666470751117,0.09798525564525062,0,1.3255228996276855,0.1004176139831543
HH_0.1_std_0,DD11,0,2,DT,0.1463353706263427,0.14850984574578238,0.16566509625564974,0.14850984574578238,0.15041666470751117,0.09798525564525062,0,1.3374998569488525,0.09444665908813477
HH_0.1_std_0,DD11,0,3,DT,0.1463353706263427,0.14850984574578238,0.16566509625564974,0.14850984574578238,0.15041666470751117,0.09798525564525062,0,1.337040662765503,0.09446215629577637
HH_0.1_std_0,DD11,0,4,DT,0.1463353706263427,0.14850984574578238,0.16566509625564974,0.14850984574578238,0.15041666470751117,0.09798525564525062,0,1.350273609161377,0.0944526195526123
