Feature,Dataset,T,CV,ML,Acc,b_Acc,Prec,Rec,F1,kap,ROC,tra-T,test-T
HpHp_0.01_radius_0_1,DD12,0,0,DT,0.1857270710922604,0.17907509252965761,0.2019682741757621,0.17907509252965761,0.17626520975820587,0.13936077184378026,0,1.0050621032714844,0.06268668174743652
HpHp_0.01_radius_0_1,DD12,0,1,DT,0.1857270710922604,0.17907509252965761,0.2019682741757621,0.17907509252965761,0.17626520975820587,0.13936077184378026,0,0.9939460754394531,0.07401490211486816
HpHp_0.01_radius_0_1,DD12,0,2,DT,0.1857270710922604,0.17907509252965761,0.2019682741757621,0.17907509252965761,0.17626520975820587,0.13936077184378026,0,0.9852590560913086,0.07832193374633789
HpHp_0.01_radius_0_1,DD12,0,3,DT,0.1857270710922604,0.17907509252965761,0.2019682741757621,0.17907509252965761,0.17626520975820587,0.13936077184378026,0,1.0207951068878174,0.07871055603027344
HpHp_0.01_radius_0_1,DD12,0,4,DT,0.1857270710922604,0.17907509252965761,0.2019682741757621,0.17907509252965761,0.17626520975820587,0.13936077184378026,0,1.003859519958496,0.06333756446838379
