Feature,Dataset,T,CV,ML,Acc,b_Acc,Prec,Rec,F1,kap,ROC,tra-T,test-T
HH_5_magnitude_0_1,DD11,0,0,DT,0.29969856945392775,0.2878956579129341,0.3133332041855935,0.2878956579129341,0.2866575056701982,0.262186901003747,0,1.020301103591919,0.08154654502868652
HH_5_magnitude_0_1,DD11,0,1,DT,0.29969856945392775,0.2878956579129341,0.3133332041855935,0.2878956579129341,0.2866575056701982,0.262186901003747,0,1.0203754901885986,0.07838034629821777
HH_5_magnitude_0_1,DD11,0,2,DT,0.29969856945392775,0.2878956579129341,0.3133332041855935,0.2878956579129341,0.2866575056701982,0.262186901003747,0,0.8799614906311035,0.07839059829711914
HH_5_magnitude_0_1,DD11,0,3,DT,0.29969856945392775,0.2878956579129341,0.3133332041855935,0.2878956579129341,0.2866575056701982,0.262186901003747,0,1.0006327629089355,0.06784963607788086
HH_5_magnitude_0_1,DD11,0,4,DT,0.29969856945392775,0.2878956579129341,0.3133332041855935,0.2878956579129341,0.2866575056701982,0.262186901003747,0,0.9413957595825195,0.07854676246643066
