Feature,Dataset,T,CV,ML,Acc,b_Acc,Prec,Rec,F1,kap,ROC,tra-T,test-T
MI_dir_0.01_mean,DD11,0,0,DT,0.18068068901582648,0.17078789703551167,0.220025916434458,0.17078789703551167,0.17708442175839872,0.134951355435162,0,1.3654232025146484,0.09430670738220215
MI_dir_0.01_mean,DD11,0,1,DT,0.18068068901582648,0.17078789703551167,0.220025916434458,0.17078789703551167,0.17708442175839872,0.134951355435162,0,1.3651859760284424,0.07848238945007324
MI_dir_0.01_mean,DD11,0,2,DT,0.18068068901582648,0.17078789703551167,0.220025916434458,0.17078789703551167,0.17708442175839872,0.134951355435162,0,1.3191115856170654,0.0783226490020752
MI_dir_0.01_mean,DD11,0,3,DT,0.18068068901582648,0.17078789703551167,0.220025916434458,0.17078789703551167,0.17708442175839872,0.134951355435162,0,1.3525795936584473,0.07524442672729492
MI_dir_0.01_mean,DD11,0,4,DT,0.18068068901582648,0.17078789703551167,0.220025916434458,0.17078789703551167,0.17708442175839872,0.134951355435162,0,1.3658215999603271,0.0786287784576416
