Feature,Dataset,T,CV,ML,Acc,b_Acc,Prec,Rec,F1,kap,ROC,tra-T,test-T
HpHp_3_weight_0,DD21,0,0,DT,0.1473734463559101,0.13147335874041938,0.15376717639297713,0.13147335874041938,0.10386230093775986,0.09877452605015347,0,0.6000468730926514,0.04759335517883301
HpHp_3_weight_0,DD21,0,1,DT,0.1473734463559101,0.13147335874041938,0.15376717639297713,0.13147335874041938,0.10386230093775986,0.09877452605015347,0,0.6168203353881836,0.04751276969909668
HpHp_3_weight_0,DD21,0,2,DT,0.1473734463559101,0.13147335874041938,0.15376717639297713,0.13147335874041938,0.10386230093775986,0.09877452605015347,0,0.5864238739013672,0.06911373138427734
HpHp_3_weight_0,DD21,0,3,DT,0.1473734463559101,0.13147335874041938,0.15376717639297713,0.13147335874041938,0.10386230093775986,0.09877452605015347,0,0.6008532047271729,0.06320309638977051
HpHp_3_weight_0,DD21,0,4,DT,0.1473734463559101,0.13147335874041938,0.15376717639297713,0.13147335874041938,0.10386230093775986,0.09877452605015347,0,0.6160790920257568,0.062422990798950195
