Feature,Dataset,T,CV,ML,Acc,b_Acc,Prec,Rec,F1,kap,ROC,tra-T,test-T
HpHp_0.01_mean_0,DD12,0,0,DT,0.27091104156359613,0.2666457471496104,0.3142695174579077,0.2666457471496104,0.2701543094459329,0.22936722098411577,0,0.8949666023254395,0.06256532669067383
HpHp_0.01_mean_0,DD12,0,1,DT,0.27091104156359613,0.2666457471496104,0.3142695174579077,0.2666457471496104,0.2701543094459329,0.22936722098411577,0,0.9253876209259033,0.06254839897155762
HpHp_0.01_mean_0,DD12,0,2,DT,0.27091104156359613,0.2666457471496104,0.3142695174579077,0.2666457471496104,0.2701543094459329,0.22936722098411577,0,0.8796341419219971,0.06349635124206543
HpHp_0.01_mean_0,DD12,0,3,DT,0.27091104156359613,0.2666457471496104,0.3142695174579077,0.2666457471496104,0.2701543094459329,0.22936722098411577,0,0.9583108425140381,0.06245231628417969
HpHp_0.01_mean_0,DD12,0,4,DT,0.27091104156359613,0.2666457471496104,0.3142695174579077,0.2666457471496104,0.2701543094459329,0.22936722098411577,0,0.9259588718414307,0.06305623054504395
