Feature,Dataset,T,CV,ML,Acc,b_Acc,Prec,Rec,F1,kap,ROC,tra-T,test-T
MI_dir_5_std,DD22T,0,0,DT,0.18930680213021697,0.1420933085102407,0.15765883690899068,0.1420933085102407,0.13192066037115177,0.13049415235491457,0,0.9408695697784424,0.047292470932006836
MI_dir_5_std,DD22T,0,1,DT,0.18930680213021697,0.1420933085102407,0.15765883690899068,0.1420933085102407,0.13192066037115177,0.13049415235491457,0,0.87784743309021,0.0626678466796875
MI_dir_5_std,DD22T,0,2,DT,0.18930680213021697,0.1420933085102407,0.15765883690899068,0.1420933085102407,0.13192066037115177,0.13049415235491457,0,0.9730422496795654,0.04708361625671387
MI_dir_5_std,DD22T,0,3,DT,0.18930680213021697,0.1420933085102407,0.15765883690899068,0.1420933085102407,0.13192066037115177,0.13049415235491457,0,0.9725003242492676,0.047013044357299805
MI_dir_5_std,DD22T,0,4,DT,0.18930680213021697,0.1420933085102407,0.15765883690899068,0.1420933085102407,0.13192066037115177,0.13049415235491457,0,0.9781548976898193,0.04742908477783203
