Feature,Dataset,T,CV,ML,Acc,b_Acc,Prec,Rec,F1,kap,ROC,tra-T,test-T
HpHp_0.1_covariance_0_1,DD11T,0,0,DT,0.12224786139547929,0.12926326446008446,0.1432412898978735,0.12926326446008446,0.09835073015232872,0.08041019383663117,0,0.7550797462463379,0.06317281723022461
HpHp_0.1_covariance_0_1,DD11T,0,1,DT,0.12224786139547929,0.12926326446008446,0.1432412898978735,0.12926326446008446,0.09835073015232872,0.08041019383663117,0,0.7708892822265625,0.06261014938354492
HpHp_0.1_covariance_0_1,DD11T,0,2,DT,0.12224786139547929,0.12926326446008446,0.1432412898978735,0.12926326446008446,0.09835073015232872,0.08041019383663117,0,0.7866084575653076,0.04698324203491211
HpHp_0.1_covariance_0_1,DD11T,0,3,DT,0.12224786139547929,0.12926326446008446,0.1432412898978735,0.12926326446008446,0.09835073015232872,0.08041019383663117,0,0.723444938659668,0.0625159740447998
HpHp_0.1_covariance_0_1,DD11T,0,4,DT,0.12224786139547929,0.12926326446008446,0.1432412898978735,0.12926326446008446,0.09835073015232872,0.08041019383663117,0,0.770390510559082,0.06250905990600586
