Feature,Dataset,T,CV,ML,Acc,b_Acc,Prec,Rec,F1,kap,ROC,tra-T,test-T
HpHp_0.01_std_0,DD12,0,0,DT,0.2214927762614443,0.21529442948822133,0.2756344061819013,0.21529442948822133,0.20933362973730724,0.17683208814345708,0,0.8795123100280762,0.06250977516174316
HpHp_0.01_std_0,DD12,0,1,DT,0.2214927762614443,0.21529442948822133,0.2756344061819013,0.21529442948822133,0.20933362973730724,0.17683208814345708,0,0.8791570663452148,0.06292533874511719
HpHp_0.01_std_0,DD12,0,2,DT,0.2214927762614443,0.21529442948822133,0.2756344061819013,0.21529442948822133,0.20933362973730724,0.17683208814345708,0,0.8938934803009033,0.0715951919555664
HpHp_0.01_std_0,DD12,0,3,DT,0.2214927762614443,0.21529442948822133,0.2756344061819013,0.21529442948822133,0.20933362973730724,0.17683208814345708,0,0.7999813556671143,0.06272077560424805
HpHp_0.01_std_0,DD12,0,4,DT,0.2214927762614443,0.21529442948822133,0.2756344061819013,0.21529442948822133,0.20933362973730724,0.17683208814345708,0,0.8942742347717285,0.0629122257232666
