Feature,Dataset,T,CV,ML,Acc,b_Acc,Prec,Rec,F1,kap,ROC,tra-T,test-T
HpHp_0.1_covariance_0_1,DD11,0,0,DT,0.1226705747164721,0.11156724296473985,0.18409361898163293,0.11156724296473985,0.09751219760410093,0.07152957454116649,0,0.8470215797424316,0.04739975929260254
HpHp_0.1_covariance_0_1,DD11,0,1,DT,0.1226705747164721,0.11156724296473985,0.18409361898163293,0.11156724296473985,0.09751219760410093,0.07152957454116649,0,0.8317432403564453,0.047641754150390625
HpHp_0.1_covariance_0_1,DD11,0,2,DT,0.1226705747164721,0.11156724296473985,0.18409361898163293,0.11156724296473985,0.09751219760410093,0.07152957454116649,0,0.8327572345733643,0.0625147819519043
HpHp_0.1_covariance_0_1,DD11,0,3,DT,0.1226705747164721,0.11156724296473985,0.18409361898163293,0.11156724296473985,0.09751219760410093,0.07152957454116649,0,0.7715375423431396,0.04445815086364746
HpHp_0.1_covariance_0_1,DD11,0,4,DT,0.1226705747164721,0.11156724296473985,0.18409361898163293,0.11156724296473985,0.09751219760410093,0.07152957454116649,0,0.707211971282959,0.07306861877441406
