Feature,Dataset,T,CV,ML,Acc,b_Acc,Prec,Rec,F1,kap,ROC,tra-T,test-T
HH_3_weight_0,DD21,0,0,DT,0.1427048811764118,0.13297102844664582,0.1415235214137528,0.13297102844664582,0.1095530198086675,0.0948611093557622,0,0.7726209163665771,0.07873153686523438
HH_3_weight_0,DD21,0,1,DT,0.1427048811764118,0.13297102844664582,0.1415235214137528,0.13297102844664582,0.1095530198086675,0.0948611093557622,0,0.7727060317993164,0.06320643424987793
HH_3_weight_0,DD21,0,2,DT,0.1427048811764118,0.13297102844664582,0.1415235214137528,0.13297102844664582,0.1095530198086675,0.0948611093557622,0,0.7250175476074219,0.06321930885314941
HH_3_weight_0,DD21,0,3,DT,0.1427048811764118,0.13297102844664582,0.1415235214137528,0.13297102844664582,0.1095530198086675,0.0948611093557622,0,0.7172341346740723,0.08016180992126465
HH_3_weight_0,DD21,0,4,DT,0.1427048811764118,0.13297102844664582,0.1415235214137528,0.13297102844664582,0.1095530198086675,0.0948611093557622,0,0.6537520885467529,0.057454824447631836
