Feature,Dataset,T,CV,ML,Acc,b_Acc,Prec,Rec,F1,kap,ROC,tra-T,test-T
MI_dir_1_mean,DD11T,0,0,DT,0.2464909037596094,0.25745005095550844,0.25214533467970834,0.25745005095550844,0.24223145769878018,0.20370214381186613,0,1.0509800910949707,0.07830476760864258
MI_dir_1_mean,DD11T,0,1,DT,0.2464909037596094,0.25745005095550844,0.25214533467970834,0.25745005095550844,0.24223145769878018,0.20370214381186613,0,1.051231861114502,0.07856965065002441
MI_dir_1_mean,DD11T,0,2,DT,0.2464909037596094,0.25745005095550844,0.25214533467970834,0.25745005095550844,0.24223145769878018,0.20370214381186613,0,1.0659911632537842,0.07841253280639648
MI_dir_1_mean,DD11T,0,3,DT,0.2464909037596094,0.25745005095550844,0.25214533467970834,0.25745005095550844,0.24223145769878018,0.20370214381186613,0,1.1131784915924072,0.06271076202392578
MI_dir_1_mean,DD11T,0,4,DT,0.2464909037596094,0.25745005095550844,0.25214533467970834,0.25745005095550844,0.24223145769878018,0.20370214381186613,0,1.0670371055603027,0.07866287231445312
