Feature,Dataset,T,CV,ML,Acc,b_Acc,Prec,Rec,F1,kap,ROC,tra-T,test-T
HH_1_magnitude_0_1,DD21,0,0,DT,0.24367578729994838,0.23542974953455026,0.28737547318599266,0.23542974953455026,0.23235260477581196,0.20331532726184343,0,0.8253438472747803,0.09252476692199707
HH_1_magnitude_0_1,DD21,0,1,DT,0.24367578729994838,0.23542974953455026,0.28737547318599266,0.23542974953455026,0.23235260477581196,0.20331532726184343,0,0.8110532760620117,0.06821489334106445
HH_1_magnitude_0_1,DD21,0,2,DT,0.24367578729994838,0.23542974953455026,0.28737547318599266,0.23542974953455026,0.23235260477581196,0.20331532726184343,0,0.8733487129211426,0.07215619087219238
HH_1_magnitude_0_1,DD21,0,3,DT,0.24367578729994838,0.23542974953455026,0.28737547318599266,0.23542974953455026,0.23235260477581196,0.20331532726184343,0,0.7765398025512695,0.07988214492797852
HH_1_magnitude_0_1,DD21,0,4,DT,0.24367578729994838,0.23542974953455026,0.28737547318599266,0.23542974953455026,0.23235260477581196,0.20331532726184343,0,0.8605813980102539,0.08118486404418945
