Feature,Dataset,T,CV,ML,Acc,b_Acc,Prec,Rec,F1,kap,ROC,tra-T,test-T
HH_0.01_pcc_0_1,DD12T,0,0,DT,0.07082573719705759,0.07137717755727573,0.07262726101695707,0.07137717755727573,0.06322607096554629,0.024451001056939203,0,1.551947832107544,0.0786750316619873
HH_0.01_pcc_0_1,DD12T,0,1,DT,0.07082573719705759,0.07137717755727573,0.07262726101695707,0.07137717755727573,0.06322607096554629,0.024451001056939203,0,1.4841291904449463,0.0850059986114502
HH_0.01_pcc_0_1,DD12T,0,2,DT,0.07082573719705759,0.07137717755727573,0.07262726101695707,0.07137717755727573,0.06322607096554629,0.024451001056939203,0,1.491001844406128,0.0940389633178711
HH_0.01_pcc_0_1,DD12T,0,3,DT,0.07082573719705759,0.07137717755727573,0.07262726101695707,0.07137717755727573,0.06322607096554629,0.024451001056939203,0,1.5377018451690674,0.09431076049804688
HH_0.01_pcc_0_1,DD12T,0,4,DT,0.07082573719705759,0.07137717755727573,0.07262726101695707,0.07137717755727573,0.06322607096554629,0.024451001056939203,0,1.5212833881378174,0.09436511993408203
