Feature,Dataset,T,CV,ML,Acc,b_Acc,Prec,Rec,F1,kap,ROC,tra-T,test-T
HpHp_3_weight_0,DD12T,0,0,DT,0.12839276380372008,0.10451597682729842,0.12370502817157265,0.10451597682729842,0.09447374415712181,0.07673839381956049,0,0.8968076705932617,0.07885622978210449
HpHp_3_weight_0,DD12T,0,1,DT,0.12839276380372008,0.10451597682729842,0.12370502817157265,0.10451597682729842,0.09447374415712181,0.07673839381956049,0,0.9169363975524902,0.058606624603271484
HpHp_3_weight_0,DD12T,0,2,DT,0.12839276380372008,0.10451597682729842,0.12370502817157265,0.10451597682729842,0.09447374415712181,0.07673839381956049,0,0.9433674812316895,0.06310224533081055
HpHp_3_weight_0,DD12T,0,3,DT,0.12839276380372008,0.10451597682729842,0.12370502817157265,0.10451597682729842,0.09447374415712181,0.07673839381956049,0,0.9443542957305908,0.06251144409179688
HpHp_3_weight_0,DD12T,0,4,DT,0.12839276380372008,0.10451597682729842,0.12370502817157265,0.10451597682729842,0.09447374415712181,0.07673839381956049,0,0.8812944889068604,0.06261229515075684
