Feature,Dataset,T,CV,ML,Acc,b_Acc,Prec,Rec,F1,kap,ROC,tra-T,test-T
HH_0.01_pcc_0_1,DD22,0,0,DT,0.09580695191030224,0.08666039178767464,0.08564832155986864,0.08666039178767464,0.07596261124062155,0.04490364270102576,0,0.8492767810821533,0.07882165908813477
HH_0.01_pcc_0_1,DD22,0,1,DT,0.09580695191030224,0.08666039178767464,0.08564832155986864,0.08666039178767464,0.07596261124062155,0.04490364270102576,0,0.8157103061676025,0.09425687789916992
HH_0.01_pcc_0_1,DD22,0,2,DT,0.09580695191030224,0.08666039178767464,0.08564832155986864,0.08666039178767464,0.07596261124062155,0.04490364270102576,0,0.8011524677276611,0.0782625675201416
HH_0.01_pcc_0_1,DD22,0,3,DT,0.09580695191030224,0.08666039178767464,0.08564832155986864,0.08666039178767464,0.07596261124062155,0.04490364270102576,0,0.8318874835968018,0.0786595344543457
HH_0.01_pcc_0_1,DD22,0,4,DT,0.09580695191030224,0.08666039178767464,0.08564832155986864,0.08666039178767464,0.07596261124062155,0.04490364270102576,0,0.8138246536254883,0.07814884185791016
