Feature,Dataset,T,CV,ML,Acc,b_Acc,Prec,Rec,F1,kap,ROC,tra-T,test-T
HH_5_covariance_0_1,DD12T,0,0,DT,0.09627863690256122,0.07758166787539496,0.07409826425994549,0.07758166787539496,0.05823611439063528,0.03984835517462881,0,0.8938572406768799,0.0625772476196289
HH_5_covariance_0_1,DD12T,0,1,DT,0.09627863690256122,0.07758166787539496,0.07409826425994549,0.07758166787539496,0.05823611439063528,0.03984835517462881,0,0.8947069644927979,0.062499284744262695
HH_5_covariance_0_1,DD12T,0,2,DT,0.09627863690256122,0.07758166787539496,0.07409826425994549,0.07758166787539496,0.05823611439063528,0.03984835517462881,0,0.8941366672515869,0.06271147727966309
HH_5_covariance_0_1,DD12T,0,3,DT,0.09627863690256122,0.07758166787539496,0.07409826425994549,0.07758166787539496,0.05823611439063528,0.03984835517462881,0,0.9266772270202637,0.047026634216308594
HH_5_covariance_0_1,DD12T,0,4,DT,0.09627863690256122,0.07758166787539496,0.07409826425994549,0.07758166787539496,0.05823611439063528,0.03984835517462881,0,0.893709659576416,0.06272459030151367
