Feature,Dataset,T,CV,ML,Acc,b_Acc,Prec,Rec,F1,kap,ROC,tra-T,test-T
HH_3_weight_0,DD21T,0,0,DT,0.1560199685907053,0.12549306402464494,0.12164072180849402,0.12549306402464494,0.10538417158242318,0.10133667994104545,0,1.2794642448425293,0.08913946151733398
HH_3_weight_0,DD21T,0,1,DT,0.1560199685907053,0.12549306402464494,0.12164072180849402,0.12549306402464494,0.10538417158242318,0.10133667994104545,0,1.2541930675506592,0.05661487579345703
HH_3_weight_0,DD21T,0,2,DT,0.1560199685907053,0.12549306402464494,0.12164072180849402,0.12549306402464494,0.10538417158242318,0.10133667994104545,0,1.2152938842773438,0.05456185340881348
HH_3_weight_0,DD21T,0,3,DT,0.1560199685907053,0.12549306402464494,0.12164072180849402,0.12549306402464494,0.10538417158242318,0.10133667994104545,0,1.1839289665222168,0.05886983871459961
HH_3_weight_0,DD21T,0,4,DT,0.1560199685907053,0.12549306402464494,0.12164072180849402,0.12549306402464494,0.10538417158242318,0.10133667994104545,0,1.1128618717193604,0.05624866485595703
