Feature,Dataset,T,CV,ML,Acc,b_Acc,Prec,Rec,F1,kap,ROC,tra-T,test-T
HpHp_0.01_covariance_0_1,DD11T,0,0,DT,0.0939774856895167,0.10367030259677369,0.1152514983429088,0.10367030259677369,0.07698276327418516,0.05033917994817838,0,0.9284474849700928,0.06258869171142578
HpHp_0.01_covariance_0_1,DD11T,0,1,DT,0.0939774856895167,0.10367030259677369,0.1152514983429088,0.10367030259677369,0.07698276327418516,0.05033917994817838,0,0.9123048782348633,0.06300616264343262
HpHp_0.01_covariance_0_1,DD11T,0,2,DT,0.0939774856895167,0.10367030259677369,0.1152514983429088,0.10367030259677369,0.07698276327418516,0.05033917994817838,0,0.7862634658813477,0.06261777877807617
HpHp_0.01_covariance_0_1,DD11T,0,3,DT,0.0939774856895167,0.10367030259677369,0.1152514983429088,0.10367030259677369,0.07698276327418516,0.05033917994817838,0,0.9124782085418701,0.06320810317993164
HpHp_0.01_covariance_0_1,DD11T,0,4,DT,0.0939774856895167,0.10367030259677369,0.1152514983429088,0.10367030259677369,0.07698276327418516,0.05033917994817838,0,0.912463903427124,0.06311988830566406
