Feature,Dataset,T,CV,ML,Acc,b_Acc,Prec,Rec,F1,kap,ROC,tra-T,test-T
HH_3_radius_0_1,DD22,0,0,DT,0.12588594331074585,0.11739075763111377,0.11175624563684314,0.11739075763111377,0.09811376932547307,0.07622179155072961,0,0.7079367637634277,0.07884478569030762
HH_3_radius_0_1,DD22,0,1,DT,0.12588594331074585,0.11739075763111377,0.11175624563684314,0.11739075763111377,0.09811376932547307,0.07622179155072961,0,0.6930458545684814,0.07881951332092285
HH_3_radius_0_1,DD22,0,2,DT,0.12588594331074585,0.11739075763111377,0.11175624563684314,0.11739075763111377,0.09811376932547307,0.07622179155072961,0,0.7106626033782959,0.060585975646972656
HH_3_radius_0_1,DD22,0,3,DT,0.12588594331074585,0.11739075763111377,0.11175624563684314,0.11739075763111377,0.09811376932547307,0.07622179155072961,0,0.689258337020874,0.07883286476135254
HH_3_radius_0_1,DD22,0,4,DT,0.12588594331074585,0.11739075763111377,0.11175624563684314,0.11739075763111377,0.09811376932547307,0.07622179155072961,0,0.7079501152038574,0.0788123607635498
