Feature,Dataset,T,CV,ML,Acc,b_Acc,Prec,Rec,F1,kap,ROC,tra-T,test-T
HH_0.01_weight_0,DD12T,0,0,DT,0.15171024617855913,0.16561124362895413,0.1765212003484612,0.16561124362895413,0.16025709295689403,0.1041512877450641,0,1.6171963214874268,0.09396791458129883
HH_0.01_weight_0,DD12T,0,1,DT,0.15171024617855913,0.16561124362895413,0.1765212003484612,0.16561124362895413,0.16025709295689403,0.1041512877450641,0,1.632868766784668,0.07865428924560547
HH_0.01_weight_0,DD12T,0,2,DT,0.15171024617855913,0.16561124362895413,0.1765212003484612,0.16561124362895413,0.16025709295689403,0.1041512877450641,0,1.6326007843017578,0.07833266258239746
HH_0.01_weight_0,DD12T,0,3,DT,0.15171024617855913,0.16561124362895413,0.1765212003484612,0.16561124362895413,0.16025709295689403,0.1041512877450641,0,1.6791155338287354,0.0964510440826416
HH_0.01_weight_0,DD12T,0,4,DT,0.15171024617855913,0.16561124362895413,0.1765212003484612,0.16561124362895413,0.16025709295689403,0.1041512877450641,0,1.67901611328125,0.07866239547729492
