Feature,Dataset,T,CV,ML,Acc,b_Acc,Prec,Rec,F1,kap,ROC,tra-T,test-T
HH_3_std_0,DD21,0,0,DT,0.16843472613119723,0.15557643377409688,0.21438863508367886,0.15557643377409688,0.136999274673816,0.12146191101094528,0,0.6983160972595215,0.09827709197998047
HH_3_std_0,DD21,0,1,DT,0.16843472613119723,0.15557643377409688,0.21438863508367886,0.15557643377409688,0.136999274673816,0.12146191101094528,0,0.7376618385314941,0.10233426094055176
HH_3_std_0,DD21,0,2,DT,0.16843472613119723,0.15557643377409688,0.21438863508367886,0.15557643377409688,0.136999274673816,0.12146191101094528,0,0.7088205814361572,0.060857534408569336
HH_3_std_0,DD21,0,3,DT,0.16843472613119723,0.15557643377409688,0.21438863508367886,0.15557643377409688,0.136999274673816,0.12146191101094528,0,0.6953413486480713,0.0867607593536377
HH_3_std_0,DD21,0,4,DT,0.16843472613119723,0.15557643377409688,0.21438863508367886,0.15557643377409688,0.136999274673816,0.12146191101094528,0,0.5929257869720459,0.06806230545043945
