Feature,Dataset,T,CV,ML,Acc,b_Acc,Prec,Rec,F1,kap,ROC,tra-T,test-T
HH_jit_1_weight,DD21T,0,0,DT,0.1568622290070978,0.1526090184808419,0.13705273726382683,0.1526090184808419,0.11321915202354511,0.10771257593780426,0,1.023012638092041,0.05465841293334961
HH_jit_1_weight,DD21T,0,1,DT,0.1568622290070978,0.1526090184808419,0.13705273726382683,0.1526090184808419,0.11321915202354511,0.10771257593780426,0,1.066429853439331,0.06274890899658203
HH_jit_1_weight,DD21T,0,2,DT,0.1568622290070978,0.1526090184808419,0.13705273726382683,0.1526090184808419,0.11321915202354511,0.10771257593780426,0,1.017409324645996,0.050005197525024414
HH_jit_1_weight,DD21T,0,3,DT,0.1568622290070978,0.1526090184808419,0.13705273726382683,0.1526090184808419,0.11321915202354511,0.10771257593780426,0,1.012544870376587,0.05878877639770508
HH_jit_1_weight,DD21T,0,4,DT,0.1568622290070978,0.1526090184808419,0.13705273726382683,0.1526090184808419,0.11321915202354511,0.10771257593780426,0,0.994112491607666,0.06263899803161621
