Feature,Dataset,T,CV,ML,Acc,b_Acc,Prec,Rec,F1,kap,ROC,tra-T,test-T
HH_3_std_0,DD22T,0,0,DT,0.1704787724054431,0.15232574164091772,0.16213552908501705,0.15232574164091772,0.13167876460752465,0.1246867493805075,0,1.2017171382904053,0.05300164222717285
HH_3_std_0,DD22T,0,1,DT,0.1704787724054431,0.15232574164091772,0.16213552908501705,0.15232574164091772,0.13167876460752465,0.1246867493805075,0,1.1544818878173828,0.06198406219482422
HH_3_std_0,DD22T,0,2,DT,0.1704787724054431,0.15232574164091772,0.16213552908501705,0.15232574164091772,0.13167876460752465,0.1246867493805075,0,1.0855801105499268,0.05500006675720215
HH_3_std_0,DD22T,0,3,DT,0.1704787724054431,0.15232574164091772,0.16213552908501705,0.15232574164091772,0.13167876460752465,0.1246867493805075,0,1.0343265533447266,0.07097005844116211
HH_3_std_0,DD22T,0,4,DT,0.1704787724054431,0.15232574164091772,0.16213552908501705,0.15232574164091772,0.13167876460752465,0.1246867493805075,0,1.1222896575927734,0.06328892707824707
