Feature,Dataset,T,CV,ML,Acc,b_Acc,Prec,Rec,F1,kap,ROC,tra-T,test-T
HpHp_0.1_weight_0,DD12,0,0,DT,0.17977353204404842,0.18367489333794423,0.1895567435551681,0.18367489333794423,0.17217654231056553,0.13525340941460962,0,1.1767339706420898,0.09431910514831543
HpHp_0.1_weight_0,DD12,0,1,DT,0.17977353204404842,0.18367489333794423,0.1895567435551681,0.18367489333794423,0.17217654231056553,0.13525340941460962,0,0.9729433059692383,0.09396505355834961
HpHp_0.1_weight_0,DD12,0,2,DT,0.17977353204404842,0.18367489333794423,0.1895567435551681,0.18367489333794423,0.17217654231056553,0.13525340941460962,0,1.097660779953003,0.09393548965454102
HpHp_0.1_weight_0,DD12,0,3,DT,0.17977353204404842,0.18367489333794423,0.1895567435551681,0.18367489333794423,0.17217654231056553,0.13525340941460962,0,1.0974855422973633,0.08179521560668945
HpHp_0.1_weight_0,DD12,0,4,DT,0.17977353204404842,0.18367489333794423,0.1895567435551681,0.18367489333794423,0.17217654231056553,0.13525340941460962,0,1.0833773612976074,0.0783243179321289
