Feature,Dataset,T,CV,ML,Acc,b_Acc,Prec,Rec,F1,kap,ROC,tra-T,test-T
MI_dir_1_mean,DD11,0,0,DT,0.3129104423756946,0.30265244223891097,0.33700642143235865,0.30265244223891097,0.30720637488893476,0.274505412432546,0,1.0509953498840332,0.07866382598876953
MI_dir_1_mean,DD11,0,1,DT,0.3129104423756946,0.30265244223891097,0.33700642143235865,0.30265244223891097,0.30720637488893476,0.274505412432546,0,0.988548755645752,0.06277298927307129
MI_dir_1_mean,DD11,0,2,DT,0.3129104423756946,0.30265244223891097,0.33700642143235865,0.30265244223891097,0.30720637488893476,0.274505412432546,0,1.0826199054718018,0.07883620262145996
MI_dir_1_mean,DD11,0,3,DT,0.3129104423756946,0.30265244223891097,0.33700642143235865,0.30265244223891097,0.30720637488893476,0.274505412432546,0,1.0988309383392334,0.08388257026672363
MI_dir_1_mean,DD11,0,4,DT,0.3129104423756946,0.30265244223891097,0.33700642143235865,0.30265244223891097,0.30720637488893476,0.274505412432546,0,0.9094390869140625,0.0783534049987793
