Feature,Dataset,T,CV,ML,Acc,b_Acc,Prec,Rec,F1,kap,ROC,tra-T,test-T
HH_jit_1_mean,DD11,0,0,DT,0.22136548592491437,0.2176369409551319,0.23555802287045524,0.2176369409551319,0.2202905474439913,0.17761916797253285,0,1.1452381610870361,0.09424209594726562
HH_jit_1_mean,DD11,0,1,DT,0.22136548592491437,0.2176369409551319,0.23555802287045524,0.2176369409551319,0.2202905474439913,0.17761916797253285,0,1.176034927368164,0.07839608192443848
HH_jit_1_mean,DD11,0,2,DT,0.22136548592491437,0.2176369409551319,0.23555802287045524,0.2176369409551319,0.2202905474439913,0.17761916797253285,0,1.1763501167297363,0.09443402290344238
HH_jit_1_mean,DD11,0,3,DT,0.22136548592491437,0.2176369409551319,0.23555802287045524,0.2176369409551319,0.2202905474439913,0.17761916797253285,0,1.224743127822876,0.09393858909606934
HH_jit_1_mean,DD11,0,4,DT,0.22136548592491437,0.2176369409551319,0.23555802287045524,0.2176369409551319,0.2202905474439913,0.17761916797253285,0,1.1632511615753174,0.07870697975158691
