Feature,Dataset,T,CV,ML,Acc,b_Acc,Prec,Rec,F1,kap,ROC,tra-T,test-T
HH_3_covariance_0_1,DD21T,0,0,DT,0.0883671553531791,0.08871159953350341,0.10587833504324541,0.08871159953350341,0.06555117311888076,0.04927689733996132,0,0.995248556137085,0.038069725036621094
HH_3_covariance_0_1,DD21T,0,1,DT,0.0883671553531791,0.08871159953350341,0.10587833504324541,0.08871159953350341,0.06555117311888076,0.04927689733996132,0,0.9007587432861328,0.042127370834350586
HH_3_covariance_0_1,DD21T,0,2,DT,0.0883671553531791,0.08871159953350341,0.10587833504324541,0.08871159953350341,0.06555117311888076,0.04927689733996132,0,0.8659775257110596,0.04020094871520996
HH_3_covariance_0_1,DD21T,0,3,DT,0.0883671553531791,0.08871159953350341,0.10587833504324541,0.08871159953350341,0.06555117311888076,0.04927689733996132,0,0.9485831260681152,0.06147336959838867
HH_3_covariance_0_1,DD21T,0,4,DT,0.0883671553531791,0.08871159953350341,0.10587833504324541,0.08871159953350341,0.06555117311888076,0.04927689733996132,0,0.855738639831543,0.038109540939331055
