Feature,Dataset,T,CV,ML,Acc,b_Acc,Prec,Rec,F1,kap,ROC,tra-T,test-T
HH_jit_0.1_mean,DD21,0,0,DT,0.19874431695172115,0.20431903530753534,0.25095218528557806,0.20431903530753534,0.20464072185137372,0.15446004355566423,0,0.8350765705108643,0.07866239547729492
HH_jit_0.1_mean,DD21,0,1,DT,0.19874431695172115,0.20431903530753534,0.25095218528557806,0.20431903530753534,0.20464072185137372,0.15446004355566423,0,0.8196711540222168,0.06312179565429688
HH_jit_0.1_mean,DD21,0,2,DT,0.19874431695172115,0.20431903530753534,0.25095218528557806,0.20431903530753534,0.20464072185137372,0.15446004355566423,0,0.8854291439056396,0.07827305793762207
HH_jit_0.1_mean,DD21,0,3,DT,0.19874431695172115,0.20431903530753534,0.25095218528557806,0.20431903530753534,0.20464072185137372,0.15446004355566423,0,0.8189108371734619,0.0787363052368164
HH_jit_0.1_mean,DD21,0,4,DT,0.19874431695172115,0.20431903530753534,0.25095218528557806,0.20431903530753534,0.20464072185137372,0.15446004355566423,0,0.8328230381011963,0.08477210998535156
