Feature,Dataset,T,CV,ML,Acc,b_Acc,Prec,Rec,F1,kap,ROC,tra-T,test-T
HpHp_3_pcc_0_1,DD22T,0,0,DT,0.07763710859017889,0.08282598039575163,0.1343080836189615,0.08282598039575163,0.06451485559503298,0.05152067042377084,0,0.7048671245574951,0.03136157989501953
HpHp_3_pcc_0_1,DD22T,0,1,DT,0.07763710859017889,0.08282598039575163,0.1343080836189615,0.08282598039575163,0.06451485559503298,0.05152067042377084,0,0.6798672676086426,0.03125762939453125
HpHp_3_pcc_0_1,DD22T,0,2,DT,0.07763710859017889,0.08282598039575163,0.1343080836189615,0.08282598039575163,0.06451485559503298,0.05152067042377084,0,0.6725122928619385,0.03185153007507324
HpHp_3_pcc_0_1,DD22T,0,3,DT,0.07763710859017889,0.08282598039575163,0.1343080836189615,0.08282598039575163,0.06451485559503298,0.05152067042377084,0,0.692310094833374,0.03126335144042969
HpHp_3_pcc_0_1,DD22T,0,4,DT,0.07763710859017889,0.08282598039575163,0.1343080836189615,0.08282598039575163,0.06451485559503298,0.05152067042377084,0,0.680305004119873,0.03125786781311035
