Feature,Dataset,T,CV,ML,Acc,b_Acc,Prec,Rec,F1,kap,ROC,tra-T,test-T
MI_dir_3_mean,DD12,0,0,DT,0.3234422684595843,0.3098922457116912,0.34994440832426993,0.3098922457116912,0.3150453982708193,0.2854641257039022,0,0.9122755527496338,0.07883524894714355
MI_dir_3_mean,DD12,0,1,DT,0.3234422684595843,0.3098922457116912,0.34994440832426993,0.3098922457116912,0.3150453982708193,0.2854641257039022,0,0.9125213623046875,0.07880759239196777
MI_dir_3_mean,DD12,0,2,DT,0.3234422684595843,0.3098922457116912,0.34994440832426993,0.3098922457116912,0.3150453982708193,0.2854641257039022,0,0.8496983051300049,0.06261420249938965
MI_dir_3_mean,DD12,0,3,DT,0.3234422684595843,0.3098922457116912,0.34994440832426993,0.3098922457116912,0.3150453982708193,0.2854641257039022,0,0.8968155384063721,0.0625162124633789
MI_dir_3_mean,DD12,0,4,DT,0.3234422684595843,0.3098922457116912,0.34994440832426993,0.3098922457116912,0.3150453982708193,0.2854641257039022,0,0.9123175144195557,0.06319403648376465
