Feature,Dataset,T,CV,ML,Acc,b_Acc,Prec,Rec,F1,kap,ROC,tra-T,test-T
HpHp_0.1_mean_0,DD12T,0,0,DT,0.26389933578959446,0.27153290000140806,0.32962936412423555,0.27153290000140806,0.27229569204324156,0.22149693787939195,0,0.9436559677124023,0.0475614070892334
HpHp_0.1_mean_0,DD12T,0,1,DT,0.26389933578959446,0.27153290000140806,0.32962936412423555,0.27153290000140806,0.27229569204324156,0.22149693787939195,0,1.0224785804748535,0.06320023536682129
HpHp_0.1_mean_0,DD12T,0,2,DT,0.26389933578959446,0.27153290000140806,0.32962936412423555,0.27153290000140806,0.27229569204324156,0.22149693787939195,0,0.9912362098693848,0.04688286781311035
HpHp_0.1_mean_0,DD12T,0,3,DT,0.26389933578959446,0.27153290000140806,0.32962936412423555,0.27153290000140806,0.27229569204324156,0.22149693787939195,0,0.9592702388763428,0.04756665229797363
HpHp_0.1_mean_0,DD12T,0,4,DT,0.26389933578959446,0.27153290000140806,0.32962936412423555,0.27153290000140806,0.27229569204324156,0.22149693787939195,0,0.9123313426971436,0.06322240829467773
