Feature,Dataset,T,CV,ML,Acc,b_Acc,Prec,Rec,F1,kap,ROC,tra-T,test-T
HpHp_1_mean_0,DD21T,0,0,DT,0.3165583133735162,0.3277216932183422,0.30698980505817314,0.3277216932183422,0.27740709814034065,0.27504480280122523,0,0.9792630672454834,0.04981374740600586
HpHp_1_mean_0,DD21T,0,1,DT,0.3165583133735162,0.3277216932183422,0.30698980505817314,0.3277216932183422,0.27740709814034065,0.27504480280122523,0,0.8072085380554199,0.06239748001098633
HpHp_1_mean_0,DD21T,0,2,DT,0.3165583133735162,0.3277216932183422,0.30698980505817314,0.3277216932183422,0.27740709814034065,0.27504480280122523,0,0.7661259174346924,0.04502439498901367
HpHp_1_mean_0,DD21T,0,3,DT,0.3165583133735162,0.3277216932183422,0.30698980505817314,0.3277216932183422,0.27740709814034065,0.27504480280122523,0,0.7997567653656006,0.05265069007873535
HpHp_1_mean_0,DD21T,0,4,DT,0.3165583133735162,0.3277216932183422,0.30698980505817314,0.3277216932183422,0.27740709814034065,0.27504480280122523,0,0.8695988655090332,0.054494619369506836
