Feature,Dataset,T,CV,ML,Acc,b_Acc,Prec,Rec,F1,kap,ROC,tra-T,test-T
HH_0.1_covariance_0_1,DD11,0,0,DT,0.11508207459712115,0.1032951790545814,0.09196604677325546,0.1032951790545814,0.08425559856363837,0.0647511356351873,0,1.12880277633667,0.07857799530029297
HH_0.1_covariance_0_1,DD11,0,1,DT,0.11508207459712115,0.1032951790545814,0.09196604677325546,0.1032951790545814,0.08425559856363837,0.0647511356351873,0,1.0673770904541016,0.07867431640625
HH_0.1_covariance_0_1,DD11,0,2,DT,0.11508207459712115,0.1032951790545814,0.09196604677325546,0.1032951790545814,0.08425559856363837,0.0647511356351873,0,1.114283800125122,0.07839536666870117
HH_0.1_covariance_0_1,DD11,0,3,DT,0.11508207459712115,0.1032951790545814,0.09196604677325546,0.1032951790545814,0.08425559856363837,0.0647511356351873,0,1.0849637985229492,0.09407615661621094
HH_0.1_covariance_0_1,DD11,0,4,DT,0.11508207459712115,0.1032951790545814,0.09196604677325546,0.1032951790545814,0.08425559856363837,0.0647511356351873,0,0.9412012100219727,0.0790414810180664
