Feature,Dataset,T,CV,ML,Acc,b_Acc,Prec,Rec,F1,kap,ROC,tra-T,test-T
HH_jit_5_weight,DD12T,0,0,DT,0.12247733907877459,0.10224823134293973,0.11524207378022899,0.10224823134293973,0.0902650862688649,0.07052694445013019,0,0.9251711368560791,0.07819294929504395
HH_jit_5_weight,DD12T,0,1,DT,0.12247733907877459,0.10224823134293973,0.11524207378022899,0.10224823134293973,0.0902650862688649,0.07052694445013019,0,0.9265389442443848,0.07857441902160645
HH_jit_5_weight,DD12T,0,2,DT,0.12247733907877459,0.10224823134293973,0.11524207378022899,0.10224823134293973,0.0902650862688649,0.07052694445013019,0,0.9402096271514893,0.06256508827209473
HH_jit_5_weight,DD12T,0,3,DT,0.12247733907877459,0.10224823134293973,0.11524207378022899,0.10224823134293973,0.0902650862688649,0.07052694445013019,0,0.9718036651611328,0.06291532516479492
HH_jit_5_weight,DD12T,0,4,DT,0.12247733907877459,0.10224823134293973,0.11524207378022899,0.10224823134293973,0.0902650862688649,0.07052694445013019,0,0.8936495780944824,0.07866811752319336
