Feature,Dataset,T,CV,ML,Acc,b_Acc,Prec,Rec,F1,kap,ROC,tra-T,test-T
HH_0.01_std_0,DD12,0,0,DT,0.13382399537502848,0.13305520740454463,0.12811901512929766,0.13305520740454463,0.12538996405275146,0.08591058518075179,0,1.4478790760040283,0.09396696090698242
HH_0.01_std_0,DD12,0,1,DT,0.13382399537502848,0.13305520740454463,0.12811901512929766,0.13305520740454463,0.12538996405275146,0.08591058518075179,0,1.4315950870513916,0.09447407722473145
HH_0.01_std_0,DD12,0,2,DT,0.13382399537502848,0.13305520740454463,0.12811901512929766,0.13305520740454463,0.12538996405275146,0.08591058518075179,0,1.4479553699493408,0.09436202049255371
HH_0.01_std_0,DD12,0,3,DT,0.13382399537502848,0.13305520740454463,0.12811901512929766,0.13305520740454463,0.12538996405275146,0.08591058518075179,0,1.3213005065917969,0.09435510635375977
HH_0.01_std_0,DD12,0,4,DT,0.13382399537502848,0.13305520740454463,0.12811901512929766,0.13305520740454463,0.12538996405275146,0.08591058518075179,0,1.4627044200897217,0.09446859359741211
