Feature,Dataset,T,CV,ML,Acc,b_Acc,Prec,Rec,F1,kap,ROC,tra-T,test-T
HH_3_std_0,DD11,0,0,DT,0.17276466767698637,0.15931058495621067,0.19846667284752015,0.15931058495621067,0.1538344456328101,0.12557587539172976,0,0.9634649753570557,0.07882332801818848
HH_3_std_0,DD11,0,1,DT,0.17276466767698637,0.15931058495621067,0.19846667284752015,0.15931058495621067,0.1538344456328101,0.12557587539172976,0,0.959223747253418,0.06323742866516113
HH_3_std_0,DD11,0,2,DT,0.17276466767698637,0.15931058495621067,0.19846667284752015,0.15931058495621067,0.1538344456328101,0.12557587539172976,0,0.9437446594238281,0.07885217666625977
HH_3_std_0,DD11,0,3,DT,0.17276466767698637,0.15931058495621067,0.19846667284752015,0.15931058495621067,0.1538344456328101,0.12557587539172976,0,0.9750866889953613,0.0788419246673584
HH_3_std_0,DD11,0,4,DT,0.17276466767698637,0.15931058495621067,0.19846667284752015,0.15931058495621067,0.1538344456328101,0.12557587539172976,0,0.9756054878234863,0.07882571220397949
