Feature,Dataset,T,CV,ML,Acc,b_Acc,Prec,Rec,F1,kap,ROC,tra-T,test-T
MI_dir_0.01_mean,DD22T,0,0,DT,0.21808403302362717,0.22286048891281546,0.18141974672938163,0.22286048891281546,0.16870248547993624,0.16970888646406412,0,1.4382922649383545,0.0538022518157959
MI_dir_0.01_mean,DD22T,0,1,DT,0.21808403302362717,0.22286048891281546,0.18141974672938163,0.22286048891281546,0.16870248547993624,0.16970888646406412,0,1.4544339179992676,0.05599164962768555
MI_dir_0.01_mean,DD22T,0,2,DT,0.21808403302362717,0.22286048891281546,0.18141974672938163,0.22286048891281546,0.16870248547993624,0.16970888646406412,0,1.3945918083190918,0.04471755027770996
MI_dir_0.01_mean,DD22T,0,3,DT,0.21808403302362717,0.22286048891281546,0.18141974672938163,0.22286048891281546,0.16870248547993624,0.16970888646406412,0,1.461008071899414,0.05159878730773926
MI_dir_0.01_mean,DD22T,0,4,DT,0.21808403302362717,0.22286048891281546,0.18141974672938163,0.22286048891281546,0.16870248547993624,0.16970888646406412,0,1.5105547904968262,0.04837155342102051
