Feature,Dataset,T,CV,ML,Acc,b_Acc,Prec,Rec,F1,kap,ROC,tra-T,test-T
MI_dir_0.1_mean,DD11,0,0,DT,0.2323901832453467,0.2236768106099149,0.2724951211967612,0.2236768106099149,0.2346789042499736,0.18874097297625725,0,1.2864906787872314,0.0782618522644043
MI_dir_0.1_mean,DD11,0,1,DT,0.2323901832453467,0.2236768106099149,0.2724951211967612,0.2236768106099149,0.2346789042499736,0.18874097297625725,0,1.302112340927124,0.0939795970916748
MI_dir_0.1_mean,DD11,0,2,DT,0.2323901832453467,0.2236768106099149,0.2724951211967612,0.2236768106099149,0.2346789042499736,0.18874097297625725,0,1.442795991897583,0.0942831039428711
MI_dir_0.1_mean,DD11,0,3,DT,0.2323901832453467,0.2236768106099149,0.2724951211967612,0.2236768106099149,0.2346789042499736,0.18874097297625725,0,1.3329198360443115,0.09427356719970703
MI_dir_0.1_mean,DD11,0,4,DT,0.2323901832453467,0.2236768106099149,0.2724951211967612,0.2236768106099149,0.2346789042499736,0.18874097297625725,0,1.3234343528747559,0.08773064613342285
