Feature,Dataset,T,CV,ML,Acc,b_Acc,Prec,Rec,F1,kap,ROC,tra-T,test-T
HH_1_weight_0,DD11,0,0,DT,0.14073420265236675,0.13776290109242323,0.16496623836278057,0.13776290109242323,0.12517266025770496,0.09517916923247771,0,1.2113590240478516,0.09447264671325684
HH_1_weight_0,DD11,0,1,DT,0.14073420265236675,0.13776290109242323,0.16496623836278057,0.13776290109242323,0.12517266025770496,0.09517916923247771,0,1.164374589920044,0.09444689750671387
HH_1_weight_0,DD11,0,2,DT,0.14073420265236675,0.13776290109242323,0.16496623836278057,0.13776290109242323,0.12517266025770496,0.09517916923247771,0,1.195943832397461,0.07927942276000977
HH_1_weight_0,DD11,0,3,DT,0.14073420265236675,0.13776290109242323,0.16496623836278057,0.13776290109242323,0.12517266025770496,0.09517916923247771,0,1.2275958061218262,0.09445309638977051
HH_1_weight_0,DD11,0,4,DT,0.14073420265236675,0.13776290109242323,0.16496623836278057,0.13776290109242323,0.12517266025770496,0.09517916923247771,0,1.226351261138916,0.09439611434936523
