Feature,Dataset,T,CV,ML,Acc,b_Acc,Prec,Rec,F1,kap,ROC,tra-T,test-T
HH_jit_0.01_weight,DD21T,0,0,DT,0.18255994525307292,0.23541361015161222,0.22639428574041556,0.23541361015161222,0.21096348239874635,0.12671181591270197,0,1.7552781105041504,0.10188484191894531
HH_jit_0.01_weight,DD21T,0,1,DT,0.18255994525307292,0.23541361015161222,0.22639428574041556,0.23541361015161222,0.21096348239874635,0.12671181591270197,0,1.837615728378296,0.09654426574707031
HH_jit_0.01_weight,DD21T,0,2,DT,0.18255994525307292,0.23541361015161222,0.22639428574041556,0.23541361015161222,0.21096348239874635,0.12671181591270197,0,1.8059098720550537,0.10400629043579102
HH_jit_0.01_weight,DD21T,0,3,DT,0.18255994525307292,0.23541361015161222,0.22639428574041556,0.23541361015161222,0.21096348239874635,0.12671181591270197,0,1.7707831859588623,0.09702682495117188
HH_jit_0.01_weight,DD21T,0,4,DT,0.18255994525307292,0.23541361015161222,0.22639428574041556,0.23541361015161222,0.21096348239874635,0.12671181591270197,0,1.7293081283569336,0.08837080001831055
