Feature,Dataset,T,CV,ML,Acc,b_Acc,Prec,Rec,F1,kap,ROC,tra-T,test-T
HpHp_0.01_radius_0_1,DD11T,0,0,DT,0.15394127921059678,0.17706201548207917,0.1787593958898694,0.17706201548207917,0.15459948018564726,0.11105546149871104,0,1.2272179126739502,0.06361770629882812
HpHp_0.01_radius_0_1,DD11T,0,1,DT,0.15394127921059678,0.17706201548207917,0.1787593958898694,0.17706201548207917,0.15459948018564726,0.11105546149871104,0,1.226623296737671,0.06321477890014648
HpHp_0.01_radius_0_1,DD11T,0,2,DT,0.15394127921059678,0.17706201548207917,0.1787593958898694,0.17706201548207917,0.15459948018564726,0.11105546149871104,0,1.3060259819030762,0.06320619583129883
HpHp_0.01_radius_0_1,DD11T,0,3,DT,0.15394127921059678,0.17706201548207917,0.1787593958898694,0.17706201548207917,0.15459948018564726,0.11105546149871104,0,1.2816479206085205,0.07880926132202148
HpHp_0.01_radius_0_1,DD11T,0,4,DT,0.15394127921059678,0.17706201548207917,0.1787593958898694,0.17706201548207917,0.15459948018564726,0.11105546149871104,0,1.2272975444793701,0.07824397087097168
