Feature,Dataset,T,CV,ML,Acc,b_Acc,Prec,Rec,F1,kap,ROC,tra-T,test-T
MI_dir_3_mean,DD21T,0,0,DT,0.3129260653278235,0.3073906756746313,0.2753551967679335,0.3073906756746313,0.26271090385831153,0.2683715187019242,0,1.04520845413208,0.04836630821228027
MI_dir_3_mean,DD21T,0,1,DT,0.3129260653278235,0.3073906756746313,0.2753551967679335,0.3073906756746313,0.26271090385831153,0.2683715187019242,0,1.0302910804748535,0.055940866470336914
MI_dir_3_mean,DD21T,0,2,DT,0.3129260653278235,0.3073906756746313,0.2753551967679335,0.3073906756746313,0.26271090385831153,0.2683715187019242,0,1.112532615661621,0.058938026428222656
MI_dir_3_mean,DD21T,0,3,DT,0.3129260653278235,0.3073906756746313,0.2753551967679335,0.3073906756746313,0.26271090385831153,0.2683715187019242,0,1.0600414276123047,0.05022931098937988
MI_dir_3_mean,DD21T,0,4,DT,0.3129260653278235,0.3073906756746313,0.2753551967679335,0.3073906756746313,0.26271090385831153,0.2683715187019242,0,1.0150411128997803,0.053537607192993164
