Feature,Dataset,T,CV,ML,Acc,b_Acc,Prec,Rec,F1,kap,ROC,tra-T,test-T
HH_jit_0.1_weight,DD12,0,0,DT,0.15945589878427732,0.1713391986440146,0.19177587560497175,0.1713391986440146,0.16165809677445941,0.11341097076527051,0,1.1129250526428223,0.07823705673217773
HH_jit_0.1_weight,DD12,0,1,DT,0.15945589878427732,0.1713391986440146,0.19177587560497175,0.1713391986440146,0.16165809677445941,0.11341097076527051,0,1.0882537364959717,0.08935236930847168
HH_jit_0.1_weight,DD12,0,2,DT,0.15945589878427732,0.1713391986440146,0.19177587560497175,0.1713391986440146,0.16165809677445941,0.11341097076527051,0,1.0825307369232178,0.07868552207946777
HH_jit_0.1_weight,DD12,0,3,DT,0.15945589878427732,0.1713391986440146,0.19177587560497175,0.1713391986440146,0.16165809677445941,0.11341097076527051,0,0.9890072345733643,0.07854437828063965
HH_jit_0.1_weight,DD12,0,4,DT,0.15945589878427732,0.1713391986440146,0.19177587560497175,0.1713391986440146,0.16165809677445941,0.11341097076527051,0,0.9582438468933105,0.06278109550476074
