Feature,Dataset,T,CV,ML,Acc,b_Acc,Prec,Rec,F1,kap,ROC,tra-T,test-T
HH_5_weight_0,DD11T,0,0,DT,0.12231160519639465,0.1226948607354785,0.119271387950674,0.1226948607354785,0.09385092560795465,0.07205779936660095,0,0.9245584011077881,0.07834243774414062
HH_5_weight_0,DD11T,0,1,DT,0.12231160519639465,0.1226948607354785,0.119271387950674,0.1226948607354785,0.09385092560795465,0.07205779936660095,0,0.9578313827514648,0.0625767707824707
HH_5_weight_0,DD11T,0,2,DT,0.12231160519639465,0.1226948607354785,0.119271387950674,0.1226948607354785,0.09385092560795465,0.07205779936660095,0,0.9407949447631836,0.0786137580871582
HH_5_weight_0,DD11T,0,3,DT,0.12231160519639465,0.1226948607354785,0.119271387950674,0.1226948607354785,0.09385092560795465,0.07205779936660095,0,0.956688404083252,0.06908679008483887
HH_5_weight_0,DD11T,0,4,DT,0.12231160519639465,0.1226948607354785,0.119271387950674,0.1226948607354785,0.09385092560795465,0.07205779936660095,0,0.9582841396331787,0.06259632110595703
