Feature,Dataset,T,CV,ML,Acc,b_Acc,Prec,Rec,F1,kap,ROC,tra-T,test-T
icmpv6.checksum.status,CS1D2,1,0,DT,0.6175167556514825,0.08333333333333333,0.05145972963762354,0.08333333333333333,0.06362806376852308,0.0,0,0.015538930892944336,0.01561594009399414
icmpv6.checksum.status,CS1D2,2,0,DT,0.616977166874929,0.08333333333333333,0.05141476390624408,0.08333333333333333,0.06359367956396252,0.0,0,0.026675939559936523,0.004633665084838867
icmpv6.checksum.status,CS1D2,3,0,DT,0.6155287970010224,0.08333333333333333,0.05129406641675186,0.08333333333333333,0.06350127154894585,0.0,0,0.01574873924255371,0.0
icmpv6.checksum.status,CS1D2,4,0,DT,0.6136150634744824,0.08333333333333333,0.05113458862287353,0.08333333333333333,0.06337891828150026,0.0,0,0.015552997589111328,0.0
icmpv6.checksum.status,CS1D2,5,0,DT,0.6118826503081424,0.08333333333333333,0.050990220859011864,0.08333333333333333,0.06326790706415768,0.0,0,0.01767754554748535,0.0
