Feature,Dataset,T,CV,ML,Acc,b_Acc,Prec,Rec,F1,kap,ROC,tra-T,test-T
dhcp.flags,CS2D2,1,0,DT,0.7538109628838094,0.08526947204817507,0.07671556757900128,0.08526947204817507,0.07504211422646388,0.0005025248252480408,0,0.031363487243652344,0.0
dhcp.flags,CS2D2,2,0,DT,0.7545956956572555,0.08838383838383838,0.11843889723752805,0.08838383838383838,0.08093751993574039,0.00028988967484855355,0,0.031358957290649414,0.0
dhcp.flags,CS2D2,3,0,DT,0.7538443557677859,0.09114029623477297,0.1044922962171309,0.09114029623477297,0.08479660220299591,0.00045947717692373935,0,0.015625,0.0156400203704834
dhcp.flags,CS2D2,4,0,DT,0.7538443557677859,0.0960847436480462,0.12532879903802796,0.0960847436480462,0.09259362197336769,0.0010869726755173836,0,0.016209125518798828,0.015743017196655273
dhcp.flags,CS2D2,5,0,DT,0.7508056033259313,0.08739079822328381,0.11465743864219591,0.08739079822328381,0.07901038623519953,0.0007359472680116275,0,0.015712738037109375,0.015616416931152344
