Feature,Dataset,T,CV,ML,Acc,b_Acc,Prec,Rec,F1,kap,ROC,tra-T,test-T
tls.handshake.epms_len,CS2D1,1,0,DT,0.38030309516674515,0.08451704545454546,0.05484336584978983,0.08451704545454546,0.04817594890040672,0.0004042407586387631,0,0.015620946884155273,0.0
tls.handshake.epms_len,CS2D1,2,0,DT,0.3779485423177362,0.08529411764705881,0.07117456986292243,0.08529411764705881,0.049446958491233685,0.0006101152812117983,0,0.015618324279785156,0.0
tls.handshake.epms_len,CS2D1,3,0,DT,0.3824731896311835,0.08351409978308026,0.04576396470971625,0.08351409978308026,0.04646908300878074,0.00011214046604990369,0,0.011600971221923828,0.0
tls.handshake.epms_len,CS2D1,4,0,DT,0.3802898302545112,0.08467432950191571,0.0733544954285592,0.08467432950191571,0.048514306881350215,0.00042093428984679715,0,0.015734434127807617,0.016119718551635742
tls.handshake.epms_len,CS2D1,5,0,DT,0.3811460496179121,0.08435960591133006,0.05627461477096193,0.08435960591133006,0.04796675805503972,0.00039173616912846487,0,0.03126335144042969,0.0
