Feature,Dataset,T,CV,ML,Acc,b_Acc,Prec,Rec,F1,kap,ROC,tra-T,test-T
ip.hdr_len,CS1D1,1,0,DT,0.39269459680242735,0.08341287517234065,0.04136565028432728,0.08341287517234065,0.04717325338254814,0.0005630186058476205,0,0.015613555908203125,0.0
ip.hdr_len,CS1D1,2,0,DT,0.3957287898237834,0.08340653365123185,0.059496701115198225,0.08340653365123185,0.04740499655574277,0.0005108749081252917,0,0.023221254348754883,0.0
ip.hdr_len,CS1D1,3,0,DT,0.39593301435406697,0.08342738901429647,0.059785208173435224,0.08342738901429647,0.047464870692317855,0.0006547184524779981,0,0.03136420249938965,0.0
ip.hdr_len,CS1D1,4,0,DT,0.39903719912472646,0.08346005998394795,0.06103663463691502,0.08346005998394795,0.047795304930115905,0.0008762387749898792,0,0.031244516372680664,0.0
ip.hdr_len,CS1D1,5,0,DT,0.39696571845368345,0.08337468982630274,0.045916369633850436,0.08337468982630274,0.047458677409594856,0.0003967653017098449,0,0.015738725662231445,0.0
