Feature,Dataset,T,CV,ML,Acc,b_Acc,Prec,Rec,F1,kap,ROC,tra-T,test-T
tls.handshake.extensions_length,CS2D1,1,0,DT,0.380795410762447,0.08859530731501812,0.47608630377900746,0.08859530731501812,0.05618707472859374,0.004007651223031483,0,0.031827449798583984,0.0
tls.handshake.extensions_length,CS2D1,2,0,DT,0.383685089258958,0.08912734286711593,0.48701202997181553,0.08912734286711593,0.057483874226913666,0.00404148616286748,0,0.015631437301635742,0.0
tls.handshake.extensions_length,CS2D1,3,0,DT,0.3813172934905923,0.09000782631386807,0.4840351011649295,0.09000782631386807,0.05894173372655975,0.0051942491740137875,0,0.03132438659667969,0.0
tls.handshake.extensions_length,CS2D1,4,0,DT,0.3821949183380782,0.0897014034656174,0.4900660830758668,0.0897014034656174,0.0584113015206243,0.0049099187925666365,0,0.03123784065246582,0.0
tls.handshake.extensions_length,CS2D1,5,0,DT,0.3841000064216452,0.08920076257232641,0.46523430516522574,0.08920076257232641,0.057626882913066,0.004661257572068478,0,0.01562666893005371,0.0
