Feature,Dataset,T,CV,ML,Acc,b_Acc,Prec,Rec,F1,kap,ROC,tra-T,test-T
stun.type.method-assignment,CS2D2,1,0,DT,0.753543819811998,0.08395522388059701,0.14612830873349805,0.08395522388059701,0.07285538746774223,0.00011862895782543958,0,0.015732288360595703,0.015631675720214844
stun.type.method-assignment,CS2D2,2,0,DT,0.7543953383533969,0.08396946564885495,0.14619926979674525,0.08396946564885495,0.07292957844235991,0.00011910147650762148,0,0.01572108268737793,0.015627145767211914
stun.type.method-assignment,CS2D2,3,0,DT,0.753376855392116,0.08447488584474887,0.14611405163825394,0.08447488584474887,0.07386379770939483,0.0002370172347343491,0,0.03125143051147461,0.0
stun.type.method-assignment,CS2D2,4,0,DT,0.7511395321656955,0.08450704225352113,0.14592760180995476,0.08450704225352113,0.07380490956072351,0.00023459577304574264,0,0.03181862831115723,0.0
stun.type.method-assignment,CS2D2,5,0,DT,0.7544120347953851,0.08333333333333333,0.06286766956628209,0.08333333333333333,0.07166807832985969,0.0,0,0.024335861206054688,0.015639781951904297
