Feature,Dataset,T,CV,ML,Acc,b_Acc,Prec,Rec,F1,kap,ROC,tra-T,test-T
dhcp.id,CS2D1,1,0,DT,0.38317136863735607,0.09886252229501387,0.5110707758645306,0.09886252229501387,0.07522120457028025,0.001177014016498834,0,0.01562666893005371,0.0
dhcp.id,CS2D1,2,0,DT,0.3807311956847468,0.09576893092023252,0.39281354407607294,0.09576893092023252,0.06932322481854476,0.0011618099132710835,0,0.015620231628417969,0.0
dhcp.id,CS2D1,3,0,DT,0.3811674551019971,0.11171630557875463,0.46626066139946104,0.11171630557875463,0.09448142871636998,0.0013042437558913322,0,0.016100168228149414,0.0
dhcp.id,CS2D1,4,0,DT,0.37806365990966884,0.09243125292538408,0.4759200158026384,0.09243125292538408,0.06284626510717092,0.0013167092005763603,0,0.031304359436035156,0.0
dhcp.id,CS2D1,5,0,DT,0.3811460496179121,0.0992544045674461,0.44840343513085196,0.0992544045674461,0.07553913108992676,0.001065970780183556,0,0.015620231628417969,0.0
