Feature,Dataset,T,CV,ML,Acc,b_Acc,Prec,Rec,F1,kap,ROC,tra-T,test-T
tcp.connection.rst,CS1D2,1,0,DT,0.6153300011359764,0.08387743413516609,0.09926039151571431,0.08387743413516609,0.06456694575209652,0.0026919504049737197,0,0.01924729347229004,0.0
tcp.connection.rst,CS1D2,2,0,DT,0.6215210723616948,0.08407105760151086,0.09612964413963353,0.08407105760151086,0.06534140123310027,0.0037681979625079354,0,0.015680313110351562,0.015616655349731445
tcp.connection.rst,CS1D2,3,0,DT,0.6153584005452687,0.08393712275190934,0.10128114013891654,0.08393712275190934,0.06469093394327272,0.0028459092839068223,0,0.0,0.01562976837158203
tcp.connection.rst,CS1D2,4,0,DT,0.6129902587259664,0.08390080581091817,0.10010412329357361,0.08390080581091817,0.0644623983484171,0.0027798321106004,0,0.01561594009399414,0.0
tcp.connection.rst,CS1D2,5,0,DT,0.6131606600210162,0.08381496300548268,0.09046059385611623,0.08381496300548268,0.0643170960664707,0.002568383802079577,0,0.0,0.01574563980102539
