Feature,Dataset,T,CV,ML,Acc,b_Acc,Prec,Rec,F1,kap,ROC,tra-T,test-T
tls.handshake.extensions_supported_groups,CS2D2,1,0,DT,0.7544454276793615,0.08553675304071919,0.12797222953472953,0.08553675304071919,0.07593090848412955,0.006499293457741362,0,0.015609264373779297,0.01562952995300293
tls.handshake.extensions_supported_groups,CS2D2,2,0,DT,0.7547793565191258,0.08573264781491002,0.12123771866762521,0.08573264781491002,0.07630098303501735,0.007682711525241248,0,0.033854007720947266,0.0
tls.handshake.extensions_supported_groups,CS2D2,3,0,DT,0.7523416759888468,0.08546571136131013,0.11825964685471857,0.08546571136131013,0.07566878279473023,0.006957001660953699,0,0.031940460205078125,0.0
tls.handshake.extensions_supported_groups,CS2D2,4,0,DT,0.7538276593257976,0.08543638275499475,0.12252395545755994,0.08543638275499475,0.07570167096864908,0.006490765035129686,0,0.015730857849121094,0.01562047004699707
tls.handshake.extensions_supported_groups,CS2D2,5,0,DT,0.7556308750605246,0.08551505817932924,0.12456502843122434,0.08551505817932924,0.07594923929864425,0.006842416944723206,0,0.03135871887207031,0.0
