Feature,Dataset,T,CV,ML,Acc,b_Acc,Prec,Rec,F1,kap,ROC,tra-T,test-T
dns.flags.authoritative,CS1D2,1,0,DT,0.6155571964103147,0.08333333333333333,0.051296433034192894,0.08333333333333333,0.06350308506337125,0.0,0,0.015644073486328125,0.0
dns.flags.authoritative,CS1D2,2,0,DT,0.6135976371691468,0.08333333333333333,0.051133136430762234,0.08333333333333333,0.06337780280896899,0.0,0,0.017534971237182617,0.0
dns.flags.authoritative,CS1D2,3,0,DT,0.6143076224014541,0.08333333333333333,0.05119230186678784,0.08333333333333333,0.06342323006644031,0.0,0,0.01214289665222168,0.0
dns.flags.authoritative,CS1D2,4,0,DT,0.6175342932606288,0.08333333333333333,0.0514611911050524,0.08333333333333333,0.06362918093231498,0.0,0,0.015624523162841797,0.0
dns.flags.authoritative,CS1D2,5,0,DT,0.6145238703814149,0.08333333333333333,0.05121032253178457,0.08333333333333333,0.06343705840618714,0.0,0,0.015625,0.0
