Feature,Dataset,T,CV,ML,Acc,b_Acc,Prec,Rec,F1,kap,ROC,tra-T,test-T
tcp.analysis.bytes_in_flight,CS2D1,1,0,DT,0.43809666509696477,0.19103893900240088,0.4773911275098988,0.19103893900240088,0.2045386438277446,0.11436228774907742,0,0.046875715255737305,0.0
tcp.analysis.bytes_in_flight,CS2D1,2,0,DT,0.43813947514876495,0.19221855841565197,0.5003392498622828,0.19221855841565197,0.2055388885536209,0.11290954478150783,0,0.031321048736572266,0.015632152557373047
tcp.analysis.bytes_in_flight,CS2D1,3,0,DT,0.44230151764882164,0.19476378218507243,0.4966424481393625,0.19476378218507243,0.20818948011192195,0.11559063327731145,0,0.031230688095092773,0.015128135681152344
tcp.analysis.bytes_in_flight,CS2D1,4,0,DT,0.43894085664747307,0.18629996986226618,0.4499513228122151,0.18629996986226618,0.199050590174095,0.11310590902183848,0,0.04386258125305176,0.0035538673400878906
tcp.analysis.bytes_in_flight,CS2D1,5,0,DT,0.43759231115011665,0.19951796765776061,0.5016747047119331,0.19951796765776061,0.21180670816670374,0.11346924708626716,0,0.03580474853515625,0.0115509033203125
