Feature,Dataset,T,CV,ML,Acc,b_Acc,Prec,Rec,F1,kap,ROC,tra-T,test-T
dns.retransmit_response,CS2D2,1,0,DT,0.7562319469721003,0.08333333333333333,0.06301932891434169,0.08333333333333333,0.07176652152694592,0.0,0,0.03887510299682617,0.0
dns.retransmit_response,CS2D2,2,0,DT,0.7531931945302456,0.08333333333333333,0.06276609954418713,0.08333333333333333,0.07160203420822063,0.0,0,0.031744956970214844,0.0
dns.retransmit_response,CS2D2,3,0,DT,0.7516070325413654,0.08333333333333333,0.06263391937844712,0.08333333333333333,0.07151594874287874,0.0,0,0.031311750411987305,0.0
dns.retransmit_response,CS2D2,4,0,DT,0.7525587297346935,0.08333333333333333,0.06271322747789113,0.08333333333333333,0.07156761872098268,0.0,0,0.01562643051147461,0.015624523162841797
dns.retransmit_response,CS2D2,5,0,DT,0.7531764980882574,0.08333333333333333,0.06276470817402145,0.08333333333333333,0.07160112885663585,0.0,0,0.015617847442626953,0.0157012939453125
