Feature,Dataset,T,CV,ML,Acc,b_Acc,Prec,Rec,F1,kap,ROC,tra-T,test-T
eapol.len,CS1D2,1,0,DT,0.6195615131205271,0.0869506418454834,0.11761952945368304,0.0869506418454834,0.07064652893818384,0.014951002943703329,0,0.02185654640197754,0.0
eapol.len,CS1D2,2,0,DT,0.6151312052709303,0.08693378079502434,0.12429850879464861,0.08693378079502434,0.07032758716220151,0.014299307528323979,0,0.015631914138793945,0.0
eapol.len,CS1D2,3,0,DT,0.6174031580143133,0.08705499853866065,0.12555645232069884,0.08705499853866065,0.07068898210276174,0.014533378805024255,0,0.015629053115844727,0.0
eapol.len,CS1D2,4,0,DT,0.6164550850586464,0.0869472743804508,0.12055672598502847,0.0869472743804508,0.07045733409466719,0.014214469527066065,0,0.015624761581420898,0.01310873031616211
eapol.len,CS1D2,5,0,DT,0.6239243418249979,0.08741310836040932,0.12749905869345393,0.08741310836040932,0.07175092362315046,0.01559373680697873,0,0.015741348266601562,0.01615142822265625
