Feature,Dataset,T,CV,ML,Acc,b_Acc,Prec,Rec,F1,kap,ROC,tra-T,test-T
ip.opt.type.number,CS1D1,1,0,DT,0.4130003500991948,0.08974118529632408,0.11313262053983882,0.08974118529632408,0.05970231297036079,0.03450935757982776,0,0.028855323791503906,0.0014865398406982422
ip.opt.type.number,CS1D1,2,0,DT,0.41510094526782587,0.09017909083354109,0.11179792964262626,0.09017909083354109,0.060560432000908306,0.03711528871412206,0,0.012009859085083008,0.00900721549987793
ip.opt.type.number,CS1D1,3,0,DT,0.4122126269109581,0.08985861881457313,0.1123850410848896,0.08985861881457313,0.05981986076367488,0.034986895241389426,0,0.017479419708251953,0.007067441940307617
ip.opt.type.number,CS1D1,4,0,DT,0.41432530999270606,0.08953945699061151,0.11248150282207865,0.08953945699061151,0.059508620281870955,0.03327031951722126,0,0.015638351440429688,0.015532732009887695
ip.opt.type.number,CS1D1,5,0,DT,0.41665937272064185,0.09031090467821574,0.11297057277830518,0.09031090467821574,0.06091022773248821,0.03767103258262228,0,0.01622915267944336,0.0
