Feature,Dataset,T,CV,ML,Acc,b_Acc,Prec,Rec,F1,kap,ROC,tra-T,test-T
dns.srv.port,CS1D1,1,0,DT,0.39634146341463417,0.08432488558270623,0.16003798182490112,0.08432488558270623,0.04921693449393905,0.0032154380786452164,0,0.015737533569335938,0.0
dns.srv.port,CS1D1,2,0,DT,0.4011845022756448,0.08472226978762465,0.161736053935813,0.08472226978762465,0.05037981776393698,0.004316557913918495,0,0.0,0.015614986419677734
dns.srv.port,CS1D1,3,0,DT,0.39447426770918426,0.08441718601861363,0.15372414296999723,0.08441718601861363,0.049233107128905045,0.0037384024344253586,0,0.01562976837158203,0.0
dns.srv.port,CS1D1,4,0,DT,0.3988037928519329,0.08427545156800453,0.14962619806749153,0.08427545156800453,0.04933903312087489,0.0034454100288107137,0,0.015738248825073242,0.0
dns.srv.port,CS1D1,5,0,DT,0.3958278628738147,0.08430496986677118,0.15669104413731136,0.08430496986677118,0.04913858345954209,0.0031732934849104666,0,0.015619516372680664,0.0
