Feature,Dataset,T,CV,ML,Acc,b_Acc,Prec,Rec,F1,kap,ROC,tra-T,test-T
tcp.analysis.acks_frame,CS1D1,1,0,DT,0.432897654335395,0.135231981083114,0.26087051179002985,0.135231981083114,0.13546506767225888,0.11255788262221433,0,0.2334752082824707,0.015705347061157227
tcp.analysis.acks_frame,CS1D1,2,0,DT,0.4286089391994398,0.13174887768032242,0.2569968294965895,0.13174887768032242,0.13083517171154815,0.10524865806450767,0,0.2435295581817627,0.006641864776611328
tcp.analysis.acks_frame,CS1D1,3,0,DT,0.4331602287314739,0.13759667388377408,0.279544329548203,0.13759667388377408,0.1402246811561759,0.10895037880283365,0,0.20104765892028809,0.008447408676147461
tcp.analysis.acks_frame,CS1D1,4,0,DT,0.43008023340627277,0.1361900589765102,0.27228624764968723,0.1361900589765102,0.13764094487413886,0.10598504243130946,0,0.21442246437072754,0.012770414352416992
tcp.analysis.acks_frame,CS1D1,5,0,DT,0.4336980306345733,0.1356452139140154,0.2730888423523051,0.1356452139140154,0.13706048738580864,0.10792055662952627,0,0.19278550148010254,0.0077342987060546875
