Feature,Dataset,T,CV,ML,Acc,b_Acc,Prec,Rec,F1,kap,ROC,tra-T,test-T
tcp.urgent_pointer,CS2D1,1,0,DT,0.4274583672246243,0.09405640934378878,0.07025121360129956,0.09405640934378878,0.07547298542966357,0.07850956137288034,0,0.015552043914794922,0.015719175338745117
tcp.urgent_pointer,CS2D1,2,0,DT,0.42493257416841473,0.09377019448365115,0.0698488096116338,0.09377019448365115,0.07512568995586491,0.07606168714100403,0,0.031146526336669922,0.0
tcp.urgent_pointer,CS2D1,3,0,DT,0.4245135603741679,0.0942301227181589,0.07042845467038539,0.0942301227181589,0.07538854563540537,0.07860716265291734,0,0.03117513656616211,0.0
tcp.urgent_pointer,CS2D1,4,0,DT,0.4320911017402659,0.09487289705760497,0.07116841696993663,0.09487289705760497,0.07642371098852303,0.08471428762405375,0,0.03125762939453125,0.0
tcp.urgent_pointer,CS2D1,5,0,DT,0.42230879551341055,0.09354671963488737,0.06966975704459953,0.09354671963488737,0.0746988053586294,0.07395541801386474,0,0.015618562698364258,0.0
