Feature,Dataset,T,CV,ML,Acc,b_Acc,Prec,Rec,F1,kap,ROC,tra-T,test-T
stun.att.ipv4,CS2D2,1,0,DT,0.7537441771158566,0.08333333333333333,0.06281201475965471,0.08333333333333333,0.07163190113959843,0.0,0,0.031242847442626953,0.0
stun.att.ipv4,CS2D2,2,0,DT,0.7529260514584342,0.08333333333333333,0.06274383762153618,0.08333333333333333,0.0715875465132523,0.0,0,0.031951904296875,0.0
stun.att.ipv4,CS2D2,3,0,DT,0.7538276593257976,0.08333333333333333,0.06281897161048314,0.08333333333333333,0.0716364247951613,0.0,0,0.02235245704650879,0.0
stun.att.ipv4,CS2D2,4,0,DT,0.7539946237456798,0.08333333333333333,0.06283288531213999,0.08333333333333333,0.0716454708144538,0.0,0,0.03138256072998047,0.0
stun.att.ipv4,CS2D2,5,0,DT,0.7522748902208939,0.08333333333333333,0.0626895741850745,0.08333333333333333,0.07155221425009607,0.0,0,0.015623092651367188,0.0
