Feature,Dataset,T,CV,ML,Acc,b_Acc,Prec,Rec,F1,kap,ROC,tra-T,test-T
tls.handshake.extensions_supported_groups,CS1D2,1,0,DT,0.6171191639213904,0.08583583583583583,0.11032802128692538,0.08583583583583583,0.06838766142941119,0.00913869908219489,0,0.016036033630371094,0.0
tls.handshake.extensions_supported_groups,CS1D2,2,0,DT,0.6161535840054527,0.08521677327647477,0.10455457287031927,0.08521677327647477,0.06717588776640905,0.007234080141476862,0,0.015640735626220703,0.0
tls.handshake.extensions_supported_groups,CS1D2,3,0,DT,0.6147336135408383,0.08581327498176512,0.10623286830905987,0.08581327498176512,0.0681878934031524,0.009089171556352693,0,0.015013694763183594,0.0
tls.handshake.extensions_supported_groups,CS1D2,4,0,DT,0.6187271023259777,0.08597352372452775,0.10633462529846031,0.08597352372452775,0.06873514181991515,0.009643973145148421,0,0.02274918556213379,0.0
tls.handshake.extensions_supported_groups,CS1D2,5,0,DT,0.6177330947715203,0.08524862677074298,0.1073749706351597,0.08524862677074298,0.06733793445037506,0.007118958678964726,0,0.015764236450195312,0.016234397888183594
