Feature,Dataset,T,CV,ML,Acc,b_Acc,Prec,Rec,F1,kap,ROC,tra-T,test-T
tls.handshake.extensions_reneg_info_len,CS2D2,1,0,DT,0.7532098909722338,0.08371993127147766,0.14609773339567608,0.08371993127147766,0.07237055381785736,0.0010466009775784713,0,0.031246662139892578,0.0
tls.handshake.extensions_reneg_info_len,CS2D2,2,0,DT,0.7540447130716444,0.08384906309094035,0.14616628535484266,0.08384906309094035,0.07267062950700147,0.001400360553500013,0,0.03586769104003906,0.0
tls.handshake.extensions_reneg_info_len,CS2D2,3,0,DT,0.7526422119446347,0.08363557858376512,0.14605110821672287,0.08363557858376512,0.07217288566915096,0.0008121719988810616,0,0.03195381164550781,0.0
tls.handshake.extensions_reneg_info_len,CS2D2,4,0,DT,0.7550131067069608,0.08381001906742937,0.146247341994812,0.08381001906742937,0.07264612802159338,0.0012898181751955784,0,0.031368255615234375,0.0
tls.handshake.extensions_reneg_info_len,CS2D2,5,0,DT,0.7526923012705993,0.08381376659678547,0.14605390601516313,0.08381376659678547,0.07252776004549315,0.001276196012760411,0,0.03190135955810547,0.0
