Feature,Dataset,T,CV,ML,Acc,b_Acc,Prec,Rec,F1,kap,ROC,tra-T,test-T
dhcp.option.rebinding_time_value,CS2D1,1,0,DT,0.3775204417997346,0.08333333333333333,0.03146003681664455,0.08333333333333333,0.045676326625747804,0.0,0,0.015740394592285156,0.0
dhcp.option.rebinding_time_value,CS2D1,2,0,DT,0.382379382679053,0.08333333333333333,0.03186494855658775,0.08333333333333333,0.04610159693619481,0.0,0,0.01623249053955078,0.0
dhcp.option.rebinding_time_value,CS2D1,3,0,DT,0.3812530770383372,0.08333333333333333,0.031771089753194766,0.08333333333333333,0.04600328539548723,0.0,0,0.03124237060546875,0.0
dhcp.option.rebinding_time_value,CS2D1,4,0,DT,0.3799045315409808,0.08333333333333333,0.0316587109617484,0.08333333333333333,0.045885364151089736,0.0,0,0.015628337860107422,0.008015632629394531
dhcp.option.rebinding_time_value,CS2D1,5,0,DT,0.3805038850953614,0.08333333333333333,0.03170865709128012,0.08333333333333333,0.04593780203536301,0.0,0,0.015613079071044922,0.0
