Feature,Dataset,T,CV,ML,Acc,b_Acc,Prec,Rec,F1,kap,ROC,tra-T,test-T
stun.length,CS2D2,1,0,DT,0.7536606949059156,0.08393719806763285,0.1461380484872771,0.08393719806763285,0.07282619491382045,0.00011868862853070539,0,0.03125405311584473,0.0
stun.length,CS2D2,2,0,DT,0.7547292671931611,0.083994708994709,0.14622709766468533,0.083994708994709,0.07299736713644232,0.00011929201816318624,0,0.03130364418029785,0.0
stun.length,CS2D2,3,0,DT,0.7538777486517623,0.08450704225352113,0.1461557941371269,0.08450704225352113,0.07395350827736753,0.0002375764672856162,0,0.03174948692321777,0.0
stun.length,CS2D2,4,0,DT,0.7544788205633379,0.08333333333333333,0.06287323504694482,0.08333333333333333,0.07167169453405785,0.0,0,0.02783656120300293,0.0
stun.length,CS2D2,5,0,DT,0.7501210492044146,0.08444444444444445,0.14584272539557974,0.08444444444444445,0.07362768708138841,0.00023348592194982754,0,0.031258344650268555,0.0
