Feature,Dataset,T,CV,ML,Acc,b_Acc,Prec,Rec,F1,kap,ROC,tra-T,test-T
tcp.hdr_len,CS2D2,1,0,DT,0.7543118561434559,0.08356427130207217,0.1670274275695082,0.08356427130207217,0.07212442569642136,0.0007340463602271141,0,0.037862300872802734,0.009598493576049805
tcp.hdr_len,CS2D2,2,0,DT,0.7545456063312908,0.08351887809157565,0.15663478452066842,0.08351887809157565,0.07204927713695126,0.0008159805622756089,0,0.0313258171081543,0.0
tcp.hdr_len,CS2D2,3,0,DT,0.752124622243,0.08350219865304541,0.12101877056161386,0.08350219865304541,0.07188527181659653,0.0007901012395377105,0,0.03125715255737305,0.0
tcp.hdr_len,CS2D2,4,0,DT,0.7533601589501278,0.08374406948555112,0.17642097011397925,0.08374406948555112,0.07243119646351052,0.0012785627609134265,0,0.04686880111694336,0.0
tcp.hdr_len,CS2D2,5,0,DT,0.7527924799225285,0.0834376287470699,0.11631078020681253,0.0834376287470699,0.07179250258154839,0.0005772094883803591,0,0.04759621620178223,0.0
