Feature,Dataset,T,CV,ML,Acc,b_Acc,Prec,Rec,F1,kap,ROC,tra-T,test-T
tls.change_cipher_spec,CS2D2,1,0,DT,0.7574841801212162,0.08546322677940826,0.1215866186068953,0.08546322677940826,0.07596125820422389,0.006202676479762803,0,0.015727996826171875,0.0
tls.change_cipher_spec,CS2D2,2,0,DT,0.755029803148949,0.08594383146131031,0.1244290687789994,0.08594383146131031,0.0767193728985799,0.00808364613480339,0,0.03126382827758789,0.0
tls.change_cipher_spec,CS2D2,3,0,DT,0.7532933731821749,0.08546092259747519,0.11689815216881554,0.08546092259747519,0.07571440417745369,0.006951105744704367,0,0.03125286102294922,0.0
tls.change_cipher_spec,CS2D2,4,0,DT,0.7525420332927053,0.0854233540533088,0.11716664623431816,0.0854233540533088,0.07560172196499718,0.006830839784264353,0,0.020726919174194336,0.0
tls.change_cipher_spec,CS2D2,5,0,DT,0.7524251581987879,0.08535844987075876,0.11358313402080955,0.08535844987075876,0.0754764103491447,0.006592616248414562,0,0.031243324279785156,0.004106044769287109
