Feature,Dataset,T,CV,ML,Acc,b_Acc,Prec,Rec,F1,kap,ROC,tra-T,test-T
dns.extraneous.length,CS1D2,1,0,DT,0.6136544359877315,0.08333333333333333,0.05113786966564429,0.08333333333333333,0.06338143846063593,0.0,0,0.017281293869018555,0.0
dns.extraneous.length,CS1D2,2,0,DT,0.6158979893218222,0.08333333333333333,0.05132483244348518,0.08333333333333333,0.06352484226436317,0.0,0,0.018252849578857422,0.0
dns.extraneous.length,CS1D2,3,0,DT,0.6174031580143133,0.08333333333333333,0.051450263167859445,0.08333333333333333,0.06362082689516317,0.0,0,0.015755653381347656,0.0
dns.extraneous.length,CS1D2,4,0,DT,0.6149214734031979,0.08333333333333333,0.05124345611693316,0.08333333333333333,0.06346247413373664,0.0,0,0.015648365020751953,0.0
dns.extraneous.length,CS1D2,5,0,DT,0.6136434636903241,0.08333333333333333,0.05113695530752701,0.08333333333333333,0.06338073615168902,0.0,0,0.015128850936889648,0.0
