Feature,Dataset,T,CV,ML,Acc,b_Acc,Prec,Rec,F1,kap,ROC,tra-T,test-T
tcp.options.sack.dsack_re,CS1D2,1,0,DT,0.6159547881404067,0.08441934549666956,0.1346356091182991,0.08441934549666956,0.0656516443625171,0.0034262020703145213,0,0.01562190055847168,0.0
tcp.options.sack.dsack_re,CS1D2,2,0,DT,0.6178859479722821,0.08489401858304298,0.13478489578890498,0.08489401858304298,0.06668580768651257,0.004933751331447578,0,0.01563882827758789,0.0
tcp.options.sack.dsack_re,CS1D2,3,0,DT,0.6166363739634215,0.08464739378011388,0.1346870025017057,0.08464739378011388,0.06613424723256281,0.004118681042876493,0,0.0056231021881103516,0.01575756072998047
tcp.options.sack.dsack_re,CS1D2,4,0,DT,0.6144670699497317,0.08413865546218487,0.13451792277670419,0.08413865546218487,0.065012538915086,0.002612903730838445,0,0.015691757202148438,0.0
tcp.options.sack.dsack_re,CS1D2,5,0,DT,0.6152906762091392,0.0845942738466103,0.13457656991784406,0.0845942738466103,0.06594659629438447,0.0038766400802486833,0,0.01562952995300293,0.0
