Feature,Dataset,T,CV,ML,Acc,b_Acc,Prec,Rec,F1,kap,ROC,tra-T,test-T
eapol.keydes.replay_counter,CS1D1,1,0,DT,0.3930446959971992,0.08574164028755794,0.17739998904638413,0.08574164028755794,0.05204204492239483,0.0046076910745243005,0,0.01955246925354004,0.0031549930572509766
eapol.keydes.replay_counter,CS1D1,2,0,DT,0.3975084607305403,0.08565735151225468,0.1954520629039395,0.08565735151225468,0.05229053918262062,0.0041595352084699,0,0.020470619201660156,0.010154485702514648
eapol.keydes.replay_counter,CS1D1,3,0,DT,0.399142256972809,0.08459666707747888,0.14154686419464493,0.08459666707747888,0.049998475182575275,0.0027274832703275687,0,0.019852638244628906,0.0051653385162353516
eapol.keydes.replay_counter,CS1D1,4,0,DT,0.3970824215900802,0.08503949641700002,0.12724568137014716,0.08503949641700002,0.050957598293137917,0.0034879805076856174,0,0.01993703842163086,0.00496363639831543
eapol.keydes.replay_counter,CS1D1,5,0,DT,0.3986870897155361,0.08548477271816046,0.13650496667111564,0.08548477271816046,0.052068348874747185,0.0040373842760780265,0,0.019425392150878906,0.0050165653228759766
