Feature,Dataset,T,CV,ML,Acc,b_Acc,Prec,Rec,F1,kap,ROC,tra-T,test-T
tcp.pdu.size,CS1D2,1,0,DT,0.6154435987731455,0.08413461538461538,0.13461847959859888,0.08413461538461538,0.06508173714348225,0.00023766298044070044,0,0.01576828956604004,0.0
tcp.pdu.size,CS1D2,2,0,DT,0.6162955810519141,0.08409090909090909,0.1346894821546909,0.08409090909090909,0.06505032506192253,0.00023826619876754496,0,0.015619516372680664,0.0
tcp.pdu.size,CS1D2,3,0,DT,0.6126888560717937,0.08333333333333333,0.05105740467264947,0.08333333333333333,0.06331959755338758,0.0,0,0.015558719635009766,0.0
tcp.pdu.size,CS1D2,4,0,DT,0.6142114680071569,0.08333333333333333,0.051184289000596406,0.08333333333333333,0.06341708012245328,0.0,0,0.004045248031616211,0.012051105499267578
tcp.pdu.size,CS1D2,5,0,DT,0.617051489591321,0.08421516754850089,0.13475247805958704,0.08421516754850089,0.06534223117781705,0.00023898574495306857,0,0.01563262939453125,0.0
