Feature,Dataset,T,CV,ML,Acc,b_Acc,Prec,Rec,F1,kap,ROC,tra-T,test-T
stun.att.family,CS2D2,1,0,DT,0.7509391748618369,0.08333333333333333,0.06257826457181974,0.08333333333333333,0.07147965557028292,0.0,0,0.01560664176940918,0.0
stun.att.family,CS2D2,2,0,DT,0.7558813216903478,0.08333333333333333,0.06299011014086232,0.08333333333333333,0.07174757127688236,0.0,0,0.031252145767211914,0.0
stun.att.family,CS2D2,3,0,DT,0.7528425692484931,0.08333333333333333,0.06273688077070776,0.08333333333333333,0.07158301820294714,0.0,0,0.026727914810180664,0.005115032196044922
stun.att.family,CS2D2,4,0,DT,0.7536606949059156,0.08333333333333333,0.0628050579088263,0.08333333333333333,0.07162737705334248,0.0,0,0.02696967124938965,0.0
stun.att.family,CS2D2,5,0,DT,0.7534436411600688,0.08333333333333333,0.0627869700966724,0.08333333333333333,0.07161561241299193,0.0,0,0.01573348045349121,0.01563429832458496
