Feature,Dataset,T,CV,ML,Acc,b_Acc,Prec,Rec,F1,kap,ROC,tra-T,test-T
ipv6.opt.type.rest,CS1D2,1,0,DT,0.6146484153129614,0.08333333333333333,0.05122070127608012,0.08333333333333333,0.06344502095975142,0.0,0,0.0,0.016684293746948242
ipv6.opt.type.rest,CS1D2,2,0,DT,0.612319663750994,0.08333333333333333,0.05102663864591617,0.08333333333333333,0.06329593292586265,0.0,0,0.015758037567138672,0.0
ipv6.opt.type.rest,CS1D2,3,0,DT,0.6176587526979439,0.08333333333333333,0.05147156272482866,0.08333333333333333,0.06363710843091472,0.0,0,0.015060663223266602,0.015757083892822266
ipv6.opt.type.rest,CS1D2,4,0,DT,0.61807389736162,0.08333333333333333,0.051506158113468335,0.08333333333333333,0.0636635424345608,0.0,0,0.015015840530395508,0.0
ipv6.opt.type.rest,CS1D2,5,0,DT,0.6128198574309165,0.08333333333333333,0.05106832145257637,0.08333333333333333,0.06332799192331849,0.0,0,0.015678882598876953,0.0
