Feature,Dataset,T,CV,ML,Acc,b_Acc,Prec,Rec,F1,kap,ROC,tra-T,test-T
tls.alert_message,CS1D1,1,0,DT,0.396691562609406,0.0836870401810979,0.06777868607834742,0.0836870401810979,0.04803613579464688,0.0008631224602438925,0,0.015630245208740234,0.015620946884155273
tls.alert_message,CS1D1,2,0,DT,0.3968666122067919,0.08366976180863948,0.07473386657325237,0.08366976180863948,0.0480143296312057,0.0007968381111779221,0,0.00513005256652832,0.015713214874267578
tls.alert_message,CS1D1,3,0,DT,0.396779087408099,0.08379393424036281,0.07175080088096907,0.08379393424036281,0.048250178089423286,0.0010714880580913189,0,0.015630006790161133,0.0
tls.alert_message,CS1D1,4,0,DT,0.3962363238512035,0.08374861572535991,0.0856403949212124,0.08374861572535991,0.04811104642384604,0.000878081470159664,0,0.015618324279785156,0.0
tls.alert_message,CS1D1,5,0,DT,0.39433989788475565,0.08363895680521598,0.06695177772528661,0.08363895680521598,0.047740796289831855,0.0007747044746668763,0,0.016260862350463867,0.0
