Feature,Dataset,T,CV,ML,Acc,b_Acc,Prec,Rec,F1,kap,ROC,tra-T,test-T
ipv6.opt,CS1D2,1,0,DT,0.6158127910939453,0.08333333333333333,0.0513177325911621,0.08333333333333333,0.06351940382452194,0.0,0,0.015743732452392578,0.0061359405517578125
ipv6.opt,CS1D2,2,0,DT,0.6126036578439168,0.08333333333333333,0.0510503048203264,0.08333333333333333,0.06331413744724067,0.0,0,0.015125513076782227,0.0
ipv6.opt,CS1D2,3,0,DT,0.61885152788822,0.08333333333333333,0.051570960657351665,0.08333333333333333,0.06371302095211363,0.0,0,0.016483545303344727,0.0
ipv6.opt,CS1D2,4,0,DT,0.6161994831160716,0.08333333333333333,0.051349956926339306,0.08333333333333333,0.06354408284716853,0.0,0,0.029254913330078125,0.002508401870727539
ipv6.opt,CS1D2,5,0,DT,0.6120530516031922,0.08333333333333333,0.05100442096693269,0.08333333333333333,0.0632788367804752,0.0,0,0.01575756072998047,0.0
