Feature,Dataset,T,CV,ML,Acc,b_Acc,Prec,Rec,F1,kap,ROC,tra-T,test-T
tcp.flags.fin,CS1D2,1,0,DT,0.6133420424855163,0.08333333333333333,0.051111836873793025,0.08333333333333333,0.0633614392085761,0.0,0,0.01562976837158203,0.015701770782470703
tcp.flags.fin,CS1D2,2,0,DT,0.6148472111780074,0.08333333333333333,0.05123726759816729,0.08333333333333333,0.06345772806678156,0.0,0,0.015563249588012695,0.0
tcp.flags.fin,CS1D2,3,0,DT,0.612120867885948,0.08333333333333333,0.051010072323829,0.08333333333333333,0.06328318594463822,0.0,0,0.016101837158203125,0.01567697525024414
tcp.flags.fin,CS1D2,4,0,DT,0.6143818693022067,0.08333333333333333,0.05119848910851723,0.08333333333333333,0.06342797832664837,0.0,0,0.01561117172241211,0.01562952995300293
tcp.flags.fin,CS1D2,5,0,DT,0.620828718298259,0.08333333333333333,0.05173572652485492,0.08333333333333333,0.0638386103858936,0.0,0,0.015614748001098633,0.0
