Feature,Dataset,T,CV,ML,Acc,b_Acc,Prec,Rec,F1,kap,ROC,tra-T,test-T
tls.handshake.certificates_length,CS2D2,1,0,DT,0.7518407827292004,0.08333333333333333,0.0626533985607667,0.08333333333333333,0.071528644815722,0.0,0,0.01803135871887207,0.014091014862060547
tls.handshake.certificates_length,CS2D2,2,0,DT,0.753927837977727,0.08333333333333333,0.06282731983147725,0.08333333333333333,0.07164185261340848,0.0,0,0.03124523162841797,0.0
tls.handshake.certificates_length,CS2D2,3,0,DT,0.7582689128946621,0.08333333333333333,0.06318907607455518,0.08333333333333333,0.07187646395968651,0.0,0,0.031900644302368164,0.0
tls.handshake.certificates_length,CS2D2,4,0,DT,0.7493029235469921,0.08333333333333333,0.06244191029558268,0.08333333333333333,0.07139062017797546,0.0,0,0.014601469039916992,0.01574254035949707
tls.handshake.certificates_length,CS2D2,5,0,DT,0.7534269447180806,0.08333333333333333,0.06278557872650671,0.08333333333333333,0.07161470732001497,0.0,0,0.015616893768310547,0.0
