Feature,Dataset,T,CV,ML,Acc,b_Acc,Prec,Rec,F1,kap,ROC,tra-T,test-T
tcp.fin_retransmission,CS2D2,1,0,DT,0.753610605579951,0.08333333333333333,0.06280088379832925,0.08333333333333333,0.07162466239483063,0.0,0,0.015635251998901367,0.0
tcp.fin_retransmission,CS2D2,2,0,DT,0.7538443557677859,0.08333333333333333,0.06282036298064882,0.08333333333333333,0.07163732947459613,0.0,0,0.0321047306060791,0.001363992691040039
tcp.fin_retransmission,CS2D2,3,0,DT,0.7515068538894362,0.08333333333333333,0.06262557115745301,0.08333333333333333,0.07151050653143062,0.0,0,0.015625476837158203,0.0
tcp.fin_retransmission,CS2D2,4,0,DT,0.7530262301103635,0.08333333333333333,0.0627521858425303,0.08333333333333333,0.07159297991631268,0.0,0,0.03186225891113281,0.0
tcp.fin_retransmission,CS2D2,5,0,DT,0.7547793565191258,0.08333333333333333,0.06289827970992715,0.08333333333333333,0.07168796404659734,0.0,0,0.01620316505432129,0.015735864639282227
