Feature,Dataset,T,CV,ML,Acc,b_Acc,Prec,Rec,F1,kap,ROC,tra-T,test-T
tcp.checksum.status,CS2D2,1,0,DT,0.7545289098893025,0.08333333333333333,0.06287740915744187,0.08333333333333333,0.07167440650654079,0.0,0,0.0468745231628418,0.0
tcp.checksum.status,CS2D2,2,0,DT,0.753143105204281,0.08333333333333333,0.06276192543369008,0.08333333333333333,0.07159931810173237,0.0,0,0.03183269500732422,0.0
tcp.checksum.status,CS2D2,3,0,DT,0.751490157447448,0.08333333333333333,0.06262417978728733,0.08333333333333333,0.07150959943566376,0.0,0,0.03194236755371094,0.0
tcp.checksum.status,CS2D2,4,0,DT,0.7537441771158566,0.08333333333333333,0.06281201475965471,0.08333333333333333,0.07163190113959843,0.0,0,0.033632755279541016,0.0
tcp.checksum.status,CS2D2,5,0,DT,0.7538610522097741,0.08333333333333333,0.06282175435081451,0.08333333333333333,0.07163823413680616,0.0,0,0.03125143051147461,0.0
