Feature,Dataset,T,CV,ML,Acc,b_Acc,Prec,Rec,F1,kap,ROC,tra-T,test-T
tcp.window_size_value,CS2D1,1,0,DT,0.5578791900338199,0.3297087103583332,0.5618367066154241,0.3297087103583332,0.35704024597788137,0.3214289798185581,0,0.047200679779052734,0.0
tcp.window_size_value,CS2D1,2,0,DT,0.5588210111734235,0.3269976185381671,0.5641174775557515,0.3269976185381671,0.3547992308421115,0.31897613208432596,0,0.04686164855957031,0.0
tcp.window_size_value,CS2D1,3,0,DT,0.5594965430143203,0.3370960807293915,0.5641321174031851,0.3370960807293915,0.36380156700549,0.32587258382632434,0,0.04740142822265625,0.0
tcp.window_size_value,CS2D1,4,0,DT,0.5610591433525269,0.3284477718167656,0.5601261041273191,0.3284477718167656,0.35554111739112887,0.3260297031543652,0,0.047287702560424805,0.0
tcp.window_size_value,CS2D1,5,0,DT,0.5571205342808828,0.3270437617833259,0.5544339014219332,0.3270437617833259,0.353605111394718,0.31979714627091105,0,0.047420501708984375,0.0
