Feature,Dataset,T,CV,ML,Acc,b_Acc,Prec,Rec,F1,kap,ROC,tra-T,test-T
http.request_in,CS2D1,1,0,DT,0.3801318549595445,0.0831223014393865,0.054572730785581204,0.0831223014393865,0.04614175683023903,-0.001548551339633164,0,0.03955507278442383,0.0
http.request_in,CS2D1,2,0,DT,0.3794468941307419,0.08321066116646379,0.05973926799725976,0.08321066116646379,0.046082362151983476,-0.0008995300882546076,0,0.031245946884155273,0.015625
http.request_in,CS2D1,3,0,DT,0.38320097609007425,0.08315407779814776,0.056948287820609074,0.08315407779814776,0.04642871420986136,-0.0013302816006826035,0,0.03125929832458496,0.015617609024047852
http.request_in,CS2D1,4,0,DT,0.37977609863647066,0.08319355732752298,0.060531897856852784,0.08319355732752298,0.046170779960508675,-0.0010273673919329873,0,0.03135538101196289,0.0
http.request_in,CS2D1,5,0,DT,0.3752809469786159,0.08319278069959023,0.061578732808376425,0.08319278069959023,0.04581291421781581,-0.001015643830442281,0,0.03125500679016113,0.015624046325683594
