Feature,Dataset,T,CV,ML,Acc,b_Acc,Prec,Rec,F1,kap,ROC,tra-T,test-T
udp.stream,CS1D1,1,0,DT,0.557387093009686,0.28592485509344095,0.5582810021754485,0.28592485509344095,0.3006791992856589,0.32663563512113025,0,0.06248950958251953,0.0
udp.stream,CS1D1,2,0,DT,0.5570661687478119,0.28852765053319135,0.5763591123299224,0.28852765053319135,0.3046379514100576,0.32430062065428333,0,0.0470120906829834,0.0
udp.stream,CS1D1,3,0,DT,0.5512603571011787,0.28163207414769836,0.5663173530771054,0.28163207414769836,0.2976253489540223,0.3176825852777996,0,0.05337715148925781,0.0
udp.stream,CS1D1,4,0,DT,0.5580160466812546,0.29308111256101615,0.5432488651556784,0.29308111256101615,0.31175997632112884,0.3244915525097227,0,0.04748988151550293,0.015624046325683594
udp.stream,CS1D1,5,0,DT,0.5555069292487236,0.285618801333435,0.563274999823456,0.285618801333435,0.3021215714604764,0.32375416524666667,0,0.047338008880615234,0.0
