Feature,Dataset,T,CV,ML,Acc,b_Acc,Prec,Rec,F1,kap,ROC,tra-T,test-T
tls.handshake.extensions_server_name_len,CS2D1,1,0,DT,0.3830429384819556,0.08679992348162746,0.13890663596794306,0.08679992348162746,0.05279444028292893,0.0036202555182299756,0,0.03184008598327637,0.0
tls.handshake.extensions_server_name_len,CS2D1,2,0,DT,0.3806669806070465,0.08686126128431289,0.15538538608781757,0.08686126128431289,0.052733686864523434,0.0034021685181262473,0,0.01562952995300293,0.0
tls.handshake.extensions_server_name_len,CS2D1,3,0,DT,0.3822377293062483,0.08682210104399701,0.15007904425993135,0.08682210104399701,0.05276723871450293,0.0038999820209559832,0,0.015625953674316406,0.015621662139892578
tls.handshake.extensions_server_name_len,CS2D1,4,0,DT,0.38313675963781924,0.086774347934776,0.17768451819455164,0.086774347934776,0.05280495506052244,0.0033028996566938362,0,0.015731096267700195,0.0
tls.handshake.extensions_server_name_len,CS2D1,5,0,DT,0.3803968576749363,0.08666943645945623,0.14100582245141555,0.08666943645945623,0.05232035260230305,0.003301173993662476,0,0.01621413230895996,0.015727519989013672
