Feature,Dataset,T,CV,ML,Acc,b_Acc,Prec,Rec,F1,kap,ROC,tra-T,test-T
eth.lg,CS2D1,1,0,DT,0.4067597071792457,0.09062528712696154,0.06745546907489476,0.09062528712696154,0.07722293027279918,0.05114344939015125,0,0.03174304962158203,0.0
eth.lg,CS2D1,2,0,DT,0.40761590821524896,0.09076656925585808,0.06756446189282798,0.09076656925585808,0.07736091393134807,0.05268283855697209,0,0.03167271614074707,0.0
eth.lg,CS2D1,3,0,DT,0.4046278656591819,0.09037608911267636,0.06701653843138446,0.09037608911267636,0.07685473822308539,0.049690555797324065,0,0.016037464141845703,0.015647411346435547
eth.lg,CS2D1,4,0,DT,0.4046920821114369,0.09045627703284935,0.06712019792139386,0.09045627703284935,0.07696123067711667,0.04975297898949704,0,0.015774011611938477,0.015691757202148438
eth.lg,CS2D1,5,0,DT,0.4061262495451335,0.09038068913261037,0.0673370764419876,0.09038068913261037,0.07707473191422176,0.04967044003130949,0,0.024167299270629883,0.0
