Feature,Dataset,T,CV,ML,Acc,b_Acc,Prec,Rec,F1,kap,ROC,tra-T,test-T
tls.handshake.extensions_ec_point_formats,CS1D1,1,0,DT,0.3986754580464465,0.08560137457044674,0.08761565037264517,0.08560137457044674,0.05179683433622431,0.004776746685730582,0,0.0156404972076416,0.0
tls.handshake.extensions_ec_point_formats,CS1D1,2,0,DT,0.3956120900921928,0.08583470394736842,0.08489680694663276,0.08583470394736842,0.05195091100602614,0.00531700598567475,0,0.014647722244262695,0.0
tls.handshake.extensions_ec_point_formats,CS1D1,3,0,DT,0.39917143190570664,0.08564522908785203,0.09363150622474888,0.08564522908785203,0.05192804085064653,0.004631904090740324,0,0.016631364822387695,0.0
tls.handshake.extensions_ec_point_formats,CS1D1,4,0,DT,0.3975492341356674,0.08582089552238807,0.0866335132829586,0.08582089552238807,0.05209597645282323,0.0052226450751221565,0,0.004278421401977539,0.0
tls.handshake.extensions_ec_point_formats,CS1D1,5,0,DT,0.3983078045222465,0.08559121856329026,0.08329302207349738,0.08559121856329026,0.05174134528275388,0.004837716143416326,0,0.015643596649169922,0.015624284744262695
