Feature,Dataset,T,CV,ML,Acc,b_Acc,Prec,Rec,F1,kap,ROC,tra-T,test-T
igmp.num_grp_recs,CS2D1,1,0,DT,0.3824435977567533,0.08343914733156337,0.08577580848121957,0.08343914733156337,0.04630160181853244,0.0007750292781605328,0,0.03171801567077637,0.0
igmp.num_grp_recs,CS2D1,2,0,DT,0.38212252236825206,0.08344450889404485,0.07974643657968779,0.08344450889404485,0.04628660458444839,0.0008135931362533988,0,0.015624523162841797,0.0
igmp.num_grp_recs,CS2D1,3,0,DT,0.378192092814179,0.0833766533818518,0.07317876185785563,0.0833766533818518,0.045817720544577466,0.0003143117713856336,0,0.0156252384185791,0.0
igmp.num_grp_recs,CS2D1,4,0,DT,0.3816597812359527,0.08344606516880367,0.08359093347846562,0.08344606516880367,0.0462471697670933,0.000817607785110197,0,0.015680551528930664,0.01569986343383789
igmp.num_grp_recs,CS2D1,5,0,DT,0.3793265834706852,0.08345368765646062,0.09879121506804323,0.08345368765646062,0.04605018379854548,0.0008702634338929593,0,0.015553474426269531,0.015677690505981445
