Feature,Dataset,T,CV,ML,Acc,b_Acc,Prec,Rec,F1,kap,ROC,tra-T,test-T
http.notification,CS2D1,1,0,DT,0.37970375444154286,0.08333333333333333,0.03164197953679524,0.08333333333333333,0.04586778782754394,0.0,0,0.011612653732299805,0.015736818313598633
http.notification,CS2D1,2,0,DT,0.37786292221413587,0.08333333333333333,0.031488576851177986,0.08333333333333333,0.04570639987986309,0.0,0,0.017702817916870117,0.012605905532836914
http.notification,CS2D1,3,0,DT,0.3823661622107584,0.08333333333333333,0.031863846850896535,0.08333333333333333,0.0461004438938784,0.0,0,0.03125762939453125,0.0
http.notification,CS2D1,4,0,DT,0.38013999186591607,0.08333333333333333,0.031678332655493004,0.08333333333333333,0.045905970180118695,0.0,0,0.03137660026550293,0.0
http.notification,CS2D1,5,0,DT,0.3814885373632725,0.08333333333333333,0.031790711446939374,0.08333333333333333,0.046023851211412226,0.0,0,0.015636920928955078,0.0
