Feature,Dataset,T,CV,ML,Acc,b_Acc,Prec,Rec,F1,kap,ROC,tra-T,test-T
tcp.analysis.lost_segment,CS2D2,1,0,DT,0.756449000717947,0.08333333333333333,0.06303741672649558,0.08333333333333333,0.0717782488426696,0.0,0,0.015614986419677734,0.015624761581420898
tcp.analysis.lost_segment,CS2D2,2,0,DT,0.7539445344197152,0.08333333333333333,0.06282871120164293,0.08333333333333333,0.07164275718950204,0.0,0,0.03124833106994629,0.0
tcp.analysis.lost_segment,CS2D2,3,0,DT,0.7542116774915265,0.08333333333333333,0.06285202252944189,0.08333333333333333,0.07165791009924109,4.9205637384641676e-05,0,0.035352468490600586,0.0
tcp.analysis.lost_segment,CS2D2,4,0,DT,0.7521580151269764,0.08333333333333333,0.0626798345939147,0.08333333333333333,0.07154586978203833,0.0,0,0.03195595741271973,0.0
tcp.analysis.lost_segment,CS2D2,5,0,DT,0.750004174110497,0.08333333333333333,0.062501391393397,0.08333333333333333,0.07142948008497756,4.53124002481875e-05,0,0.031357526779174805,0.0
