Feature,Dataset,T,CV,ML,Acc,b_Acc,Prec,Rec,F1,kap,ROC,tra-T,test-T
http.request_number,CS1D1,1,0,DT,0.4450052514879216,0.10123476222739637,0.11145784297569124,0.10123476222739637,0.07902014013723342,0.0941741698457701,0,0.03574395179748535,0.004762887954711914
http.request_number,CS1D1,2,0,DT,0.44798109464348235,0.10151085317948277,0.11214438978566883,0.10151085317948277,0.07952218362489134,0.09578012018646487,0,0.03767848014831543,0.005978584289550781
http.request_number,CS1D1,3,0,DT,0.4471933714552457,0.10223306153791112,0.11264516445863261,0.10223306153791112,0.08022843703723698,0.0996463930000584,0,0.0378725528717041,0.0055446624755859375
http.request_number,CS1D1,4,0,DT,0.442217359591539,0.10149927066918052,0.11213165053071032,0.10149927066918052,0.0789384151227907,0.09464151274243437,0,0.03260087966918945,0.0061032772064208984
http.request_number,CS1D1,5,0,DT,0.44320933625091175,0.10113521299087101,0.11185033398975265,0.10113521299087101,0.07862562618844753,0.09302472972860998,0,0.03265953063964844,0.007524728775024414
