Feature,Dataset,T,CV,ML,Acc,b_Acc,Prec,Rec,F1,kap,ROC,tra-T,test-T
dhcp.option.interface_mtu,CS1D2,1,0,DT,0.6136260365784392,0.08333333333333333,0.05113550304820327,0.08333333333333333,0.06337962066679573,0.0,0,0.015540599822998047,0.0
dhcp.option.interface_mtu,CS1D2,2,0,DT,0.6110700897421334,0.08333333333333333,0.05092250747851112,0.08333333333333333,0.06321575678518336,0.0,0,0.00541234016418457,0.0
dhcp.option.interface_mtu,CS1D2,3,0,DT,0.6185391343860047,0.08333333333333333,0.05154492786550039,0.08333333333333333,0.06369314991577765,0.0,0,0.01917743682861328,0.0
dhcp.option.interface_mtu,CS1D2,4,0,DT,0.6160006816051802,0.08333333333333333,0.05133339013376501,0.08333333333333333,0.06353139663626299,0.0,0,0.015633583068847656,0.0
dhcp.option.interface_mtu,CS1D2,5,0,DT,0.6162846837635966,0.08333333333333333,0.051357056980299715,0.08333333333333333,0.06354951883935736,0.0,0,0.015636920928955078,0.0
