Feature,Dataset,T,CV,ML,Acc,b_Acc,Prec,Rec,F1,kap,ROC,tra-T,test-T
ipv6.opt.type.change,CS2D1,1,0,DT,0.3798963996746436,0.08344359431628602,0.10262294449111324,0.08344359431628602,0.04608093920485635,0.0008001067797345218,0,0.015681028366088867,0.015628337860107422
ipv6.opt.type.change,CS2D1,2,0,DT,0.3841774048546599,0.08346519760104709,0.09280277042321557,0.08346519760104709,0.046497536603342354,0.0009611720253084322,0,0.031783103942871094,0.0
ipv6.opt.type.change,CS2D1,3,0,DT,0.38390735706488,0.08343046975171932,0.09149957826305573,0.08343046975171932,0.046411424795640754,0.0007101377836120637,0,0.031176090240478516,0.0
ipv6.opt.type.change,CS2D1,4,0,DT,0.3774643063552882,0.08343922678526733,0.09933551742647195,0.08343922678526733,0.04586063341462147,0.0007618166921891101,0,0.015621662139892578,0.015619754791259766
ipv6.opt.type.change,CS2D1,5,0,DT,0.37859879701179444,0.0834491142757902,0.09819400118519789,0.0834491142757902,0.04597837617255093,0.000834638724611203,0,0.015758514404296875,0.015623331069946289
