Feature,Dataset,T,CV,ML,Acc,b_Acc,Prec,Rec,F1,kap,ROC,tra-T,test-T
ip.opt.len,CS2D2,1,0,DT,0.7563488220660177,0.08333149378600914,0.06303012088425833,0.08333149378600914,0.07177283659559096,-1.6708162551060113e-05,0,0.031846046447753906,0.0
ip.opt.len,CS2D2,2,0,DT,0.7497203345966974,0.08333333333333333,0.062476694549724786,0.08333333333333333,0.07141334911001691,0.0,0,0.01621222496032715,0.01723194122314453
ip.opt.len,CS2D2,3,0,DT,0.7545956956572555,0.08333333333333333,0.06288297463810462,0.08333333333333333,0.07167802222898904,0.0,0,0.030380725860595703,0.0
ip.opt.len,CS2D2,4,0,DT,0.7540280166296562,0.09027408735957959,0.0906152019443053,0.09027408735957959,0.0827581684414491,8.562483361029827e-05,0,0.03136920928955078,0.0
ip.opt.len,CS2D2,5,0,DT,0.752041140033059,0.09313355465182388,0.10433816449320132,0.09313355465182388,0.08741209075714607,0.00020243892413440712,0,0.031248092651367188,0.0
