Feature,Dataset,T,CV,ML,Acc,b_Acc,Prec,Rec,F1,kap,ROC,tra-T,test-T
ip.ttl,CS2D2,1,0,DT,0.7748985691149216,0.15351420183742595,0.17254170141082004,0.15351420183742595,0.12694155865630333,0.27700850371631025,0,0.0468754768371582,0.0
ip.ttl,CS2D2,2,0,DT,0.7763511595678961,0.15209947537802015,0.17342555849718022,0.15209947537802015,0.1247928310459057,0.2788667561985212,0,0.04754996299743652,0.0
ip.ttl,CS2D2,3,0,DT,0.7741305327834639,0.15093223132291778,0.16529236324863703,0.15093223132291778,0.12412563142502175,0.27087067348385985,0,0.04698324203491211,0.015619039535522461
ip.ttl,CS2D2,4,0,DT,0.7757500876563205,0.16113838957645843,0.1730086802975229,0.16113838957645843,0.1376623713439822,0.28060287473752654,0,0.06321144104003906,0.0
ip.ttl,CS2D2,5,0,DT,0.7720267810929491,0.153975490514878,0.1677526964331851,0.153975490514878,0.12868740348181054,0.27404189361010955,0,0.031252145767211914,0.01562643051147461
