Feature,Dataset,T,CV,ML,Acc,b_Acc,Prec,Rec,F1,kap,ROC,tra-T,test-T
tcp.flags.push,CS2D2,1,0,DT,0.7525420332927053,0.08333333333333333,0.06271183610772545,0.08333333333333333,0.07156671271376173,0.0,0,0.03136706352233887,0.015622615814208984
tcp.flags.push,CS2D2,2,0,DT,0.7531097123203045,0.08333333333333333,0.06275914269335871,0.08333333333333333,0.0715975072778471,0.0,0,0.03125190734863281,0.0
tcp.flags.push,CS2D2,3,0,DT,0.7519075684971532,0.08333333333333333,0.06265896404142944,0.08333333333333333,0.07153227164282469,0.0,0,0.03185725212097168,0.01560521125793457
tcp.flags.push,CS2D2,4,0,DT,0.7549797138229843,0.08333333333333333,0.06291497615191537,0.08333333333333333,0.07169880729260814,0.0,0,0.03135538101196289,0.01563262939453125
tcp.flags.push,CS2D2,5,0,DT,0.7542283739335147,0.08333333333333333,0.06285236449445956,0.08333333333333333,0.07165813234855552,0.0,0,0.030826091766357422,0.015648603439331055
