Feature,Dataset,T,CV,ML,Acc,b_Acc,Prec,Rec,F1,kap,ROC,tra-T,test-T
ip.opt.type.copy,CS1D1,1,0,DT,0.4134379740926596,0.08986458333333334,0.11157034709805136,0.08986458333333334,0.059928630924642325,0.03528582818672776,0,0.015607595443725586,0.0
ip.opt.type.copy,CS1D1,2,0,DT,0.4148967207375423,0.08996272292116746,0.11157243450070957,0.08996272292116746,0.06022237515690356,0.035489341426533594,0,0.015737533569335938,0.0
ip.opt.type.copy,CS1D1,3,0,DT,0.41346714902555726,0.08998621381125455,0.11326366533150228,0.08998621381125455,0.06012953690834361,0.03573108847853845,0,0.031246423721313477,0.0
ip.opt.type.copy,CS1D1,4,0,DT,0.41572574762946757,0.08975156567541787,0.11325967863483728,0.08975156567541787,0.05994884761959371,0.034933607075283035,0,0.013611793518066406,0.0
ip.opt.type.copy,CS1D1,5,0,DT,0.4137709700948213,0.0900716800804829,0.11307836426610048,0.0900716800804829,0.06029173295548909,0.03611581603096892,0,0.015620708465576172,0.015627622604370117
