Feature,Dataset,T,CV,ML,Acc,b_Acc,Prec,Rec,F1,kap,ROC,tra-T,test-T
eth.addr.oui,CS2D2,1,0,DT,0.8039503781744111,0.3127001524127249,0.2029006756778257,0.3127001524127249,0.23889063480909234,0.4557201997937612,0,0.0468902587890625,0.01561427116394043
eth.addr.oui,CS2D2,2,0,DT,0.8036832351025996,0.3244842508450818,0.21795521650102256,0.3244842508450818,0.24922963963327605,0.4549224294557629,0,0.04755544662475586,0.01563286781311035
eth.addr.oui,CS2D2,3,0,DT,0.8037333244285643,0.33528305544137926,0.2277088616925882,0.33528305544137926,0.26192821611383704,0.4596470168520693,0,0.04688143730163574,0.015624046325683594
eth.addr.oui,CS2D2,4,0,DT,0.8053361828594326,0.32524327529670954,0.2328658714192011,0.32524327529670954,0.2556177328672272,0.45558833060467596,0,0.047553062438964844,0.0
eth.addr.oui,CS2D2,5,0,DT,0.8035997528926586,0.3176803687090271,0.23034749023296322,0.3176803687090271,0.2509295835862235,0.4581647475978379,0,0.04790973663330078,0.0
