Feature,Dataset,T,CV,ML,Acc,b_Acc,Prec,Rec,F1,kap,ROC,tra-T,test-T
dstport,CS2D2,1,0,DT,0.7750989264187802,0.19115099768257607,0.3614647024548478,0.19115099768257607,0.18996459580789282,0.26446107076040226,0,0.11007881164550781,0.0
dstport,CS2D2,2,0,DT,0.7733958893359825,0.1826855906963548,0.3115433375563078,0.1826855906963548,0.18036161392512554,0.2584039630199749,0,0.07872247695922852,0.01573967933654785
dstport,CS2D2,3,0,DT,0.7755664267944501,0.21818892602928666,0.37337922194920664,0.21818892602928666,0.20870146867831865,0.2623667063785228,0,0.07823705673217773,0.0
dstport,CS2D2,4,0,DT,0.7755163374684855,0.181461010227671,0.36806538048846016,0.181461010227671,0.18179869682689634,0.2572317054828476,0,0.11062908172607422,0.0
dstport,CS2D2,5,0,DT,0.7727948174244068,0.18436998623259404,0.35913607923501384,0.18436998623259404,0.1806189261129062,0.26810958069098756,0,0.1256856918334961,0.015630722045898438
