Feature,Dataset,T,CV,ML,Acc,b_Acc,Prec,Rec,F1,kap,ROC,tra-T,test-T
dstport,CS1D2,1,0,DT,0.6713052368510735,0.23170873080931678,0.41525038190062286,0.23170873080931678,0.24179373699938875,0.3010973086252735,0,0.031249523162841797,0.0
dstport,CS1D2,2,0,DT,0.6720436214926729,0.23759023720244588,0.4304331891926736,0.23759023720244588,0.2474570130851984,0.30996717709407917,0,0.021902084350585938,0.0
dstport,CS1D2,3,0,DT,0.6759627399750086,0.21704463317324496,0.4449391457609206,0.21704463317324496,0.22198723223407604,0.30758711122842886,0,0.03179931640625,0.0
dstport,CS1D2,4,0,DT,0.673425918036977,0.22492461046583936,0.43953894912866726,0.22492461046583936,0.23012453886818474,0.30621004563565446,0,0.031322479248046875,0.0
dstport,CS1D2,5,0,DT,0.6699326914884554,0.23497594099780503,0.44694051189447487,0.23497594099780503,0.2402631426193326,0.3047075349110573,0,0.015628576278686523,0.0
