Feature,Dataset,T,CV,ML,Acc,b_Acc,Prec,Rec,F1,kap,ROC,tra-T,test-T
icmpv6.opt,CS1D2,1,0,DT,0.6141372259457003,0.08336186237589867,0.09284530909779419,0.08336186237589867,0.0634697649359046,0.00015176237014724592,0,0.015549898147583008,0.0
icmpv6.opt,CS1D2,2,0,DT,0.6149324094058843,0.08336249125262422,0.0790241447104749,0.08336249125262422,0.06352296102014507,0.00019180740189783663,0,0.015760183334350586,0.0
icmpv6.opt,CS1D2,3,0,DT,0.6144212200386232,0.08347573479152426,0.09287114368501788,0.08347573479152426,0.06371640607739892,0.0007589305115281997,0,0.005041360855102539,0.015771865844726562
icmpv6.opt,CS1D2,4,0,DT,0.6161142824685467,0.08750000000000001,0.06523812905363821,0.08750000000000001,0.06995379045363227,0.0003470798538603992,0,0.015668630599975586,0.0
icmpv6.opt,CS1D2,5,0,DT,0.6161994831160716,0.08339118361679972,0.07913175211854377,0.08339118361679972,0.06366261886658757,0.0003850766081999746,0,0.015635013580322266,0.0
