Feature,Dataset,T,CV,ML,Acc,b_Acc,Prec,Rec,F1,kap,ROC,tra-T,test-T
eth.fcs.status,CS2D2,1,0,DT,0.753543819811998,0.08333333333333333,0.06279531831766651,0.08333333333333333,0.07162104260890265,0.0,0,0.0193178653717041,0.0
eth.fcs.status,CS2D2,2,0,DT,0.7543619454694205,0.08333333333333333,0.06286349545578504,0.08333333333333333,0.0716653659960282,0.0,0,0.03130769729614258,0.0
eth.fcs.status,CS2D2,3,0,DT,0.7542617668174912,0.08333333333333333,0.06285514723479094,0.08333333333333333,0.07165994086369462,0.0,0,0.015535354614257812,0.01563286781311035
eth.fcs.status,CS2D2,4,0,DT,0.7543953383533969,0.08333333333333333,0.06286627819611641,0.08333333333333333,0.07166717423579123,0.0,0,0.015697479248046875,0.0
eth.fcs.status,CS2D2,5,0,DT,0.7502045314143556,0.08333333333333333,0.06251704428452963,0.08333333333333333,0.07143970108911678,0.0,0,0.01562952995300293,0.0
