Feature,Dataset,T,CV,ML,Acc,b_Acc,Prec,Rec,F1,kap,ROC,tra-T,test-T
dhcp.hw.addr_padding,CS1D2,1,0,DT,0.6191355219811427,0.08365213350987948,0.08827189965991228,0.08365213350987948,0.06438406727714831,0.0016733089560510006,0,0.015748023986816406,0.0
dhcp.hw.addr_padding,CS1D2,2,0,DT,0.6127456548903782,0.08360914899107437,0.09273414412366447,0.08360914899107437,0.06388836493228298,0.0013607925313472435,0,0.015624284744262695,0.0
dhcp.hw.addr_padding,CS1D2,3,0,DT,0.6137396342156083,0.08354723773277213,0.08624135780590338,0.08354723773277213,0.06384476917325323,0.0010349039044621478,0,0.0203244686126709,0.0
dhcp.hw.addr_padding,CS1D2,4,0,DT,0.6158870807418136,0.08346328683429122,0.0711839808387123,0.08346328683429122,0.06381614505012097,0.0009732496101324539,0,0.015558958053588867,0.0
dhcp.hw.addr_padding,CS1D2,5,0,DT,0.6147510721081481,0.08354636957238148,0.09045074528077983,0.08354636957238148,0.06391229231113502,0.000888533306922179,0,0.015622854232788086,0.0
