Feature,Dataset,T,CV,ML,Acc,b_Acc,Prec,Rec,F1,kap,ROC,tra-T,test-T
tcp.options.sack,CS1D1,1,0,DT,0.3964873380791224,0.08430232558139535,0.11633429686511527,0.08430232558139535,0.04919463460494856,0.0017302889490986573,0,0.03346538543701172,0.0
tcp.options.sack,CS1D1,2,0,DT,0.398208659120084,0.08446530938665175,0.1998126520681265,0.08446530938665175,0.0496707281776868,0.0016770377480825882,0,0.0318446159362793,0.0
tcp.options.sack,CS1D1,3,0,DT,0.39386159411833355,0.084623689879537,0.19943978818055272,0.084623689879537,0.04959673175586748,0.0020963569268607207,0,0.03125119209289551,0.015619277954101562
tcp.options.sack,CS1D1,4,0,DT,0.3992122538293217,0.08406902086677369,0.11656983533808245,0.08406902086677369,0.048978657136133495,0.001433300034798135,0,0.017237186431884766,0.014604330062866211
tcp.options.sack,CS1D1,5,0,DT,0.39550692924872355,0.08442581753525281,0.19958586389472865,0.08442581753525281,0.04936050505797334,0.001723684115047086,0,0.03125715255737305,0.0
