Feature,Dataset,T,CV,ML,Acc,b_Acc,Prec,Rec,F1,kap,ROC,tra-T,test-T
tcp.window_size,CS1D1,1,0,DT,0.6350507643832419,0.3427940163484419,0.585120064855234,0.3427940163484419,0.38928785461496757,0.46096198693785184,0,0.04039359092712402,0.015534400939941406
tcp.window_size,CS1D1,2,0,DT,0.6386684560625511,0.34788161010697743,0.5825929145344261,0.34788161010697743,0.3927656349251776,0.4598623541024517,0,0.03171110153198242,0.015674829483032227
tcp.window_size,CS1D1,3,0,DT,0.6367720854242035,0.3447136895201171,0.5867567040314131,0.3447136895201171,0.39048912291115934,0.4591287379175608,0,0.031224727630615234,0.015627622604370117
tcp.window_size,CS1D1,4,0,DT,0.6359737417943108,0.3535937221010739,0.5915388371664335,0.3535937221010739,0.3989224394162145,0.46103357890160357,0,0.06280064582824707,0.0
tcp.window_size,CS1D1,5,0,DT,0.632472647702407,0.343971104840616,0.5851353007042104,0.343971104840616,0.39082470873821973,0.4557188288594537,0,0.047005414962768555,0.0
