Feature,Dataset,T,CV,ML,Acc,b_Acc,Prec,Rec,F1,kap,ROC,tra-T,test-T
dhcp.hw.addr_padding,CS1D1,1,0,DT,0.39520364103162564,0.08576163293002115,0.06678694321146283,0.08576163293002115,0.05175019809034675,0.0011669849531814602,0,0.019596099853515625,0.0
dhcp.hw.addr_padding,CS1D1,2,0,DT,0.39596218928696464,0.08603896103896104,0.06589169928150009,0.08603896103896104,0.05227481954179308,0.0014236724675324997,0,0.020195960998535156,0.005007743835449219
dhcp.hw.addr_padding,CS1D1,3,0,DT,0.3946784922394678,0.08665259170504193,0.07209927952256774,0.08665259170504193,0.05332625561622539,0.0011560440338951317,0,0.04476499557495117,0.005025386810302734
dhcp.hw.addr_padding,CS1D1,4,0,DT,0.39544857768052516,0.08577716629485395,0.07058421976128304,0.08577716629485395,0.05183576184269493,0.001148163295113025,0,0.01560664176940918,0.014554977416992188
dhcp.hw.addr_padding,CS1D1,5,0,DT,0.3998249452954048,0.08570254441083598,0.061895026702269686,0.08570254441083598,0.051994084579315945,0.0011921377175645453,0,0.01984095573425293,0.004522800445556641
