Feature,Dataset,T,CV,ML,Acc,b_Acc,Prec,Rec,F1,kap,ROC,tra-T,test-T
dhcp.option.ip_address_lease_time,CS1D2,1,0,DT,0.6158127910939453,0.08333333333333333,0.0513177325911621,0.08333333333333333,0.06351940382452194,0.0,0,0.015541315078735352,0.0
dhcp.option.ip_address_lease_time,CS1D2,2,0,DT,0.6139384300806543,0.08333333333333333,0.05116153584005453,0.08333333333333333,0.06339961288052086,0.0,0,0.022095680236816406,0.0
dhcp.option.ip_address_lease_time,CS1D2,3,0,DT,0.6172043621492673,0.08333333333333333,0.05143369684577228,0.08333333333333333,0.06360815992039102,0.0,0,0.015746355056762695,0.0
dhcp.option.ip_address_lease_time,CS1D2,4,0,DT,0.6117974496606174,0.08333333333333333,0.050983120805051456,0.08333333333333333,0.06326244133937119,0.0,0,0.01561737060546875,0.0
dhcp.option.ip_address_lease_time,CS1D2,5,0,DT,0.6167674874329044,0.08333333333333333,0.0513972906194087,0.08333333333333333,0.06358031197301854,0.0,0,0.01576519012451172,0.0
