Feature,Dataset,T,CV,ML,Acc,b_Acc,Prec,Rec,F1,kap,ROC,tra-T,test-T
stun.att.crc32,CS2D2,1,0,DT,0.7535271233700098,0.08333333333333333,0.06279392694750081,0.08333333333333333,0.0716201376193378,0.0,0,0.015618085861206055,0.015624523162841797
stun.att.crc32,CS2D2,2,0,DT,0.7543786419114087,0.08333333333333333,0.06286488682595072,0.08333333333333333,0.07166627012451424,0.0,0,0.03183269500732422,0.0
stun.att.crc32,CS2D2,3,0,DT,0.7533434625081395,0.08333333333333333,0.0627786218756783,0.08333333333333333,0.07161018159656424,0.0,0,0.0157315731048584,0.0
stun.att.crc32,CS2D2,4,0,DT,0.7511061392817191,0.08333333333333333,0.06259217827347659,0.08333333333333333,0.0714887314587922,0.0,0,0.031358957290649414,0.0
stun.att.crc32,CS2D2,5,0,DT,0.7544120347953851,0.08333333333333333,0.06286766956628209,0.08333333333333333,0.07166807832985969,0.0,0,0.015620231628417969,0.01562976837158203
