Feature,Dataset,T,CV,ML,Acc,b_Acc,Prec,Rec,F1,kap,ROC,tra-T,test-T
icmp.data_time_relative,CS1D2,1,0,DT,0.6132284448483472,0.08333333333333333,0.05110237040402893,0.08333333333333333,0.0633541648329079,0.0,0,0.0156400203704834,0.0
icmp.data_time_relative,CS1D2,2,0,DT,0.6197887083948654,0.08750000000000001,0.134977892653923,0.08750000000000001,0.07170566586447062,0.0006034624619901674,0,0.015457868576049805,0.0
icmp.data_time_relative,CS1D2,3,0,DT,0.6143076224014541,0.08719135802469136,0.13452107062042587,0.08719135802469136,0.07079435807035331,0.000592792666880726,0,0.016512155532836914,0.0
icmp.data_time_relative,CS1D2,4,0,DT,0.6144954701655733,0.08514492753623189,0.13453946434150357,0.08514492753623189,0.06697994161949264,0.00023743084613248033,0,0.01512765884399414,0.0012362003326416016
icmp.data_time_relative,CS1D2,5,0,DT,0.6141262673596319,0.08578431372549018,0.1345077823221995,0.08578431372549018,0.06817143158799707,0.0003556130052659867,0,0.0150604248046875,0.011571407318115234
