Feature,Dataset,T,CV,ML,Acc,b_Acc,Prec,Rec,F1,kap,ROC,tra-T,test-T
ip.opt.type.copy,CS1D2,1,0,DT,0.6160115869589913,0.08333333333333333,0.051334298913249275,0.08333333333333333,0.06353209262546204,0.0,0,0.015627145767211914,0.0
ip.opt.type.copy,CS1D2,2,0,DT,0.6161251845961604,0.08333333333333333,0.051343765383013364,0.08333333333333333,0.06353934196730338,0.0,0,0.022667407989501953,0.0
ip.opt.type.copy,CS1D2,3,0,DT,0.6157843916846529,0.08333333333333333,0.05131536597372108,0.08333333333333333,0.06351759088379179,0.0,0,0.015625953674316406,0.0
ip.opt.type.copy,CS1D2,4,0,DT,0.6149782738348811,0.08333333333333333,0.051248189486240096,0.08333333333333333,0.06346610393036138,0.0,0,0.01560664176940918,0.0
ip.opt.type.copy,CS1D2,5,0,DT,0.612621055920025,0.08333333333333333,0.051051754660002086,0.08333333333333333,0.0633152524861165,0.0,0,0.015622615814208984,0.013052701950073242
