Feature,Dataset,T,CV,ML,Acc,b_Acc,Prec,Rec,F1,kap,ROC,tra-T,test-T
tcp.flags.push,CS2D1,1,0,DT,0.4280577079498266,0.09446834890090013,0.07058529359502161,0.09446834890090013,0.07583397764366745,0.08109821496179415,0,0.03359580039978027,0.0003833770751953125
tcp.flags.push,CS2D1,2,0,DT,0.4246543088317137,0.09376127576030935,0.07003413546667346,0.09376127576030935,0.0750233312211645,0.0759033816760436,0,0.015504837036132812,0.015755414962768555
tcp.flags.push,CS2D1,3,0,DT,0.4253911852216538,0.09400711886432041,0.07016480807752427,0.09400711886432041,0.07540757453433124,0.07758578493995838,0,0.03066086769104004,0.0
tcp.flags.push,CS2D1,4,0,DT,0.42699659652803046,0.09421522073101629,0.07031062432672577,0.09421522073101629,0.07552130311029763,0.07928535436389783,0,0.015507936477661133,0.0
tcp.flags.push,CS2D1,5,0,DT,0.4262045936168846,0.09402560312165358,0.07027434340456061,0.09402560312165358,0.07532640112871768,0.07793227493700006,0,0.03206992149353027,0.0
