Feature,Dataset,T,CV,ML,Acc,b_Acc,Prec,Rec,F1,kap,ROC,tra-T,test-T
ip.flags,CS2D2,1,0,DT,0.7763177666839196,0.14156356464048772,0.08973720356047225,0.14156356464048772,0.10615339973518904,0.27364693267896056,0,0.03125119209289551,0.015621662139892578
ip.flags,CS2D2,2,0,DT,0.7745980331591338,0.14200901369388108,0.08999777689350695,0.14200901369388108,0.10653164612082588,0.2773089822740058,0,0.016091108322143555,0.01563715934753418
ip.flags,CS2D2,3,0,DT,0.7727781209824186,0.14094164919636618,0.08929931263061142,0.14094164919636618,0.1056726192387702,0.2745353225382411,0,0.031365394592285156,0.015623331069946289
ip.flags,CS2D2,4,0,DT,0.7774531247391181,0.14074074074074075,0.08963242328326561,0.14074074074074075,0.1058203564099723,0.27754083156567,0,0.03124547004699707,0.015617609024047852
ip.flags,CS2D2,5,0,DT,0.7763678560098843,0.1408790650406504,0.09012714688659641,0.1408790650406504,0.10641324925642857,0.28033908855453804,0,0.04737663269042969,0.0
