Feature,Dataset,T,CV,ML,Acc,b_Acc,Prec,Rec,F1,kap,ROC,tra-T,test-T
ipv6.opt,CS2D1,1,0,DT,0.3851834410719637,0.0834498223542431,0.09268452977888557,0.0834498223542431,0.04655718258994015,0.0008545594776113719,0,0.028834104537963867,0.0026330947875976562
ipv6.opt,CS2D1,2,0,DT,0.38152318164304977,0.08345974329054844,0.09742622757509767,0.08345974329054844,0.04625412267544072,0.0009150886379497569,0,0.031247615814208984,0.0
ipv6.opt,CS2D1,3,0,DT,0.37969047670013056,0.08343419207346359,0.0919678713376348,0.08343419207346359,0.046049270554183584,0.0007319666036851302,0,0.015682220458984375,0.015700340270996094
ipv6.opt,CS2D1,4,0,DT,0.3767793308645675,0.08343927573918906,0.10470915788571918,0.08343927573918906,0.04579908226161145,0.0007601005884142475,0,0.01930832862854004,0.0
ipv6.opt,CS2D1,5,0,DT,0.38086777832480684,0.08344459924919695,0.09780959738602256,0.08344459924919695,0.046169389617824075,0.0008062120656655569,0,0.03125500679016113,0.0
