Feature,Dataset,T,CV,ML,Acc,b_Acc,Prec,Rec,F1,kap,ROC,tra-T,test-T
tcp.options.sack.count,CS1D1,1,0,DT,0.3964873380791224,0.08412797125483694,0.11634017458324819,0.08412797125483694,0.04885922168203773,0.0014715462717967975,0,0.015626192092895508,0.0
tcp.options.sack.count,CS1D1,2,0,DT,0.397450110864745,0.08435777871979654,0.1136348446209452,0.08435777871979654,0.04938241477918348,0.0018767506175776383,0,0.015752553939819336,0.0
tcp.options.sack.count,CS1D1,3,0,DT,0.39715836153576844,0.08431412337662338,0.11361051087880499,0.08431412337662338,0.049272293507204946,0.001870991093748442,0,0.015752315521240234,0.0
tcp.options.sack.count,CS1D1,4,0,DT,0.3962363238512035,0.08441287087338069,0.11370427593474092,0.08441287087338069,0.049382971222618616,0.001997377541552159,0,0.0,0.015633344650268555
tcp.options.sack.count,CS1D1,5,0,DT,0.3958862144420131,0.08405677277111755,0.11629298768027092,0.08405677277111755,0.048670943530039555,0.0013417038030759665,0,0.01575946807861328,0.0
