Feature,Dataset,T,CV,ML,Acc,b_Acc,Prec,Rec,F1,kap,ROC,tra-T,test-T
dns.soa.serial_number,CS1D1,1,0,DT,0.39505776636713735,0.08333333333333333,0.03292148053059478,0.08333333333333333,0.04719730082048923,0.0,0,0.017510652542114258,0.006101369857788086
dns.soa.serial_number,CS1D1,2,0,DT,0.3958746644882717,0.08333333333333333,0.03298955537402264,0.08333333333333333,0.047267217055073675,0.0,0,0.015316247940063477,0.0051805973052978516
dns.soa.serial_number,CS1D1,3,0,DT,0.3940074687828218,0.08333333333333333,0.032833955731901815,0.08333333333333333,0.047107288113127255,0.0,0,0.016836881637573242,0.0030679702758789062
dns.soa.serial_number,CS1D1,4,0,DT,0.397199124726477,0.08333333333333333,0.03309992706053975,0.08333333333333333,0.04738040050951158,0.0,0,0.015286445617675781,0.004776954650878906
dns.soa.serial_number,CS1D1,5,0,DT,0.397199124726477,0.08333333333333333,0.03309992706053975,0.08333333333333333,0.04738040050951158,0.0,0,0.014698028564453125,0.0
