Feature,Dataset,T,CV,ML,Acc,b_Acc,Prec,Rec,F1,kap,ROC,tra-T,test-T
tls.handshake.cipher_suites_length,CS2D1,1,0,DT,0.38501220086476307,0.09028921422673318,0.49030498401596256,0.09028921422673318,0.059791285265154696,0.004881987189351067,0,0.03123950958251953,0.0
tls.handshake.cipher_suites_length,CS2D1,2,0,DT,0.37788432724003596,0.09007493064216333,0.48592084345222414,0.09007493064216333,0.05875792276951453,0.004907504108502159,0,0.015731096267700195,0.015627384185791016
tls.handshake.cipher_suites_length,CS2D1,3,0,DT,0.3843568722306655,0.08849233180661731,0.4694404830834995,0.08849233180661731,0.056310293994126015,0.003876154279895183,0,0.03135967254638672,0.0
tls.handshake.cipher_suites_length,CS2D1,4,0,DT,0.3832651925423293,0.08973870657767673,0.4901495318412337,0.08973870657767673,0.058571998030839394,0.005237830976703273,0,0.02984166145324707,0.0
tls.handshake.cipher_suites_length,CS2D1,5,0,DT,0.38161697026778263,0.088264990147106,0.48541347936535173,0.088264990147106,0.05563790963815995,0.0039782407902306804,0,0.031838417053222656,0.0
