Feature,Dataset,T,CV,ML,Acc,b_Acc,Prec,Rec,F1,kap,ROC,tra-T,test-T
icmp.seq,CS1D2,1,0,DT,0.6203850959900034,0.09082356005780406,0.3015369973828218,0.09082356005780406,0.07769123646881754,0.02101975839568182,0,0.01573944091796875,0.015626192092895508
icmp.seq,CS1D2,2,0,DT,0.6242190162444621,0.09439028235155976,0.2705992074825075,0.09439028235155976,0.08441067673087049,0.0224279970115987,0,0.015629053115844727,0.0
icmp.seq,CS1D2,3,0,DT,0.6211518800408952,0.09294307608110637,0.27382108018082324,0.09294307608110637,0.08168448470187138,0.021169343184419764,0,0.015605688095092773,0.0
icmp.seq,CS1D2,4,0,DT,0.6192951066428105,0.09120330807050457,0.3430948300485575,0.09120330807050457,0.07824227784834577,0.022600720589798784,0,0.015738725662231445,0.0
icmp.seq,CS1D2,5,0,DT,0.6176194939081537,0.09320170070101992,0.26558277744912046,0.09320170070101992,0.08185702493951777,0.021837653515646926,0,0.015740394592285156,0.0
